# Blender 5.2.2 LTS
# www.blender.org
mtllib Gnome.mtl
o geometry_0
v -0.197453 -0.439401 0.129046
v -0.161477 -0.439401 0.154688
v -0.168345 -0.453233 0.158807
v -0.214301 -0.480677 0.108974
v -0.217343 -0.452504 0.103175
v -0.201631 -0.445243 0.129432
v -0.205524 -0.492558 0.119742
v -0.178516 -0.493459 0.146190
v -0.167164 -0.496765 0.149406
v 0.029766 -0.487502 0.164453
v 0.126617 -0.457387 0.162057
v -0.153971 -0.487578 0.159334
v -0.150280 -0.457315 0.165072
v -0.055124 -0.444838 0.172796
v 0.060566 -0.446159 0.167640
v 0.004974 -0.442923 0.172273
v 0.141740 -0.447803 0.158597
v 0.126656 -0.493959 0.153647
v 0.102950 -0.442291 0.162954
v -0.051820 -0.496467 0.159404
v 0.146944 -0.495709 0.146871
v 0.176590 -0.446221 0.142472
v -0.136114 -0.498385 0.154315
v 0.162039 -0.443068 0.149305
v 0.034798 -0.497212 0.155998
v 0.052014 -0.497764 0.153520
v 0.185056 -0.456578 0.135590
v 0.183968 -0.487198 0.130727
v 0.181031 -0.494430 0.127165
v -0.069362 -0.498895 0.154326
v -0.152751 -0.483738 0.156361
v 0.146054 -0.484882 0.150099
v -0.014858 -0.444233 0.169461
v 0.139587 -0.450543 0.155365
v 0.093754 -0.446620 0.160908
v 0.146673 -0.453025 0.153682
v 0.093633 -0.492514 0.151741
v -0.116898 -0.442835 0.163193
v -0.065989 -0.441995 0.167550
v -0.156775 -0.494652 0.149571
v -0.166695 -0.447764 0.153710
v -0.189796 -0.480603 0.137739
v 0.011334 -0.493398 0.155979
v 0.173715 -0.483627 0.136215
v -0.190042 -0.454783 0.140227
v -0.182840 -0.494488 0.135694
v 0.173558 -0.492808 0.128381
v 0.181524 -0.490851 0.123482
v -0.078628 -0.495726 0.151458
v -0.203814 -0.490405 0.116337
v 0.034798 -0.497212 0.155998
v -0.051820 -0.496467 0.159404
v -0.069362 -0.498895 0.154326
v -0.004384 -0.481220 -0.148531
v 0.075099 -0.485698 -0.145448
v -0.047250 -0.491606 -0.142182
v -0.067913 -0.488943 -0.141864
v 0.036468 -0.492657 -0.144512
v 0.059301 -0.496961 -0.015090
v 0.038607 -0.494848 -0.017994
v 0.046096 -0.489388 0.013540
v 0.088094 -0.495202 0.008754
v 0.012286 -0.491934 -0.005552
v 0.020838 -0.495159 -0.023827
v 0.084616 -0.495122 -0.036788
v 0.029869 -0.495757 0.011905
v 0.022997 -0.489915 0.024733
v 0.030197 -0.496888 -0.040492
v -0.136114 -0.498385 0.154315
v -0.069362 -0.498895 0.154326
v -0.167164 -0.496765 0.149406
v 0.052014 -0.497764 0.153520
v 0.034798 -0.497212 0.155998
v 0.106906 -0.485050 -0.140236
v 0.075099 -0.485698 -0.145448
v 0.133263 -0.491571 -0.125874
v -0.067913 -0.488943 -0.141864
v -0.108471 -0.484651 -0.137869
v -0.047250 -0.491606 -0.142182
v -0.140162 -0.492252 -0.125521
v 0.036468 -0.492657 -0.144512
v -0.190177 -0.487251 -0.087472
v -0.166552 -0.487598 -0.113326
v -0.204861 -0.485059 -0.059551
v -0.214621 -0.498923 0.019337
v -0.172261 -0.497500 -0.095260
v -0.221315 -0.493000 0.037565
v -0.222278 -0.485936 0.004870
v 0.097905 -0.496550 -0.128151
v -0.005969 -0.495062 -0.077627
v -0.011136 -0.497001 -0.040526
v -0.205722 -0.500547 0.093070
v -0.205524 -0.492558 0.119742
v -0.214668 -0.491724 0.100165
v 0.153519 -0.492184 -0.109179
v 0.098968 -0.491840 -0.043233
v 0.090675 -0.491359 -0.021169
v 0.115426 -0.487708 -0.016177
v 0.122392 -0.487777 -0.037374
v 0.181031 -0.494430 0.127165
v 0.146944 -0.495709 0.146871
v 0.199071 -0.497331 0.030727
v 0.182747 -0.497208 -0.050417
v 0.127483 -0.498034 -0.064641
v 0.140713 -0.497118 0.035276
v 0.170637 -0.497114 -0.026717
v 0.169533 -0.492781 0.000654
v 0.143867 -0.491237 -0.019020
v 0.108326 -0.489083 0.014777
v 0.132885 -0.494994 0.015334
v 0.043888 -0.497132 0.048393
v 0.074224 -0.497193 0.040178
v -0.122650 -0.501809 0.014615
v -0.121497 -0.500844 0.009818
v -0.132727 -0.499973 0.006963
v -0.115148 -0.501606 -0.010113
v -0.050343 -0.500986 -0.052679
v -0.133165 -0.501375 -0.009141
v -0.131407 -0.500905 -0.069106
v -0.077529 -0.500938 0.082302
v -0.095287 -0.501209 0.114929
v 0.093737 -0.498360 0.148262
v 0.003955 -0.497626 0.049176
v -0.002792 -0.497796 0.014577
v -0.182337 -0.499352 0.058789
v 0.093737 -0.498360 0.148262
v 0.052014 -0.497764 0.153520
v 0.126656 -0.493959 0.153647
v 0.146944 -0.495709 0.146871
v -0.129818 -0.499136 -0.010524
v -0.122756 -0.499984 -0.012948
v -0.052361 -0.497320 -0.052767
v -0.051379 -0.497646 0.037957
v -0.112888 -0.497687 -0.009085
v -0.121026 -0.497445 0.012326
v -0.115059 -0.497883 -0.008758
v -0.136835 -0.497428 0.002986
v -0.170878 -0.497379 -0.042840
v -0.181734 -0.496963 0.033929
v -0.093950 -0.497254 0.114685
v 0.197542 -0.493485 0.075973
v -0.078628 -0.495726 0.151458
v -0.084627 -0.496025 0.075300
v 0.043621 -0.493729 0.050506
v -0.002763 -0.493728 0.014009
v 0.112811 -0.496635 0.119498
v -0.141025 -0.493485 -0.115126
v 0.100282 -0.492827 -0.127654
v -0.123492 -0.494478 -0.074385
v -0.169825 -0.493565 -0.096325
v -0.094687 -0.493056 -0.127468
v 0.031355 -0.491112 -0.140597
v -0.010864 -0.493368 -0.051309
v 0.004647 -0.493557 0.048834
v 0.140217 -0.493153 0.036185
v 0.027421 -0.493071 -0.060374
v 0.172305 -0.493776 -0.028215
v 0.169929 -0.493292 -0.074050
v 0.104701 -0.495282 -0.074302
v 0.198160 -0.493192 0.023258
v 0.127519 -0.493316 -0.062301
v 0.018528 -0.491566 -0.024772
v 0.173558 -0.492808 0.128381
v 0.181242 -0.492445 0.038748
v 0.031614 -0.491497 -0.022384
v 0.058062 -0.491950 0.034668
v 0.087907 -0.491202 0.008257
v 0.074230 -0.489540 -0.040710
v 0.045486 -0.488684 -0.029757
v 0.058953 -0.492765 -0.015371
v 0.112989 -0.489195 -0.043300
v 0.089575 -0.487400 -0.021489
v 0.114696 -0.483692 -0.017073
v 0.108459 -0.485483 0.017159
v 0.134653 -0.490282 0.029621
v 0.142933 -0.487155 -0.021188
v 0.172861 -0.489625 -0.003975
v 0.049695 -0.485844 0.018013
v 0.030448 -0.491562 0.011778
v 0.010820 -0.488158 -0.005783
v 0.022687 -0.485923 0.026962
v 0.093633 -0.492514 0.151741
v -0.207498 -0.493194 -0.028269
v 0.131719 -0.483582 -0.035826
v 0.011334 -0.493398 0.155979
v -0.156775 -0.494652 0.149571
v -0.182840 -0.494488 0.135694
v -0.117457 -0.499358 -0.010744
v 0.138060 -0.490485 -0.118103
v 0.107841 -0.488232 -0.133906
v -0.212806 -0.492185 0.088445
v -0.203814 -0.490405 0.116337
v -0.119643 -0.493084 0.010164
v -0.122053 -0.492926 0.009804
v -0.124596 -0.495730 0.010867
v -0.125832 -0.494142 0.007638
v -0.115059 -0.497883 -0.008758
v -0.112888 -0.497687 -0.009085
v -0.119643 -0.493084 0.010164
v -0.120231 -0.493282 0.007595
v -0.122053 -0.492926 0.009804
v -0.122053 -0.492926 0.009804
v -0.123082 -0.495603 0.008527
v -0.124648 -0.496035 0.008640
v -0.124596 -0.495730 0.010867
v -0.184644 -0.427094 -0.007319
v -0.163948 -0.416135 -0.055155
v -0.154267 -0.416472 -0.070331
v -0.198109 -0.427726 0.045485
v -0.145700 -0.420846 -0.077913
v -0.198761 -0.429025 0.059190
v -0.193622 -0.414111 0.013967
v -0.142020 -0.424112 -0.081688
v -0.166471 -0.413106 -0.050443
v -0.192822 -0.430817 0.092246
v -0.196807 -0.422868 0.091018
v -0.201634 -0.418524 0.067876
v -0.199848 -0.417750 0.080229
v -0.174974 -0.442548 0.146100
v -0.167919 -0.443275 0.150594
v -0.166695 -0.447764 0.153710
v -0.190042 -0.454783 0.140227
v -0.196076 -0.442294 0.126270
v -0.213249 -0.450232 0.101593
v -0.213471 -0.442867 0.080403
v -0.209440 -0.437171 0.067158
v -0.219464 -0.446210 0.043943
v -0.221189 -0.452660 0.052305
v -0.220660 -0.447811 0.029824
v -0.220184 -0.484797 0.031607
v -0.219130 -0.450793 0.003425
v -0.212806 -0.492185 0.088445
v -0.198894 -0.454741 -0.067805
v -0.189737 -0.477730 -0.083882
v -0.191623 -0.486020 -0.077494
v -0.178699 -0.468311 -0.101203
v -0.172653 -0.451862 -0.106818
v -0.203814 -0.490405 0.116337
v -0.166704 -0.470840 -0.112574
v -0.207498 -0.493194 -0.028269
v -0.189796 -0.480603 0.137739
v -0.162969 -0.433768 0.124417
v -0.170668 -0.436540 0.123427
v -0.137905 -0.431788 0.131131
v -0.174974 -0.442548 0.146100
v -0.196076 -0.442294 0.126270
v -0.199598 -0.440221 0.112972
v -0.194644 -0.435374 0.092842
v -0.209440 -0.437171 0.067158
v -0.213471 -0.442867 0.080403
v -0.212852 -0.437118 0.029647
v -0.197213 -0.432331 -0.003754
v -0.193514 -0.430863 -0.024553
v -0.184644 -0.427094 -0.007319
v -0.219464 -0.446210 0.043943
v -0.195325 -0.437406 -0.057196
v -0.179346 -0.433012 -0.074926
v -0.144678 -0.431476 -0.108982
v -0.156518 -0.437440 -0.110538
v -0.142020 -0.424112 -0.081688
v -0.141983 -0.426285 -0.085604
v -0.124018 -0.426312 -0.098699
v -0.220660 -0.447811 0.029824
v -0.219130 -0.450793 0.003425
v -0.198761 -0.429025 0.059190
v -0.221189 -0.452660 0.052305
v -0.192822 -0.430817 0.092246
v -0.172653 -0.451862 -0.106818
v -0.198894 -0.454741 -0.067805
v -0.134012 -0.422876 -0.089049
v -0.198109 -0.427726 0.045485
v -0.176154 -0.364855 0.089525
v -0.173374 -0.360671 0.082550
v -0.165792 -0.360471 0.093784
v -0.142020 -0.424112 -0.081688
v -0.134012 -0.422876 -0.089049
v -0.145700 -0.420846 -0.077913
v -0.149853 -0.300511 -0.083020
v -0.146210 -0.341489 -0.078646
v -0.171551 -0.334649 -0.009718
v -0.175294 -0.305801 -0.039491
v -0.171109 -0.298643 -0.046109
v -0.166471 -0.413106 -0.050443
v -0.138209 -0.413263 -0.088441
v -0.137319 -0.383022 -0.085097
v -0.146316 -0.368799 -0.072661
v -0.159219 -0.352701 -0.060957
v -0.164443 -0.362677 -0.043173
v -0.164610 -0.367290 -0.041794
v -0.193519 -0.383348 0.081742
v -0.189820 -0.416382 0.102702
v -0.196807 -0.422868 0.091018
v -0.199848 -0.417750 0.080229
v -0.193634 -0.379139 0.073087
v -0.176154 -0.364855 0.089525
v -0.173374 -0.360671 0.082550
v -0.177420 -0.369661 0.095921
v -0.193622 -0.414111 0.013967
v -0.177168 -0.298349 -0.025068
v -0.175540 -0.302213 0.003558
v -0.163338 -0.300277 0.031765
v -0.176072 -0.370782 0.030030
v -0.164235 -0.361766 0.041629
v -0.176485 -0.363606 0.058159
v -0.152896 -0.346071 -0.068746
v -0.153876 -0.351853 0.034246
v -0.154267 -0.416472 -0.070331
v -0.173725 -0.360255 0.070724
v -0.163511 -0.333467 0.015077
v -0.160484 -0.341693 0.025520
v -0.163948 -0.416135 -0.055155
v -0.201634 -0.418524 0.067876
v -0.134843 -0.355769 -0.087958
v -0.182595 -0.367866 0.056866
v -0.166505 -0.348964 -0.049248
v -0.188942 -0.384264 0.028388
v -0.162352 -0.350099 0.016944
v -0.167445 -0.361187 -0.030207
v -0.164443 -0.362677 -0.043173
v -0.166505 -0.348964 -0.049248
v -0.167445 -0.361187 -0.030207
v -0.175294 -0.305801 -0.039491
v -0.171109 -0.298643 -0.046109
v -0.177168 -0.298349 -0.025068
v -0.188942 -0.384264 0.028388
v -0.176072 -0.370782 0.030030
v -0.182595 -0.367866 0.056866
v -0.160484 -0.341693 0.025520
v -0.162352 -0.350099 0.016944
v -0.147262 -0.346492 0.040409
v -0.146461 -0.341474 0.044346
v -0.182595 -0.367866 0.056866
v -0.176485 -0.363606 0.058159
v -0.173725 -0.360255 0.070724
v 0.019275 -0.449163 -0.147376
v -0.069664 -0.439206 -0.139713
v -0.099405 -0.434838 -0.135659
v -0.106971 -0.447381 -0.140186
v -0.129355 -0.437237 -0.131207
v 0.073081 -0.449733 -0.145185
v 0.118748 -0.449254 -0.137311
v -0.004384 -0.481220 -0.148531
v 0.075099 -0.485698 -0.145448
v -0.108471 -0.484651 -0.137869
v -0.067913 -0.488943 -0.141864
v 0.120146 -0.462994 -0.138847
v 0.106906 -0.485050 -0.140236
v -0.144966 -0.447791 -0.128890
v 0.128800 -0.452855 -0.134461
v 0.129776 -0.473356 -0.134145
v -0.163145 -0.454914 -0.120307
v -0.140162 -0.492252 -0.125521
v -0.170265 -0.459654 -0.115318
v -0.166552 -0.487598 -0.113326
v -0.197131 -0.448484 -0.077602
v -0.204861 -0.485059 -0.059551
v -0.190177 -0.487251 -0.087472
v -0.218961 -0.463084 -0.022544
v -0.222278 -0.485936 0.004870
v -0.182651 -0.450709 -0.101511
v -0.170265 -0.459654 -0.115318
v -0.204451 -0.438558 -0.049637
v -0.163145 -0.454914 -0.120307
v -0.166552 -0.487598 -0.113326
v -0.214301 -0.480677 0.108974
v -0.217343 -0.452504 0.103175
v -0.223155 -0.444793 0.058466
v -0.214668 -0.491724 0.100165
v -0.221315 -0.493000 0.037565
v -0.215043 -0.447638 0.105431
v -0.205524 -0.492558 0.119742
v -0.201631 -0.445243 0.129432
v -0.220178 -0.438067 0.030453
v -0.197453 -0.439401 0.129046
v 0.118748 -0.449254 -0.137311
v 0.122199 -0.435439 -0.127579
v 0.140427 -0.436682 -0.120914
v 0.145755 -0.441890 -0.121400
v 0.069089 -0.423294 -0.106788
v 0.027494 -0.411031 0.005298
v 0.026818 -0.418502 -0.063646
v -0.031246 -0.410408 0.011123
v -0.006277 -0.410028 0.020065
v 0.018678 -0.410767 -0.014152
v 0.017753 -0.412699 -0.030300
v -0.063184 -0.422825 -0.108838
v -0.032497 -0.430617 -0.128595
v -0.025157 -0.417750 -0.069638
v -0.021258 -0.406820 -0.014253
v -0.019436 -0.414261 -0.051559
v 0.041224 -0.420800 -0.086494
v -0.018423 -0.407763 -0.023546
v 0.073081 -0.449733 -0.145185
v 0.014913 -0.432676 -0.133690
v 0.054495 -0.427855 -0.122874
v -0.070182 -0.423554 -0.111193
v 0.147308 -0.429573 -0.104401
v -0.108945 -0.423140 -0.109298
v -0.144225 -0.432509 -0.119912
v -0.133229 -0.422570 -0.096205
v 0.127899 -0.425344 -0.098584
v 0.123498 -0.424374 -0.098919
v 0.136334 -0.424566 -0.088677
v 0.143821 -0.425068 -0.081547
v -0.168886 -0.424517 -0.080384
v -0.169252 -0.431720 -0.097936
v -0.172297 -0.422580 -0.043998
v 0.019275 -0.449163 -0.147376
v -0.069664 -0.439206 -0.139713
v -0.099405 -0.434838 -0.135659
v -0.129355 -0.437237 -0.131207
v 0.210464 -0.445084 0.006830
v 0.210186 -0.438939 0.030182
v 0.205492 -0.445671 0.100408
v 0.170940 -0.436582 0.138325
v 0.154679 -0.438579 0.149812
v 0.162039 -0.443068 0.149305
v 0.176590 -0.446221 0.142472
v 0.212203 -0.443972 0.061041
v 0.200582 -0.436282 0.087715
v 0.198063 -0.430490 0.065334
v 0.190236 -0.433883 0.097872
v 0.190841 -0.426970 0.022653
v 0.182625 -0.424478 -0.001705
v 0.143821 -0.425068 -0.081547
v 0.147308 -0.429573 -0.104401
v 0.127899 -0.425344 -0.098584
v 0.197786 -0.444209 -0.046448
v 0.193387 -0.436373 -0.043118
v 0.170554 -0.448602 -0.098846
v 0.153666 -0.446867 -0.117323
v 0.145755 -0.441890 -0.121400
v 0.140427 -0.436682 -0.120914
v -0.182651 -0.450709 -0.101511
v -0.163145 -0.454914 -0.120307
v -0.144225 -0.432509 -0.119912
v -0.129355 -0.437237 -0.131207
v -0.144966 -0.447791 -0.128890
v -0.169252 -0.431720 -0.097936
v -0.168886 -0.424517 -0.080384
v -0.172297 -0.422580 -0.043998
v -0.188179 -0.424774 -0.008096
v -0.203003 -0.430106 0.061284
v -0.200452 -0.435722 0.105519
v -0.189809 -0.432861 0.106923
v -0.220178 -0.438067 0.030453
v -0.197453 -0.439401 0.129046
v -0.204451 -0.438558 -0.049637
v -0.215043 -0.447638 0.105431
v -0.223155 -0.444793 0.058466
v -0.197131 -0.448484 -0.077602
v -0.150280 -0.457315 0.165072
v -0.066083 -0.441591 0.171767
v -0.055124 -0.444838 0.172796
v -0.109939 -0.439192 0.166124
v -0.168345 -0.453233 0.158807
v -0.132791 -0.435350 0.159043
v -0.161477 -0.439401 0.154688
v 0.182049 -0.376959 0.032097
v 0.171833 -0.366485 0.035911
v 0.180598 -0.365989 0.066139
v 0.172115 -0.359693 0.080994
v 0.154473 -0.355462 0.044688
v 0.147595 -0.351734 0.082860
v 0.122981 -0.352334 0.065179
v 0.127511 -0.351668 0.083481
v 0.148712 -0.364722 0.111362
v 0.165762 -0.354903 0.019085
v 0.189317 -0.378812 0.083866
v 0.170467 -0.377441 0.109951
v 0.126160 -0.347332 0.057595
v 0.158774 -0.350505 0.031152
v 0.004974 -0.442923 0.172273
v -0.014850 -0.437402 0.170283
v -0.055124 -0.444838 0.172796
v -0.066083 -0.441591 0.171767
v 0.060566 -0.446159 0.167640
v 0.004974 -0.442923 0.172273
v -0.014850 -0.437402 0.170283
v -0.066083 -0.441591 0.171767
v -0.021258 -0.406820 -0.014253
v -0.031246 -0.410408 0.011123
v 0.141740 -0.447803 0.158597
v 0.154679 -0.438579 0.149812
v 0.162039 -0.443068 0.149305
v 0.102950 -0.442291 0.162954
v 0.088430 -0.434187 0.159076
v 0.170940 -0.436582 0.138325
v -0.006277 -0.410028 0.020065
v -0.045665 -0.414711 0.037953
v -0.051273 -0.416714 0.050386
v -0.010729 -0.424722 0.129777
v -0.053422 -0.423960 0.112578
v 0.030185 -0.419419 0.097265
v -0.025360 -0.426980 0.149934
v 0.043012 -0.421747 0.106147
v 0.042009 -0.416682 0.040050
v 0.032162 -0.417965 0.054012
v 0.027494 -0.411031 0.005298
v 0.062546 -0.420433 0.076343
v 0.091004 -0.424199 0.136185
v -0.084516 -0.424442 0.111549
v -0.096673 -0.426380 0.125305
v -0.122890 -0.428060 0.134376
v -0.171723 -0.432710 0.124011
v -0.189809 -0.432861 0.106923
v -0.088766 -0.424639 0.137782
v -0.200452 -0.435722 0.105519
v 0.010998 -0.431773 0.156780
v 0.063042 -0.424298 0.134900
v 0.083792 -0.424283 0.110763
v 0.096735 -0.424841 0.120887
v 0.137811 -0.429935 0.131109
v 0.190236 -0.433883 0.097872
v 0.160782 -0.430389 0.122934
v 0.200582 -0.436282 0.087715
v -0.132791 -0.435350 0.159043
v -0.197453 -0.439401 0.129046
v 0.041014 -0.425248 0.144353
v -0.161477 -0.439401 0.154688
v -0.081522 -0.422881 0.108202
v -0.109939 -0.439192 0.166124
v 0.013409 -0.409285 0.121442
v -0.000512 -0.414774 0.130856
v 0.020209 -0.419413 0.149857
v 0.042151 -0.417628 0.131570
v 0.083511 -0.423937 0.108179
v 0.100783 -0.421340 0.125565
v 0.096735 -0.424841 0.120887
v 0.157158 -0.423770 0.127134
v 0.160782 -0.430389 0.122934
v 0.117177 -0.414106 0.131021
v 0.137811 -0.429935 0.131109
v 0.174567 -0.418879 0.118278
v 0.131917 -0.384037 0.126201
v 0.154576 -0.391178 0.123122
v 0.177529 -0.408640 0.109117
v 0.170467 -0.377441 0.109951
v 0.097909 -0.395796 0.119694
v 0.087049 -0.395815 0.110767
v 0.085087 -0.407929 0.108099
v 0.078892 -0.414858 0.103677
v 0.069887 -0.416327 0.091262
v 0.123837 -0.359893 0.107915
v 0.103088 -0.372143 0.112004
v 0.127511 -0.351668 0.083481
v 0.122981 -0.352334 0.065179
v 0.147595 -0.351734 0.082860
v 0.084863 -0.353805 0.064747
v 0.065689 -0.358972 0.059539
v 0.148712 -0.364722 0.111362
v 0.126160 -0.347332 0.057595
v 0.043312 -0.363318 0.040240
v 0.057946 -0.391625 0.069027
v 0.083792 -0.424283 0.110763
v 0.083511 -0.423937 0.108179
v 0.074316 -0.421587 0.096726
v 0.012089 -0.422182 0.100648
v 0.004789 -0.416415 0.119965
v 0.013472 -0.413373 0.120864
v -0.011660 -0.429675 0.133479
v -0.004687 -0.425782 0.107073
v 0.028005 -0.435717 0.156071
v 0.039233 -0.435208 0.157052
v 0.018673 -0.437867 0.162937
v 0.061614 -0.429961 0.144378
v 0.066941 -0.434385 0.154288
v 0.084239 -0.431067 0.146052
v 0.109794 -0.434977 0.149492
v 0.097926 -0.430572 0.132583
v 0.113080 -0.432499 0.137601
v 0.176454 -0.438213 0.126446
v 0.188635 -0.440015 0.116761
v 0.193812 -0.439713 0.104277
v 0.174442 -0.442802 0.137087
v -0.014858 -0.444233 0.169461
v 0.040914 -0.428891 0.141316
v -0.054577 -0.439720 0.165857
v 0.139587 -0.450543 0.155365
v 0.093754 -0.446620 0.160908
v 0.038541 -0.421087 0.134221
v 0.021133 -0.423384 0.147768
v -0.065989 -0.441995 0.167550
v -0.086305 -0.440296 0.165009
v 0.013171 -0.434206 0.153554
v -0.116898 -0.442835 0.163193
v -0.132472 -0.439840 0.158316
v -0.166695 -0.447764 0.153710
v -0.167919 -0.443275 0.150594
v -0.030632 -0.448131 -0.141073
v -0.059056 -0.446031 -0.139179
v -0.052951 -0.441542 -0.137008
v 0.095899 -0.446956 -0.136802
v 0.117670 -0.450676 -0.133745
v 0.121405 -0.438790 -0.125536
v 0.135094 -0.443390 -0.123686
v 0.035398 -0.447663 -0.142550
v -0.030632 -0.448131 -0.141073
v -0.052951 -0.441542 -0.137008
v -0.025709 -0.435543 -0.128320
v 0.053886 -0.431552 -0.121465
v -0.000624 -0.427942 -0.112904
v -0.099294 -0.433520 -0.128528
v 0.140904 -0.438059 -0.115765
v 0.071920 -0.426648 -0.102852
v 0.105138 -0.427764 -0.103589
v -0.087507 -0.426286 -0.109929
v 0.094929 -0.425410 -0.103538
v -0.124018 -0.426312 -0.098699
v 0.133613 -0.428200 -0.086847
v -0.144678 -0.431476 -0.108982
v -0.141983 -0.426285 -0.085604
v -0.193514 -0.430863 -0.024553
v -0.179346 -0.433012 -0.074926
v -0.197213 -0.432331 -0.003754
v 0.164712 -0.434999 -0.082167
v 0.162452 -0.427812 -0.041336
v 0.194770 -0.433316 0.000189
v 0.193870 -0.432561 0.032150
v -0.195325 -0.437406 -0.057196
v 0.184739 -0.427641 0.014995
v 0.190284 -0.442966 -0.051443
v 0.172811 -0.443140 -0.082521
v -0.104723 -0.445801 -0.135881
v -0.059056 -0.446031 -0.139179
v -0.149118 -0.439454 -0.117798
v -0.156518 -0.437440 -0.110538
v 0.051212 -0.424969 0.091906
v -0.004687 -0.425782 0.107073
v 0.020321 -0.414529 -0.011523
v -0.063919 -0.424319 0.071103
v -0.073417 -0.427621 0.096459
v -0.011660 -0.429675 0.133479
v -0.058015 -0.430231 0.118855
v -0.099522 -0.430482 0.122462
v -0.137905 -0.431788 0.131131
v -0.170668 -0.436540 0.123427
v 0.084239 -0.431067 0.146052
v -0.199598 -0.440221 0.112972
v 0.066941 -0.434385 0.154288
v 0.095784 -0.430230 0.117920
v 0.075008 -0.426261 0.088777
v 0.041610 -0.425408 0.103891
v -0.013007 -0.418605 -0.041987
v 0.019798 -0.420639 -0.049012
v 0.061614 -0.429961 0.144378
v 0.039233 -0.435208 0.157052
v 0.012089 -0.422182 0.100648
v -0.089158 -0.428544 0.135793
v -0.194644 -0.435374 0.092842
v -0.038412 -0.424081 -0.084949
v 0.041621 -0.423526 -0.080424
v 0.040914 -0.428891 0.141316
v 0.097926 -0.430572 0.132583
v 0.113080 -0.432499 0.137601
v 0.137763 -0.434093 0.130274
v 0.176454 -0.438213 0.126446
v 0.109794 -0.434977 0.149492
v 0.193812 -0.439713 0.104277
v 0.123326 -0.429996 0.126247
v 0.033354 -0.422077 -0.067505
v -0.064195 -0.422398 0.067595
v 0.018673 -0.437867 0.162937
v 0.028005 -0.435717 0.156071
v 0.013171 -0.434206 0.153554
v -0.047555 -0.424540 -0.092870
v -0.044302 -0.414630 0.026509
v 0.013472 -0.413373 0.120864
v 0.035363 -0.417791 0.117679
v 0.038541 -0.421087 0.134221
v -0.054577 -0.439720 0.165857
v 0.004789 -0.416415 0.119965
v -0.052695 -0.418519 0.045240
v -0.132472 -0.439840 0.158316
v -0.022737 -0.410636 -0.016519
v -0.086305 -0.440296 0.165009
v 0.031381 -0.412162 0.003870
v -0.167919 -0.443275 0.150594
v -0.174974 -0.442548 0.146100
v -0.187747 -0.408143 0.104173
v -0.176305 -0.382818 0.114509
v -0.148421 -0.384460 0.129773
v -0.197739 -0.391516 0.086828
v -0.166743 -0.367880 0.111787
v -0.189099 -0.421819 0.111610
v -0.164637 -0.413880 0.129439
v -0.140726 -0.418036 0.137837
v -0.174404 -0.362145 0.097124
v -0.197869 -0.378275 0.072332
v -0.204398 -0.421570 0.077692
v -0.189809 -0.432861 0.106923
v -0.197798 -0.430982 0.091306
v -0.203003 -0.430106 0.061284
v -0.205757 -0.415041 0.054657
v -0.200776 -0.392975 0.046513
v -0.141429 -0.405402 0.131767
v -0.139312 -0.393150 0.132684
v -0.122890 -0.428060 0.134376
v -0.171723 -0.432710 0.124011
v -0.163638 -0.430200 0.122397
v -0.164152 -0.421414 0.126480
v -0.139116 -0.428761 0.129783
v -0.121032 -0.421534 0.131853
v -0.099686 -0.422112 0.124056
v -0.099674 -0.427888 0.119626
v -0.105330 -0.428405 0.123725
v -0.135832 -0.417388 0.134091
v -0.026391 -0.418143 -0.061668
v -0.013007 -0.418605 -0.041987
v -0.022737 -0.410636 -0.016519
v -0.021613 -0.410503 -0.033722
v -0.038412 -0.424081 -0.084949
v -0.085755 -0.426054 0.106170
v -0.073417 -0.427621 0.096459
v -0.063919 -0.424319 0.071103
v -0.064195 -0.422398 0.067595
v -0.099674 -0.427888 0.119626
v -0.099522 -0.430482 0.122462
v -0.105330 -0.428405 0.123725
v -0.095539 -0.359321 0.070984
v -0.094324 -0.364697 0.078461
v -0.010517 -0.342080 -0.023746
v -0.022335 -0.407141 -0.024495
v -0.018574 -0.370302 -0.024240
v -0.011908 -0.309838 0.007586
v -0.056749 -0.306624 0.064266
v -0.035442 -0.308480 0.045881
v -0.037740 -0.343931 0.032257
v -0.022737 -0.410636 -0.016519
v -0.008173 -0.309448 -0.001255
v -0.021613 -0.410503 -0.033722
v -0.107416 -0.351663 0.063919
v -0.006715 -0.304978 -0.004554
v -0.013908 -0.303468 -0.003736
v -0.016745 -0.300529 -0.003320
v -0.003278 -0.304895 -0.007517
v -0.030649 -0.304344 0.031664
v -0.063046 -0.302359 0.061830
v -0.038557 -0.397533 0.016620
v -0.046240 -0.396521 0.034117
v -0.032247 -0.374413 0.009146
v -0.019683 -0.320627 0.017835
v -0.025851 -0.355049 0.008888
v -0.064195 -0.422398 0.067595
v -0.052695 -0.418519 0.045240
v -0.085755 -0.426054 0.106170
v -0.025297 -0.380005 -0.008046
v -0.044302 -0.414630 0.026509
v -0.103780 -0.377852 0.113849
v -0.125694 -0.386034 0.127227
v -0.127698 -0.393984 0.128956
v -0.128633 -0.408719 0.128586
v -0.117167 -0.414225 0.129937
v -0.135832 -0.417388 0.134091
v -0.121032 -0.421534 0.131853
v -0.136443 -0.380426 0.125879
v -0.130469 -0.372657 0.120751
v -0.084144 -0.408353 0.101240
v -0.011502 -0.325545 -0.004055
v -0.070260 -0.309158 0.070288
v -0.003940 -0.317708 -0.016928
v -0.002732 -0.318587 -0.022611
v -0.086861 -0.416428 0.110357
v -0.074856 -0.417701 0.089612
v -0.077648 -0.353618 0.061723
v -0.104024 -0.394199 0.121352
v -0.071336 -0.339767 0.058850
v -0.090294 -0.394465 0.108312
v -0.099686 -0.422112 0.124056
v -0.103206 -0.366071 0.095615
v -0.113970 -0.360755 0.096941
v -0.089696 -0.371799 0.086872
v -0.051781 -0.388284 0.046391
v -0.082060 -0.344097 0.065013
v -0.099674 -0.427888 0.119626
v -0.103206 -0.366071 0.095615
v -0.094324 -0.364697 0.078461
v -0.089696 -0.371799 0.086872
v -0.074856 -0.417701 0.089612
v -0.084144 -0.408353 0.101240
v -0.086861 -0.416428 0.110357
v -0.090294 -0.394465 0.108312
v -0.051781 -0.388284 0.046391
v -0.046240 -0.396521 0.034117
v -0.044302 -0.414630 0.026509
v -0.052695 -0.418519 0.045240
v -0.046240 -0.396521 0.034117
v -0.038557 -0.397533 0.016620
v -0.032247 -0.374413 0.009146
v -0.032247 -0.374413 0.009146
v -0.025297 -0.380005 -0.008046
v -0.025851 -0.355049 0.008888
v -0.019683 -0.320627 0.017835
v -0.011908 -0.309838 0.007586
v -0.011502 -0.325545 -0.004055
v -0.011502 -0.325545 -0.004055
v -0.008173 -0.309448 -0.001255
v -0.003278 -0.304895 -0.007517
v -0.003940 -0.317708 -0.016928
v -0.165158 -0.409878 0.120171
v -0.176721 -0.385791 0.109912
v -0.136443 -0.380426 0.125879
v -0.164152 -0.421414 0.126480
v -0.135832 -0.417388 0.134091
v -0.189820 -0.416382 0.102702
v -0.163138 -0.366855 0.106603
v -0.177420 -0.369661 0.095921
v -0.127698 -0.393984 0.128956
v -0.193519 -0.383348 0.081742
v -0.196807 -0.422868 0.091018
v -0.128633 -0.408719 0.128586
v -0.162969 -0.433768 0.124417
v -0.163638 -0.430200 0.122397
v -0.137905 -0.431788 0.131131
v -0.139116 -0.428761 0.129783
v -0.130469 -0.372657 0.120751
v -0.125694 -0.386034 0.127227
v -0.117167 -0.414225 0.129937
v -0.193634 -0.379139 0.073087
v -0.192822 -0.430817 0.092246
v -0.105330 -0.428405 0.123725
v -0.099522 -0.430482 0.122462
v -0.132163 -0.339725 0.055085
v -0.112965 -0.333564 0.059205
v -0.082060 -0.344097 0.065013
v -0.071336 -0.339767 0.058850
v -0.148862 -0.332474 0.036990
v -0.146461 -0.341474 0.044346
v -0.147262 -0.346492 0.040409
v -0.132163 -0.339725 0.055085
v -0.082060 -0.344097 0.065013
v -0.077648 -0.353618 0.061723
v -0.107416 -0.351663 0.063919
v -0.070260 -0.309158 0.070288
v -0.087052 -0.306578 0.073194
v -0.056749 -0.306624 0.064266
v -0.123490 -0.298792 0.059450
v -0.113207 -0.297559 0.063888
v -0.113352 -0.299974 0.063703
v -0.162352 -0.350099 0.016944
v -0.153876 -0.351853 0.034246
v -0.147262 -0.346492 0.040409
v -0.107416 -0.351663 0.063919
v -0.139491 -0.355745 0.061076
v -0.173725 -0.360255 0.070724
v -0.113970 -0.360755 0.096941
v -0.173374 -0.360671 0.082550
v -0.164235 -0.361766 0.041629
v -0.176485 -0.363606 0.058159
v -0.165792 -0.360471 0.093784
v -0.095539 -0.359321 0.070984
v -0.103206 -0.366071 0.095615
v -0.094324 -0.364697 0.078461
v -0.163138 -0.366855 0.106603
v -0.176154 -0.364855 0.089525
v -0.130469 -0.372657 0.120751
v -0.177420 -0.369661 0.095921
v -0.092305 -0.300736 0.066890
v -0.113352 -0.299974 0.063703
v -0.123490 -0.298792 0.059450
v -0.063046 -0.302359 0.061830
v -0.138179 -0.299690 0.052285
v -0.056749 -0.306624 0.064266
v -0.087052 -0.306578 0.073194
v -0.119362 -0.303916 0.070088
v -0.035442 -0.308480 0.045881
v -0.030649 -0.304344 0.031664
v -0.013908 -0.303468 -0.003736
v -0.006715 -0.304978 -0.004554
v -0.071336 -0.339767 0.058850
v -0.070260 -0.309158 0.070288
v -0.112965 -0.333564 0.059205
v -0.087052 -0.306578 0.073194
v -0.119362 -0.303916 0.070088
v -0.131842 -0.304093 0.064686
v -0.163338 -0.300277 0.031765
v -0.163511 -0.333467 0.015077
v -0.148862 -0.332474 0.036990
v -0.175540 -0.302213 0.003558
v -0.171551 -0.334649 -0.009718
v -0.160484 -0.341693 0.025520
v -0.146461 -0.341474 0.044346
v -0.132163 -0.339725 0.055085
v -0.141429 -0.405402 0.131767
v -0.129898 -0.407346 0.132591
v -0.139312 -0.393150 0.132684
v -0.128050 -0.388035 0.132158
v -0.148421 -0.384460 0.129773
v -0.113453 -0.380079 0.126314
v -0.122615 -0.371653 0.123780
v -0.140726 -0.418036 0.137837
v -0.117656 -0.408124 0.130885
v -0.116314 -0.413200 0.133810
v -0.104216 -0.408002 0.125850
v -0.101803 -0.418684 0.129890
v -0.164637 -0.413880 0.129439
v -0.176305 -0.382818 0.114509
v -0.148421 -0.384460 0.129773
v -0.143900 -0.370436 0.123867
v -0.166743 -0.367880 0.111787
v -0.174404 -0.362145 0.097124
v -0.150414 -0.354848 0.102341
v -0.122615 -0.371653 0.123780
v -0.117066 -0.362444 0.111903
v -0.079965 -0.368028 0.078016
v -0.099712 -0.375451 0.114460
v -0.166900 -0.353121 0.075554
v -0.122431 -0.349417 0.063940
v -0.186747 -0.364378 0.065289
v -0.094991 -0.356603 0.073770
v -0.195434 -0.376487 0.053220
v -0.181530 -0.373011 0.012561
v -0.165592 -0.351650 0.020576
v -0.184539 -0.379524 0.004677
v -0.197869 -0.378275 0.072332
v -0.172186 -0.356956 0.001550
v -0.143313 -0.347048 0.050347
v -0.105248 -0.349293 0.067930
v -0.105078 -0.316496 0.074392
v -0.094435 -0.313309 0.076667
v -0.075861 -0.306838 0.075999
v -0.114711 -0.300641 0.073319
v -0.139152 -0.301301 0.064526
v -0.105248 -0.349293 0.067930
v -0.075441 -0.355547 0.065026
v -0.094991 -0.356603 0.073770
v -0.079965 -0.368028 0.078016
v -0.099712 -0.375451 0.114460
v -0.081522 -0.422881 0.108202
v -0.052496 -0.364210 0.050012
v -0.017215 -0.337560 0.012072
v -0.010381 -0.355778 -0.021918
v -0.000290 -0.322217 -0.022712
v -0.058128 -0.306675 0.069808
v -0.075861 -0.306838 0.075999
v -0.063176 -0.346451 0.061728
v -0.074061 -0.343142 0.066635
v -0.066827 -0.357870 0.060631
v -0.051273 -0.416714 0.050386
v -0.104216 -0.408002 0.125850
v -0.104800 -0.400803 0.126587
v -0.113453 -0.380079 0.126314
v -0.122615 -0.371653 0.123780
v -0.117066 -0.362444 0.111903
v -0.101803 -0.418684 0.129890
v -0.096673 -0.426380 0.125305
v -0.122890 -0.428060 0.134376
v -0.084516 -0.424442 0.111549
v -0.045665 -0.414711 0.037953
v -0.001345 -0.304655 -0.002853
v -0.017952 -0.349213 0.000746
v -0.140726 -0.418036 0.137837
v -0.116314 -0.413200 0.133810
v -0.079366 -0.384838 0.095477
v -0.055961 -0.374602 0.058215
v -0.009399 -0.330699 -0.001801
v -0.094435 -0.313309 0.076667
v -0.036654 -0.398030 0.021986
v -0.074891 -0.337003 0.064024
v -0.113882 -0.394283 0.130246
v -0.128050 -0.388035 0.132158
v -0.040529 -0.364394 0.034621
v 0.000878 -0.319499 -0.018564
v -0.117656 -0.408124 0.130885
v -0.021258 -0.406820 -0.014253
v -0.018423 -0.407763 -0.023546
v -0.016223 -0.308696 0.025089
v -0.129898 -0.407346 0.132591
v -0.075441 -0.355547 0.065026
v -0.066827 -0.357870 0.060631
v -0.063176 -0.346451 0.061728
v -0.074061 -0.343142 0.066635
v -0.052496 -0.364210 0.050012
v -0.055961 -0.374602 0.058215
v -0.009399 -0.330699 -0.001801
v -0.017215 -0.337560 0.012072
v -0.017952 -0.349213 0.000746
v -0.113882 -0.394283 0.130246
v -0.104800 -0.400803 0.126587
v -0.117656 -0.408124 0.130885
v -0.093657 -0.331911 0.066809
v -0.094435 -0.313309 0.076667
v -0.105078 -0.316496 0.074392
v -0.074891 -0.337003 0.064024
v -0.171244 -0.365047 -0.031625
v -0.200776 -0.392975 0.046513
v -0.184539 -0.379524 0.004677
v -0.199451 -0.418896 0.019094
v -0.205757 -0.415041 0.054657
v -0.195434 -0.376487 0.053220
v -0.145118 -0.416652 -0.087786
v -0.172290 -0.341843 -0.045201
v -0.180592 -0.300861 -0.034634
v -0.165634 -0.298877 -0.069338
v -0.176311 -0.347431 -0.027448
v -0.151359 -0.351598 -0.077368
v -0.172297 -0.422580 -0.043998
v -0.188179 -0.424774 -0.008096
v -0.140509 -0.354679 -0.088338
v -0.132282 -0.404620 -0.093840
v -0.128868 -0.382626 -0.097278
v -0.141318 -0.347890 -0.086052
v -0.203003 -0.430106 0.061284
v -0.133229 -0.422570 -0.096205
v -0.140325 -0.298822 -0.095606
v -0.204398 -0.421570 0.077692
v -0.122947 -0.416761 -0.105138
v -0.126274 -0.342626 -0.098807
v -0.197869 -0.378275 0.072332
v -0.130113 -0.306021 -0.102647
v -0.181530 -0.373011 0.012561
v -0.172186 -0.356956 0.001550
v -0.120835 -0.322866 -0.104499
v -0.197798 -0.430982 0.091306
v -0.149195 -0.491469 0.058405
v -0.149716 -0.489179 0.053380
v -0.149195 -0.489142 0.059107
v -0.148117 -0.491702 0.053064
v -0.149195 -0.491469 0.058405
v -0.145258 -0.491406 0.059333
v -0.149195 -0.489142 0.059107
v -0.145444 -0.488541 0.059100
v -0.145495 -0.488678 0.052707
v -0.145444 -0.488541 0.059100
v -0.149716 -0.489179 0.053380
v -0.149195 -0.489142 0.059107
v -0.148117 -0.491702 0.053064
v -0.149716 -0.489179 0.053380
v -0.144837 -0.491165 0.052804
v -0.145495 -0.488678 0.052707
v -0.145258 -0.491406 0.059333
v -0.149195 -0.491469 0.058405
v -0.144837 -0.491165 0.052804
v -0.148117 -0.491702 0.053064
v -0.145258 -0.491406 0.059333
v -0.145444 -0.488541 0.059100
v -0.144837 -0.491165 0.052804
v -0.145495 -0.488678 0.052707
v -0.129818 -0.499136 -0.010524
v -0.122756 -0.499984 -0.012948
v -0.117457 -0.499358 -0.010744
v -0.115148 -0.501606 -0.010113
v -0.133165 -0.501375 -0.009141
v -0.132727 -0.499973 0.006963
v -0.136835 -0.497428 0.002986
v -0.129818 -0.499136 -0.010524
v -0.133165 -0.501375 -0.009141
v -0.125832 -0.494142 0.007638
v -0.132727 -0.499973 0.006963
v -0.124648 -0.496035 0.008640
v -0.121497 -0.500844 0.009818
v -0.123082 -0.495603 0.008527
v -0.118039 -0.494652 0.006008
v -0.136835 -0.497428 0.002986
v -0.124596 -0.495730 0.010867
v -0.124648 -0.496035 0.008640
v -0.125832 -0.494142 0.007638
v -0.129870 -0.490972 -0.001527
v -0.129443 -0.488800 -0.001759
v -0.128467 -0.492169 -0.006952
v -0.129870 -0.490972 -0.001527
v -0.129443 -0.488800 -0.001759
v -0.125798 -0.488166 0.000221
v -0.125148 -0.490926 0.000323
v -0.121908 -0.492719 -0.012432
v -0.129443 -0.488800 -0.001759
v -0.130279 -0.493113 -0.010397
v -0.128467 -0.492169 -0.006952
v -0.127325 -0.492149 -0.006859
v -0.125798 -0.488166 0.000221
v -0.154815 -0.331507 0.036084
v -0.139773 -0.331125 0.050907
v -0.176206 -0.299948 0.014553
v -0.165592 -0.351650 0.020576
v -0.143313 -0.347048 0.050347
v -0.180877 -0.298090 -0.008508
v -0.176311 -0.347431 -0.027448
v -0.172186 -0.356956 0.001550
v -0.171244 -0.365047 -0.031625
v -0.139152 -0.301301 0.064526
v -0.180592 -0.300861 -0.034634
v -0.172290 -0.341843 -0.045201
v -0.166492 -0.296731 0.030899
v -0.122431 -0.349417 0.063940
v -0.105248 -0.349293 0.067930
v -0.105078 -0.316496 0.074392
v -0.093657 -0.331911 0.066809
v -0.074061 -0.343142 0.066635
v -0.074891 -0.337003 0.064024
v -0.075441 -0.355547 0.065026
v -0.152151 -0.294194 -0.075484
v -0.159400 -0.292995 -0.061970
v -0.172323 -0.291735 -0.002578
v -0.164594 -0.293457 0.024747
v -0.166492 -0.296731 0.030899
v -0.148628 -0.295824 0.047718
v -0.114711 -0.300641 0.073319
v -0.111180 -0.298809 0.068987
v -0.103082 -0.299202 0.071052
v -0.139152 -0.301301 0.064526
v -0.165634 -0.298877 -0.069338
v -0.180592 -0.300861 -0.034634
v -0.180877 -0.298090 -0.008508
v -0.168512 -0.295255 -0.013523
v -0.171109 -0.298643 -0.046109
v -0.177168 -0.298349 -0.025068
v -0.151273 -0.296375 -0.066663
v -0.112254 -0.297945 -0.098358
v -0.086843 -0.298201 -0.102166
v -0.052270 -0.302268 -0.099060
v -0.050906 -0.298501 -0.089111
v -0.163338 -0.300277 0.031765
v -0.158293 -0.296661 0.027321
v -0.138179 -0.299690 0.052285
v -0.119362 -0.303916 0.070088
v -0.149853 -0.300511 -0.083020
v -0.137677 -0.296282 -0.082357
v -0.131842 -0.304093 0.064686
v -0.030754 -0.304684 -0.080239
v -0.090546 -0.303054 -0.110845
v -0.011540 -0.302032 -0.045780
v -0.138431 -0.259301 0.082552
v -0.153269 -0.214402 0.081361
v -0.127276 -0.215692 0.101314
v -0.155449 -0.258563 0.063089
v -0.167608 -0.241542 0.048494
v -0.183777 -0.211821 0.042355
v -0.152696 -0.275203 0.052268
v -0.164594 -0.293457 0.024747
v -0.173457 -0.240621 0.037126
v -0.168617 -0.281347 0.024030
v -0.113084 -0.276303 0.086831
v -0.111180 -0.298809 0.068987
v -0.103592 -0.272537 0.092246
v -0.148628 -0.295824 0.047718
v -0.096502 -0.215973 0.112556
v -0.088895 -0.223869 0.110308
v -0.132704 -0.282642 -0.096199
v -0.128959 -0.271817 -0.097008
v -0.139306 -0.273802 -0.089029
v -0.146848 -0.286432 -0.082688
v -0.159836 -0.271009 -0.059021
v -0.165444 -0.285267 -0.052204
v -0.171769 -0.283759 -0.029821
v -0.172135 -0.267552 -0.017877
v -0.173960 -0.202434 -0.079131
v -0.154109 -0.203091 -0.099970
v -0.151273 -0.296375 -0.066663
v -0.168512 -0.295255 -0.013523
v -0.137677 -0.296282 -0.082357
v -0.170982 -0.268018 0.006097
v -0.187432 -0.209159 0.024679
v -0.181265 -0.206469 0.045747
v -0.152555 -0.256857 0.061072
v -0.134473 -0.264112 0.077989
v -0.158293 -0.296661 0.027321
v -0.188799 -0.204115 -0.032618
v -0.138179 -0.299690 0.052285
v -0.116146 -0.264017 0.089589
v -0.101928 -0.215478 0.107289
v -0.117979 -0.212034 0.104762
v -0.123490 -0.298792 0.059450
v -0.113207 -0.297559 0.063888
v -0.089813 -0.211782 0.111802
v -0.150405 -0.262434 -0.087282
v -0.171133 -0.269202 -0.040008
v -0.164097 -0.206028 -0.094325
v -0.142338 -0.273950 -0.091725
v -0.179848 -0.256599 -0.017609
v -0.173976 -0.282523 -0.039628
v -0.172323 -0.291735 -0.002578
v -0.149935 -0.286935 -0.085341
v -0.159400 -0.292995 -0.061970
v -0.168617 -0.281347 0.024030
v -0.164594 -0.293457 0.024747
v -0.194883 -0.207624 0.017978
v -0.183777 -0.211821 0.042355
v -0.173457 -0.240621 0.037126
v -0.175422 -0.203730 -0.084670
v -0.167608 -0.241542 0.048494
v -0.155449 -0.258563 0.063089
v -0.152696 -0.275203 0.052268
v -0.195023 -0.204488 -0.040097
v -0.153269 -0.214402 0.081361
v -0.170584 -0.210530 0.069663
v -0.183777 -0.211821 0.042355
v -0.194883 -0.207624 0.017978
v -0.127276 -0.215692 0.101314
v -0.152151 -0.294194 -0.075484
v -0.159400 -0.292995 -0.061970
v -0.114260 -0.294767 -0.101826
v -0.078815 -0.294799 -0.105715
v -0.125647 -0.283674 -0.105048
v -0.149935 -0.286935 -0.085341
v -0.077948 -0.270214 -0.108973
v -0.093729 -0.284834 -0.111377
v -0.074652 -0.279683 -0.109731
v -0.115957 -0.270926 -0.107026
v -0.111652 -0.202586 -0.131088
v -0.142338 -0.273950 -0.091725
v -0.164097 -0.206028 -0.094325
v -0.150405 -0.262434 -0.087282
v -0.175422 -0.203730 -0.084670
v -0.121497 -0.500844 0.009818
v -0.118039 -0.494652 0.006008
v -0.120231 -0.493282 0.007595
v -0.115059 -0.497883 -0.008758
v -0.115148 -0.501606 -0.010113
v -0.117457 -0.499358 -0.010744
v -0.123082 -0.495603 0.008527
v -0.120231 -0.493282 0.007595
v -0.118039 -0.494652 0.006008
v -0.122053 -0.492926 0.009804
v -0.112888 -0.497687 -0.009085
v -0.119643 -0.493084 0.010164
v -0.121026 -0.497445 0.012326
v -0.076416 -0.488387 0.011748
v -0.086047 -0.487333 0.018021
v -0.078420 -0.487439 0.005579
v -0.090771 -0.485122 0.013053
v -0.076120 -0.485725 0.011715
v -0.086163 -0.484607 0.017322
v -0.086047 -0.487333 0.018021
v -0.076416 -0.488387 0.011748
v -0.086047 -0.487333 0.018021
v -0.086163 -0.484607 0.017322
v -0.090771 -0.485122 0.013053
v -0.086163 -0.484607 0.017322
v -0.076120 -0.485725 0.011715
v -0.090771 -0.485122 0.013053
v -0.078420 -0.487439 0.005579
v -0.076120 -0.485725 0.011715
v -0.076416 -0.488387 0.011748
v -0.078420 -0.487439 0.005579
v -0.033476 -0.273836 0.072915
v -0.052835 -0.299733 0.061605
v -0.073526 -0.300727 0.069328
v -0.020961 -0.201295 0.108530
v -0.001805 -0.190196 0.105786
v -0.029855 -0.301027 0.037323
v -0.053981 -0.210156 0.113922
v 0.003861 -0.258197 0.051510
v 0.006655 -0.276470 0.029082
v -0.103082 -0.299202 0.071052
v -0.103592 -0.272537 0.092246
v -0.001345 -0.304655 -0.002853
v 0.016606 -0.300572 -0.000278
v -0.020144 -0.299399 0.018088
v -0.016731 -0.299526 0.008671
v -0.014235 -0.300575 0.000013
v 0.003161 -0.192510 0.102422
v 0.000878 -0.319499 -0.018564
v 0.002741 -0.319730 -0.019162
v -0.113084 -0.276303 0.086831
v -0.088895 -0.223869 0.110308
v -0.096502 -0.215973 0.112556
v -0.111180 -0.298809 0.068987
v 0.001562 -0.320692 -0.024729
v 0.003495 -0.319626 -0.029490
v 0.002741 -0.319730 -0.019162
v 0.000878 -0.319499 -0.018564
v -0.000290 -0.322217 -0.022712
v 0.004997 -0.253425 0.051004
v 0.007855 -0.276761 0.021658
v 0.002857 -0.189083 0.099380
v -0.001865 -0.185759 0.105060
v -0.003278 -0.304895 -0.007517
v 0.015127 -0.301870 -0.005825
v 0.003158 -0.316128 -0.022282
v 0.005595 -0.318220 -0.023699
v -0.023878 -0.199408 0.105590
v -0.057477 -0.207640 0.111905
v -0.016745 -0.300529 -0.003320
v -0.020143 -0.261300 0.065995
v -0.003940 -0.317708 -0.016928
v -0.075924 -0.270726 0.088721
v -0.002732 -0.318587 -0.022611
v -0.092305 -0.300736 0.066890
v 0.001057 -0.316155 -0.025985
v -0.063046 -0.302359 0.061830
v -0.089813 -0.211782 0.111802
v 0.009881 -0.305046 -0.005926
v -0.113352 -0.299974 0.063703
v -0.101928 -0.215478 0.107289
v -0.116146 -0.264017 0.089589
v -0.113207 -0.297559 0.063888
v 0.066616 -0.304207 0.063475
v 0.092106 -0.298339 0.064503
v 0.103125 -0.300347 0.062928
v 0.065047 -0.302075 0.061296
v 0.035034 -0.301995 0.036197
v 0.049344 -0.300969 0.051713
v 0.002857 -0.189083 0.099380
v 0.004997 -0.253425 0.051004
v 0.069462 -0.267919 0.087641
v 0.061953 -0.209059 0.113251
v 0.099219 -0.280607 0.077624
v 0.099155 -0.213098 0.111186
v 0.084475 -0.235726 0.102937
v 0.108574 -0.264490 0.089407
v 0.007855 -0.276761 0.021658
v 0.015127 -0.301870 -0.005825
v -0.058128 -0.306675 0.069808
v -0.075861 -0.306838 0.075999
v -0.073526 -0.300727 0.069328
v -0.114711 -0.300641 0.073319
v -0.103082 -0.299202 0.071052
v -0.001345 -0.304655 -0.002853
v -0.043699 -0.302788 0.055311
v -0.029497 -0.302879 0.037827
v -0.014235 -0.300575 0.000013
v -0.016223 -0.308696 0.025089
v -0.073526 -0.300727 0.069328
v -0.052835 -0.299733 0.061605
v -0.043699 -0.302788 0.055311
v -0.020144 -0.299399 0.018088
v -0.029497 -0.302879 0.037827
v -0.016731 -0.299526 0.008671
v -0.014235 -0.300575 0.000013
v -0.043699 -0.302788 0.055311
v -0.052835 -0.299733 0.061605
v -0.029855 -0.301027 0.037323
v 0.026080 -0.216687 0.174408
v 0.078770 -0.217021 0.171497
v 0.012922 -0.213288 0.171097
v 0.013832 -0.211436 0.175806
v 0.131299 -0.212320 0.150432
v 0.096053 -0.212675 0.169195
v 0.062374 -0.212184 0.179069
v 0.029510 -0.207663 0.182894
v -0.179129 -0.200011 0.111606
v -0.149749 -0.199454 0.139641
v -0.102415 -0.206245 0.169727
v -0.079227 -0.209810 0.176998
v -0.209820 -0.202243 0.060844
v -0.168803 -0.211045 0.113532
v -0.110382 -0.216371 0.157707
v -0.054265 -0.215865 0.175701
v -0.025819 -0.216833 0.170734
v -0.023264 -0.211699 0.178448
v 0.049090 -0.149459 0.171419
v 0.047419 -0.153710 0.168808
v 0.042828 -0.151836 0.184028
v 0.073378 -0.146803 0.166499
v 0.083919 -0.146998 0.161475
v 0.090344 -0.149501 0.154231
v 0.143227 -0.143914 0.117744
v 0.156745 -0.137955 0.110343
v 0.172368 -0.137656 0.079520
v 0.183342 -0.130651 0.068296
v 0.134587 -0.140982 0.132502
v 0.028625 -0.164290 0.173849
v 0.009222 -0.165028 0.173318
v 0.000913 -0.165099 0.170872
v -0.023984 -0.165060 0.174592
v 0.015386 -0.161177 0.186538
v -0.007541 -0.161210 0.187201
v -0.031962 -0.158123 0.188958
v 0.000424 -0.198987 0.164491
v -0.015385 -0.208904 0.176849
v 0.000462 -0.195067 0.168086
v 0.007294 -0.208070 0.171120
v 0.029510 -0.207663 0.182894
v 0.020270 -0.202284 0.182340
v 0.008031 -0.190240 0.176617
v 0.013832 -0.211436 0.175806
v -0.008249 -0.167590 0.172184
v 0.000913 -0.165099 0.170872
v -0.023984 -0.165060 0.174592
v -0.025899 -0.168387 0.174198
v -0.033983 -0.166018 0.173127
v 0.030033 -0.201274 0.183485
v 0.083169 -0.203917 0.175223
v 0.096053 -0.212675 0.169195
v 0.062374 -0.212184 0.179069
v 0.131299 -0.212320 0.150432
v 0.139748 -0.208504 0.145642
v 0.009222 -0.165028 0.173318
v 0.012922 -0.213288 0.171097
v -0.023264 -0.211699 0.178448
v -0.056774 -0.202417 0.181363
v -0.075123 -0.204631 0.178748
v -0.032975 -0.201311 0.182702
v -0.079227 -0.209810 0.176998
v 0.007294 -0.208070 0.171120
v 0.000424 -0.198987 0.164491
v 0.000462 -0.195067 0.168086
v -0.215537 -0.166907 -0.032657
v -0.210205 -0.154447 0.015508
v -0.189553 -0.116403 -0.050701
v -0.182328 -0.112486 -0.068193
v -0.187323 -0.128882 -0.081361
v -0.199050 -0.154345 -0.079573
v -0.185402 -0.133617 -0.091816
v -0.203455 -0.177627 -0.085654
v -0.212825 -0.188445 -0.065885
v -0.191821 -0.129198 0.034338
v -0.221999 -0.196671 -0.010433
v -0.218710 -0.200665 0.031994
v -0.209820 -0.202243 0.060844
v -0.219475 -0.201819 0.004120
v -0.170352 -0.169622 0.113528
v -0.204601 -0.153278 0.039855
v -0.206312 -0.188306 0.071124
v -0.134453 -0.145680 0.127940
v -0.133558 -0.170414 0.143247
v -0.179129 -0.200011 0.111606
v -0.149749 -0.199454 0.139641
v -0.152584 -0.141788 0.111849
v -0.189553 -0.116403 -0.050701
v -0.191828 -0.111748 -0.052028
v -0.198769 -0.119681 -0.003765
v -0.196958 -0.121497 0.028792
v -0.191821 -0.129198 0.034338
v -0.189299 -0.127643 0.058044
v -0.152584 -0.141788 0.111849
v -0.149399 -0.139806 0.122078
v -0.134453 -0.145680 0.127940
v -0.097050 -0.149409 0.151778
v -0.033983 -0.166018 0.173127
v -0.023984 -0.165060 0.174592
v -0.032975 -0.201311 0.182702
v -0.025899 -0.168387 0.174198
v -0.008249 -0.167590 0.172184
v -0.089493 -0.101269 0.163380
v -0.085955 -0.110974 0.165622
v -0.061118 -0.123047 0.172385
v -0.036151 -0.102955 0.184720
v -0.036068 -0.117780 0.188680
v -0.133558 -0.170414 0.143247
v -0.134453 -0.145680 0.127940
v -0.097050 -0.149409 0.151778
v -0.102415 -0.206245 0.169727
v -0.119138 -0.134265 0.147231
v -0.099665 -0.124096 0.157769
v -0.116587 -0.101507 0.149667
v -0.149399 -0.139806 0.122078
v -0.086674 -0.170853 0.165833
v -0.075123 -0.204631 0.178748
v -0.079227 -0.209810 0.176998
v -0.150563 -0.133623 0.123804
v -0.142721 -0.089945 0.128615
v -0.056774 -0.202417 0.181363
v -0.078695 -0.151495 0.160263
v -0.082587 -0.141115 0.166183
v -0.139905 -0.111093 0.130119
v -0.133794 -0.091363 0.136399
v -0.106466 -0.096385 0.155008
v -0.138035 -0.134571 0.134238
v -0.081817 -0.194734 0.175960
v -0.058692 -0.154314 0.166017
v -0.168102 -0.089427 0.103698
v -0.060532 -0.148107 0.171272
v -0.189299 -0.127643 0.058044
v -0.194975 -0.100686 0.032702
v -0.194471 -0.096048 0.044162
v -0.180054 -0.099016 0.083595
v -0.173284 -0.093460 0.096227
v -0.174124 -0.092541 0.095658
v -0.196369 -0.110432 0.035196
v -0.164571 -0.082340 0.106067
v -0.044558 -0.106129 0.175332
v -0.149749 -0.199454 0.139641
v -0.168817 -0.120187 0.101127
v -0.169506 -0.091551 0.102156
v -0.196958 -0.121497 0.028792
v -0.174378 -0.108871 0.090368
v -0.031962 -0.158123 0.188958
v -0.046657 -0.150674 0.172599
v -0.119138 -0.134265 0.147231
v -0.099665 -0.124096 0.157769
v -0.082587 -0.141115 0.166183
v -0.061118 -0.123047 0.172385
v -0.060532 -0.148107 0.171272
v -0.085955 -0.110974 0.165622
v -0.089493 -0.101269 0.163380
v -0.106466 -0.096385 0.155008
v -0.116587 -0.101507 0.149667
v -0.102342 -0.096244 0.158372
v -0.088418 -0.089857 0.161636
v -0.075233 -0.098017 0.164258
v -0.081154 -0.076656 0.164556
v -0.047881 -0.066406 0.177229
v -0.033342 -0.071166 0.180882
v -0.040570 -0.080329 0.178263
v -0.048127 -0.084801 0.175189
v -0.073389 -0.058742 0.168701
v -0.138035 -0.134571 0.134238
v -0.150563 -0.133623 0.123804
v -0.139905 -0.111093 0.130119
v -0.133794 -0.091363 0.136399
v -0.142721 -0.089945 0.128615
v -0.139905 -0.111093 0.130119
v -0.169506 -0.091551 0.102156
v -0.173284 -0.093460 0.096227
v -0.180054 -0.099016 0.083595
v -0.174378 -0.108871 0.090368
v -0.046657 -0.150674 0.172599
v -0.060532 -0.148107 0.171272
v -0.058692 -0.154314 0.166017
v -0.078695 -0.151495 0.160263
v -0.086674 -0.170853 0.165833
v -0.075123 -0.204631 0.178748
v -0.081817 -0.194734 0.175960
v -0.056774 -0.202417 0.181363
v -0.186308 -0.204597 0.091097
v -0.194070 -0.199078 0.085148
v -0.144726 -0.209526 0.133673
v 0.017612 -0.210301 0.173196
v 0.015443 -0.205392 0.175962
v -0.000995 -0.194557 0.161333
v -0.000869 -0.166893 0.164878
v 0.013584 -0.165516 0.168943
v 0.029844 -0.201598 0.179503
v -0.015311 -0.207596 0.171783
v -0.030298 -0.212657 0.172351
v -0.073729 -0.209561 0.173938
v -0.039027 -0.203833 0.178694
v -0.082613 -0.194966 0.171768
v -0.121555 -0.173137 0.147077
v -0.165459 -0.174985 0.115335
v -0.078441 -0.149803 0.155783
v -0.146769 -0.147639 0.112583
v -0.142665 -0.195790 0.140237
v -0.174122 -0.137068 0.069246
v -0.144726 -0.209526 0.133673
v -0.098768 -0.210046 0.165602
v -0.194070 -0.199078 0.085148
v -0.198291 -0.195454 0.079368
v -0.100449 -0.142381 0.152081
v -0.102996 -0.095052 0.152325
v -0.152889 -0.135394 0.114548
v -0.059943 -0.109303 0.170191
v -0.160488 -0.080343 0.104044
v -0.168464 -0.086797 0.098920
v -0.041243 -0.144927 0.172815
v -0.179107 -0.107893 0.072664
v -0.132847 -0.087207 0.135194
v -0.185312 -0.125457 0.060229
v -0.036320 -0.108750 0.182505
v -0.030528 -0.157326 0.184984
v -0.040562 -0.107924 0.173262
v -0.037971 -0.156309 0.168380
v -0.186354 -0.104923 0.053770
v -0.188757 -0.092817 0.053161
v -0.187879 -0.128340 0.032539
v -0.212294 -0.198394 0.044553
v -0.218770 -0.196093 0.006505
v -0.208821 -0.202474 0.041837
v -0.186308 -0.204597 0.091097
v -0.198291 -0.195454 0.079368
v -0.194070 -0.199078 0.085148
v -0.132810 -0.188047 -0.152274
v -0.147510 -0.190399 -0.142856
v -0.114939 -0.188500 -0.160821
v -0.033461 -0.187384 -0.184774
v 0.025090 -0.186636 -0.187000
v 0.075317 -0.192638 -0.171634
v 0.141125 -0.190379 -0.149683
v 0.070547 -0.185133 -0.181238
v 0.106807 -0.188002 -0.169666
v -0.215876 -0.191984 -0.033734
v -0.209583 -0.188406 -0.062794
v -0.208623 -0.196460 -0.056087
v -0.194732 -0.191470 -0.096198
v -0.218770 -0.196093 0.006505
v -0.208821 -0.202474 0.041837
v 0.069257 -0.197935 -0.142385
v -0.035391 -0.193909 -0.134672
v 0.002193 -0.190548 -0.124959
v 0.125320 -0.213947 0.103137
v 0.020057 -0.212414 0.169698
v 0.137126 -0.213386 0.137433
v 0.099155 -0.213098 0.111186
v 0.207107 -0.206501 0.034719
v 0.166734 -0.212261 0.067222
v 0.061953 -0.209059 0.113251
v -0.186308 -0.204597 0.091097
v 0.182730 -0.210388 0.084608
v -0.152214 -0.199998 -0.105589
v -0.181265 -0.206469 0.045747
v 0.162916 -0.200526 -0.100169
v 0.210173 -0.204326 -0.000285
v -0.114618 -0.199136 -0.127782
v 0.128903 -0.198784 -0.125090
v 0.190695 -0.206147 -0.026824
v 0.200075 -0.197750 -0.073944
v 0.017612 -0.210301 0.173196
v -0.173960 -0.202434 -0.079131
v 0.171125 -0.204215 -0.082392
v -0.188799 -0.204115 -0.032618
v 0.210316 -0.200420 -0.035507
v 0.187545 -0.209942 0.015066
v 0.159062 -0.203245 -0.099807
v -0.154109 -0.203091 -0.099970
v 0.002857 -0.189083 0.099380
v -0.187432 -0.209159 0.024679
v -0.158101 -0.209758 0.115111
v -0.015737 -0.210428 0.162790
v -0.030298 -0.212657 0.172351
v -0.057477 -0.207640 0.111905
v -0.144726 -0.209526 0.133673
v -0.089813 -0.211782 0.111802
v -0.117979 -0.212034 0.104762
v -0.001865 -0.185759 0.105060
v -0.001160 -0.196875 0.157875
v -0.023878 -0.199408 0.105590
v -0.015311 -0.207596 0.171783
v -0.000995 -0.194557 0.161333
v -0.098768 -0.210046 0.165602
v -0.073729 -0.209561 0.173938
v -0.066738 -0.185893 -0.178510
v -0.114939 -0.188500 -0.160821
v -0.167942 -0.190106 -0.127624
v -0.147510 -0.190399 -0.142856
v -0.194817 -0.188951 -0.104078
v -0.212825 -0.188445 -0.065885
v -0.221999 -0.196671 -0.010433
v -0.216798 -0.199631 -0.033512
v -0.219475 -0.201819 0.004120
v -0.201707 -0.200227 -0.077043
v -0.156905 -0.189274 -0.141824
v -0.139877 -0.195042 -0.148851
v -0.182481 -0.184947 -0.119758
v -0.194817 -0.188951 -0.104078
v -0.184913 -0.196667 -0.111734
v -0.083995 -0.185231 -0.177975
v -0.061331 -0.185575 -0.184150
v 0.014184 -0.183982 -0.191909
v 0.030111 -0.183424 -0.191002
v 0.091836 -0.181400 -0.179194
v 0.109347 -0.186080 -0.173375
v 0.071726 -0.191898 -0.182234
v 0.147741 -0.194257 -0.147759
v 0.181317 -0.196690 -0.113812
v -0.025819 -0.216833 0.170734
v -0.194883 -0.207624 0.017978
v -0.195023 -0.204488 -0.040097
v -0.170584 -0.210530 0.069663
v -0.175422 -0.203730 -0.084670
v -0.036631 -0.196336 -0.172160
v 0.063980 -0.201605 -0.143525
v 0.192108 -0.211654 0.012710
v 0.172664 -0.214987 0.066501
v 0.126825 -0.218030 0.102897
v 0.189756 -0.213691 0.074808
v 0.149712 -0.217769 0.085799
v 0.006774 -0.195788 -0.124628
v 0.094272 -0.201950 -0.141033
v 0.026080 -0.216687 0.174408
v 0.179917 -0.206293 -0.074014
v 0.041923 -0.208439 0.113882
v -0.110382 -0.216371 0.157707
v -0.201707 -0.200227 -0.077043
v 0.086391 -0.215982 0.114204
v -0.168803 -0.211045 0.113532
v -0.021180 -0.198257 -0.131160
v -0.020961 -0.201295 0.108530
v 0.030216 -0.200420 -0.135413
v -0.111652 -0.202586 -0.131088
v 0.078770 -0.217021 0.171497
v -0.054265 -0.215865 0.175701
v 0.213117 -0.204190 -0.030934
v -0.216798 -0.199631 -0.033512
v -0.219475 -0.201819 0.004120
v -0.078497 -0.200246 -0.140389
v -0.053981 -0.210156 0.113922
v -0.096502 -0.215973 0.112556
v -0.127276 -0.215692 0.101314
v 0.008688 -0.195689 0.105586
v 0.001301 -0.196913 -0.121639
v 0.012922 -0.213288 0.171097
v -0.001805 -0.190196 0.105786
v 0.000424 -0.198987 0.164491
v 0.160375 -0.206115 -0.102933
v 0.007294 -0.208070 0.171120
v 0.131299 -0.212320 0.150432
v 0.178649 -0.210108 0.102165
v -0.209820 -0.202243 0.060844
v -0.218710 -0.200665 0.031994
v -0.015385 -0.208904 0.176849
v -0.023264 -0.211699 0.178448
v 0.210720 -0.204805 0.044610
v -0.188498 0.016476 -0.102655
v -0.223501 -0.018214 -0.076008
v -0.190733 0.038944 -0.089095
v -0.177410 0.037993 -0.102832
v -0.178160 0.019678 -0.106959
v -0.153629 0.075253 -0.095733
v -0.193450 -0.019876 -0.101568
v -0.163754 0.075834 -0.086041
v -0.125365 0.095517 -0.094480
v -0.126438 0.103019 -0.086115
v -0.209196 -0.048906 -0.090414
v -0.106914 0.110929 -0.087158
v -0.221417 -0.057249 -0.074743
v -0.230370 -0.045766 -0.070560
v -0.199465 -0.038865 0.127256
v -0.195513 -0.080891 0.116496
v -0.189854 -0.085073 0.116430
v -0.192431 -0.014845 0.125314
v -0.229968 0.017562 0.004364
v -0.216863 0.039986 -0.023665
v -0.197165 0.066352 -0.035706
v -0.213951 0.035336 -0.053498
v -0.223501 -0.018214 -0.076008
v -0.238968 -0.034632 -0.048917
v -0.190733 0.038944 -0.089095
v -0.242280 -0.018367 -0.014860
v -0.173312 0.090175 -0.042456
v -0.163754 0.075834 -0.086041
v -0.153876 0.101169 -0.057223
v -0.126641 0.118704 -0.055991
v -0.125744 0.117272 -0.063829
v -0.240005 -0.006582 0.016103
v -0.126438 0.103019 -0.086115
v -0.106914 0.110929 -0.087158
v -0.230370 -0.045766 -0.070560
v -0.233557 -0.006118 0.041179
v -0.242262 -0.043114 0.003251
v -0.232039 -0.019194 0.051019
v -0.222885 -0.030755 0.073409
v -0.222793 -0.013887 0.059776
v -0.211038 -0.001760 0.072338
v -0.208575 -0.002386 0.076310
v -0.199705 0.005631 0.076717
v -0.202314 -0.005836 0.084204
v -0.201157 -0.006765 0.102136
v -0.212689 -0.045203 0.100512
v -0.201443 -0.020634 0.110655
v -0.221249 -0.057244 0.074363
v -0.233624 -0.068299 0.010589
v -0.214588 -0.078166 0.070088
v -0.234631 -0.059604 -0.043344
v 0.078194 -0.032627 0.173543
v 0.072690 -0.032646 0.164238
v 0.078912 -0.027460 0.160348
v 0.086114 -0.025710 0.167686
v 0.115059 -0.025379 0.167554
v 0.135496 -0.024376 0.159812
v 0.157479 -0.028351 0.145760
v 0.131095 -0.008780 0.157529
v 0.108194 -0.011707 0.168756
v 0.086176 -0.037741 0.177246
v 0.119701 -0.053348 0.172894
v 0.084464 -0.053819 0.176880
v 0.090466 -0.072781 0.171687
v 0.133127 -0.078082 0.164053
v 0.112658 -0.086697 0.170673
v 0.160536 -0.061442 0.144715
v 0.178415 -0.048888 0.125306
v 0.146818 0.001197 0.136659
v 0.172073 -0.014115 0.121389
v 0.092074 -0.086623 0.171397
v 0.083310 -0.046949 0.170989
v 0.081655 -0.063476 0.175246
v 0.172308 -0.089889 0.113244
v 0.163640 -0.093343 0.105518
v 0.160047 -0.079831 0.110297
v 0.159546 -0.000979 0.110127
v 0.146717 -0.000374 0.096692
v 0.145444 0.005415 0.092184
v 0.158851 0.009549 0.105305
v 0.174645 0.003351 0.116087
v 0.188395 -0.017911 0.124453
v 0.185529 -0.079979 0.118437
v 0.194164 -0.052067 0.123112
v 0.179434 -0.089247 0.111720
v -0.010943 -0.094931 0.176501
v 0.022528 -0.096082 0.175189
v 0.028925 -0.096140 0.173176
v 0.041995 -0.103044 0.184732
v -0.036151 -0.102955 0.184720
v 0.049078 -0.100283 0.168960
v 0.053892 -0.105656 0.172749
v -0.039449 -0.100639 0.170576
v -0.044558 -0.106129 0.175332
v 0.079048 -0.016787 0.167417
v 0.074437 -0.017323 0.158460
v 0.078912 -0.027460 0.160348
v 0.086114 -0.025710 0.167686
v 0.115059 -0.025379 0.167554
v 0.135496 -0.024376 0.159812
v 0.108194 -0.011707 0.168756
v 0.085652 -0.010475 0.168853
v -0.192431 -0.014845 0.125314
v -0.199465 -0.038865 0.127256
v -0.189854 -0.085073 0.116430
v -0.177518 -0.021606 0.124732
v -0.179530 -0.071442 0.118588
v -0.168102 -0.089427 0.103698
v -0.165083 -0.005557 0.116988
v -0.164571 -0.082340 0.106067
v -0.141657 -0.002340 0.098345
v -0.150865 0.008802 0.096708
v -0.167246 0.005583 0.113397
v -0.182572 -0.002304 0.122038
v -0.176763 0.004307 0.116127
v 0.074892 -0.013163 0.156463
v 0.085652 -0.010475 0.168853
v 0.079048 -0.016787 0.167417
v 0.022994 -0.035063 0.176450
v 0.011794 -0.008528 0.168633
v 0.017949 -0.006611 0.166578
v -0.074219 -0.022472 0.159411
v -0.078514 -0.017753 0.155998
v 0.074892 -0.013163 0.156463
v 0.038271 -0.009670 0.164214
v -0.010168 -0.039290 0.178800
v 0.022395 -0.002261 0.163695
v 0.091555 0.023913 0.130746
v 0.086097 0.015797 0.138290
v 0.076802 -0.048653 0.164622
v -0.140417 -0.008069 0.147778
v -0.084308 -0.017516 0.166829
v -0.079898 -0.025971 0.167853
v -0.115339 -0.022781 0.169391
v -0.119566 -0.006426 0.141139
v -0.054045 0.039052 0.132710
v -0.088224 0.015604 0.135548
v -0.115126 -0.033734 0.174254
v -0.097015 0.019206 0.127383
v -0.171840 -0.013531 0.122720
v -0.165083 -0.005557 0.116988
v -0.126294 -0.004387 0.143484
v -0.081306 -0.033470 0.164771
v 0.057753 0.038847 0.134504
v 0.079057 0.042111 0.125269
v -0.033153 0.017834 0.151168
v -0.020249 0.007924 0.158263
v -0.033342 -0.071166 0.180882
v 0.080462 -0.069212 0.164538
v 0.081699 -0.089230 0.164240
v 0.089205 -0.096020 0.158801
v 0.075487 -0.104104 0.168401
v 0.049090 -0.149459 0.171419
v 0.073378 -0.146803 0.166499
v 0.053892 -0.105656 0.172749
v 0.041995 -0.103044 0.184732
v 0.033650 -0.021702 0.170283
v -0.049786 -0.010615 0.160993
v -0.051405 0.003360 0.153633
v -0.114610 0.015250 0.135633
v -0.105811 0.017570 0.136622
v 0.007766 -0.033143 0.177334
v -0.047881 -0.066406 0.177229
v -0.073389 -0.058742 0.168701
v -0.076571 -0.041501 0.174336
v -0.087861 -0.058783 0.179186
v -0.078443 0.046026 0.119206
v -0.010943 -0.094931 0.176501
v -0.039449 -0.100639 0.170576
v -0.044558 -0.106129 0.175332
v -0.075233 -0.098017 0.164258
v -0.089493 -0.101269 0.163380
v 0.074437 -0.017323 0.158460
v 0.079048 -0.016787 0.167417
v -0.125337 -0.008410 0.153243
v 0.022080 -0.079905 0.180901
v 0.040397 -0.086218 0.175856
v 0.028925 -0.096140 0.173176
v 0.022528 -0.096082 0.175189
v -0.048127 -0.084801 0.175189
v 0.078912 -0.027460 0.160348
v -0.048612 -0.099895 0.168966
v -0.101782 -0.015473 0.145008
v -0.114133 -0.012049 0.137086
v 0.072690 -0.032646 0.164238
v 0.151887 -0.110949 0.117369
v 0.127885 -0.089647 0.135585
v 0.163640 -0.093343 0.105518
v 0.160047 -0.079831 0.110297
v 0.168118 -0.094263 0.100686
v 0.156745 -0.137955 0.110343
v 0.134587 -0.140982 0.132502
v 0.042828 -0.151836 0.184028
v 0.025360 -0.141156 0.181110
v -0.018371 -0.141098 0.182083
v -0.025835 -0.109192 0.189216
v -0.036068 -0.117780 0.188680
v -0.007541 -0.161210 0.187201
v -0.031962 -0.158123 0.188958
v 0.027436 -0.130880 0.181930
v -0.003263 -0.108176 0.188519
v 0.028073 -0.110402 0.188001
v 0.013807 -0.104086 0.188341
v 0.034402 -0.141559 0.186036
v 0.015386 -0.161177 0.186538
v 0.099905 0.016002 0.145622
v 0.114354 -0.006022 0.139333
v 0.125419 0.000574 0.145511
v 0.083919 -0.146998 0.161475
v 0.104099 -0.097087 0.152237
v -0.177518 -0.021606 0.124732
v 0.099299 -0.109965 0.157869
v -0.098940 0.015226 0.143276
v 0.094555 -0.004642 0.144276
v -0.137480 -0.012521 0.154682
v 0.123011 -0.103731 0.143777
v -0.016846 -0.121935 0.183416
v -0.040570 -0.080329 0.178263
v 0.132955 0.006364 0.140638
v -0.092389 -0.072540 0.177492
v -0.082011 -0.074182 0.169919
v 0.055607 -0.098724 0.168304
v 0.082938 -0.132489 0.165286
v -0.073650 -0.038889 0.166028
v -0.016400 -0.153353 0.188564
v 0.022994 -0.035063 0.176450
v 0.033650 -0.021702 0.170283
v 0.007766 -0.033143 0.177334
v 0.017949 -0.006611 0.166578
v 0.033650 -0.021702 0.170283
v 0.038271 -0.009670 0.164214
v 0.022395 -0.002261 0.163695
v -0.073650 -0.038889 0.166028
v -0.115126 -0.033734 0.174254
v -0.085973 -0.044370 0.178866
v -0.094314 -0.052890 0.176536
v -0.118027 -0.049276 0.173368
v -0.119876 -0.058158 0.176646
v -0.076571 -0.041501 0.174336
v -0.074219 -0.022472 0.159411
v -0.079898 -0.025971 0.167853
v -0.087861 -0.058783 0.179186
v -0.081306 -0.033470 0.164771
v 0.053892 -0.105656 0.172749
v 0.049078 -0.100283 0.168960
v 0.055607 -0.098724 0.168304
v 0.040397 -0.086218 0.175856
v 0.028925 -0.096140 0.173176
v 0.104099 -0.097087 0.152237
v 0.099299 -0.109965 0.157869
v 0.123011 -0.103731 0.143777
v 0.082938 -0.132489 0.165286
v 0.073378 -0.146803 0.166499
v 0.083919 -0.146998 0.161475
v -0.048127 -0.084801 0.175189
v -0.040570 -0.080329 0.178263
v -0.048612 -0.099895 0.168966
v 0.022080 -0.079905 0.180901
v -0.010943 -0.094931 0.176501
v 0.022528 -0.096082 0.175189
v 0.041995 -0.103044 0.184732
v 0.028073 -0.110402 0.188001
v 0.013807 -0.104086 0.188341
v -0.003263 -0.108176 0.188519
v -0.025835 -0.109192 0.189216
v -0.016846 -0.121935 0.183416
v -0.036068 -0.117780 0.188680
v -0.036151 -0.102955 0.184720
v -0.016400 -0.153353 0.188564
v -0.007541 -0.161210 0.187201
v 0.015386 -0.161177 0.186538
v 0.025360 -0.141156 0.181110
v 0.027436 -0.130880 0.181930
v 0.034402 -0.141559 0.186036
v -0.140417 -0.008069 0.147778
v -0.137480 -0.012521 0.154682
v -0.125337 -0.008410 0.153243
v -0.126294 -0.004387 0.143484
v -0.094454 -0.084723 0.174488
v -0.089979 -0.079793 0.168817
v -0.117771 -0.092074 0.172030
v -0.136803 -0.075507 0.168700
v -0.138239 -0.035078 0.164523
v -0.119876 -0.058158 0.176646
v -0.115339 -0.022781 0.169391
v -0.137480 -0.012521 0.154682
v -0.115126 -0.033734 0.174254
v -0.118027 -0.049276 0.173368
v -0.171840 -0.013531 0.122720
v -0.177518 -0.021606 0.124732
v -0.140417 -0.008069 0.147778
v -0.136153 -0.087396 0.163519
v -0.087861 -0.058783 0.179186
v -0.085973 -0.044370 0.178866
v -0.094314 -0.052890 0.176536
v -0.092389 -0.072540 0.177492
v -0.179530 -0.071442 0.118588
v -0.166473 0.001162 0.110950
v -0.163027 -0.006574 0.110982
v -0.150532 0.002808 0.096640
v -0.168621 -0.009265 0.115008
v -0.173182 -0.015416 0.118345
v -0.180930 -0.005498 0.119359
v -0.083519 -0.035849 0.161016
v -0.073698 -0.042441 0.162819
v -0.092723 -0.033242 0.167381
v -0.081881 -0.041697 0.173181
v -0.104657 -0.036911 0.173221
v 0.178641 -0.085746 0.109605
v 0.184411 -0.078408 0.114267
v 0.173109 0.002926 0.111241
v 0.165793 -0.007361 0.111839
v 0.155621 -0.078423 0.105882
v 0.173787 -0.024474 0.119941
v 0.175225 -0.054470 0.121296
v 0.162305 -0.089604 0.103072
v 0.190504 -0.021964 0.119792
v 0.146038 -0.003746 0.093940
v 0.146102 0.004443 0.086622
v 0.158221 0.008063 0.098711
v -0.185152 -0.085493 0.111533
v -0.192894 -0.081255 0.111609
v -0.198689 -0.034079 0.119990
v -0.189929 -0.015107 0.121821
v -0.198051 -0.052736 0.122048
v -0.180930 -0.005498 0.119359
v -0.177309 -0.073644 0.112197
v -0.173182 -0.015416 0.118345
v -0.168464 -0.086797 0.098920
v -0.180530 -0.035734 0.121595
v -0.151294 -0.074424 0.149916
v -0.131123 -0.083788 0.165182
v -0.116719 -0.089701 0.168558
v -0.166117 -0.010820 0.116692
v -0.135793 -0.015386 0.152421
v -0.128286 -0.036149 0.165853
v -0.104657 -0.036911 0.173221
v -0.168621 -0.009265 0.115008
v -0.096066 -0.061936 0.176261
v -0.106598 -0.073961 0.171611
v -0.092723 -0.033242 0.167381
v -0.096808 -0.077719 0.168934
v -0.083749 -0.057275 0.172904
v -0.081881 -0.041697 0.173181
v -0.086000 -0.064676 0.172044
v -0.086762 -0.074009 0.169339
v -0.093442 -0.085358 0.167520
v -0.118408 -0.015360 0.159684
v -0.083472 -0.021601 0.164473
v -0.131518 -0.009855 0.147112
v -0.126002 -0.006511 0.139524
v -0.139070 -0.000305 0.131894
v -0.113026 0.011466 0.135231
v -0.101039 0.007141 0.142612
v -0.093843 0.012429 0.138701
v 0.051214 -0.108383 0.170224
v -0.030528 -0.157326 0.184984
v -0.036320 -0.108750 0.182505
v -0.016769 -0.144264 0.178555
v 0.041442 -0.143808 0.181292
v 0.033386 -0.157919 0.180454
v 0.020873 -0.102078 0.182897
v 0.027538 -0.121186 0.179824
v -0.001262 -0.145297 0.178931
v -0.022135 -0.101759 0.182843
v 0.026157 -0.106460 0.184312
v 0.046592 -0.146285 0.169449
v 0.039734 -0.156835 0.168160
v 0.038260 -0.156622 0.177004
v 0.086312 -0.143318 0.157961
v 0.103218 -0.092821 0.148053
v 0.123507 -0.138667 0.137130
v 0.142732 -0.109848 0.120921
v 0.142590 -0.127767 0.121712
v 0.097968 -0.142744 0.152029
v 0.057230 -0.066261 0.169108
v 0.009426 -0.007409 0.165011
v 0.033237 0.012954 0.149803
v 0.032337 -0.032605 0.169960
v 0.052036 -0.045239 0.168259
v 0.060435 -0.050945 0.166216
v 0.075246 -0.049611 0.160167
v 0.073589 -0.062801 0.162057
v 0.075495 -0.061286 0.162679
v 0.081317 -0.077891 0.158758
v 0.074390 -0.037201 0.161316
v 0.086260 0.042626 0.115952
v 0.055542 0.033950 0.132312
v 0.090510 0.021677 0.127529
v 0.077825 -0.013564 0.151859
v 0.111217 -0.009172 0.135318
v 0.048484 0.028473 0.138167
v 0.039455 0.020150 0.145560
v 0.096245 0.014219 0.141159
v 0.074892 -0.017399 0.153822
v 0.004039 -0.005040 0.164394
v -0.019483 0.008945 0.153861
v -0.074921 -0.022431 0.154621
v -0.088914 0.003974 0.137214
v -0.101039 0.007141 0.142612
v -0.115080 -0.013778 0.132879
v -0.089245 0.012553 0.132320
v -0.093843 0.012429 0.138701
v -0.053007 0.040701 0.128271
v -0.064011 0.043993 0.124545
v -0.036371 -0.004418 0.156644
v 0.011839 0.005157 0.171482
v -0.031686 0.028759 0.160627
v 0.019639 0.023391 0.164918
v -0.029025 -0.026373 0.168000
v 0.049983 -0.055300 0.170446
v -0.047845 -0.075867 0.173203
v -0.043635 -0.084889 0.172090
v -0.067728 -0.039430 0.162622
v -0.073698 -0.042441 0.162819
v -0.083519 -0.035849 0.161016
v -0.085161 -0.076156 0.159762
v -0.055911 -0.030252 0.163346
v 0.039943 -0.076487 0.174177
v 0.070934 -0.080389 0.163316
v -0.097389 -0.094779 0.154493
v -0.102996 -0.095052 0.152325
v -0.059943 -0.109303 0.170191
v 0.074320 -0.144942 0.162290
v 0.082389 -0.090920 0.159361
v 0.121121 -0.103815 0.140254
v 0.045547 -0.102627 0.166464
v -0.017188 -0.008477 0.162192
v -0.047156 -0.020140 0.161604
v -0.081881 -0.041697 0.173181
v -0.076237 -0.057205 0.164565
v -0.083749 -0.057275 0.172904
v -0.086000 -0.064676 0.172044
v 0.032994 -0.040194 0.171884
v 0.008749 -0.089480 0.173414
v -0.013209 -0.065789 0.179242
v -0.043919 -0.050011 0.171890
v -0.057215 0.094104 0.140452
v -0.044626 0.102103 0.142570
v -0.068420 0.094914 0.137438
v -0.057689 0.110161 0.132908
v -0.047772 0.056627 0.148688
v 0.052397 -0.152344 0.162351
v 0.107048 -0.206542 0.161337
v 0.142480 -0.206232 0.138691
v 0.130786 -0.175150 0.138642
v 0.117931 -0.176190 0.146569
v 0.115933 -0.181498 0.150342
v 0.161179 -0.186309 0.118719
v 0.157109 -0.162138 0.110848
v 0.140503 -0.172175 0.130196
v 0.168528 -0.198836 0.112804
v 0.105277 -0.178790 0.154801
v 0.029844 -0.201598 0.179503
v 0.013584 -0.165516 0.168943
v 0.034813 -0.159926 0.168958
v 0.079007 -0.209471 0.172107
v 0.035872 -0.161507 0.167599
v 0.000227 0.043377 0.158172
v -0.011307 0.089566 0.154553
v -0.002604 0.105172 0.146604
v 0.081519 -0.029156 0.156739
v 0.026996 0.033988 0.161119
v 0.049030 0.055225 0.157636
v 0.041810 0.083353 0.155022
v 0.030969 0.086244 0.155515
v 0.029579 0.026370 0.161430
v 0.036561 0.093713 0.152547
v -0.056042 -0.085284 0.168888
v -0.015424 0.115472 0.136246
v -0.029344 -0.120457 0.184848
v 0.100269 -0.168954 0.152571
v 0.158129 -0.091472 0.104507
v 0.155621 -0.078423 0.105882
v 0.162305 -0.089604 0.103072
v 0.164410 -0.092946 0.098859
v 0.012060 -0.098804 0.172859
v 0.003853 0.086091 0.157260
v 0.015718 0.098936 0.150253
v -0.031267 0.095976 0.150837
v -0.060670 0.056721 0.144874
v 0.059491 -0.107537 0.168791
v -0.005230 0.042175 0.159219
v -0.012280 -0.111392 0.184037
v 0.012173 0.034945 0.162484
v -0.006135 0.033622 0.163159
v -0.035827 0.041738 0.160499
v 0.017587 0.071027 0.159541
v 0.021511 -0.040558 0.173943
v -0.021019 -0.150874 0.184539
v 0.025899 -0.135960 0.177104
v -0.126002 -0.006511 0.139524
v -0.092723 -0.033242 0.167381
v -0.083472 -0.021601 0.164473
v 0.088652 0.004281 0.137290
v 0.023457 0.105695 0.143826
v 0.090095 -0.085628 0.166534
v 0.083005 -0.086550 0.160938
v 0.089481 -0.074090 0.165474
v 0.112871 -0.070488 0.168044
v 0.113502 -0.054115 0.170542
v 0.081712 -0.054190 0.171527
v 0.085136 -0.049147 0.167441
v 0.084663 -0.035465 0.172989
v 0.090808 -0.045600 0.168678
v 0.123332 -0.031952 0.163956
v 0.133825 -0.009959 0.151290
v 0.118104 -0.014674 0.162334
v 0.089638 -0.013878 0.167439
v 0.085646 -0.016020 0.167074
v 0.140574 -0.002651 0.140306
v 0.159702 -0.021992 0.135880
v 0.173787 -0.024474 0.119941
v 0.164060 -0.060193 0.135593
v 0.175225 -0.054470 0.121296
v 0.154836 -0.049954 0.145722
v 0.124210 -0.080063 0.164408
v 0.092053 -0.027398 0.164666
v 0.009248 -0.145333 0.178722
v -0.086564 -0.066642 0.162794
v -0.030349 -0.100396 0.168985
v -0.037694 -0.103934 0.168750
v 0.091658 -0.072193 0.166655
v -0.075647 -0.026777 0.157007
v 0.125287 0.000141 0.140609
v 0.122673 -0.001794 0.140084
v 0.084759 -0.045837 0.167286
v 0.037785 -0.106110 0.183213
v 0.026157 -0.106460 0.184312
v 0.037785 -0.106110 0.183213
v 0.020873 -0.102078 0.182897
v -0.016769 -0.144264 0.178555
v -0.001262 -0.145297 0.178931
v -0.021019 -0.150874 0.184539
v 0.046592 -0.146285 0.169449
v 0.052397 -0.152344 0.162351
v 0.074320 -0.144942 0.162290
v 0.091105 -0.147596 0.149466
v 0.100269 -0.168954 0.152571
v 0.117931 -0.176190 0.146569
v 0.140900 -0.148566 0.114957
v 0.157109 -0.162138 0.110848
v 0.122749 -0.145097 0.129290
v 0.140503 -0.172175 0.130196
v 0.130786 -0.175150 0.138642
v 0.076514 -0.148196 0.156747
v 0.034813 -0.159926 0.168958
v 0.039734 -0.156835 0.168160
v 0.035872 -0.161507 0.167599
v 0.032994 -0.040194 0.171884
v 0.052036 -0.045239 0.168259
v 0.049983 -0.055300 0.170446
v 0.111217 -0.009172 0.135318
v 0.122673 -0.001794 0.140084
v 0.088652 0.004281 0.137290
v 0.122448 -0.004247 0.142256
v 0.049983 -0.055300 0.170446
v 0.060435 -0.050945 0.166216
v 0.057230 -0.066261 0.169108
v 0.073589 -0.062801 0.162057
v 0.070934 -0.080389 0.163316
v 0.039943 -0.076487 0.174177
v -0.017188 -0.008477 0.162192
v -0.029025 -0.026373 0.168000
v -0.047156 -0.020140 0.161604
v -0.036371 -0.004418 0.156644
v -0.055911 -0.030252 0.163346
v -0.043919 -0.050011 0.171890
v -0.067728 -0.039430 0.162622
v -0.074921 -0.022431 0.154621
v -0.075647 -0.026777 0.157007
v -0.083472 -0.021601 0.164473
v 0.070934 -0.080389 0.163316
v 0.081317 -0.077891 0.158758
v 0.082389 -0.090920 0.159361
v 0.083005 -0.086550 0.160938
v -0.030349 -0.100396 0.168985
v 0.012060 -0.098804 0.172859
v 0.008749 -0.089480 0.173414
v 0.051214 -0.108383 0.170224
v 0.045547 -0.102627 0.166464
v 0.059491 -0.107537 0.168791
v -0.059943 -0.109303 0.170191
v -0.037694 -0.103934 0.168750
v -0.040562 -0.107924 0.173262
v 0.012173 0.034945 0.162484
v 0.019639 0.023391 0.164918
v 0.026996 0.033988 0.161119
v 0.012173 0.034945 0.162484
v 0.000227 0.043377 0.158172
v -0.006135 0.033622 0.163159
v -0.005230 0.042175 0.159219
v 0.003853 0.086091 0.157260
v 0.015718 0.098936 0.150253
v 0.017587 0.071027 0.159541
v 0.154836 -0.049954 0.145722
v 0.164060 -0.060193 0.135593
v 0.124210 -0.080063 0.164408
v 0.122673 -0.001794 0.140084
v 0.125287 0.000141 0.140609
v 0.122448 -0.004247 0.142256
v -0.082011 -0.074182 0.169919
v -0.081154 -0.076656 0.164556
v -0.073389 -0.058742 0.168701
v -0.089979 -0.079793 0.168817
v -0.092389 -0.072540 0.177492
v -0.088418 -0.089857 0.161636
v -0.100308 -0.094363 0.168083
v -0.102342 -0.096244 0.158372
v -0.117771 -0.092074 0.172030
v -0.094454 -0.084723 0.174488
v -0.142721 -0.089945 0.128615
v -0.164571 -0.082340 0.106067
v -0.133794 -0.091363 0.136399
v -0.106466 -0.096385 0.155008
v -0.102342 -0.096244 0.158372
v -0.117771 -0.092074 0.172030
v -0.136153 -0.087396 0.163519
v -0.100308 -0.094363 0.168083
v -0.179530 -0.071442 0.118588
v -0.168464 -0.086797 0.098920
v -0.160488 -0.080343 0.104044
v -0.116719 -0.089701 0.168558
v -0.106526 -0.090596 0.168003
v -0.132847 -0.087207 0.135194
v -0.102996 -0.095052 0.152325
v -0.097389 -0.094779 0.154493
v -0.131123 -0.083788 0.165182
v -0.151294 -0.074424 0.149916
v -0.177309 -0.073644 0.112197
v -0.193225 0.024785 0.032347
v -0.231793 0.000997 -0.025132
v -0.215456 0.034150 -0.016774
v -0.192647 0.037094 0.021240
v -0.182878 0.013754 0.037750
v -0.208362 0.017120 0.029638
v -0.152060 0.071969 0.024696
v -0.129602 0.085084 0.024911
v -0.137441 0.094785 0.011717
v -0.117672 0.090399 0.029291
v -0.186907 0.006430 0.058628
v -0.171132 0.008429 0.041104
v -0.157220 0.001754 0.033504
v -0.153426 0.009336 0.031450
v -0.117808 0.074090 0.052498
v -0.111909 0.070265 0.066713
v -0.105839 0.073381 0.074368
v -0.126059 0.036224 0.084482
v -0.142390 0.004108 0.087798
v -0.140194 -0.007279 0.103395
v -0.078355 0.058138 0.110827
v -0.100377 0.063430 0.088407
v -0.097688 0.058082 0.092496
v -0.104730 0.051451 0.091156
v -0.191434 0.005829 0.074683
v -0.190239 -0.001043 0.084363
v -0.209346 -0.007296 0.073207
v -0.221048 -0.018311 0.057694
v -0.199277 -0.008684 0.084240
v -0.223563 -0.005659 0.050520
v -0.230757 -0.007638 0.038166
v -0.228742 -0.021147 0.049328
v -0.089245 0.012553 0.132320
v -0.093843 0.012429 0.138701
v -0.113026 0.011466 0.135231
v -0.115481 0.011217 0.129618
v -0.135487 0.030296 0.077623
v -0.181888 0.077016 -0.040648
v -0.171790 0.086933 -0.029019
v -0.166953 0.089541 -0.046695
v -0.127041 0.047754 0.071850
v -0.138554 0.106282 -0.057772
v -0.234550 0.000218 0.010662
v -0.235221 -0.001000 0.001268
v -0.148040 0.094600 0.002535
v -0.145851 0.101500 -0.009430
v -0.064011 0.043993 0.124545
v -0.105391 0.130123 -0.015400
v -0.131858 0.102697 0.004226
v -0.124293 0.115757 -0.053729
v -0.112366 0.116913 -0.000760
v -0.125714 0.080482 0.031896
v -0.209352 0.039489 -0.003440
v -0.157462 0.007175 0.094260
v -0.170055 0.005557 0.107036
v -0.180930 -0.005498 0.119359
v -0.189929 -0.015107 0.121821
v -0.166473 0.001162 0.110950
v -0.180747 0.001121 0.101182
v -0.146883 0.004350 0.084463
v -0.139070 -0.000305 0.131894
v -0.131705 0.073699 0.030702
v -0.149863 0.023373 0.033430
v -0.219446 0.004470 0.046157
v -0.173529 0.010298 0.039800
v -0.176124 0.005658 0.089259
v -0.181497 0.012170 0.047965
v -0.229554 0.008353 0.013282
v -0.162124 0.005941 0.069206
v -0.198459 -0.007076 0.095537
v -0.107406 0.011152 0.120391
v -0.197109 -0.008446 0.101176
v -0.207233 0.044898 -0.040795
v -0.205088 0.007554 0.053294
v -0.202296 0.001021 0.057751
v -0.122516 0.112923 -0.006344
v -0.163283 0.089962 -0.010368
v -0.121679 0.118641 -0.052748
v -0.121608 0.116534 -0.059822
v -0.120143 0.117242 -0.065446
v -0.150744 0.013893 0.034152
v -0.229554 0.008353 0.013282
v -0.219446 0.004470 0.046157
v -0.208362 0.017120 0.029638
v -0.148040 0.094600 0.002535
v -0.137441 0.094785 0.011717
v -0.131858 0.102697 0.004226
v -0.125714 0.080482 0.031896
v -0.117672 0.090399 0.029291
v -0.117808 0.074090 0.052498
v -0.126059 0.036224 0.084482
v -0.127041 0.047754 0.071850
v -0.135487 0.030296 0.077623
v -0.142390 0.004108 0.087798
v -0.135487 0.030296 0.077623
v -0.146883 0.004350 0.084463
v -0.150532 0.002808 0.096640
v -0.166473 0.001162 0.110950
v -0.170055 0.005557 0.107036
v -0.157462 0.007175 0.094260
v -0.115481 0.011217 0.129618
v -0.107406 0.011152 0.120391
v -0.163027 -0.006574 0.110982
v -0.140194 -0.007279 0.103395
v -0.139070 -0.000305 0.131894
v -0.166117 -0.010820 0.116692
v -0.229554 0.008353 0.013282
v -0.234550 0.000218 0.010662
v -0.235221 -0.001000 0.001268
v -0.198459 -0.007076 0.095537
v -0.190239 -0.001043 0.084363
v -0.180747 0.001121 0.101182
v -0.176124 0.005658 0.089259
v -0.197109 -0.008446 0.101176
v -0.153426 0.009336 0.031450
v -0.149863 0.023373 0.033430
v -0.150744 0.013893 0.034152
v -0.166117 -0.010820 0.116692
v -0.168621 -0.009265 0.115008
v -0.163027 -0.006574 0.110982
v -0.171132 0.008429 0.041104
v -0.181497 0.012170 0.047965
v -0.173529 0.010298 0.039800
v -0.108883 -0.019126 0.142941
v -0.083472 -0.021601 0.164473
v -0.131518 -0.009855 0.147112
v -0.118408 -0.015360 0.159684
v -0.115080 -0.013778 0.132879
v -0.074921 -0.022431 0.154621
v -0.126002 -0.006511 0.139524
v -0.078514 -0.017753 0.155998
v -0.125337 -0.008410 0.153243
v -0.101782 -0.015473 0.145008
v -0.114133 -0.012049 0.137086
v -0.084308 -0.017516 0.166829
v -0.126294 -0.004387 0.143484
v -0.119566 -0.006426 0.141139
v -0.186531 -0.107929 -0.057065
v -0.178736 -0.104913 -0.073221
v -0.192377 -0.122550 -0.005093
v -0.187879 -0.128340 0.032539
v -0.185312 -0.125457 0.060229
v -0.194250 -0.094228 0.022770
v -0.193949 -0.086009 -0.032775
v -0.185097 -0.093484 -0.054103
v -0.186354 -0.104923 0.053770
v -0.188757 -0.092817 0.053161
v -0.179107 -0.107893 0.072664
v -0.192397 -0.082569 -0.042027
v -0.168139 -0.106894 -0.084574
v -0.188678 -0.120765 -0.039188
v -0.208490 -0.171519 0.040853
v -0.218476 -0.187019 -0.000458
v -0.213367 -0.173351 -0.031973
v -0.174122 -0.137068 0.069246
v -0.198291 -0.195454 0.079368
v -0.165459 -0.174985 0.115335
v -0.146769 -0.147639 0.112583
v -0.212294 -0.198394 0.044553
v -0.218770 -0.196093 0.006505
v -0.215876 -0.191984 -0.033734
v -0.215349 -0.089661 -0.004550
v -0.208761 -0.093854 0.037377
v -0.223651 -0.076609 -0.034592
v -0.208262 -0.076300 -0.056049
v -0.196353 -0.087694 -0.036628
v -0.194471 -0.096048 0.044162
v -0.174124 -0.092541 0.095658
v -0.209157 -0.064029 -0.076268
v -0.221417 -0.057249 -0.074743
v -0.189854 -0.085073 0.116430
v -0.195513 -0.080891 0.116496
v -0.214588 -0.078166 0.070088
v -0.233624 -0.068299 0.010589
v -0.234631 -0.059604 -0.043344
v -0.209196 -0.048906 -0.090414
v -0.194975 -0.100686 0.032702
v -0.230370 -0.045766 -0.070560
v -0.168102 -0.089427 0.103698
v -0.196369 -0.110432 0.035196
v -0.194975 -0.100686 0.032702
v -0.179978 -0.099412 -0.080178
v -0.185132 -0.079480 -0.063369
v -0.165471 -0.071874 -0.094990
v -0.191828 -0.111748 -0.052028
v -0.161611 -0.095647 -0.106631
v -0.196958 -0.121497 0.028792
v -0.198769 -0.119681 -0.003765
v -0.196353 -0.087694 -0.036628
v -0.169506 -0.091551 0.102156
v -0.173284 -0.093460 0.096227
v -0.174124 -0.092541 0.095658
v -0.168102 -0.089427 0.103698
v -0.101713 0.110446 -0.085352
v -0.122800 0.101005 -0.084093
v -0.120143 0.117242 -0.065446
v -0.235221 -0.001000 0.001268
v -0.231793 0.000997 -0.025132
v -0.227133 -0.032223 -0.068910
v -0.207233 0.044898 -0.040795
v -0.170635 0.069468 -0.078393
v -0.186493 0.028875 -0.094305
v -0.181888 0.077016 -0.040648
v -0.152589 0.080450 -0.085432
v -0.166953 0.089541 -0.046695
v -0.138554 0.106282 -0.057772
v -0.234550 0.000218 0.010662
v -0.124293 0.115757 -0.053729
v -0.216300 -0.033692 -0.083931
v -0.220874 -0.046337 -0.077329
v -0.228349 -0.053473 -0.059082
v -0.219211 -0.081088 -0.010670
v -0.216022 -0.082711 0.040303
v -0.238282 -0.038988 -0.029915
v -0.216321 -0.063973 0.071133
v -0.234835 -0.057186 0.001923
v -0.235358 -0.034046 0.027977
v -0.228742 -0.021147 0.049328
v -0.230757 -0.007638 0.038166
v -0.221048 -0.018311 0.057694
v -0.209002 -0.046824 0.098637
v -0.210723 -0.049665 0.085976
v -0.198051 -0.052736 0.122048
v -0.198689 -0.034079 0.119990
v -0.192894 -0.081255 0.111609
v -0.189929 -0.015107 0.121821
v -0.223563 -0.005659 0.050520
v -0.209346 -0.007296 0.073207
v -0.198459 -0.007076 0.095537
v -0.197109 -0.008446 0.101176
v -0.199277 -0.008684 0.084240
v -0.164177 0.021252 -0.104069
v -0.150514 0.023896 -0.102822
v -0.171040 -0.047196 -0.082383
v -0.189660 -0.032485 -0.095199
v -0.153873 0.000885 -0.094159
v -0.208788 -0.045360 -0.087506
v -0.183887 -0.074756 -0.060968
v -0.193168 -0.076091 -0.051873
v -0.214800 -0.067763 -0.058684
v -0.192397 -0.082569 -0.042027
v -0.193949 -0.086009 -0.032775
v -0.188757 -0.092817 0.053161
v -0.194250 -0.094228 0.022770
v -0.168464 -0.086797 0.098920
v -0.214800 -0.067763 -0.058684
v -0.193168 -0.076091 -0.051873
v -0.185152 -0.085493 0.111533
v -0.216022 -0.082711 0.040303
v -0.192894 -0.081255 0.111609
v -0.193949 -0.086009 -0.032775
v -0.228349 -0.053473 -0.059082
v -0.219211 -0.081088 -0.010670
v -0.220874 -0.046337 -0.077329
v -0.208788 -0.045360 -0.087506
v -0.054045 0.039052 0.132710
v -0.078443 0.046026 0.119206
v -0.145638 0.008853 0.086915
v -0.141657 -0.002340 0.098345
v -0.097015 0.019206 0.127383
v -0.081760 0.053815 0.111692
v -0.101277 0.057861 0.094783
v -0.107307 0.068801 0.080572
v -0.132716 0.070959 0.044724
v -0.142824 0.034768 0.068320
v -0.157873 0.005391 0.054241
v -0.199705 0.005631 0.076717
v -0.202314 -0.005836 0.084204
v -0.208575 -0.002386 0.076310
v -0.202763 0.027161 0.031505
v -0.189988 0.039877 0.025899
v -0.182324 0.071400 0.004514
v -0.229968 0.017562 0.004364
v -0.240005 -0.006582 0.016103
v -0.233557 -0.006118 0.041179
v -0.220895 0.022718 0.020249
v -0.215232 0.029731 0.018764
v -0.155440 0.058081 0.034751
v -0.159088 0.005710 0.037334
v -0.153241 0.019736 0.037155
v -0.121085 0.073456 0.057471
v -0.138811 0.064321 0.036715
v -0.177595 0.021242 0.038631
v -0.121693 0.092861 0.029359
v -0.148684 0.009464 0.081130
v -0.197165 0.066352 -0.035706
v -0.145660 0.021366 0.076017
v -0.213991 0.011246 0.050823
v -0.211318 -0.000055 0.059165
v -0.214842 0.006657 0.055238
v -0.216863 0.039986 -0.023665
v -0.173312 0.090175 -0.042456
v -0.153876 0.101169 -0.057223
v -0.162727 0.094884 -0.008543
v -0.126641 0.118704 -0.055991
v -0.120041 0.102106 0.019484
v -0.118349 0.115331 0.002364
v -0.169794 0.083065 0.004732
v -0.145124 0.047740 0.038899
v -0.132752 0.078710 0.032329
v -0.221244 0.010186 0.039168
v -0.124210 0.123315 -0.047362
v -0.145503 0.091018 0.017459
v -0.116937 0.118931 -0.002892
v -0.165083 -0.005557 0.116988
v -0.114610 0.015250 0.135633
v -0.173531 0.085829 -0.007356
v -0.131845 0.036397 0.084363
v -0.107747 0.134933 -0.015877
v -0.105811 0.017570 0.136622
v -0.176763 0.004307 0.116127
v -0.167246 0.005583 0.113397
v -0.098940 0.015226 0.143276
v -0.088224 0.015604 0.135548
v -0.150865 0.008802 0.096708
v -0.188647 0.010356 0.058313
v -0.201157 -0.006765 0.102136
v -0.181109 0.031178 0.031434
v -0.201443 -0.020634 0.110655
v -0.192431 -0.014845 0.125314
v -0.182572 -0.002304 0.122038
v -0.215232 0.029731 0.018764
v -0.189988 0.039877 0.025899
v -0.202763 0.027161 0.031505
v -0.220895 0.022718 0.020249
v -0.221244 0.010186 0.039168
v -0.181109 0.031178 0.031434
v -0.145503 0.091018 0.017459
v -0.132752 0.078710 0.032329
v -0.121693 0.092861 0.029359
v -0.120041 0.102106 0.019484
v -0.132716 0.070959 0.044724
v -0.138811 0.064321 0.036715
v -0.221244 0.010186 0.039168
v -0.213991 0.011246 0.050823
v -0.222793 -0.013887 0.059776
v -0.211318 -0.000055 0.059165
v -0.214842 0.006657 0.055238
v -0.211038 -0.001760 0.072338
v -0.233557 -0.006118 0.041179
v -0.232039 -0.019194 0.051019
v -0.199705 0.005631 0.076717
v -0.142824 0.034768 0.068320
v -0.145660 0.021366 0.076017
v -0.131845 0.036397 0.084363
v -0.145638 0.008853 0.086915
v -0.148684 0.009464 0.081130
v -0.145660 0.021366 0.076017
v -0.150865 0.008802 0.096708
v -0.138811 0.064321 0.036715
v -0.145124 0.047740 0.038899
v -0.155440 0.058081 0.034751
v -0.157873 0.005391 0.054241
v -0.153241 0.019736 0.037155
v -0.145124 0.047740 0.038899
v -0.159088 0.005710 0.037334
v 0.033386 -0.157919 0.180454
v 0.038260 -0.156622 0.177004
v 0.034813 -0.159926 0.168958
v -0.030528 -0.157326 0.184984
v 0.039734 -0.156835 0.168160
v -0.037971 -0.156309 0.168380
v 0.013584 -0.165516 0.168943
v -0.000869 -0.166893 0.164878
v -0.086762 -0.074009 0.169339
v -0.086000 -0.064676 0.172044
v -0.076237 -0.057205 0.164565
v -0.086564 -0.066642 0.162794
v -0.085161 -0.076156 0.159762
v -0.096808 -0.077719 0.168934
v -0.093442 -0.085358 0.167520
v -0.106598 -0.073961 0.171611
v -0.106526 -0.090596 0.168003
v -0.116719 -0.089701 0.168558
v -0.097389 -0.094779 0.154493
v -0.022135 -0.101759 0.182843
v 0.020873 -0.102078 0.182897
v 0.012060 -0.098804 0.172859
v -0.030349 -0.100396 0.168985
v -0.037694 -0.103934 0.168750
v 0.045547 -0.102627 0.166464
v 0.051214 -0.108383 0.170224
v -0.040562 -0.107924 0.173262
v 0.037785 -0.106110 0.183213
v -0.036320 -0.108750 0.182505
v 0.005714 0.015034 0.174799
v -0.027412 0.022402 0.166490
v 0.011794 -0.008528 0.168633
v -0.020249 0.007924 0.158263
v -0.038162 0.039979 0.163699
v -0.051417 0.056957 0.151059
v -0.061928 0.063303 0.149789
v -0.070243 0.057161 0.143485
v -0.082845 0.062055 0.125201
v -0.033153 0.017834 0.151168
v -0.054045 0.039052 0.132710
v -0.081760 0.053815 0.111692
v -0.070609 0.083170 0.141425
v 0.014272 0.005468 0.174909
v -0.121085 0.073456 0.057471
v -0.120041 0.102106 0.019484
v -0.118349 0.115331 0.002364
v -0.121693 0.092861 0.029359
v -0.123189 0.125099 0.051941
v -0.123021 0.130618 0.040030
v -0.128990 0.126731 0.021076
v -0.123460 0.099052 0.081281
v -0.128236 0.123980 0.013193
v -0.101277 0.057861 0.094783
v -0.093407 0.068986 0.126190
v -0.105587 0.074976 0.111036
v -0.107307 0.068801 0.080572
v -0.106954 0.102536 0.102262
v 0.082411 -0.265936 0.095032
v 0.044310 -0.225061 0.104964
v 0.086391 -0.215982 0.114204
v 0.042684 -0.273573 0.077131
v 0.074314 -0.300717 0.067994
v 0.098280 -0.300939 0.068341
v 0.003161 -0.192510 0.102422
v 0.037216 -0.300800 0.046323
v 0.041923 -0.208439 0.113882
v 0.003861 -0.258197 0.051510
v 0.008688 -0.195689 0.105586
v 0.006655 -0.276470 0.029082
v 0.122335 -0.267846 0.087659
v 0.126825 -0.218030 0.102897
v 0.149712 -0.217769 0.085799
v 0.114698 -0.299861 0.065847
v 0.143611 -0.296888 0.048516
v 0.152542 -0.262277 0.066276
v 0.157379 -0.241894 0.070790
v 0.158797 -0.277211 0.041758
v 0.155827 -0.294448 0.036413
v 0.158710 -0.294635 0.032243
v 0.165478 -0.269391 0.039098
v 0.175583 -0.215995 0.053095
v 0.173269 -0.226921 0.050483
v 0.016606 -0.300572 -0.000278
v -0.001805 -0.190196 0.105786
v 0.003161 -0.192510 0.102422
v 0.008688 -0.195689 0.105586
v -0.171531 0.023705 0.030409
v -0.153426 0.009336 0.031450
v -0.149863 0.023373 0.033430
v -0.131705 0.073699 0.030702
v -0.129602 0.085084 0.024911
v -0.152060 0.071969 0.024696
v -0.192647 0.037094 0.021240
v -0.193225 0.024785 0.032347
v -0.182878 0.013754 0.037750
v -0.173529 0.010298 0.039800
v -0.157220 0.001754 0.033504
v -0.171132 0.008429 0.041104
v -0.111799 0.147613 -0.000277
v -0.107482 0.167058 0.009431
v -0.112977 0.135853 -0.006183
v -0.128236 0.123980 0.013193
v -0.107747 0.134933 -0.015877
v -0.122573 0.141283 0.016671
v -0.116937 0.118931 -0.002892
v -0.121905 0.151226 0.026910
v -0.118349 0.115331 0.002364
v -0.128990 0.126731 0.021076
v -0.112202 0.138424 -0.009961
v -0.116906 0.162842 0.027344
v -0.116596 0.178166 0.016139
v -0.107474 0.188012 0.003950
v -0.098301 0.208878 0.005976
v -0.095453 0.215842 0.001996
v -0.115979 0.180686 0.032841
v -0.113121 0.161935 0.037662
v -0.140198 0.188046 -0.035653
v -0.136258 0.201060 -0.034283
v -0.141504 0.184919 -0.028733
v -0.127376 0.211983 -0.021939
v -0.127812 0.212332 -0.027208
v -0.136635 0.166998 -0.024690
v -0.137287 0.165938 -0.028404
v -0.124668 0.148562 -0.013527
v -0.126102 0.146897 -0.019262
v -0.112202 0.138424 -0.009961
v -0.111799 0.147613 -0.000277
v -0.103461 0.169842 0.048874
v -0.097699 0.192910 0.043008
v -0.083449 0.193604 0.041161
v -0.088137 0.205749 0.033166
v -0.094182 0.163569 0.051553
v -0.090446 0.168581 0.048101
v -0.107719 0.171943 0.046581
v -0.031338 0.277232 0.069840
v -0.049589 0.272166 0.064564
v -0.053914 0.267266 0.075336
v -0.028151 0.272485 0.082296
v -0.060875 0.262949 0.068111
v -0.060120 0.264538 0.059454
v -0.028151 0.272485 0.082296
v -0.021360 0.264950 0.082855
v -0.048290 0.260612 0.080483
v -0.053914 0.267266 0.075336
v -0.060216 0.260586 0.072118
v -0.060875 0.262949 0.068111
v -0.032727 0.160042 0.123325
v -0.024741 0.162051 0.121553
v -0.038883 0.152013 0.121413
v -0.117660 0.212864 -0.019582
v -0.112107 0.212925 -0.021277
v -0.122603 0.214095 -0.023469
v -0.110951 0.210839 -0.017528
v -0.095453 0.215842 0.001996
v -0.107474 0.188012 0.003950
v -0.103679 0.209673 -0.011973
v -0.107482 0.167058 0.009431
v -0.111799 0.147613 -0.000277
v -0.124668 0.148562 -0.013527
v -0.136635 0.166998 -0.024690
v -0.141504 0.184919 -0.028733
v -0.118929 0.193270 -0.017454
v -0.127376 0.211983 -0.021939
v -0.124249 0.202399 -0.016532
v -0.130815 0.169264 -0.021039
v -0.113500 0.159984 -0.004117
v -0.111356 0.162586 -0.010181
v -0.113291 0.161627 -0.008626
v -0.110951 0.210839 -0.017528
v -0.117660 0.212864 -0.019582
v -0.119399 0.157498 -0.008890
v -0.135479 0.183256 -0.024266
v -0.112501 0.170431 -0.020727
v -0.115140 0.159113 -0.006120
v -0.116873 0.193883 -0.012940
v -0.112107 0.212925 -0.021277
v -0.080361 0.257347 0.042916
v -0.078323 0.252396 0.045139
v -0.090864 0.236652 0.023772
v -0.066837 0.268606 0.055329
v -0.060120 0.264538 0.059454
v -0.049589 0.272166 0.064564
v -0.060216 0.260586 0.072118
v -0.060838 0.256354 0.054262
v -0.060875 0.262949 0.068111
v -0.054870 0.246468 0.070147
v -0.064447 0.215156 0.060881
v -0.076574 0.229656 0.024176
v -0.098301 0.208878 0.005976
v -0.115979 0.180686 0.032841
v -0.107719 0.171943 0.046581
v -0.097699 0.192910 0.043008
v -0.100329 0.197797 0.036939
v -0.070019 0.209320 0.080792
v -0.087621 0.225144 0.014327
v -0.083449 0.193604 0.041161
v -0.075560 0.166783 0.091069
v -0.032297 0.180466 0.110935
v -0.032461 0.166031 0.122031
v -0.032727 0.160042 0.123325
v -0.068054 0.141030 0.105766
v -0.063496 0.139851 0.106703
v -0.065883 0.128903 0.108456
v -0.056208 0.135729 0.103730
v -0.049102 0.131480 0.113247
v -0.077018 0.137715 0.094173
v -0.074027 0.130357 0.103310
v -0.076621 0.120214 0.113980
v -0.104268 0.107495 0.103795
v -0.106954 0.102536 0.102262
v -0.123460 0.099052 0.081281
v -0.119417 0.115200 0.077144
v -0.123189 0.125099 0.051941
v -0.123021 0.130618 0.040030
v -0.128990 0.126731 0.021076
v -0.122573 0.141283 0.016671
v -0.121905 0.151226 0.026910
v -0.116906 0.162842 0.027344
v -0.103461 0.169842 0.048874
v -0.094182 0.163569 0.051553
v -0.094212 0.157221 0.066959
v -0.082805 0.140921 0.088775
v -0.101946 0.130161 0.087321
v -0.111155 0.122905 0.085479
v -0.077049 0.149827 0.104003
v -0.114290 0.130163 0.071258
v -0.070609 0.083170 0.141425
v -0.070475 0.092272 0.141410
v -0.049500 0.126322 0.122567
v -0.061928 0.063303 0.149789
v -0.058014 0.081406 0.149545
v -0.105587 0.074976 0.111036
v -0.082845 0.062055 0.125201
v -0.063985 0.124271 0.116937
v -0.098376 0.119540 0.100209
v -0.070243 0.057161 0.143485
v -0.038883 0.152013 0.121413
v -0.050528 0.163962 0.115974
v -0.093407 0.068986 0.126190
v -0.015932 0.185093 0.105674
v -0.021622 0.187964 0.098096
v -0.084422 0.162109 0.093940
v -0.089380 0.164583 0.059236
v -0.051267 0.170968 0.101702
v -0.067477 0.188081 0.099797
v -0.063263 0.195688 0.099805
v -0.062584 0.202680 0.096308
v -0.090446 0.168581 0.048101
v -0.071433 0.175223 0.096758
v -0.065249 0.209647 0.086274
v -0.088137 0.205749 0.033166
v -0.113121 0.161935 0.037662
v -0.077047 0.201889 0.082384
v -0.057686 0.234989 0.070109
v -0.081143 0.197150 0.079730
v -0.116873 0.193883 -0.012940
v -0.118929 0.193270 -0.017454
v -0.124249 0.202399 -0.016532
v -0.112501 0.170431 -0.020727
v -0.107093 0.170215 -0.014648
v -0.127376 0.211983 -0.021939
v -0.122603 0.214095 -0.023469
v -0.117660 0.212864 -0.019582
v -0.111356 0.162586 -0.010181
v -0.113500 0.159984 -0.004117
v -0.113291 0.161627 -0.008626
v -0.115140 0.159113 -0.006120
v -0.112501 0.170431 -0.020727
v -0.130815 0.169264 -0.021039
v -0.135479 0.183256 -0.024266
v -0.089380 0.164583 0.059236
v -0.090446 0.168581 0.048101
v -0.094182 0.163569 0.051553
v -0.070019 0.209320 0.080792
v -0.077047 0.201889 0.082384
v -0.065249 0.209647 0.086274
v -0.089380 0.164583 0.059236
v -0.094212 0.157221 0.066959
v -0.084422 0.162109 0.093940
v -0.119417 0.115200 0.077144
v -0.114290 0.130163 0.071258
v -0.111155 0.122905 0.085479
v -0.104268 0.107495 0.103795
v -0.098376 0.119540 0.100209
v -0.095453 0.215842 0.001996
v -0.087621 0.225144 0.014327
v -0.098301 0.208878 0.005976
v -0.098376 0.119540 0.100209
v -0.101946 0.130161 0.087321
v -0.082805 0.140921 0.088775
v -0.077018 0.137715 0.094173
v -0.074027 0.130357 0.103310
v -0.077049 0.149827 0.104003
v -0.068054 0.141030 0.105766
v -0.084422 0.162109 0.093940
v -0.050528 0.163962 0.115974
v -0.107719 0.171943 0.046581
v -0.113121 0.161935 0.037662
v -0.103461 0.169842 0.048874
v -0.067477 0.188081 0.099797
v -0.063263 0.195688 0.099805
v -0.053925 0.197995 0.101683
v -0.063985 0.124271 0.116937
v -0.049500 0.126322 0.122567
v -0.065883 0.128903 0.108456
v -0.079888 0.066893 0.125962
v -0.060670 0.056721 0.144874
v -0.090855 0.071726 0.123780
v -0.068420 0.094914 0.137438
v -0.082754 0.094342 0.126477
v -0.102336 0.078611 0.110257
v -0.098325 0.103353 0.107613
v -0.122600 0.096739 0.073345
v -0.103975 0.078789 0.094023
v -0.110524 0.118681 0.082224
v -0.121587 0.083842 0.064610
v -0.078355 0.058138 0.110827
v -0.100377 0.063430 0.088407
v -0.097688 0.058082 0.092496
v -0.105839 0.073381 0.074368
v -0.111909 0.070265 0.066713
v -0.064011 0.043993 0.124545
v -0.051282 0.046091 0.141137
v -0.035827 0.041738 0.160499
v -0.031686 0.028759 0.160627
v -0.047772 0.056627 0.148688
v -0.019483 0.008945 0.153861
v 0.004039 -0.005040 0.164394
v -0.053007 0.040701 0.128271
v 0.058535 0.185556 0.104841
v 0.037358 0.196720 0.096996
v 0.033635 0.186790 0.098198
v 0.036959 0.201874 0.094475
v 0.073837 0.191518 0.101753
v 0.063031 0.203623 0.097090
v 0.083588 0.185059 0.097873
v 0.080473 0.162275 0.099598
v 0.092388 0.161719 0.087060
v 0.094796 0.192976 0.050677
v 0.102657 0.163026 0.052708
v 0.122776 0.176012 0.046423
v 0.094473 0.224402 0.034134
v 0.106776 0.200111 0.044185
v -0.029435 0.145683 0.101780
v -0.037354 0.139203 0.103647
v -0.028447 0.151165 0.086386
v -0.002602 0.114978 0.143600
v 0.037706 0.105535 0.149615
v -0.004615 0.082404 0.161157
v 0.028251 0.124572 0.132363
v -0.049500 0.126322 0.122567
v 0.023204 0.087308 0.157679
v -0.049102 0.131480 0.113247
v -0.056208 0.135729 0.103730
v -0.044555 0.137340 0.104618
v -0.065883 0.128903 0.108456
v 0.043558 0.139194 0.101894
v -0.000511 0.136935 0.113931
v 0.006082 0.130088 0.115522
v 0.035952 0.147517 0.086086
v -0.018626 0.144352 0.092947
v 0.038386 0.149008 0.086193
v 0.036629 0.144291 0.099136
v -0.001648 0.139712 0.099580
v 0.114801 0.111635 0.093345
v 0.107682 0.121988 0.093451
v 0.095048 0.138336 0.087413
v 0.092549 0.101890 0.125965
v 0.123693 0.128720 0.075450
v 0.081227 0.118009 0.121651
v 0.115434 0.153434 0.058154
v 0.107624 0.157830 0.059795
v 0.072009 0.134706 0.103943
v 0.124792 0.153720 0.045937
v 0.123141 0.112984 0.087318
v 0.098214 0.105213 0.115117
v 0.060155 0.134428 0.105070
v 0.050407 0.136225 0.104866
v 0.049508 0.137413 0.103340
v 0.059004 0.118495 0.133470
v 0.042742 0.085922 0.158288
v 0.056118 0.086329 0.153720
v 0.087582 0.073835 0.142386
v 0.072651 0.091666 0.146392
v 0.084912 0.098765 0.130584
v 0.095230 0.087996 0.128685
v -0.029943 0.090962 0.156952
v -0.018092 0.044199 0.162602
v 0.005714 0.015034 0.174799
v 0.016675 0.059967 0.165662
v 0.014272 0.005468 0.174909
v 0.048934 0.060103 0.161536
v 0.025074 0.017548 0.167464
v -0.027412 0.022402 0.166490
v -0.058014 0.081406 0.149545
v -0.061928 0.063303 0.149789
v -0.051417 0.056957 0.151059
v -0.070475 0.092272 0.141410
v -0.038162 0.039979 0.163699
v 0.092388 0.161719 0.087060
v 0.107624 0.157830 0.059795
v 0.102657 0.163026 0.052708
v 0.080473 0.162275 0.099598
v 0.071936 0.152243 0.114461
v 0.098525 0.153633 0.092021
v 0.049153 0.163798 0.121240
v 0.039984 0.174339 0.116053
v 0.033635 0.186790 0.098198
v 0.023315 0.181804 0.109004
v -0.080392 0.140994 0.084341
v -0.063960 0.136581 0.096508
v -0.063483 0.133746 0.097289
v -0.055775 0.136985 0.097950
v -0.057689 0.110161 0.132908
v -0.068420 0.094914 0.137438
v -0.082754 0.094342 0.126477
v -0.018601 0.128097 0.117908
v -0.093048 0.114603 0.103515
v -0.100026 0.128582 0.083818
v -0.044626 0.102103 0.142570
v -0.015424 0.115472 0.136246
v -0.031267 0.095976 0.150837
v -0.073625 0.134163 0.093120
v -0.024645 0.120212 0.128292
v -0.002604 0.105172 0.146604
v 0.026845 0.122390 0.128750
v 0.013896 0.127634 0.107571
v 0.031347 0.138214 0.096297
v 0.070870 0.118887 0.116937
v 0.076422 0.119574 0.115580
v 0.082148 0.114103 0.119158
v 0.077531 0.132052 0.097920
v 0.067428 0.133641 0.098228
v 0.039431 0.142348 0.096100
v -0.089053 0.148179 0.069464
v -0.011690 0.131521 0.103572
v -0.018650 0.137817 0.097524
v 0.057081 0.117374 0.128955
v -0.053820 0.138787 0.099370
v -0.098325 0.103353 0.107613
v -0.011307 0.089566 0.154553
v -0.006371 0.124308 0.123127
v 0.001349 0.127025 0.104193
v 0.004460 0.127564 0.103626
v 0.023457 0.105695 0.143826
v 0.036561 0.093713 0.152547
v 0.030969 0.086244 0.155515
v 0.031870 0.115022 0.137320
v -0.057215 0.094104 0.140452
v -0.032475 0.141862 0.098372
v -0.024645 0.120212 0.128292
v -0.018601 0.128097 0.117908
v -0.006371 0.124308 0.123127
v -0.031513 0.152785 0.082699
v -0.019433 0.140507 0.089898
v -0.018650 0.137817 0.097524
v -0.010776 0.136527 0.101264
v -0.010328 0.135659 0.106326
v 0.011856 0.137440 0.093793
v 0.025078 0.138342 0.092302
v 0.024193 0.137208 0.101076
v 0.020706 0.136581 0.101114
v 0.033048 0.143501 0.084047
v 0.039431 0.142348 0.096100
v 0.031347 0.138214 0.096297
v -0.032475 0.141862 0.098372
v 0.039633 0.152318 0.080022
v 0.024449 0.136994 0.099095
v -0.024273 0.201875 0.095260
v -0.053925 0.197995 0.101683
v -0.021622 0.187964 0.098096
v -0.067477 0.188081 0.099797
v -0.051267 0.170968 0.101702
v -0.071433 0.175223 0.096758
v -0.062584 0.202680 0.096308
v -0.063263 0.195688 0.099805
v -0.075560 0.166783 0.091069
v -0.019017 0.212759 0.110735
v -0.020108 0.197195 0.113781
v -0.015932 0.185093 0.105674
v -0.007118 0.180294 0.109758
v 0.002851 0.188790 0.127169
v -0.006677 0.210220 0.126813
v 0.011792 0.210142 0.129760
v 0.014143 0.203310 0.130454
v 0.009559 0.160909 0.104807
v 0.005919 0.172495 0.101831
v 0.002226 0.159899 0.105305
v -0.007118 0.180294 0.109758
v -0.024741 0.162051 0.121553
v -0.032727 0.160042 0.123325
v -0.032461 0.166031 0.122031
v 0.035952 0.147517 0.086086
v 0.037372 0.151500 0.084098
v -0.029762 0.172923 0.118593
v -0.001648 0.139712 0.099580
v 0.034836 0.158122 0.119991
v 0.042930 0.159387 0.123031
v 0.046870 0.147447 0.119364
v -0.018626 0.144352 0.092947
v 0.049153 0.163798 0.121240
v 0.039984 0.174339 0.116053
v -0.028447 0.151165 0.086386
v 0.033635 0.186790 0.098198
v 0.023315 0.181804 0.109004
v 0.002851 0.188790 0.127169
v 0.033203 0.197880 0.113792
v 0.027482 0.202071 0.122185
v 0.014143 0.203310 0.130454
v 0.037358 0.196720 0.096996
v 0.035952 0.147517 0.086086
v 0.038386 0.149008 0.086193
v 0.037372 0.151500 0.084098
v -0.006047 0.187624 0.115168
v -0.004463 0.200470 0.125055
v 0.006820 0.189480 0.122768
v -0.013987 0.207841 0.116465
v -0.023161 0.196256 0.092756
v -0.023326 0.188616 0.093088
v -0.002869 0.177237 0.104534
v 0.008439 0.204540 0.127315
v 0.027482 0.202071 0.122185
v 0.011792 0.210142 0.129760
v 0.014143 0.203310 0.130454
v 0.012328 0.219295 0.123447
v 0.033203 0.197880 0.113792
v 0.034357 0.207450 0.106017
v 0.037358 0.196720 0.096996
v 0.036959 0.201874 0.094475
v 0.083588 0.185059 0.097873
v 0.073837 0.191518 0.101753
v 0.065034 0.210028 0.086455
v 0.063031 0.203623 0.097090
v 0.078263 0.206713 0.067370
v 0.093454 0.191873 0.072432
v 0.091310 0.196385 0.055576
v 0.058011 0.213011 0.077609
v 0.049251 0.219447 0.078560
v 0.036959 0.201874 0.094475
v 0.063031 0.203623 0.097090
v 0.065034 0.210028 0.086455
v 0.030932 0.215791 0.071109
v 0.058011 0.213011 0.077609
v -0.006677 0.210220 0.126813
v 0.012328 0.219295 0.123447
v 0.011792 0.210142 0.129760
v 0.006347 0.224208 0.113011
v -0.019017 0.212759 0.110735
v -0.024273 0.201875 0.095260
v -0.005929 0.219158 0.087511
v -0.017261 0.214816 0.073020
v -0.046161 0.228835 0.067773
v -0.039809 0.215946 0.079508
v -0.064447 0.215156 0.060881
v -0.034860 0.224503 0.074234
v -0.027842 0.231683 0.071183
v -0.065249 0.209647 0.086274
v -0.070019 0.209320 0.080792
v -0.062584 0.202680 0.096308
v 0.015860 0.220466 0.089149
v 0.034357 0.207450 0.106017
v -0.079148 0.285069 -0.008019
v -0.063444 0.338551 -0.052608
v -0.055127 0.346743 -0.031655
v -0.044361 0.366413 -0.042858
v -0.107729 0.211715 -0.021656
v -0.097571 0.243532 -0.055715
v -0.044933 0.371234 -0.085267
v -0.108958 0.207428 -0.027834
v -0.022989 0.438673 -0.093137
v -0.007970 0.488323 -0.110927
v -0.069291 0.266993 0.044348
v -0.050321 0.340386 -0.008589
v -0.076461 0.254910 0.041857
v -0.029722 0.399648 -0.042233
v -0.059156 0.287102 0.035857
v -0.002976 0.493346 -0.095275
v -0.064047 0.267779 0.052354
v -0.075331 0.295403 -0.074692
v -0.106619 0.197670 -0.058772
v -0.080356 0.276347 -0.080386
v -0.061055 0.327902 -0.089421
v -0.095312 0.220111 -0.079566
v -0.002747 0.496649 -0.107777
v -0.004367 0.461991 -0.068852
v -0.106826 0.208154 -0.020225
v -0.097669 0.224245 0.003035
v -0.043042 0.248363 0.069695
v -0.026339 0.245777 0.074008
v -0.016555 0.247268 0.076009
v -0.003335 0.229014 0.080539
v 0.000072 0.233015 0.081354
v 0.000645 0.225634 0.082769
v 0.003766 0.221414 0.085376
v 0.006758 0.227338 0.083303
v -0.054231 0.246687 0.065190
v -0.055453 0.236256 0.067001
v -0.017283 0.216357 0.067291
v -0.003779 0.215652 0.086811
v -0.059309 0.188295 0.098943
v -0.071515 0.187165 0.092069
v -0.049759 0.168037 0.098187
v -0.057244 0.159567 0.108680
v -0.079664 0.161234 0.092730
v -0.083894 0.183405 0.067057
v -0.089034 0.166244 0.045092
v -0.090433 0.157065 0.064884
v -0.071946 0.204649 0.071173
v -0.061366 0.211943 0.060038
v -0.077903 0.186612 0.084763
v -0.072251 0.200104 0.083820
v -0.081893 0.174436 0.077584
v -0.076460 0.214596 0.025207
v -0.072618 0.234075 0.023526
v -0.084638 0.226501 0.011447
v -0.055453 0.236256 0.067001
v -0.054231 0.246687 0.065190
v -0.031695 0.177673 0.107285
v -0.031041 0.181891 0.096579
v -0.085323 0.158184 0.087312
v -0.080392 0.140994 0.084341
v -0.063960 0.136581 0.096508
v -0.055775 0.136985 0.097950
v -0.058499 0.142628 0.105245
v -0.072764 0.149176 0.102461
v -0.038606 0.156047 0.118461
v -0.056196 0.264319 0.055792
v -0.047288 0.265134 0.075759
v -0.023406 0.270005 0.078480
v -0.029744 0.272888 0.064689
v -0.019020 0.273199 0.066097
v -0.073625 0.134163 0.093120
v -0.105952 0.148627 0.049891
v -0.110524 0.118681 0.082224
v -0.122600 0.096739 0.073345
v -0.098325 0.103353 0.107613
v -0.093048 0.114603 0.103515
v -0.122398 0.114808 0.047397
v -0.118764 0.129536 0.042275
v -0.100026 0.128582 0.083818
v -0.111880 0.132113 0.062891
v -0.113413 0.161522 0.024918
v -0.112119 0.180491 0.031544
v -0.105602 0.187238 0.036282
v -0.110793 0.186015 0.023206
v -0.098570 0.199661 0.011612
v -0.106826 0.208154 -0.020225
v -0.101879 0.209670 -0.016320
v -0.107729 0.211715 -0.021656
v -0.108711 0.191126 -0.009255
v -0.109651 0.158112 -0.005407
v -0.104452 0.182131 0.004192
v -0.109604 0.189067 -0.011152
v -0.089716 0.201862 0.030685
v -0.116433 0.135978 0.037515
v -0.102962 0.160678 0.043718
v -0.119120 0.145251 0.021458
v -0.125767 0.123199 0.020182
v -0.118428 0.140612 0.016694
v -0.117675 0.139982 0.025264
v -0.089053 0.148179 0.069464
v -0.083892 0.223898 0.012444
v -0.081321 0.189901 0.039104
v -0.053175 0.252345 0.070280
v -0.074082 0.165894 0.086117
v -0.057509 0.256895 0.068094
v -0.037454 0.272032 0.063395
v -0.059796 0.215476 0.058827
v -0.037995 0.230228 0.066084
v -0.040210 0.213742 0.075360
v -0.091525 0.219071 0.000078
v -0.105952 0.148627 0.049891
v -0.111880 0.132113 0.062891
v -0.118764 0.129536 0.042275
v -0.116433 0.135978 0.037515
v -0.117675 0.139982 0.025264
v -0.073625 0.134163 0.093120
v -0.080392 0.140994 0.084341
v -0.063483 0.133746 0.097289
v -0.083892 0.223898 0.012444
v -0.091525 0.219071 0.000078
v -0.084638 0.226501 0.011447
v -0.117675 0.139982 0.025264
v -0.118428 0.140612 0.016694
v -0.119120 0.145251 0.021458
v -0.071946 0.204649 0.071173
v -0.077903 0.186612 0.084763
v -0.083894 0.183405 0.067057
v -0.072251 0.200104 0.083820
v -0.061083 0.207853 0.084334
v -0.081893 0.174436 0.077584
v -0.100580 0.181144 -0.065408
v -0.116345 0.139929 -0.073265
v -0.111816 0.149050 -0.074814
v -0.125806 0.126072 -0.067340
v -0.112026 0.135854 -0.094840
v -0.110091 0.192666 -0.036859
v -0.108958 0.207428 -0.027834
v -0.106619 0.197670 -0.058772
v -0.111732 0.122083 -0.079799
v -0.078875 0.171483 -0.097393
v -0.119386 0.157727 -0.031287
v -0.116382 0.145638 -0.026821
v -0.102280 0.188815 -0.069360
v -0.095312 0.220111 -0.079566
v -0.080356 0.276347 -0.080386
v -0.075331 0.295403 -0.074692
v -0.061055 0.327902 -0.089421
v -0.044933 0.371234 -0.085267
v -0.022989 0.438673 -0.093137
v -0.007970 0.488323 -0.110927
v -0.059976 0.288014 -0.108749
v -0.040238 0.349635 -0.111340
v -0.081823 0.179400 -0.106471
v -0.028789 0.372446 -0.112155
v -0.017289 0.420172 -0.111719
v -0.037724 0.332354 -0.120741
v -0.004919 0.478329 -0.119587
v -0.019728 0.369749 -0.119473
v 0.000761 0.496858 -0.110580
v -0.002747 0.496649 -0.107777
v -0.067115 0.170879 -0.120147
v -0.108200 0.120314 -0.100244
v -0.052767 0.167008 -0.130804
v 0.004463 0.494522 -0.113522
v -0.132834 0.179258 -0.035556
v -0.135980 0.191993 -0.033327
v -0.135635 0.194687 -0.028709
v -0.122752 0.149104 -0.019134
v -0.133944 0.168805 -0.028065
v -0.103960 0.137299 -0.015559
v -0.108864 0.140529 -0.004084
v -0.121679 0.118641 -0.052748
v -0.105391 0.130123 -0.015400
v -0.103710 0.165695 0.004744
v -0.104452 0.182131 0.004192
v -0.112366 0.116913 -0.000760
v -0.117672 0.090399 0.029291
v -0.117808 0.074090 0.052498
v -0.111909 0.070265 0.066713
v -0.122398 0.114808 0.047397
v -0.122600 0.096739 0.073345
v -0.125767 0.123199 0.020182
v -0.121587 0.083842 0.064610
v -0.118428 0.140612 0.016694
v -0.119120 0.145251 0.021458
v -0.113413 0.161522 0.024918
v -0.110793 0.186015 0.023206
v -0.112119 0.180491 0.031544
v -0.098570 0.199661 0.011612
v -0.056208 0.135729 0.103730
v -0.063496 0.139851 0.106703
v -0.044555 0.137340 0.104618
v -0.038883 0.152013 0.121413
v -0.024741 0.162051 0.121553
v -0.037354 0.139203 0.103647
v -0.029435 0.145683 0.101780
v -0.028447 0.151165 0.086386
v 0.002226 0.159899 0.105305
v -0.057244 0.159567 0.108680
v -0.031695 0.177673 0.107285
v -0.031041 0.181891 0.096579
v -0.026116 0.165321 0.117596
v -0.002869 0.177237 0.104534
v -0.079664 0.161234 0.092730
v -0.085323 0.158184 0.087312
v -0.072764 0.149176 0.102461
v -0.038606 0.156047 0.118461
v -0.023161 0.196256 0.092756
v -0.023326 0.188616 0.093088
v -0.059309 0.188295 0.098943
v -0.049759 0.168037 0.098187
v -0.071515 0.187165 0.092069
v -0.030415 0.221529 0.070386
v -0.022270 0.229288 0.067539
v -0.037995 0.230228 0.066084
v -0.040210 0.213742 0.075360
v -0.027973 0.216268 0.068324
v -0.017283 0.216357 0.067291
v -0.047258 0.204586 0.093215
v -0.061083 0.207853 0.084334
v -0.061366 0.211943 0.060038
v -0.071946 0.204649 0.071173
v -0.072251 0.200104 0.083820
v -0.010318 0.216047 0.106232
v 0.007926 0.217650 0.090522
v 0.009642 0.220121 0.106133
v -0.003779 0.215652 0.086811
v 0.009586 0.218008 0.118726
v 0.021678 0.216231 0.105082
v 0.003766 0.221414 0.085376
v -0.004463 0.200470 0.125055
v -0.013987 0.207841 0.116465
v 0.008439 0.204540 0.127315
v 0.021537 0.212531 0.117935
v 0.033286 0.272891 0.070576
v 0.027664 0.262730 0.074749
v -0.020288 0.255113 0.076878
v 0.036884 0.252571 0.079188
v -0.028663 0.245876 0.077599
v -0.054870 0.246468 0.070147
v 0.015860 0.220466 0.089149
v 0.067549 0.234428 0.074954
v 0.068410 0.242613 0.072770
v -0.005929 0.219158 0.087511
v -0.057686 0.234989 0.070109
v -0.013487 0.287247 0.074721
v 0.038463 0.287973 0.074381
v -0.031338 0.277232 0.069840
v 0.057917 0.277795 0.070542
v 0.042041 0.275526 0.073298
v -0.049589 0.272166 0.064564
v 0.071067 0.265348 0.063431
v 0.083470 0.260654 0.056739
v 0.077879 0.258015 0.058024
v 0.044855 0.229447 0.072264
v 0.030932 0.215791 0.071109
v 0.078263 0.206713 0.067370
v 0.058011 0.213011 0.077609
v 0.049251 0.219447 0.078560
v 0.100773 0.238466 0.037921
v -0.046161 0.228835 0.067773
v -0.064447 0.215156 0.060881
v -0.027842 0.231683 0.071183
v -0.034860 0.224503 0.074234
v -0.017261 0.214816 0.073020
v 0.040445 0.266498 0.085931
v 0.068367 0.255460 0.081047
v 0.076350 0.249179 0.075149
v 0.031087 0.264405 0.080992
v -0.021360 0.264950 0.082855
v -0.048290 0.260612 0.080483
v -0.028151 0.272485 0.082296
v -0.060216 0.260586 0.072118
v 0.084422 0.205103 0.060556
v 0.075943 0.242323 0.064979
v -0.105602 0.187238 0.036282
v -0.089716 0.201862 0.030685
v -0.081321 0.189901 0.039104
v -0.076460 0.214596 0.025207
v -0.083892 0.223898 0.012444
v -0.089034 0.166244 0.045092
v -0.102962 0.160678 0.043718
v -0.109604 0.189067 -0.011152
v -0.107279 0.181656 -0.021078
v -0.108711 0.191126 -0.009255
v -0.110478 0.172246 -0.024673
v -0.135635 0.194687 -0.028709
v -0.125885 0.208021 -0.023178
v -0.107003 0.161125 -0.012816
v -0.109651 0.158112 -0.005407
v -0.133944 0.168805 -0.028065
v -0.108864 0.140529 -0.004084
v -0.122752 0.149104 -0.019134
v -0.103710 0.165695 0.004744
v -0.104452 0.182131 0.004192
v -0.087621 0.225144 0.014327
v -0.060838 0.256354 0.054262
v -0.078323 0.252396 0.045139
v -0.090864 0.236652 0.023772
v -0.095453 0.215842 0.001996
v -0.076574 0.229656 0.024176
v -0.097669 0.224245 0.003035
v -0.091525 0.219071 0.000078
v -0.084638 0.226501 0.011447
v -0.056196 0.264319 0.055792
v -0.072618 0.234075 0.023526
v -0.076461 0.254910 0.041857
v -0.101879 0.209670 -0.016320
v -0.107729 0.211715 -0.021656
v -0.064047 0.267779 0.052354
v -0.051153 0.275563 0.058903
v -0.076461 0.254910 0.041857
v 0.037211 0.252816 0.074885
v 0.035455 0.267289 0.078274
v 0.038658 0.266768 0.081114
v 0.050014 0.272112 0.067693
v 0.038102 0.271812 0.068561
v 0.030512 0.270647 0.066405
v 0.026313 0.288924 0.071334
v 0.050827 0.279854 0.069078
v -0.013051 0.273840 0.064818
v -0.029744 0.272888 0.064689
v -0.019020 0.273199 0.066097
v -0.037454 0.272032 0.063395
v -0.056196 0.264319 0.055792
v -0.005822 0.288289 0.071448
v -0.069313 0.335232 -0.051004
v -0.112107 0.212925 -0.021277
v -0.061742 0.346374 -0.037352
v -0.012257 0.490828 -0.106635
v -0.044887 0.384276 -0.083997
v -0.080361 0.257347 0.042916
v -0.036316 0.401051 -0.045680
v -0.052625 0.306331 0.033790
v -0.036785 0.372533 -0.027045
v -0.019860 0.425954 -0.046819
v -0.066837 0.268606 0.055329
v -0.049666 0.330382 0.011152
v -0.103281 0.233580 -0.060869
v -0.112520 0.203974 -0.037948
v -0.110026 0.195647 -0.061630
v -0.060879 0.333493 -0.096847
v -0.002676 0.500506 -0.098960
v -0.051800 0.296559 0.043784
v -0.030885 0.399699 -0.109415
v -0.011105 0.476459 -0.120305
v -0.018375 0.434580 -0.113946
v -0.091280 0.206559 -0.097975
v -0.069011 0.263573 -0.112535
v -0.042320 0.353984 -0.112943
v -0.031670 0.358368 -0.000465
v -0.027690 0.368687 -0.012552
v -0.001829 0.484780 -0.079246
v -0.085443 0.176269 -0.107008
v -0.014068 0.404117 -0.025028
v 0.001536 0.500707 -0.112342
v -0.014596 0.381514 -0.014957
v -0.130497 0.135617 -0.052529
v -0.122375 0.137839 -0.070899
v -0.129246 0.123019 -0.068577
v -0.118362 0.132593 -0.077645
v -0.115499 0.120589 -0.080782
v -0.113274 0.174400 -0.049182
v -0.104254 0.183828 -0.067451
v -0.117430 0.170332 -0.038784
v -0.134095 0.175921 -0.038667
v -0.120744 0.161191 -0.036491
v -0.122603 0.214095 -0.023469
v -0.127812 0.212332 -0.027208
v -0.127376 0.211983 -0.021939
v -0.112107 0.212925 -0.021277
v -0.118743 0.161576 -0.038712
v -0.122238 0.152983 -0.033325
v -0.112520 0.203974 -0.037948
v -0.099105 0.180599 -0.073708
v -0.081872 0.148358 -0.111073
v -0.102928 0.120400 -0.106701
v -0.088437 0.115963 -0.104036
v -0.114984 0.120459 -0.099282
v -0.120023 0.136297 -0.090011
v -0.081897 0.115804 -0.120777
v -0.092301 0.139074 -0.103715
v -0.074187 0.165911 -0.107761
v -0.081197 0.171005 -0.101217
v -0.101784 0.160401 -0.084110
v -0.120807 0.139594 -0.081188
v -0.112799 0.137616 -0.099051
v -0.140198 0.188046 -0.035653
v -0.136258 0.201060 -0.034283
v -0.120807 0.139594 -0.081188
v -0.120023 0.136297 -0.090011
v -0.112799 0.137616 -0.099051
v 0.008439 0.204540 0.127315
v 0.021537 0.212531 0.117935
v 0.029104 0.197630 0.112618
v 0.015876 0.179950 0.103950
v 0.006820 0.189480 0.122768
v 0.032437 0.188910 0.093865
v -0.002869 0.177237 0.104534
v -0.006047 0.187624 0.115168
v 0.003795 0.173660 0.095883
v -0.001260 0.162286 0.102259
v 0.019737 0.157767 0.096949
v 0.025927 0.158409 0.096439
v 0.034599 0.155503 0.081782
v 0.038695 0.155135 0.080649
v 0.011216 0.161293 0.100610
v -0.055775 0.136985 0.097950
v -0.053820 0.138787 0.099370
v -0.058499 0.142628 0.105245
v -0.026116 0.165321 0.117596
v -0.038606 0.156047 0.118461
v -0.040398 0.140562 0.099850
v -0.028758 0.153905 0.103888
v -0.032139 0.148151 0.099226
v -0.029590 0.155289 0.082272
v -0.007481 0.159862 0.097006
v -0.040398 0.140562 0.099850
v -0.032475 0.141862 0.098372
v -0.053820 0.138787 0.099370
v -0.032139 0.148151 0.099226
v -0.032139 0.148151 0.099226
v -0.032475 0.141862 0.098372
v -0.028758 0.153905 0.103888
v -0.031513 0.152785 0.082699
v -0.029590 0.155289 0.082272
v -0.015932 0.185093 0.105674
v -0.032297 0.180466 0.110935
v -0.007118 0.180294 0.109758
v -0.029762 0.172923 0.118593
v -0.032461 0.166031 0.122031
v 0.010962 0.129474 0.106590
v -0.011690 0.131521 0.103572
v 0.004460 0.127564 0.103626
v -0.010702 0.134090 0.101938
v -0.010776 0.136527 0.101264
v -0.018650 0.137817 0.097524
v 0.013896 0.127634 0.107571
v 0.024449 0.136994 0.099095
v 0.031347 0.138214 0.096297
v 0.024193 0.137208 0.101076
v 0.020706 0.136581 0.101114
v 0.024193 0.137208 0.101076
v 0.025078 0.138342 0.092302
v 0.024449 0.136994 0.099095
v 0.010962 0.129474 0.106590
v 0.020706 0.136581 0.101114
v -0.010328 0.135659 0.106326
v -0.010328 0.135659 0.106326
v -0.010702 0.134090 0.101938
v 0.010962 0.129474 0.106590
v -0.010702 0.134090 0.101938
v -0.010776 0.136527 0.101264
v -0.010328 0.135659 0.106326
v -0.007481 0.159862 0.097006
v 0.006233 0.154396 0.100977
v -0.005088 0.142229 0.092853
v -0.029590 0.155289 0.082272
v 0.024218 0.142183 0.089257
v 0.019737 0.157767 0.096949
v 0.034599 0.155503 0.081782
v -0.031513 0.152785 0.082699
v -0.029590 0.155289 0.082272
v -0.019433 0.140507 0.089898
v 0.011856 0.137440 0.093793
v -0.005088 0.142229 0.092853
v 0.024218 0.142183 0.089257
v 0.033048 0.143501 0.084047
v 0.039633 0.152318 0.080022
v 0.038695 0.155135 0.080649
v 0.034599 0.155503 0.081782
v -0.022270 0.229288 0.067539
v -0.017283 0.216357 0.067291
v -0.037995 0.230228 0.066084
v -0.059796 0.215476 0.058827
v -0.055453 0.236256 0.067001
v -0.026339 0.245777 0.074008
v -0.003335 0.229014 0.080539
v -0.027973 0.216268 0.068324
v -0.030415 0.221529 0.070386
v 0.030982 0.240330 0.077665
v 0.037211 0.252816 0.074885
v 0.006758 0.227338 0.083303
v 0.013911 0.221950 0.084300
v 0.003766 0.221414 0.085376
v 0.000072 0.233015 0.081354
v 0.030512 0.270647 0.066405
v -0.016555 0.247268 0.076009
v -0.013051 0.273840 0.064818
v 0.000645 0.225634 0.082769
v -0.019020 0.273199 0.066097
v 0.052258 0.219266 0.070403
v 0.054095 0.210265 0.074763
v 0.045445 0.209426 0.078171
v 0.077363 0.206830 0.062311
v 0.073849 0.224767 0.065918
v 0.030961 0.215542 0.066228
v -0.047288 0.265134 0.075759
v -0.053175 0.252345 0.070280
v 0.060448 0.259253 0.079895
v 0.038658 0.266768 0.081114
v 0.074465 0.253816 0.071837
v 0.071881 0.243983 0.064831
v -0.054231 0.246687 0.065190
v -0.043042 0.248363 0.069695
v -0.023406 0.270005 0.078480
v 0.009682 0.497780 -0.103924
v 0.010573 0.496894 -0.107729
v 0.000761 0.496858 -0.110580
v -0.002747 0.496649 -0.107777
v -0.015523 0.357436 0.007207
v -0.005822 0.288289 0.071448
v -0.051153 0.275563 0.058903
v -0.021280 0.375685 -0.020431
v 0.011053 0.371012 -0.003347
v -0.013917 0.414766 -0.037076
v -0.004367 0.461991 -0.068852
v 0.007724 0.410704 -0.026383
v 0.004796 0.490763 -0.087931
v -0.002976 0.493346 -0.095275
v 0.015556 0.358983 0.014467
v 0.026313 0.288924 0.071334
v -0.064047 0.267779 0.052354
v 0.020953 0.444242 -0.054501
v -0.029722 0.399648 -0.042233
v -0.050321 0.340386 -0.008589
v -0.059156 0.287102 0.035857
v -0.069291 0.266993 0.044348
v 0.033097 0.312822 0.050729
v 0.038433 0.368267 -0.008158
v 0.031000 0.408416 -0.030004
v -0.044361 0.366413 -0.042858
v -0.055127 0.346743 -0.031655
v 0.050827 0.279854 0.069078
v 0.029393 0.379052 -0.007991
v 0.033626 0.351919 0.021859
v 0.051012 0.368252 -0.012271
v 0.062416 0.342857 0.006027
v 0.038463 0.287973 0.074381
v 0.026422 0.450538 -0.057389
v 0.027046 0.412029 -0.025486
v 0.007518 0.496707 -0.089427
v 0.057917 0.277795 0.070542
v 0.054606 0.399495 -0.040710
v 0.019877 0.493684 -0.101692
v 0.100783 0.250844 0.040386
v 0.083470 0.260654 0.056739
v 0.035143 0.460577 -0.087648
v 0.086835 0.328238 -0.024166
v 0.051169 0.416284 -0.060015
v 0.062881 0.391380 -0.051823
v 0.075249 0.354941 -0.045302
v 0.095894 0.306967 -0.021605
v 0.110201 0.261460 -0.003577
v 0.115810 0.235510 0.014171
v 0.010608 0.501651 -0.103438
v 0.010556 0.356664 0.022755
v 0.004795 0.416670 -0.025574
v -0.013487 0.287247 0.074721
v -0.001829 0.484780 -0.079246
v -0.014596 0.381514 -0.014957
v -0.002676 0.500506 -0.098960
v -0.014068 0.404117 -0.025028
v -0.031670 0.358368 -0.000465
v -0.027690 0.368687 -0.012552
v -0.019860 0.425954 -0.046819
v -0.049589 0.272166 0.064564
v -0.052625 0.306331 0.033790
v -0.051800 0.296559 0.043784
v -0.066837 0.268606 0.055329
v -0.049666 0.330382 0.011152
v -0.036785 0.372533 -0.027045
v 0.012948 0.494027 -0.116115
v 0.001536 0.500707 -0.112342
v 0.010608 0.501651 -0.103438
v 0.019877 0.493684 -0.101692
v -0.002676 0.500506 -0.098960
v 0.024945 -0.470036 -0.146278
v -0.104723 -0.445801 -0.135881
v -0.131415 -0.458551 -0.130989
v 0.069165 -0.486026 -0.141969
v -0.030632 -0.448131 -0.141073
v -0.059056 -0.446031 -0.139179
v 0.117670 -0.450676 -0.133745
v 0.095899 -0.446956 -0.136802
v 0.035398 -0.447663 -0.142550
v 0.113770 -0.482150 -0.134575
v 0.124657 -0.472714 -0.132299
v -0.121387 -0.488524 -0.129268
v -0.030666 -0.490730 -0.139140
v 0.107841 -0.488232 -0.133906
v -0.166704 -0.470840 -0.112574
v -0.146626 -0.490784 -0.118027
v 0.031355 -0.491112 -0.140597
v -0.172653 -0.451862 -0.106818
v -0.149118 -0.439454 -0.117798
v -0.178699 -0.468311 -0.101203
v 0.138060 -0.490485 -0.118103
v 0.148591 -0.488287 -0.111551
v -0.179830 -0.489342 -0.093052
v -0.156518 -0.437440 -0.110538
v -0.189737 -0.477730 -0.083882
v -0.094687 -0.493056 -0.127468
v -0.141025 -0.493485 -0.115126
v -0.030666 -0.490730 -0.139140
v -0.146626 -0.490784 -0.118027
v -0.121387 -0.488524 -0.129268
v 0.031355 -0.491112 -0.140597
v -0.207498 -0.493194 -0.028269
v -0.179830 -0.489342 -0.093052
v -0.169825 -0.493565 -0.096325
v -0.146626 -0.490784 -0.118027
v -0.141025 -0.493485 -0.115126
v -0.191623 -0.486020 -0.077494
v -0.189737 -0.477730 -0.083882
v -0.123448 -0.495003 -0.012113
v -0.125148 -0.490926 0.000323
v -0.128467 -0.492169 -0.006952
v -0.129870 -0.490972 -0.001527
v -0.127325 -0.492149 -0.006859
v -0.130279 -0.493113 -0.010397
v -0.130279 -0.493113 -0.010397
v -0.123448 -0.495003 -0.012113
v -0.121908 -0.492719 -0.012432
v -0.090927 -0.371724 -0.103084
v -0.065762 -0.373539 -0.097999
v -0.045192 -0.362154 -0.088836
v -0.058159 -0.348373 -0.094830
v -0.042679 -0.348389 -0.084035
v -0.048159 -0.406585 -0.089829
v -0.073384 -0.414099 -0.108358
v -0.054010 -0.413135 -0.100119
v -0.104211 -0.413939 -0.107694
v -0.047555 -0.424540 -0.092870
v -0.110283 -0.372133 -0.099139
v -0.087507 -0.426286 -0.109929
v -0.093732 -0.343853 -0.105493
v -0.090546 -0.303054 -0.110845
v -0.063741 -0.343594 -0.101877
v -0.134843 -0.355769 -0.087958
v -0.149853 -0.300511 -0.083020
v -0.137319 -0.383022 -0.085097
v -0.146210 -0.341489 -0.078646
v -0.138209 -0.413263 -0.088441
v -0.152896 -0.346071 -0.068746
v -0.146316 -0.368799 -0.072661
v -0.124018 -0.426312 -0.098699
v -0.052270 -0.302268 -0.099060
v -0.145700 -0.420846 -0.077913
v -0.154267 -0.416472 -0.070331
v -0.134012 -0.422876 -0.089049
v -0.018574 -0.370302 -0.024240
v -0.021613 -0.410503 -0.033722
v -0.022335 -0.407141 -0.024495
v -0.026391 -0.418143 -0.061668
v -0.019532 -0.342871 -0.057113
v -0.007424 -0.302646 -0.041475
v -0.010517 -0.342080 -0.023746
v -0.011540 -0.302032 -0.045780
v -0.030754 -0.304684 -0.080239
v -0.002894 -0.317784 -0.027299
v -0.037766 -0.342906 -0.084408
v -0.045192 -0.362154 -0.088836
v -0.047555 -0.424540 -0.092870
v -0.002732 -0.318587 -0.022611
v -0.048159 -0.406585 -0.089829
v -0.042679 -0.348389 -0.084035
v -0.038412 -0.424081 -0.084949
v -0.054010 -0.413135 -0.100119
v -0.063741 -0.343594 -0.101877
v -0.019014 -0.296644 -0.049500
v -0.050906 -0.298501 -0.089111
v -0.052270 -0.302268 -0.099060
v -0.070612 -0.295078 -0.098601
v -0.058159 -0.348373 -0.094830
v -0.086843 -0.298201 -0.102166
v -0.101587 -0.349185 -0.105893
v -0.063493 -0.349847 -0.102131
v -0.082303 -0.362085 -0.109007
v -0.064592 -0.361285 -0.104865
v -0.117123 -0.360367 -0.103234
v -0.140509 -0.354679 -0.088338
v -0.141318 -0.347890 -0.086052
v -0.151359 -0.351598 -0.077368
v -0.078815 -0.294799 -0.105715
v -0.065971 -0.296052 -0.103269
v -0.114260 -0.294767 -0.101826
v -0.152151 -0.294194 -0.075484
v -0.040029 -0.296584 -0.083916
v -0.014333 -0.298695 -0.051181
v -0.010492 -0.300250 -0.050016
v -0.054887 -0.302138 -0.106137
v -0.140325 -0.298822 -0.095606
v -0.089727 -0.301420 -0.114546
v -0.165634 -0.298877 -0.069338
v -0.120835 -0.322866 -0.104499
v -0.130113 -0.306021 -0.102647
v -0.126274 -0.342626 -0.098807
v -0.101587 -0.349185 -0.105893
v -0.089727 -0.301420 -0.114546
v -0.077593 -0.345051 -0.109219
v -0.141318 -0.347890 -0.086052
v -0.140325 -0.298822 -0.095606
v -0.117123 -0.360367 -0.103234
v -0.140509 -0.354679 -0.088338
v -0.082303 -0.362085 -0.109007
v -0.128868 -0.382626 -0.097278
v -0.132282 -0.404620 -0.093840
v -0.079960 -0.372427 -0.106261
v -0.073694 -0.404994 -0.107343
v -0.122947 -0.416761 -0.105138
v -0.088946 -0.416926 -0.114127
v -0.108945 -0.423140 -0.109298
v -0.063411 -0.412266 -0.109498
v -0.070182 -0.423554 -0.111193
v -0.064592 -0.361285 -0.104865
v -0.063184 -0.422825 -0.108838
v -0.133229 -0.422570 -0.096205
v -0.052484 -0.404145 -0.097811
v 0.002386 -0.229776 -0.094619
v 0.012097 -0.268160 -0.062190
v 0.010282 -0.299458 -0.041794
v 0.003918 -0.315721 -0.027661
v -0.007424 -0.302646 -0.041475
v -0.035391 -0.193909 -0.134672
v -0.035477 -0.268176 -0.089194
v -0.002894 -0.317784 -0.027299
v -0.019014 -0.296644 -0.049500
v 0.001057 -0.316155 -0.025985
v -0.067693 -0.288110 -0.103043
v -0.070612 -0.295078 -0.098601
v -0.078752 -0.271086 -0.105031
v -0.105256 -0.285590 -0.106181
v 0.002193 -0.190548 -0.124959
v -0.114618 -0.199136 -0.127782
v -0.128959 -0.271817 -0.097008
v 0.022343 -0.296723 -0.048032
v -0.152214 -0.199998 -0.105589
v -0.132704 -0.282642 -0.096199
v 0.069257 -0.197935 -0.142385
v 0.128903 -0.198784 -0.125090
v 0.099049 -0.222073 -0.129502
v 0.054540 -0.217443 -0.131802
v 0.100202 -0.270290 -0.111847
v 0.066909 -0.289145 -0.101994
v 0.119756 -0.295032 -0.092529
v 0.085939 -0.299002 -0.100597
v 0.020862 -0.217477 -0.116795
v -0.139306 -0.273802 -0.089029
v -0.154109 -0.203091 -0.099970
v -0.137677 -0.296282 -0.082357
v -0.146848 -0.286432 -0.082688
v 0.150963 -0.215590 -0.102346
v 0.048681 -0.298544 -0.085785
v 0.151344 -0.272646 -0.073635
v 0.159062 -0.203245 -0.099807
v 0.009561 -0.322223 -0.028379
v 0.091977 -0.299327 -0.101494
v 0.151235 -0.283238 -0.074377
v 0.131864 -0.296682 -0.084851
v -0.112254 -0.297945 -0.098358
v -0.086843 -0.298201 -0.102166
v -0.002732 -0.318587 -0.022611
v 0.003158 -0.316128 -0.022282
v 0.001057 -0.316155 -0.025985
v 0.003918 -0.315721 -0.027661
v -0.123448 -0.495003 -0.012113
v -0.121908 -0.492719 -0.012432
v -0.125148 -0.490926 0.000323
v -0.125798 -0.488166 0.000221
v -0.018423 -0.407763 -0.023546
v -0.010381 -0.355778 -0.021918
v -0.019158 -0.358950 -0.060893
v -0.025157 -0.417750 -0.069638
v -0.000290 -0.322217 -0.022712
v -0.019436 -0.414261 -0.051559
v -0.010492 -0.300250 -0.050016
v 0.001562 -0.320692 -0.024729
v -0.014333 -0.298695 -0.051181
v -0.040029 -0.296584 -0.083916
v -0.017365 -0.267442 -0.081183
v -0.005848 -0.269936 -0.065767
v 0.001301 -0.196913 -0.121639
v -0.021180 -0.198257 -0.131160
v -0.065971 -0.296052 -0.103269
v -0.074652 -0.279683 -0.109731
v -0.077948 -0.270214 -0.108973
v -0.078815 -0.294799 -0.105715
v -0.093729 -0.284834 -0.111377
v -0.078497 -0.200246 -0.140389
v 0.010004 -0.271761 -0.063703
v 0.012601 -0.297356 -0.047457
v -0.115957 -0.270926 -0.107026
v 0.003495 -0.319626 -0.029490
v -0.111652 -0.202586 -0.131088
v 0.006774 -0.195788 -0.124628
v -0.036948 -0.344252 -0.088825
v -0.023046 -0.308635 -0.077473
v -0.054887 -0.302138 -0.106137
v -0.077593 -0.345051 -0.109219
v -0.044904 -0.359814 -0.094181
v -0.064592 -0.361285 -0.104865
v -0.052484 -0.404145 -0.097811
v -0.073694 -0.404994 -0.107343
v -0.063493 -0.349847 -0.102131
v -0.079960 -0.372427 -0.106261
v -0.063184 -0.422825 -0.108838
v -0.063411 -0.412266 -0.109498
v -0.089727 -0.301420 -0.114546
v -0.101587 -0.349185 -0.105893
v -0.043205 -0.487200 -0.011691
v -0.053016 -0.487237 -0.011758
v -0.042944 -0.486987 -0.021706
v -0.054983 -0.486787 -0.021746
v -0.053016 -0.487237 -0.011758
v -0.043205 -0.487200 -0.011691
v -0.043740 -0.484831 -0.012378
v -0.053016 -0.487237 -0.011758
v -0.054983 -0.486787 -0.021746
v -0.043740 -0.484831 -0.012378
v -0.047563 -0.485575 -0.024226
v -0.047563 -0.485575 -0.024226
v -0.042944 -0.486987 -0.021706
v -0.054983 -0.486787 -0.021746
v -0.042944 -0.486987 -0.021706
v -0.047563 -0.485575 -0.024226
v -0.043740 -0.484831 -0.012378
v -0.043205 -0.487200 -0.011691
v -0.042944 -0.486987 -0.021706
v -0.043740 -0.484831 -0.012378
v -0.183356 -0.137260 -0.090081
v -0.209583 -0.188406 -0.062794
v -0.213367 -0.173351 -0.031973
v -0.188678 -0.120765 -0.039188
v -0.168139 -0.106894 -0.084574
v -0.218476 -0.187019 -0.000458
v -0.215876 -0.191984 -0.033734
v -0.194732 -0.191470 -0.096198
v -0.133196 -0.102777 -0.121576
v -0.130386 -0.131512 -0.139342
v -0.118446 -0.104037 -0.131171
v -0.142014 -0.180054 -0.146377
v -0.167942 -0.190106 -0.127624
v -0.147510 -0.190399 -0.142856
v -0.132810 -0.188047 -0.152274
v 0.166112 -0.106278 -0.082371
v 0.149034 -0.105814 -0.105738
v 0.138314 -0.101795 -0.116908
v 0.161129 -0.128319 -0.110988
v 0.174990 -0.151119 -0.105732
v 0.173048 -0.156130 -0.111026
v 0.190267 -0.189452 -0.097888
v 0.161239 -0.190191 -0.133865
v -0.076437 -0.140201 -0.162959
v -0.062555 -0.101208 -0.150987
v 0.062079 -0.128617 -0.164218
v -0.118446 -0.104037 -0.131171
v -0.066738 -0.185893 -0.178510
v -0.130386 -0.131512 -0.139342
v 0.070547 -0.185133 -0.181238
v 0.025090 -0.186636 -0.187000
v -0.033461 -0.187384 -0.184774
v 0.118430 -0.184059 -0.164846
v 0.022000 -0.100433 -0.156986
v -0.142014 -0.180054 -0.146377
v 0.106807 -0.188002 -0.169666
v 0.109860 -0.100525 -0.136809
v -0.132810 -0.188047 -0.152274
v -0.114939 -0.188500 -0.160821
v 0.042306 -0.098713 -0.156548
v 0.129393 -0.049222 -0.126169
v 0.108718 -0.049764 -0.143328
v 0.084754 -0.045197 -0.146123
v 0.046095 -0.047056 -0.158282
v 0.047088 -0.044951 -0.153270
v 0.151894 -0.052585 -0.104337
v 0.137703 -0.054499 -0.126413
v 0.109623 -0.102299 -0.141222
v 0.093171 -0.099171 -0.151612
v 0.130279 -0.103043 -0.129633
v 0.059771 -0.102324 -0.156284
v 0.048665 -0.097090 -0.162706
v 0.039838 -0.097982 -0.163928
v 0.028681 -0.102319 -0.160518
v -0.067238 -0.097178 -0.160321
v -0.084402 -0.102262 -0.149970
v -0.101958 -0.102566 -0.143670
v -0.108668 -0.097057 -0.145976
v -0.125371 -0.098010 -0.137539
v -0.136154 -0.099567 -0.128780
v -0.137535 -0.103531 -0.123774
v -0.032013 -0.045971 -0.154987
v -0.047187 -0.044596 -0.152382
v -0.078867 -0.047080 -0.151260
v -0.086466 -0.045014 -0.142319
v 0.021184 -0.045280 -0.155440
v 0.046095 -0.047056 -0.158282
v 0.047088 -0.044951 -0.153270
v -0.134047 -0.049225 -0.118278
v 0.011144 -0.049129 -0.163727
v -0.017236 -0.049061 -0.163276
v 0.035976 -0.048768 -0.161324
v -0.064171 -0.043304 -0.148223
v -0.056667 -0.050074 -0.160089
v -0.033292 -0.067930 -0.162601
v -0.017236 -0.049061 -0.163276
v 0.011144 -0.049129 -0.163727
v -0.078867 -0.047080 -0.151260
v -0.133781 -0.072303 -0.125996
v -0.165471 -0.071874 -0.094990
v -0.161611 -0.095647 -0.106631
v -0.134047 -0.049225 -0.118278
v -0.146002 -0.051101 -0.109328
v -0.127943 0.013923 -0.123703
v -0.059486 0.088836 -0.121732
v -0.044041 -0.039973 -0.150760
v -0.030749 -0.030462 -0.151511
v -0.064171 -0.043304 -0.148223
v -0.062071 -0.026431 -0.146814
v -0.125261 0.062807 -0.114341
v -0.131812 0.023863 -0.119698
v -0.137868 0.005868 -0.118100
v -0.136946 0.069435 -0.107651
v -0.153629 0.075253 -0.095733
v -0.125365 0.095517 -0.094480
v -0.156253 -0.053723 -0.099314
v -0.004798 0.076166 -0.134881
v -0.134508 -0.060180 -0.127223
v -0.019869 0.047164 -0.142684
v -0.022367 0.032181 -0.145949
v 0.008022 0.043741 -0.145139
v -0.177410 0.037993 -0.102832
v -0.178160 0.019678 -0.106959
v -0.153043 0.019489 -0.105516
v -0.135162 -0.087691 -0.130202
v -0.125371 -0.098010 -0.137539
v -0.136154 -0.099567 -0.128780
v -0.108668 -0.097057 -0.145976
v -0.067238 -0.097178 -0.160321
v -0.149525 0.035394 -0.109729
v -0.114740 -0.059968 -0.139622
v -0.087529 0.109606 -0.098549
v -0.188498 0.016476 -0.102655
v -0.179978 -0.099412 -0.080178
v -0.182328 -0.112486 -0.068193
v -0.178979 -0.112301 -0.075618
v -0.187323 -0.128882 -0.081361
v -0.005517 -0.088247 -0.168774
v -0.168045 -0.108640 -0.093216
v -0.145016 -0.075895 -0.116515
v -0.106914 0.110929 -0.087158
v -0.182274 -0.063411 -0.076712
v -0.194002 -0.055665 -0.086718
v -0.209196 -0.048906 -0.090414
v -0.015483 -0.019360 -0.152016
v 0.006932 -0.024820 -0.152965
v 0.062499 -0.004369 -0.150497
v 0.086789 -0.007547 -0.146071
v 0.096570 -0.012107 -0.144031
v 0.062813 -0.036671 -0.149971
v 0.084754 -0.045197 -0.146123
v 0.015468 0.031963 -0.147776
v 0.047088 -0.044951 -0.153270
v -0.032013 -0.045971 -0.154987
v -0.047187 -0.044596 -0.152382
v -0.132804 -0.009367 -0.122908
v -0.006126 0.029567 -0.147516
v -0.137535 -0.103531 -0.123774
v -0.120614 -0.105171 -0.135186
v -0.101958 -0.102566 -0.143670
v -0.083995 -0.185231 -0.177975
v -0.143835 -0.151163 -0.142921
v -0.156905 -0.189274 -0.141824
v -0.182481 -0.184947 -0.119758
v -0.178701 -0.155495 -0.115439
v -0.203455 -0.177627 -0.085654
v -0.194817 -0.188951 -0.104078
v -0.212825 -0.188445 -0.065885
v -0.146349 -0.171228 -0.146242
v -0.160669 -0.159032 -0.133193
v -0.185402 -0.133617 -0.091816
v -0.120062 -0.153231 -0.155625
v -0.053997 -0.133099 -0.168612
v -0.084402 -0.102262 -0.149970
v 0.056421 -0.149117 -0.177079
v 0.059771 -0.102324 -0.156284
v 0.028681 -0.102319 -0.160518
v 0.068670 -0.177365 -0.184487
v 0.091836 -0.181400 -0.179194
v -0.019076 -0.134062 -0.173355
v -0.095391 -0.165493 -0.169114
v 0.021184 -0.045280 -0.155440
v -0.033715 0.054274 -0.138853
v 0.014184 -0.183982 -0.191909
v -0.078170 0.001624 -0.141328
v -0.140242 -0.113738 -0.127999
v -0.157239 -0.057455 -0.105625
v -0.017793 -0.073509 -0.164181
v 0.030111 -0.183424 -0.191002
v -0.025598 0.006295 -0.149775
v -0.092204 -0.105758 -0.148012
v -0.199050 -0.154345 -0.079573
v -0.087816 -0.072181 -0.149833
v -0.081798 -0.176846 -0.177162
v -0.185132 -0.079480 -0.063369
v -0.183358 -0.068607 -0.072148
v -0.133688 -0.136019 -0.144200
v 0.078503 -0.036728 -0.147309
v -0.174130 -0.005345 -0.103317
v -0.061846 -0.088689 -0.162903
v -0.075119 -0.043033 -0.144978
v -0.026406 -0.092230 -0.168360
v -0.208262 -0.076300 -0.056049
v -0.209157 -0.064029 -0.076268
v 0.086963 -0.041881 -0.144989
v 0.098545 -0.026315 -0.143255
v -0.175391 -0.057550 -0.081772
v -0.189553 -0.116403 -0.050701
v -0.171564 -0.148601 -0.120100
v 0.039838 -0.097982 -0.163928
v -0.061331 -0.185575 -0.184150
v -0.191828 -0.111748 -0.052028
v 0.012077 -0.067962 -0.163797
v 0.040172 -0.068897 -0.161040
v 0.048538 -0.051699 -0.160865
v 0.106047 -0.057596 -0.147339
v 0.108718 -0.049764 -0.143328
v 0.137703 -0.054499 -0.126413
v 0.093171 -0.099171 -0.151612
v 0.114733 -0.093479 -0.145225
v -0.086466 -0.045014 -0.142319
v 0.048665 -0.097090 -0.162706
v -0.157617 -0.007487 -0.095295
v 0.128220 -0.097493 -0.136680
v 0.046095 -0.047056 -0.158282
v -0.107835 0.065038 -0.119159
v -0.060692 -0.149072 -0.173336
v 0.035976 -0.048768 -0.161324
v 0.007453 0.014242 -0.150515
v -0.102378 -0.060366 -0.145612
v -0.193450 -0.019876 -0.101568
v -0.163244 -0.146906 -0.127931
v -0.196353 -0.087694 -0.036628
v -0.141473 -0.029689 -0.115206
v -0.056667 -0.050074 -0.160089
v -0.033292 -0.067930 -0.162601
v -0.017236 -0.049061 -0.163276
v -0.078867 -0.047080 -0.151260
v 0.012077 -0.067962 -0.163797
v -0.005517 -0.088247 -0.168774
v -0.017793 -0.073509 -0.164181
v -0.026406 -0.092230 -0.168360
v 0.012077 -0.067962 -0.163797
v 0.011144 -0.049129 -0.163727
v 0.035976 -0.048768 -0.161324
v 0.040172 -0.068897 -0.161040
v 0.048538 -0.051699 -0.160865
v -0.156253 -0.053723 -0.099314
v -0.146002 -0.051101 -0.109328
v -0.157239 -0.057455 -0.105625
v -0.145016 -0.075895 -0.116515
v -0.133781 -0.072303 -0.125996
v -0.135162 -0.087691 -0.130202
v -0.114740 -0.059968 -0.139622
v -0.134508 -0.060180 -0.127223
v -0.137868 0.005868 -0.118100
v -0.131812 0.023863 -0.119698
v -0.127943 0.013923 -0.123703
v -0.132804 -0.009367 -0.122908
v -0.125261 0.062807 -0.114341
v -0.136946 0.069435 -0.107651
v -0.107835 0.065038 -0.119159
v -0.153043 0.019489 -0.105516
v -0.157617 -0.007487 -0.095295
v -0.174130 -0.005345 -0.103317
v -0.149525 0.035394 -0.109729
v -0.078170 0.001624 -0.141328
v -0.062071 -0.026431 -0.146814
v -0.075119 -0.043033 -0.144978
v -0.022367 0.032181 -0.145949
v -0.019869 0.047164 -0.142684
v -0.006126 0.029567 -0.147516
v -0.033715 0.054274 -0.138853
v -0.025598 0.006295 -0.149775
v -0.030749 -0.030462 -0.151511
v -0.015483 -0.019360 -0.152016
v 0.006932 -0.024820 -0.152965
v 0.021184 -0.045280 -0.155440
v -0.032013 -0.045971 -0.154987
v -0.006126 0.029567 -0.147516
v 0.015468 0.031963 -0.147776
v 0.007453 0.014242 -0.150515
v 0.008022 0.043741 -0.145139
v -0.064171 -0.043304 -0.148223
v -0.044041 -0.039973 -0.150760
v -0.047187 -0.044596 -0.152382
v -0.075119 -0.043033 -0.144978
v -0.064171 -0.043304 -0.148223
v -0.086466 -0.045014 -0.142319
v -0.092204 -0.105758 -0.148012
v -0.101958 -0.102566 -0.143670
v -0.084402 -0.102262 -0.149970
v -0.060692 -0.149072 -0.173336
v -0.081798 -0.176846 -0.177162
v -0.095391 -0.165493 -0.169114
v -0.083995 -0.185231 -0.177975
v -0.081798 -0.176846 -0.177162
v -0.061331 -0.185575 -0.184150
v -0.133688 -0.136019 -0.144200
v -0.143835 -0.151163 -0.142921
v -0.163244 -0.146906 -0.127931
v -0.120614 -0.105171 -0.135186
v -0.133688 -0.136019 -0.144200
v -0.140242 -0.113738 -0.127999
v -0.185402 -0.133617 -0.091816
v -0.187323 -0.128882 -0.081361
v -0.178979 -0.112301 -0.075618
v -0.168045 -0.108640 -0.093216
v -0.183358 -0.068607 -0.072148
v -0.182274 -0.063411 -0.076712
v -0.209157 -0.064029 -0.076268
v -0.194002 -0.055665 -0.086718
v -0.209196 -0.048906 -0.090414
v -0.175391 -0.057550 -0.081772
v -0.011129 0.079579 -0.131188
v -0.010948 0.084260 -0.140272
v -0.042316 0.089538 -0.123309
v -0.056914 0.090821 -0.119341
v -0.070509 0.097386 -0.111871
v -0.048525 0.098138 -0.135042
v -0.035033 0.095811 -0.135599
v -0.075313 0.107661 -0.118917
v -0.018823 0.076279 -0.128632
v -0.059272 0.109756 -0.129218
v -0.084962 0.117171 -0.101771
v -0.084467 0.109732 -0.095647
v -0.075313 0.107661 -0.118917
v -0.070509 0.097386 -0.111871
v -0.094099 0.146858 -0.095032
v -0.078918 0.147211 -0.108533
v -0.059272 0.109756 -0.129218
v -0.066137 0.125477 -0.124231
v -0.078875 0.171483 -0.097393
v -0.100580 0.181144 -0.065408
v -0.055129 0.164160 -0.114381
v -0.032115 0.112988 -0.141914
v -0.111816 0.149050 -0.074814
v -0.048525 0.098138 -0.135042
v -0.018466 0.159601 -0.129897
v -0.112026 0.135854 -0.094840
v -0.103938 0.130277 -0.102670
v -0.001637 0.156084 -0.132976
v -0.010948 0.106367 -0.148421
v -0.015579 0.126415 -0.140554
v -0.002011 0.118748 -0.148323
v -0.108200 0.120314 -0.100244
v -0.090382 0.026064 -0.131842
v -0.036926 0.015950 -0.143355
v -0.002734 -0.022316 -0.148688
v 0.011432 -0.040867 -0.149866
v 0.015596 -0.015868 -0.148858
v 0.023264 0.005297 -0.148000
v -0.018823 0.076279 -0.128632
v 0.043891 0.019258 -0.144891
v -0.001302 0.075026 -0.130744
v -0.176210 0.027589 -0.102473
v -0.137790 0.069952 -0.102702
v -0.129210 -0.021712 -0.120097
v -0.150514 0.023896 -0.102822
v -0.067135 -0.047352 -0.145415
v -0.164177 0.021252 -0.104069
v -0.216300 -0.033692 -0.083931
v -0.042316 0.089538 -0.123309
v -0.144886 -0.053541 -0.105573
v -0.208788 -0.045360 -0.087506
v -0.189660 -0.032485 -0.095199
v -0.186493 0.028875 -0.094305
v 0.042235 -0.044108 -0.148963
v -0.056914 0.090821 -0.119341
v -0.153873 0.000885 -0.094159
v -0.171040 -0.047196 -0.082383
v -0.101713 0.110446 -0.085352
v -0.168073 -0.062640 -0.084157
v -0.026885 -0.049825 -0.153387
v -0.220874 -0.046337 -0.077329
v -0.152589 0.080450 -0.085432
v -0.122800 0.101005 -0.084093
v -0.170635 0.069468 -0.078393
v -0.183887 -0.074756 -0.060968
v -0.143438 -0.057156 -0.113833
v -0.085725 -0.094886 -0.151320
v -0.049172 -0.094222 -0.161481
v -0.082013 -0.050550 -0.147990
v -0.038361 -0.054244 -0.159734
v -0.127247 -0.095383 -0.132428
v -0.004634 -0.053057 -0.161801
v 0.010006 -0.092410 -0.164228
v -0.153681 -0.098153 -0.108916
v 0.055434 -0.050890 -0.155040
v 0.094086 -0.052415 -0.146928
v 0.105976 -0.070508 -0.140734
v 0.092481 -0.096172 -0.148857
v 0.119236 -0.091458 -0.138537
v 0.123582 -0.068452 -0.131162
v -0.178736 -0.104913 -0.073221
v -0.186531 -0.107929 -0.057065
v -0.192397 -0.082569 -0.042027
v -0.185097 -0.093484 -0.054103
v 0.137439 -0.097032 -0.124072
v 0.101047 -0.049053 -0.137487
v 0.117771 -0.050274 -0.129545
v 0.094086 -0.052415 -0.146928
v 0.055434 -0.050890 -0.155040
v 0.042235 -0.044108 -0.148963
v -0.004634 -0.053057 -0.161801
v -0.026885 -0.049825 -0.153387
v -0.082013 -0.050550 -0.147990
v -0.067135 -0.047352 -0.145415
v -0.143438 -0.057156 -0.113833
v -0.144886 -0.053541 -0.105573
v -0.111732 0.122083 -0.079799
v -0.120143 0.117242 -0.065446
v -0.125806 0.126072 -0.067340
v -0.084467 0.109732 -0.095647
v -0.084962 0.117171 -0.101771
v -0.101713 0.110446 -0.085352
v -0.121608 0.116534 -0.059822
v -0.108200 0.120314 -0.100244
v -0.121679 0.118641 -0.052748
v -0.118446 -0.104037 -0.131171
v -0.088356 -0.100569 -0.144749
v -0.076061 -0.099975 -0.148224
v -0.062555 -0.101208 -0.150987
v -0.133196 -0.102777 -0.121576
v -0.062555 -0.101208 -0.150987
v -0.054234 -0.098393 -0.154593
v -0.076061 -0.099975 -0.148224
v 0.022000 -0.100433 -0.156986
v -0.133196 -0.102777 -0.121576
v -0.153681 -0.098153 -0.108916
v -0.168139 -0.106894 -0.084574
v -0.178736 -0.104913 -0.073221
v -0.088356 -0.100569 -0.144749
v -0.085725 -0.094886 -0.151320
v -0.127247 -0.095383 -0.132428
v -0.049172 -0.094222 -0.161481
v -0.085725 -0.094886 -0.151320
v 0.138314 -0.101795 -0.116908
v 0.183839 -0.113922 -0.045119
v 0.181072 -0.106032 -0.058908
v 0.166112 -0.106278 -0.082371
v 0.164644 -0.100478 -0.090682
v 0.137439 -0.097032 -0.124072
v 0.109860 -0.100525 -0.136809
v 0.092481 -0.096172 -0.148857
v 0.022000 -0.100433 -0.156986
v 0.042306 -0.098713 -0.156548
v -0.054234 -0.098393 -0.154593
v -0.076061 -0.099975 -0.148224
v -0.088356 -0.100569 -0.144749
v 0.010006 -0.092410 -0.164228
v -0.122238 0.152983 -0.033325
v -0.130497 0.135617 -0.052529
v -0.124210 0.123315 -0.047362
v -0.110261 0.138491 -0.017124
v -0.107747 0.134933 -0.015877
v -0.125744 0.117272 -0.063829
v -0.126641 0.118704 -0.055991
v -0.129246 0.123019 -0.068577
v -0.113274 0.174400 -0.049182
v -0.112977 0.135853 -0.006183
v -0.114984 0.120459 -0.099282
v -0.088437 0.115963 -0.104036
v -0.115499 0.120589 -0.080782
v -0.106914 0.110929 -0.087158
v -0.129246 0.123019 -0.068577
v -0.118362 0.132593 -0.077645
v -0.125744 0.117272 -0.063829
v -0.122375 0.137839 -0.070899
v -0.120807 0.139594 -0.081188
v -0.120023 0.136297 -0.090011
v -0.056233 0.097886 -0.132544
v -0.063358 0.108262 -0.131506
v -0.081897 0.115804 -0.120777
v -0.059486 0.088836 -0.121732
v -0.046080 0.103293 -0.142306
v -0.087529 0.109606 -0.098549
v -0.004798 0.076166 -0.134881
v -0.009135 0.086720 -0.147576
v -0.029876 0.098194 -0.142324
v -0.014415 0.096815 -0.150644
v -0.021134 0.120209 -0.145450
v -0.117430 0.170332 -0.038784
v -0.118743 0.161576 -0.038712
v -0.120744 0.161191 -0.036491
v -0.122238 0.152983 -0.033325
v -0.137287 0.165938 -0.028404
v -0.126102 0.146897 -0.019262
v -0.140198 0.188046 -0.035653
v -0.134095 0.175921 -0.038667
v -0.110261 0.138491 -0.017124
v -0.112202 0.138424 -0.009961
v -0.112977 0.135853 -0.006183
v -0.122719 0.209949 -0.024965
v -0.108958 0.207428 -0.027834
v -0.128994 0.202599 -0.033089
v -0.110091 0.192666 -0.036859
v -0.135980 0.191993 -0.033327
v -0.132834 0.179258 -0.035556
v -0.119386 0.157727 -0.031287
v -0.122719 0.209949 -0.024965
v -0.108958 0.207428 -0.027834
v -0.125885 0.208021 -0.023178
v -0.106826 0.208154 -0.020225
v -0.108711 0.191126 -0.009255
v -0.135980 0.191993 -0.033327
v -0.128994 0.202599 -0.033089
v -0.125885 0.208021 -0.023178
v -0.135635 0.194687 -0.028709
v -0.122719 0.209949 -0.024965
v -0.010847 0.167569 -0.150819
v -0.017744 0.339442 -0.135120
v -0.048662 0.253154 -0.131526
v 0.002436 0.424739 -0.125714
v 0.010712 0.341816 -0.139285
v 0.004363 0.465204 -0.127729
v 0.015762 0.272544 -0.147236
v -0.029765 0.161769 -0.144595
v -0.052631 0.165697 -0.135500
v -0.011105 0.476459 -0.120305
v 0.027462 0.166606 -0.149682
v -0.018375 0.434580 -0.113946
v -0.069011 0.263573 -0.112535
v -0.042320 0.353984 -0.112943
v -0.030885 0.399699 -0.109415
v -0.091280 0.206559 -0.097975
v 0.010107 0.160997 -0.148802
v 0.026691 0.400396 -0.124629
v 0.040093 0.308452 -0.135613
v 0.044217 0.341246 -0.130501
v 0.001536 0.500707 -0.112342
v 0.020079 0.459568 -0.122857
v 0.056642 0.246534 -0.135752
v 0.062004 0.171013 -0.135867
v 0.012948 0.494027 -0.116115
v -0.085443 0.176269 -0.107008
v -0.099105 0.180599 -0.073708
v -0.081197 0.171005 -0.101217
v -0.085443 0.176269 -0.107008
v -0.104254 0.183828 -0.067451
v -0.067586 0.165713 -0.119513
v -0.073254 0.167797 -0.109072
v -0.052631 0.165697 -0.135500
v -0.029765 0.161769 -0.144595
v -0.110026 0.195647 -0.061630
v -0.112520 0.203974 -0.037948
v -0.073254 0.167797 -0.109072
v -0.074187 0.165911 -0.107761
v -0.045331 0.161112 -0.123302
v -0.081197 0.171005 -0.101217
v -0.008162 0.121365 -0.150589
v -0.021134 0.120209 -0.145450
v -0.046080 0.103293 -0.142306
v -0.068359 0.127105 -0.127199
v -0.081872 0.148358 -0.111073
v -0.081897 0.115804 -0.120777
v -0.063358 0.108262 -0.131506
v -0.014415 0.096815 -0.150644
v -0.029876 0.098194 -0.142324
v -0.056233 0.097886 -0.132544
v -0.032549 0.159491 -0.130283
v 0.025318 0.157732 -0.135108
v 0.012001 0.097842 -0.150570
v -0.009135 0.086720 -0.147576
v 0.032728 0.120639 -0.140930
v 0.035941 0.108109 -0.146897
v 0.037481 0.099331 -0.145131
v 0.055452 0.103434 -0.136316
v 0.063835 0.147490 -0.121322
v 0.081386 0.147570 -0.113463
v 0.085981 0.126157 -0.120757
v 0.080488 0.166789 -0.108044
v 0.073075 0.121289 -0.133232
v 0.025471 0.084731 -0.140935
v 0.056530 0.091513 -0.132348
v 0.070119 0.108262 -0.133797
v -0.111356 0.162586 -0.010181
v -0.113291 0.161627 -0.008626
v -0.107093 0.170215 -0.014648
v -0.113500 0.159984 -0.004117
v -0.116873 0.193883 -0.012940
v -0.109604 0.189067 -0.011152
v -0.109651 0.158112 -0.005407
v -0.107003 0.161125 -0.012816
v 0.044125 0.163151 -0.125107
v 0.079275 0.168952 -0.104548
v 0.097539 0.179480 -0.096621
v 0.081202 0.174726 -0.116828
v 0.105761 0.178890 -0.072311
v 0.112800 0.190409 -0.054799
v 0.113523 0.193940 -0.063381
v 0.026607 0.167824 -0.145957
v -0.005982 0.167029 -0.147248
v -0.032837 0.164760 -0.140440
v -0.018466 0.159601 -0.129897
v 0.005873 0.161065 -0.134996
v -0.067115 0.170879 -0.120147
v -0.052767 0.167008 -0.130804
v -0.102280 0.188815 -0.069360
v -0.055129 0.164160 -0.114381
v -0.078875 0.171483 -0.097393
v 0.008871 0.327047 -0.137804
v -0.005982 0.167029 -0.147248
v -0.028112 0.222346 -0.140781
v -0.020946 0.323091 -0.133442
v 0.000880 0.425422 -0.121368
v -0.019728 0.369749 -0.119473
v 0.000791 0.459153 -0.123901
v -0.004919 0.478329 -0.119587
v 0.021766 0.280862 -0.141528
v 0.026607 0.167824 -0.145957
v -0.032837 0.164760 -0.140440
v -0.028789 0.372446 -0.112155
v -0.037724 0.332354 -0.120741
v -0.017289 0.420172 -0.111719
v -0.052767 0.167008 -0.130804
v -0.081823 0.179400 -0.106471
v -0.040238 0.349635 -0.111340
v -0.059976 0.288014 -0.108749
v 0.004463 0.494522 -0.113522
v 0.031255 0.346641 -0.130873
v 0.010584 0.494159 -0.112103
v 0.020323 0.453205 -0.118868
v 0.035756 0.387031 -0.117200
v 0.048903 0.347220 -0.121442
v 0.059550 0.271543 -0.125628
v 0.072881 0.205022 -0.123460
v 0.081202 0.174726 -0.116828
v 0.025318 0.157732 -0.135108
v 0.080488 0.166789 -0.108044
v -0.032549 0.159491 -0.130283
v -0.045331 0.161112 -0.123302
v -0.067586 0.165713 -0.119513
v -0.073254 0.167797 -0.109072
v 0.027462 0.166606 -0.149682
v 0.010107 0.160997 -0.148802
v -0.029765 0.161769 -0.144595
v 0.075382 0.172628 -0.127052
v 0.099688 0.179839 -0.101666
v 0.062004 0.171013 -0.135867
v 0.101940 0.174475 -0.086086
v 0.116186 0.188480 -0.056581
v 0.116982 0.192284 -0.064440
v 0.114860 0.134488 -0.103873
v 0.125524 0.136392 -0.091846
v 0.105548 0.158766 -0.088197
v 0.116358 0.157724 -0.075381
v 0.081386 0.147570 -0.113463
v 0.101940 0.174475 -0.086086
v 0.080488 0.166789 -0.108044
v 0.085981 0.126157 -0.120757
v 0.091613 0.133331 -0.104529
v 0.113345 0.116283 -0.105874
v 0.093440 0.117643 -0.102737
v 0.073075 0.121289 -0.133232
v 0.070119 0.108262 -0.133797
v 0.087501 0.113496 -0.118275
v 0.105583 0.118853 -0.107874
v 0.143632 0.118729 0.023742
v 0.136314 0.086502 0.048842
v 0.138689 0.108271 0.031698
v 0.125802 0.078134 0.051712
v 0.128801 0.105134 0.010958
v 0.120924 0.136497 -0.002834
v 0.134678 0.170507 0.024348
v 0.130345 0.179014 0.012217
v 0.118596 0.164210 0.007921
v 0.129351 0.141528 0.019382
v 0.121686 0.176802 0.002861
v 0.121562 0.195993 0.010219
v 0.118549 0.125401 -0.011555
v 0.130427 0.142588 0.040474
v 0.115368 0.133490 -0.013974
v 0.120758 0.127398 -0.025526
v 0.125416 0.122868 -0.030361
v 0.086835 0.328238 -0.024166
v 0.075249 0.354941 -0.045302
v 0.035143 0.460577 -0.087648
v 0.019877 0.493684 -0.101692
v 0.126759 0.123386 -0.035787
v 0.113345 0.116283 -0.105874
v 0.124059 0.113291 -0.077718
v 0.129210 0.126616 -0.066111
v 0.110201 0.261460 -0.003577
v 0.095894 0.306967 -0.021605
v 0.112005 0.244363 -0.057362
v 0.122396 0.215255 -0.018057
v 0.122566 0.206541 -0.031756
v 0.115810 0.235510 0.014171
v 0.122447 0.210316 -0.021370
v 0.121412 0.196307 -0.039328
v 0.116982 0.192284 -0.064440
v 0.116186 0.188480 -0.056581
v 0.131228 0.151851 -0.033432
v 0.135012 0.135401 -0.039815
v 0.125524 0.136392 -0.091846
v 0.116358 0.157724 -0.075381
v 0.101940 0.174475 -0.086086
v 0.105548 0.158766 -0.088197
v 0.123713 0.176773 -0.041170
v 0.062881 0.391380 -0.051823
v 0.073395 0.361965 -0.080663
v 0.047059 0.405326 -0.104554
v 0.097240 0.232652 -0.097458
v 0.059226 0.347356 -0.117101
v 0.086292 0.209846 -0.115551
v 0.099688 0.179839 -0.101666
v 0.012948 0.494027 -0.116115
v 0.020079 0.459568 -0.122857
v 0.075382 0.172628 -0.127052
v 0.044217 0.341246 -0.130501
v 0.056642 0.246534 -0.135752
v 0.026691 0.400396 -0.124629
v 0.062004 0.171013 -0.135867
v 0.040093 0.308452 -0.135613
v 0.051169 0.416284 -0.060015
v 0.123713 0.176773 -0.041170
v 0.131228 0.151851 -0.033432
v 0.139644 0.182827 -0.042439
v 0.121412 0.196307 -0.039328
v 0.147350 0.169045 -0.036771
v 0.122566 0.206541 -0.031756
v 0.149395 0.183542 -0.037103
v 0.142438 0.201609 -0.033884
v 0.149561 0.170255 -0.033856
v 0.125416 0.122868 -0.030361
v 0.126759 0.123386 -0.035787
v 0.195259 0.065919 -0.051181
v 0.120758 0.127398 -0.025526
v 0.112778 0.082579 -0.111876
v 0.118234 0.111265 -0.085633
v 0.102832 0.108775 -0.093262
v 0.117266 0.092433 -0.103500
v 0.124059 0.113291 -0.077718
v 0.157059 0.054504 -0.110149
v 0.138429 0.036588 -0.118361
v 0.156023 0.018252 -0.117132
v 0.128471 -0.012978 -0.129126
v 0.098545 -0.026315 -0.143255
v 0.086963 -0.041881 -0.144989
v 0.084754 -0.045197 -0.146123
v 0.078503 -0.036728 -0.147309
v 0.096570 -0.012107 -0.144031
v 0.111232 0.002311 -0.136776
v 0.161599 0.084971 -0.080107
v 0.090892 0.093535 -0.111538
v 0.103278 0.110258 -0.092733
v 0.089869 0.112028 -0.098095
v 0.086789 -0.007547 -0.146071
v 0.008022 0.043741 -0.145139
v 0.015468 0.031963 -0.147776
v 0.030204 0.055985 -0.139739
v 0.064538 0.089544 -0.121347
v 0.073056 0.057520 -0.133942
v 0.055290 0.054431 -0.138098
v 0.062499 -0.004369 -0.150497
v 0.179667 0.074702 -0.070066
v 0.166431 0.090895 -0.061809
v 0.185257 0.048979 -0.091217
v -0.004798 0.076166 -0.134881
v 0.077476 0.044308 -0.137489
v 0.210846 0.037733 -0.062417
v 0.233228 -0.046530 -0.057976
v 0.240020 -0.026749 -0.035617
v 0.223473 -0.050387 -0.074719
v 0.230837 -0.059101 -0.057278
v 0.235705 -0.051851 -0.048503
v 0.203659 -0.041873 -0.098378
v 0.174659 -0.019879 -0.109908
v 0.172810 -0.008138 -0.112717
v 0.194029 -0.054927 -0.099382
v 0.155154 0.076781 -0.095346
v 0.136178 0.064280 -0.114460
v 0.072121 0.091862 -0.118261
v 0.094871 0.058304 -0.127636
v 0.165276 0.095272 -0.019598
v 0.188328 0.036016 -0.095997
v 0.238456 -0.006057 -0.024515
v 0.192883 0.070079 -0.027702
v 0.217199 -0.045128 -0.084577
v 0.139907 0.023661 -0.114982
v 0.150161 -0.002411 -0.107590
v 0.159393 0.037837 -0.115852
v 0.101610 0.004658 -0.140024
v 0.166233 0.016149 -0.116517
v 0.218903 -0.033414 -0.082940
v 0.218722 -0.058255 -0.078335
v 0.224008 -0.041984 -0.075729
v 0.227818 0.010506 -0.047679
v 0.241010 -0.008179 0.009299
v 0.239170 0.000854 0.005250
v 0.082750 0.052712 -0.133219
v 0.167634 0.035042 -0.112182
v 0.153168 -0.018580 -0.103710
v 0.158136 -0.037265 -0.097280
v 0.151894 -0.052585 -0.104337
v 0.167408 -0.061037 -0.087962
v 0.168916 -0.059778 -0.087747
v 0.171330 -0.068650 -0.082109
v 0.106047 -0.057596 -0.147339
v 0.154338 -0.096205 -0.112162
v 0.128220 -0.097493 -0.136680
v 0.168093 -0.098887 -0.092639
v 0.152711 -0.079033 -0.109855
v 0.184841 -0.106527 -0.060203
v 0.186923 -0.089246 -0.053293
v 0.189348 -0.095736 -0.044665
v 0.192166 -0.097306 -0.033741
v 0.195350 -0.107856 -0.021690
v 0.090142 0.079836 -0.119990
v 0.114733 -0.093479 -0.145225
v 0.082664 0.100289 -0.109417
v 0.137703 -0.054499 -0.126413
v 0.121337 0.112632 -0.083076
v 0.129393 -0.049222 -0.126169
v 0.166431 0.090895 -0.061809
v 0.179667 0.074702 -0.070066
v 0.161599 0.084971 -0.080107
v 0.155154 0.076781 -0.095346
v 0.157059 0.054504 -0.110149
v 0.136178 0.064280 -0.114460
v 0.159393 0.037837 -0.115852
v 0.167634 0.035042 -0.112182
v 0.166233 0.016149 -0.116517
v 0.090892 0.093535 -0.111538
v 0.112778 0.082579 -0.111876
v 0.117266 0.092433 -0.103500
v 0.082664 0.100289 -0.109417
v 0.090892 0.093535 -0.111538
v 0.072121 0.091862 -0.118261
v 0.090142 0.079836 -0.119990
v 0.090142 0.079836 -0.119990
v 0.094871 0.058304 -0.127636
v 0.082750 0.052712 -0.133219
v 0.103278 0.110258 -0.092733
v 0.114713 0.110667 -0.087725
v 0.102832 0.108775 -0.093262
v 0.096570 -0.012107 -0.144031
v 0.101610 0.004658 -0.140024
v 0.086789 -0.007547 -0.146071
v 0.073056 0.057520 -0.133942
v 0.077476 0.044308 -0.137489
v 0.055290 0.054431 -0.138098
v 0.172810 -0.008138 -0.112717
v 0.165686 0.001700 -0.114688
v 0.156023 0.018252 -0.117132
v 0.166233 0.016149 -0.116517
v 0.154338 -0.096205 -0.112162
v 0.152711 -0.079033 -0.109855
v 0.168093 -0.098887 -0.092639
v 0.167408 -0.061037 -0.087962
v 0.161711 -0.043570 -0.094167
v 0.168916 -0.059778 -0.087747
v 0.223473 -0.050387 -0.074719
v 0.217199 -0.045128 -0.084577
v 0.224008 -0.041984 -0.075729
v 0.218722 -0.058255 -0.078335
v -0.010948 0.084260 -0.140272
v -0.010948 0.106367 -0.148421
v 0.009305 0.109464 -0.148792
v -0.002011 0.118748 -0.148323
v -0.035033 0.095811 -0.135599
v -0.032115 0.112988 -0.141914
v -0.048525 0.098138 -0.135042
v -0.015579 0.126415 -0.140554
v 0.063478 0.134321 -0.123831
v 0.085715 0.140278 -0.109541
v 0.083982 0.119041 -0.118298
v -0.001637 0.156084 -0.132976
v 0.099741 0.165973 -0.084745
v 0.092800 0.136404 -0.098273
v 0.114435 0.140994 -0.093325
v 0.115297 0.129991 -0.100371
v 0.039335 0.103089 -0.141727
v 0.066543 0.109637 -0.131898
v 0.023583 0.088032 -0.139093
v 0.079275 0.168952 -0.104548
v 0.076526 0.105816 -0.120286
v 0.051122 0.094935 -0.131356
v 0.105761 0.178890 -0.072311
v 0.044125 0.163151 -0.125107
v -0.018466 0.159601 -0.129897
v 0.114445 0.117580 -0.099287
v 0.005873 0.161065 -0.134996
v 0.106773 0.115707 -0.102452
v 0.092413 0.117875 -0.097924
v 0.092134 0.114031 -0.092392
v 0.092450 0.019483 -0.135662
v 0.110144 0.054088 -0.119954
v 0.043891 0.019258 -0.144891
v 0.153393 0.052445 -0.108515
v -0.001302 0.075026 -0.130744
v 0.170979 0.009357 -0.111367
v 0.061812 0.090706 -0.118099
v 0.079474 0.099381 -0.106813
v 0.042235 -0.044108 -0.148963
v 0.011432 -0.040867 -0.149866
v 0.015596 -0.015868 -0.148858
v 0.023264 0.005297 -0.148000
v 0.138470 0.036346 -0.114331
v -0.002734 -0.022316 -0.148688
v 0.198772 -0.026502 -0.097448
v 0.197436 -0.046074 -0.096890
v 0.130798 -0.017754 -0.122727
v 0.101047 -0.049053 -0.137487
v 0.117771 -0.050274 -0.129545
v 0.158367 -0.027039 -0.096566
v 0.198198 0.024864 -0.085840
v -0.018823 0.076279 -0.128632
v 0.085508 0.111737 -0.096036
v 0.119332 0.110628 -0.077349
v 0.186441 0.048388 -0.083626
v 0.160542 -0.048004 -0.087563
v 0.170011 -0.065038 -0.079856
v 0.033191 0.086714 -0.127689
v 0.224846 -0.039059 -0.067503
v 0.207020 -0.060506 -0.083558
v 0.123582 -0.068452 -0.131162
v 0.119236 -0.091458 -0.138537
v 0.137439 -0.097032 -0.124072
v 0.094086 -0.052415 -0.146928
v 0.105976 -0.070508 -0.140734
v 0.138290 -0.057253 -0.121162
v 0.164644 -0.100478 -0.090682
v 0.224616 -0.000716 -0.056819
v 0.170346 0.076539 -0.072894
v 0.188217 -0.088023 -0.045244
v 0.231181 -0.039685 -0.053923
v 0.181072 -0.106032 -0.058908
v -0.011129 0.079579 -0.131188
v 0.210457 0.032101 -0.058268
v 0.186535 -0.108087 -0.043322
v 0.227356 -0.063899 -0.050158
v 0.226776 0.004471 -0.044583
v 0.189701 -0.108743 -0.031649
v 0.190405 -0.071104 -0.078866
v 0.189219 -0.054012 -0.095605
v 0.193052 -0.060643 -0.090848
v 0.105612 0.253847 -0.057765
v 0.065079 0.367141 -0.089115
v 0.046111 0.420648 -0.075381
v 0.020544 0.484098 -0.101978
v 0.103487 0.272650 -0.019748
v 0.073350 0.351597 -0.051750
v 0.090793 0.311085 -0.025206
v 0.081343 0.295383 -0.094297
v 0.115936 0.228413 -0.001535
v 0.113523 0.193940 -0.063381
v 0.020323 0.453205 -0.118868
v 0.010584 0.494159 -0.112103
v 0.048903 0.347220 -0.121442
v 0.059550 0.271543 -0.125628
v 0.072881 0.205022 -0.123460
v 0.035756 0.387031 -0.117200
v 0.097539 0.179480 -0.096621
v 0.081202 0.174726 -0.116828
v 0.116754 0.186203 -0.039720
v 0.112800 0.190409 -0.054799
v 0.127114 0.154865 -0.032722
v 0.105761 0.178890 -0.072311
v 0.125742 0.128091 -0.064009
v 0.131080 0.135197 -0.040708
v 0.099741 0.165973 -0.084745
v 0.119350 0.205843 -0.021059
v 0.123700 0.135650 -0.086039
v 0.115297 0.129991 -0.100371
v 0.117779 0.209819 -0.020888
v 0.121244 0.112896 -0.073097
v 0.120656 0.116054 -0.078307
v 0.010573 0.496894 -0.107729
v 0.114435 0.140994 -0.093325
v 0.114780 0.225101 0.005422
v 0.114445 0.117580 -0.099287
v 0.111150 0.214800 0.001132
v 0.131837 0.163821 0.025081
v 0.117377 0.176832 0.001909
v 0.121646 0.182927 0.036280
v 0.100483 0.222468 0.021264
v 0.126115 0.138922 0.018458
v 0.126996 0.138508 0.040968
v 0.115980 0.141066 -0.002262
v 0.113529 0.164687 0.007454
v 0.139703 0.118344 0.023765
v 0.121238 0.119254 0.002104
v 0.111545 0.136319 -0.016059
v 0.121722 0.113382 0.003613
v 0.124271 0.120820 -0.041153
v 0.009682 0.497780 -0.103924
v 0.125325 0.145448 -0.022229
v 0.141681 0.161545 -0.029981
v 0.143807 0.165000 -0.028045
v 0.130908 0.146894 -0.014883
v 0.106773 0.115707 -0.102452
v 0.092134 0.114031 -0.092392
v 0.114445 0.117580 -0.099287
v 0.120656 0.116054 -0.078307
v 0.092134 0.114031 -0.092392
v 0.085508 0.111737 -0.096036
v 0.092413 0.117875 -0.097924
v 0.119332 0.110628 -0.077349
v 0.092800 0.136404 -0.098273
v 0.121244 0.112896 -0.073097
v 0.120656 0.116054 -0.078307
v 0.083982 0.119041 -0.118298
v 0.085715 0.140278 -0.109541
v 0.076526 0.105816 -0.120286
v 0.066543 0.109637 -0.131898
v 0.061812 0.090706 -0.118099
v 0.079474 0.099381 -0.106813
v 0.051122 0.094935 -0.131356
v 0.033191 0.086714 -0.127689
v 0.023583 0.088032 -0.139093
v 0.039335 0.103089 -0.141727
v -0.011129 0.079579 -0.131188
v -0.010948 0.084260 -0.140272
v 0.138633 0.201635 -0.029570
v 0.139420 0.189598 -0.037946
v 0.146295 0.173773 -0.032389
v 0.141681 0.161545 -0.029981
v 0.143807 0.165000 -0.028045
v 0.000761 0.496858 -0.110580
v 0.004463 0.494522 -0.113522
v 0.010584 0.494159 -0.112103
v 0.010573 0.496894 -0.107729
v 0.025471 0.084731 -0.140935
v -0.009135 0.086720 -0.147576
v 0.012001 0.097842 -0.150570
v -0.004798 0.076166 -0.134881
v 0.056530 0.091513 -0.132348
v 0.037481 0.099331 -0.145131
v 0.070119 0.108262 -0.133797
v 0.087501 0.113496 -0.118275
v 0.064538 0.089544 -0.121347
v 0.089869 0.112028 -0.098095
v 0.091613 0.133331 -0.104529
v 0.093440 0.117643 -0.102737
v 0.114713 0.110667 -0.087725
v 0.102832 0.108775 -0.093262
v 0.118234 0.111265 -0.085633
v 0.121337 0.112632 -0.083076
v 0.124059 0.113291 -0.077718
v 0.105583 0.118853 -0.107874
v 0.089869 0.112028 -0.098095
v 0.103278 0.110258 -0.092733
v 0.093440 0.117643 -0.102737
v 0.113345 0.116283 -0.105874
v 0.154672 -0.410617 0.118810
v 0.113300 -0.415048 0.126001
v 0.138909 -0.420294 0.128227
v 0.183545 -0.418734 0.103788
v 0.123326 -0.429996 0.126247
v 0.153584 -0.434243 0.122544
v 0.178922 -0.433839 0.105606
v 0.160892 -0.373705 0.108156
v 0.138925 -0.370944 0.114462
v 0.113590 -0.382759 0.119301
v 0.177500 -0.381073 0.099374
v 0.186325 -0.430953 0.093885
v 0.102366 -0.420613 0.121823
v 0.138925 -0.370944 0.114462
v 0.118000 -0.365711 0.106625
v 0.114567 -0.360955 0.096565
v 0.113590 -0.382759 0.119301
v 0.155224 -0.360363 0.094332
v 0.146659 -0.357805 0.093415
v 0.160892 -0.373705 0.108156
v 0.089432 -0.359709 0.065097
v 0.102605 -0.356912 0.065384
v 0.107006 -0.351750 0.059700
v 0.071851 -0.359544 0.057950
v 0.075174 -0.370588 0.068052
v 0.099255 -0.360344 0.070964
v 0.054211 -0.306477 0.061979
v 0.066616 -0.304207 0.063475
v 0.076464 -0.306824 0.070407
v 0.039540 -0.306484 0.049784
v 0.009881 -0.305046 -0.005926
v 0.015127 -0.301870 -0.005825
v 0.049344 -0.300969 0.051713
v 0.065047 -0.302075 0.061296
v 0.035034 -0.301995 0.036197
v 0.095784 -0.430230 0.117920
v 0.123326 -0.429996 0.126247
v 0.065466 -0.390402 0.073282
v 0.031381 -0.412162 0.003870
v 0.075008 -0.426261 0.088777
v 0.049308 -0.361425 0.041666
v 0.085489 -0.420039 0.105074
v 0.020032 -0.364855 -0.016555
v 0.031811 -0.322407 0.035183
v 0.009881 -0.305046 -0.005926
v 0.036525 -0.348179 0.033156
v 0.016198 -0.355077 -0.021792
v 0.022658 -0.408813 -0.024838
v 0.005595 -0.318220 -0.023699
v 0.055329 -0.346567 0.053769
v 0.102366 -0.420613 0.121823
v 0.063494 -0.347281 0.058704
v 0.039540 -0.306484 0.049784
v 0.113300 -0.415048 0.126001
v 0.138909 -0.420294 0.128227
v 0.114567 -0.360955 0.096565
v 0.075174 -0.370588 0.068052
v 0.089432 -0.359709 0.065097
v 0.093734 -0.381797 0.106372
v 0.118000 -0.365711 0.106625
v 0.099255 -0.360344 0.070964
v 0.071851 -0.359544 0.057950
v 0.113590 -0.382759 0.119301
v 0.042009 -0.416682 0.040050
v 0.083792 -0.424283 0.110763
v 0.074316 -0.421587 0.096726
v 0.069887 -0.416327 0.091262
v 0.078892 -0.414858 0.103677
v 0.057946 -0.391625 0.069027
v 0.043312 -0.363318 0.040240
v 0.085087 -0.407929 0.108099
v 0.027494 -0.411031 0.005298
v 0.087049 -0.395815 0.110767
v 0.040300 -0.346128 0.045349
v 0.018678 -0.410767 -0.014152
v 0.058102 -0.343305 0.059691
v 0.018684 -0.410391 -0.025171
v 0.065689 -0.358972 0.059539
v 0.062546 -0.420433 0.076343
v 0.012408 -0.349257 -0.021340
v 0.074314 -0.300717 0.067994
v 0.037216 -0.300800 0.046323
v 0.087338 -0.304284 0.074777
v 0.061462 -0.311244 0.070266
v 0.066794 -0.333590 0.061858
v 0.079148 -0.337330 0.063157
v 0.024143 -0.307119 0.035217
v 0.002741 -0.319730 -0.019162
v 0.016606 -0.300572 -0.000278
v 0.018684 -0.410391 -0.025171
v 0.017753 -0.412699 -0.030300
v 0.018678 -0.410767 -0.014152
v 0.083511 -0.423937 0.108179
v 0.078892 -0.414858 0.103677
v 0.074316 -0.421587 0.096726
v 0.100783 -0.421340 0.125565
v 0.096735 -0.424841 0.120887
v 0.025469 -0.355407 -0.052691
v 0.044156 -0.349210 -0.077725
v 0.033354 -0.422077 -0.067505
v 0.054601 -0.405987 -0.088977
v 0.055469 -0.358840 -0.090505
v 0.041621 -0.423526 -0.080424
v 0.016198 -0.355077 -0.021792
v 0.021605 -0.414504 -0.031296
v 0.022658 -0.408813 -0.024838
v 0.055682 -0.415136 -0.096402
v 0.029500 -0.303935 -0.074016
v 0.009561 -0.322223 -0.028379
v 0.049296 -0.305077 -0.096715
v 0.015903 -0.304193 -0.047340
v 0.057040 -0.344836 -0.094505
v 0.005595 -0.318220 -0.023699
v 0.063653 -0.374115 -0.093072
v 0.063907 -0.349804 -0.093166
v 0.020032 -0.364855 -0.016555
v 0.022343 -0.296723 -0.048032
v 0.040693 -0.300325 -0.078415
v 0.048681 -0.298544 -0.085785
v 0.071920 -0.426648 -0.102852
v 0.010282 -0.299458 -0.041794
v 0.003918 -0.315721 -0.027661
v 0.003158 -0.316128 -0.022282
v 0.031381 -0.412162 0.003870
v 0.022658 -0.408813 -0.024838
v 0.021605 -0.414504 -0.031296
v 0.019798 -0.420639 -0.049012
v 0.020321 -0.414529 -0.011523
v 0.033354 -0.422077 -0.067505
v 0.068443 -0.300454 -0.098515
v 0.048681 -0.298544 -0.085785
v 0.040693 -0.300325 -0.078415
v 0.085939 -0.299002 -0.100597
v 0.036525 -0.348179 0.033156
v 0.055329 -0.346567 0.053769
v 0.064707 -0.339632 0.055445
v 0.066204 -0.314768 0.066423
v 0.031811 -0.322407 0.035183
v 0.054211 -0.306477 0.061979
v 0.039540 -0.306484 0.049784
v 0.078283 -0.309866 0.071070
v 0.138034 -0.304139 0.058038
v 0.116547 -0.305910 0.067730
v 0.095023 -0.333525 0.059616
v 0.098118 -0.310038 0.071632
v 0.128383 -0.331660 0.049856
v 0.078283 -0.309866 0.071070
v 0.163895 -0.303869 0.033345
v 0.164940 -0.339628 0.013102
v 0.066204 -0.314768 0.066423
v 0.064707 -0.339632 0.055445
v 0.103546 -0.343103 0.062127
v 0.055329 -0.346567 0.053769
v 0.063494 -0.347281 0.058704
v 0.071851 -0.359544 0.057950
v 0.107006 -0.351750 0.059700
v 0.139909 -0.347890 0.044126
v 0.136573 -0.343330 0.048731
v 0.157910 -0.343746 0.030069
v 0.116547 -0.305910 0.067730
v 0.098118 -0.310038 0.071632
v 0.076464 -0.306824 0.070407
v 0.078283 -0.309866 0.071070
v 0.054211 -0.306477 0.061979
v 0.058102 -0.343305 0.059691
v 0.079148 -0.337330 0.063157
v 0.096962 -0.341548 0.066994
v 0.108705 -0.339792 0.063978
v 0.074924 -0.346254 0.066536
v 0.129317 -0.332881 0.053693
v 0.134923 -0.339648 0.054154
v 0.150085 -0.335349 0.040153
v 0.129317 -0.332881 0.053693
v 0.170398 -0.316068 0.025791
v 0.168503 -0.340010 0.015085
v 0.066794 -0.333590 0.061858
v 0.079148 -0.337330 0.063157
v 0.087338 -0.304284 0.074777
v 0.144153 -0.304741 0.059023
v 0.151219 -0.301169 0.052728
v 0.105945 -0.311300 0.074228
v 0.151288 -0.305965 0.053141
v 0.061462 -0.311244 0.070266
v 0.129791 -0.312144 0.066033
v 0.150085 -0.335349 0.040153
v 0.162518 -0.342189 0.029883
v 0.134923 -0.339648 0.054154
v 0.126160 -0.347332 0.057595
v 0.108705 -0.339792 0.063978
v 0.084863 -0.353805 0.064747
v 0.096962 -0.341548 0.066994
v 0.158774 -0.350505 0.031152
v 0.165762 -0.354903 0.019085
v 0.129791 -0.312144 0.066033
v 0.144153 -0.304741 0.059023
v 0.151288 -0.305965 0.053141
v 0.084863 -0.353805 0.064747
v 0.074924 -0.346254 0.066536
v 0.065689 -0.358972 0.059539
v 0.058102 -0.343305 0.059691
v 0.096962 -0.341548 0.066994
v 0.139909 -0.347890 0.044126
v 0.107006 -0.351750 0.059700
v 0.148870 -0.357451 0.046560
v 0.155994 -0.353986 0.028385
v 0.170556 -0.370651 0.035091
v 0.146659 -0.357805 0.093415
v 0.102605 -0.356912 0.065384
v 0.099255 -0.360344 0.070964
v 0.114567 -0.360955 0.096565
v 0.155224 -0.360363 0.094332
v 0.168509 -0.361743 0.070181
v 0.180863 -0.371031 0.072279
v 0.157458 -0.295679 -0.055289
v 0.131864 -0.296682 -0.084851
v 0.141573 -0.300114 -0.088217
v 0.108949 -0.302386 -0.104655
v 0.091977 -0.299327 -0.101494
v 0.085939 -0.299002 -0.100597
v 0.068443 -0.300454 -0.098515
v 0.072800 -0.302755 -0.105725
v 0.050413 -0.302444 -0.095901
v 0.040693 -0.300325 -0.078415
v 0.029500 -0.303935 -0.074016
v 0.015903 -0.304193 -0.047340
v 0.154424 -0.300959 -0.075609
v 0.166624 -0.294734 -0.010839
v 0.174292 -0.300458 -0.037924
v 0.171596 -0.301104 0.017294
v 0.176975 -0.300640 -0.008173
v 0.103125 -0.300347 0.062928
v 0.130043 -0.300514 0.053974
v 0.116547 -0.305910 0.067730
v 0.076464 -0.306824 0.070407
v 0.066616 -0.304207 0.063475
v 0.138034 -0.304139 0.058038
v 0.156549 -0.300390 0.039732
v 0.154606 -0.296551 0.030843
v 0.168209 -0.292768 0.007912
v 0.155827 -0.294448 0.036413
v 0.143611 -0.296888 0.048516
v 0.114698 -0.299861 0.065847
v 0.098280 -0.300939 0.068341
v 0.087338 -0.304284 0.074777
v 0.074314 -0.300717 0.067994
v 0.158710 -0.294635 0.032243
v 0.171918 -0.293517 -0.032112
v 0.163624 -0.299690 0.039142
v 0.151219 -0.301169 0.052728
v 0.178787 -0.299402 0.005103
v 0.171973 -0.276744 0.004725
v 0.173286 -0.279580 -0.006408
v 0.154606 -0.296551 0.030843
v 0.166624 -0.294734 -0.010839
v 0.187545 -0.209942 0.015066
v 0.190695 -0.206147 -0.026824
v 0.167327 -0.271447 -0.049107
v 0.168976 -0.284847 -0.044055
v 0.146897 -0.246460 0.074727
v 0.131125 -0.259923 0.082052
v 0.166734 -0.212261 0.067222
v 0.157458 -0.295679 -0.055289
v 0.171125 -0.204215 -0.082392
v 0.159062 -0.203245 -0.099807
v 0.151235 -0.283238 -0.074377
v 0.151344 -0.272646 -0.073635
v 0.150963 -0.215590 -0.102346
v 0.145650 -0.293311 -0.072272
v 0.125320 -0.213947 0.103137
v 0.130043 -0.300514 0.053974
v 0.108574 -0.264490 0.089407
v 0.103125 -0.300347 0.062928
v 0.099219 -0.280607 0.077624
v 0.099155 -0.213098 0.111186
v 0.084475 -0.235726 0.102937
v 0.092106 -0.298339 0.064503
v 0.119756 -0.295032 -0.092529
v 0.131864 -0.296682 -0.084851
v 0.119756 -0.295032 -0.092529
v 0.145650 -0.293311 -0.072272
v 0.157458 -0.295679 -0.055289
v 0.168204 -0.364562 -0.023505
v 0.157903 -0.418047 -0.055067
v 0.195255 -0.415954 0.054102
v 0.190418 -0.389959 0.055503
v 0.157630 -0.347801 -0.058805
v 0.138429 -0.414094 -0.084115
v 0.169187 -0.342311 -0.040901
v 0.174292 -0.300458 -0.037924
v 0.154424 -0.300959 -0.075609
v 0.141013 -0.359733 -0.078501
v 0.176975 -0.300640 -0.008173
v 0.139946 -0.342184 -0.081472
v 0.143446 -0.310610 -0.085710
v 0.162452 -0.427812 -0.041336
v 0.184739 -0.427641 0.014995
v 0.125420 -0.418521 -0.096095
v 0.126632 -0.424991 -0.090516
v 0.187854 -0.410002 0.087232
v 0.194555 -0.434152 0.067851
v 0.186325 -0.430953 0.093885
v 0.183545 -0.418734 0.103788
v 0.108221 -0.418420 -0.103932
v 0.178922 -0.433839 0.105606
v 0.103871 -0.425066 -0.102296
v 0.138034 -0.304139 0.058038
v 0.156549 -0.300390 0.039732
v 0.163895 -0.303869 0.033345
v 0.139909 -0.347890 0.044126
v 0.136573 -0.343330 0.048731
v 0.157910 -0.343746 0.030069
v 0.163810 -0.355217 0.013626
v 0.155994 -0.353986 0.028385
v 0.164940 -0.339628 0.013102
v 0.171596 -0.301104 0.017294
v 0.160892 -0.373705 0.108156
v 0.155224 -0.360363 0.094332
v 0.177500 -0.381073 0.099374
v 0.180863 -0.371031 0.072279
v 0.187694 -0.381567 0.076956
v 0.168509 -0.361743 0.070181
v 0.170556 -0.370651 0.035091
v 0.153584 -0.434243 0.122544
v 0.137763 -0.434093 0.130274
v 0.178922 -0.433839 0.105606
v 0.123326 -0.429996 0.126247
v 0.193870 -0.432561 0.032150
v 0.194770 -0.433316 0.000189
v 0.194555 -0.434152 0.067851
v 0.193812 -0.439713 0.104277
v 0.188635 -0.440015 0.116761
v 0.203324 -0.443840 -0.009952
v 0.207514 -0.441999 0.036565
v 0.193534 -0.444770 0.115681
v 0.184739 -0.427641 0.014995
v 0.205926 -0.447927 0.086097
v 0.190284 -0.442966 -0.051443
v 0.146054 -0.484882 0.150099
v 0.173715 -0.483627 0.136215
v 0.146673 -0.453025 0.153682
v 0.193534 -0.444770 0.115681
v 0.181524 -0.490851 0.123482
v 0.139587 -0.450543 0.155365
v 0.174442 -0.442802 0.137087
v 0.188635 -0.440015 0.116761
v 0.210551 -0.457111 0.035553
v 0.190660 -0.460921 -0.058058
v 0.196821 -0.488660 -0.023307
v 0.187826 -0.487572 -0.053395
v 0.204335 -0.489349 0.047796
v 0.203324 -0.443840 -0.009952
v 0.205926 -0.447927 0.086097
v 0.200039 -0.488763 0.088860
v 0.207514 -0.441999 0.036565
v 0.094929 -0.425410 -0.103538
v 0.105138 -0.427764 -0.103589
v 0.103871 -0.425066 -0.102296
v 0.126632 -0.424991 -0.090516
v 0.133613 -0.428200 -0.086847
v 0.162452 -0.427812 -0.041336
v 0.214327 -0.456639 0.031081
v 0.208607 -0.489371 0.064955
v 0.210464 -0.445084 0.006830
v 0.189571 -0.483997 -0.062892
v 0.199825 -0.491370 -0.022620
v 0.197786 -0.444209 -0.046448
v 0.212203 -0.443972 0.061041
v 0.210186 -0.438939 0.030182
v 0.170554 -0.448602 -0.098846
v 0.173912 -0.491859 -0.084106
v 0.153519 -0.492184 -0.109179
v 0.153666 -0.446867 -0.117323
v 0.129776 -0.473356 -0.134145
v 0.133263 -0.491571 -0.125874
v 0.145755 -0.441890 -0.121400
v 0.128800 -0.452855 -0.134461
v 0.120146 -0.462994 -0.138847
v 0.106906 -0.485050 -0.140236
v 0.118748 -0.449254 -0.137311
v 0.176590 -0.446221 0.142472
v 0.185056 -0.456578 0.135590
v 0.183968 -0.487198 0.130727
v 0.206712 -0.483243 0.087640
v 0.201847 -0.489780 0.096476
v 0.205492 -0.445671 0.100408
v 0.182747 -0.497208 -0.050417
v 0.173912 -0.491859 -0.084106
v 0.199825 -0.491370 -0.022620
v 0.153519 -0.492184 -0.109179
v 0.183968 -0.487198 0.130727
v 0.181031 -0.494430 0.127165
v 0.201847 -0.489780 0.096476
v 0.206712 -0.483243 0.087640
v 0.208607 -0.489371 0.064955
v 0.199071 -0.497331 0.030727
v 0.171943 -0.466397 -0.091840
v 0.190660 -0.460921 -0.058058
v 0.187826 -0.487572 -0.053395
v 0.148591 -0.488287 -0.111551
v 0.157903 -0.446747 -0.107183
v 0.190284 -0.442966 -0.051443
v 0.172811 -0.443140 -0.082521
v 0.124657 -0.472714 -0.132299
v 0.203324 -0.443840 -0.009952
v 0.135094 -0.443390 -0.123686
v 0.113770 -0.482150 -0.134575
v 0.173739 -0.489102 -0.078011
v 0.117670 -0.450676 -0.133745
v 0.164712 -0.434999 -0.082167
v 0.140904 -0.438059 -0.115765
v 0.196821 -0.488660 -0.023307
v 0.121405 -0.438790 -0.125536
v 0.198160 -0.493192 0.023258
v 0.197542 -0.493485 0.075973
v 0.181524 -0.490851 0.123482
v 0.173558 -0.492808 0.128381
v 0.196821 -0.488660 -0.023307
v 0.169929 -0.493292 -0.074050
v 0.173739 -0.489102 -0.078011
v 0.148591 -0.488287 -0.111551
v 0.138060 -0.490485 -0.118103
v 0.204335 -0.489349 0.047796
v 0.200039 -0.488763 0.088860
v 0.160782 -0.430389 0.122934
v 0.157158 -0.423770 0.127134
v 0.174567 -0.418879 0.118278
v 0.187257 -0.420601 0.105440
v 0.198294 -0.422918 0.079767
v 0.198063 -0.430490 0.065334
v 0.190236 -0.433883 0.097872
v 0.151288 -0.305965 0.053141
v 0.151219 -0.301169 0.052728
v 0.144153 -0.304741 0.059023
v 0.163624 -0.299690 0.039142
v 0.170398 -0.316068 0.025791
v 0.168503 -0.340010 0.015085
v 0.171910 -0.358086 0.001097
v 0.165762 -0.354903 0.019085
v 0.162518 -0.342189 0.029883
v 0.178787 -0.299402 0.005103
v 0.172628 -0.363790 -0.021138
v 0.162263 -0.418647 -0.055478
v 0.158756 -0.368839 -0.057280
v 0.198699 -0.413896 0.054028
v 0.193799 -0.384444 0.065092
v 0.190841 -0.426970 0.022653
v 0.182625 -0.424478 -0.001705
v 0.138292 -0.412718 -0.090003
v 0.198063 -0.430490 0.065334
v 0.179854 -0.300073 -0.031596
v 0.164266 -0.298744 -0.068697
v 0.148074 -0.298954 -0.087784
v 0.143821 -0.425068 -0.081547
v 0.136334 -0.424566 -0.088677
v 0.136432 -0.365719 -0.086035
v 0.129238 -0.406639 -0.092097
v 0.137083 -0.302204 -0.097381
v 0.198294 -0.422918 0.079767
v 0.130138 -0.349368 -0.090885
v 0.182049 -0.376959 0.032097
v 0.120320 -0.301194 -0.105537
v 0.125640 -0.412721 -0.099229
v 0.171833 -0.366485 0.035911
v 0.170467 -0.377441 0.109951
v 0.189317 -0.378812 0.083866
v 0.177529 -0.408640 0.109117
v 0.180598 -0.365989 0.066139
v 0.187257 -0.420601 0.105440
v 0.174567 -0.418879 0.118278
v 0.176720 -0.280103 -0.002541
v 0.173269 -0.226921 0.050483
v 0.175583 -0.215995 0.053095
v 0.165478 -0.269391 0.039098
v 0.168209 -0.292768 0.007912
v 0.158710 -0.294635 0.032243
v 0.158797 -0.277211 0.041758
v 0.192108 -0.211654 0.012710
v 0.171918 -0.293517 -0.032112
v 0.152542 -0.262277 0.066276
v 0.157379 -0.241894 0.070790
v 0.173233 -0.282015 -0.046511
v 0.180810 -0.233690 -0.059163
v 0.179917 -0.206293 -0.074014
v 0.154400 -0.284228 -0.076797
v 0.160375 -0.206115 -0.102933
v 0.155468 -0.250592 -0.087322
v 0.142374 -0.274418 -0.087456
v 0.142214 -0.294691 -0.082955
v 0.172664 -0.214987 0.066501
v 0.175583 -0.215995 0.053095
v 0.149712 -0.217769 0.085799
v 0.192108 -0.211654 0.012710
v 0.019039 -0.298423 -0.051030
v 0.034828 -0.300521 -0.086020
v 0.011552 -0.301106 -0.046750
v 0.048651 -0.296792 -0.092587
v 0.050302 -0.300783 -0.100638
v 0.043835 -0.296710 -0.087774
v 0.061185 -0.304123 -0.107428
v 0.088076 -0.302201 -0.112128
v 0.122619 -0.295977 -0.097390
v 0.142214 -0.294691 -0.082955
v 0.079852 -0.296815 -0.104639
v 0.120320 -0.301194 -0.105537
v 0.178787 -0.299402 0.005103
v 0.179854 -0.300073 -0.031596
v 0.171918 -0.293517 -0.032112
v 0.164266 -0.298744 -0.068697
v 0.148074 -0.298954 -0.087784
v 0.083169 -0.203917 0.175223
v 0.030033 -0.201274 0.183485
v 0.140884 -0.187450 0.142192
v 0.161951 -0.174294 0.119186
v 0.153476 -0.144495 0.106484
v 0.163528 -0.153633 0.104161
v 0.139748 -0.208504 0.145642
v 0.174083 -0.185657 0.110196
v 0.143227 -0.143914 0.117744
v 0.165493 -0.204963 0.121751
v 0.090344 -0.149501 0.154231
v 0.188872 -0.188864 0.090934
v 0.020270 -0.202284 0.182340
v 0.047419 -0.153710 0.168808
v 0.008031 -0.190240 0.176617
v 0.009222 -0.165028 0.173318
v 0.172368 -0.137656 0.079520
v 0.028625 -0.164290 0.173849
v 0.029844 -0.201598 0.179503
v 0.015443 -0.205392 0.175962
v 0.079007 -0.209471 0.172107
v 0.017612 -0.210301 0.173196
v 0.020057 -0.212414 0.169698
v 0.137126 -0.213386 0.137433
v 0.182730 -0.210388 0.084608
v 0.107048 -0.206542 0.161337
v 0.208322 -0.203445 0.039544
v 0.179847 -0.204962 0.097030
v 0.207107 -0.206501 0.034719
v 0.142480 -0.206232 0.138691
v 0.097968 -0.142744 0.152029
v 0.091105 -0.147596 0.149466
v 0.122749 -0.145097 0.129290
v 0.086312 -0.143318 0.157961
v 0.074320 -0.144942 0.162290
v 0.076514 -0.148196 0.156747
v 0.150242 -0.139593 0.105411
v 0.171247 -0.131966 0.083529
v 0.168245 -0.134870 0.081197
v 0.184660 -0.125333 0.055505
v 0.184058 -0.128097 0.043792
v 0.123507 -0.138667 0.137130
v 0.141125 -0.190379 -0.149683
v 0.161239 -0.190191 -0.133865
v 0.190267 -0.189452 -0.097888
v 0.200075 -0.197750 -0.073944
v 0.118430 -0.184059 -0.164846
v 0.106807 -0.188002 -0.169666
v 0.184115 -0.152800 0.066532
v 0.183931 -0.095361 0.061862
v 0.177839 -0.124015 0.075347
v 0.203989 -0.157710 0.009265
v 0.193979 -0.133562 -0.051220
v 0.190267 -0.189452 -0.097888
v 0.200075 -0.197750 -0.073944
v 0.209736 -0.185314 -0.048714
v 0.209687 -0.174801 -0.026764
v 0.209161 -0.174948 -0.039727
v 0.205450 -0.190854 -0.064781
v 0.208322 -0.203445 0.039544
v 0.195966 -0.186515 0.070110
v 0.185973 -0.181497 0.085431
v 0.157109 -0.162138 0.110848
v 0.179847 -0.204962 0.097030
v 0.164410 -0.092946 0.098859
v 0.142732 -0.109848 0.120921
v 0.142590 -0.127767 0.121712
v 0.171247 -0.131966 0.083529
v 0.123507 -0.138667 0.137130
v 0.212466 -0.192021 0.001775
v 0.204626 -0.156681 -0.014233
v 0.166112 -0.106278 -0.082371
v 0.181939 -0.155007 -0.096641
v 0.192221 -0.093454 -0.010890
v 0.189701 -0.108743 -0.031649
v 0.188217 -0.088023 -0.045244
v 0.161179 -0.186309 0.118719
v 0.168528 -0.198836 0.112804
v 0.169656 -0.152565 0.088551
v 0.184058 -0.128097 0.043792
v 0.188338 -0.117435 -0.023854
v 0.208180 -0.173010 0.010470
v 0.188595 -0.164303 0.070254
v 0.192515 -0.113149 -0.004991
v 0.149034 -0.105814 -0.105738
v 0.161129 -0.128319 -0.110988
v 0.174990 -0.151119 -0.105732
v 0.207107 -0.206501 0.034719
v 0.173048 -0.156130 -0.111026
v 0.121121 -0.103815 0.140254
v 0.158129 -0.091472 0.104507
v 0.212528 -0.198640 -0.023019
v 0.177940 -0.128836 -0.083991
v 0.210316 -0.200420 -0.035507
v 0.210173 -0.204326 -0.000285
v 0.206568 -0.170964 -0.049799
v 0.200698 -0.170399 0.048203
v 0.142480 -0.206232 0.138691
v 0.183839 -0.113922 -0.045119
v 0.186535 -0.108087 -0.043322
v 0.181072 -0.106032 -0.058908
v 0.168245 -0.134870 0.081197
v 0.186925 -0.123413 0.047748
v 0.204824 -0.160156 -0.042111
v 0.192716 -0.175977 0.070576
v 0.184660 -0.125333 0.055505
v 0.203989 -0.157710 0.009265
v 0.204626 -0.156681 -0.014233
v 0.208180 -0.173010 0.010470
v 0.209687 -0.174801 -0.026764
v 0.204626 -0.156681 -0.014233
v 0.209161 -0.174948 -0.039727
v 0.204824 -0.160156 -0.042111
v 0.208180 -0.173010 0.010470
v 0.212466 -0.192021 0.001775
v 0.212528 -0.198640 -0.023019
v 0.210173 -0.204326 -0.000285
v 0.210316 -0.200420 -0.035507
v 0.188338 -0.117435 -0.023854
v 0.192515 -0.113149 -0.004991
v 0.189701 -0.108743 -0.031649
v 0.186535 -0.108087 -0.043322
v 0.200698 -0.170399 0.048203
v 0.188595 -0.164303 0.070254
v 0.192716 -0.175977 0.070576
v 0.195966 -0.186515 0.070110
v 0.192716 -0.175977 0.070576
v 0.185973 -0.181497 0.085431
v 0.184115 -0.152800 0.066532
v 0.188595 -0.164303 0.070254
v 0.169656 -0.152565 0.088551
v 0.157109 -0.162138 0.110848
v 0.140900 -0.148566 0.114957
v 0.150242 -0.139593 0.105411
v 0.168245 -0.134870 0.081197
v 0.122749 -0.145097 0.129290
v 0.209736 -0.185314 -0.048714
v 0.206568 -0.170964 -0.049799
v 0.205450 -0.190854 -0.064781
v 0.177940 -0.128836 -0.083991
v 0.181939 -0.155007 -0.096641
v 0.174990 -0.151119 -0.105732
v 0.173048 -0.156130 -0.111026
v 0.177839 -0.124015 0.075347
v 0.171247 -0.131966 0.083529
v 0.184660 -0.125333 0.055505
v 0.086260 0.042626 0.115952
v 0.104963 0.061400 0.089368
v 0.089537 0.059511 0.109024
v 0.103527 0.070383 0.105901
v 0.099112 0.071560 0.119081
v 0.114463 0.079744 0.102179
v 0.091361 0.068566 0.125009
v 0.088490 0.060611 0.135013
v 0.110157 0.073137 0.074817
v 0.123936 0.091067 0.079606
v 0.133818 0.096225 0.069041
v 0.139303 0.104122 0.050805
v 0.113874 0.098817 0.092653
v 0.095434 0.084467 0.124572
v 0.121238 0.119254 0.002104
v 0.135191 0.093012 0.045578
v 0.135509 0.111032 0.031918
v 0.121722 0.113382 0.003613
v 0.124086 0.098311 0.027763
v 0.139703 0.118344 0.023765
v 0.137087 0.111684 0.056510
v 0.124781 0.138688 0.047821
v 0.039455 0.020150 0.145560
v 0.048484 0.028473 0.138167
v 0.033237 0.012954 0.149803
v 0.053132 0.040781 0.134329
v 0.011839 0.005157 0.171482
v 0.009426 -0.007409 0.165011
v 0.075255 0.047802 0.123092
v 0.055542 0.033950 0.132312
v 0.057782 0.049719 0.146579
v 0.077591 0.062829 0.136280
v 0.049030 0.055225 0.157636
v 0.029579 0.026370 0.161430
v 0.019639 0.023391 0.164918
v 0.026996 0.033988 0.161119
v 0.060085 0.080410 0.149855
v 0.069978 0.064247 0.145864
v 0.041810 0.083353 0.155022
v 0.073881 0.087797 0.142344
v 0.057009 0.096128 0.144487
v 0.100773 0.238466 0.037921
v 0.077879 0.258015 0.058024
v 0.114178 0.215569 0.005024
v 0.096644 0.229858 0.031631
v 0.114865 0.229624 0.017296
v 0.120275 0.209307 -0.014965
v 0.100783 0.250844 0.040386
v 0.122396 0.215255 -0.018057
v 0.122447 0.210316 -0.021370
v 0.083470 0.260654 0.056739
v 0.147350 0.169045 -0.036771
v 0.131228 0.151851 -0.033432
v 0.115368 0.133490 -0.013974
v 0.149561 0.170255 -0.033856
v 0.120924 0.136497 -0.002834
v 0.135012 0.135401 -0.039815
v 0.126759 0.123386 -0.035787
v 0.120758 0.127398 -0.025526
v 0.125802 0.078134 0.051712
v 0.136314 0.086502 0.048842
v 0.137467 0.096488 0.071197
v 0.114204 0.071535 0.076354
v 0.109480 0.062417 0.090229
v 0.143345 0.104124 0.050745
v 0.118048 0.101405 0.092738
v 0.126907 0.074850 0.052365
v 0.123141 0.112984 0.087318
v 0.114801 0.111635 0.093345
v 0.118150 0.077271 0.101749
v 0.106076 0.070298 0.109535
v 0.094716 0.065083 0.126761
v 0.094639 0.057069 0.107575
v 0.084912 0.098765 0.130584
v 0.095230 0.087996 0.128685
v 0.128801 0.105134 0.010958
v 0.092549 0.101890 0.125965
v 0.098214 0.105213 0.115117
v 0.107682 0.121988 0.093451
v 0.025074 0.017548 0.167464
v 0.014272 0.005468 0.174909
v 0.011794 -0.008528 0.168633
v 0.017949 -0.006611 0.166578
v 0.022395 -0.002261 0.163695
v 0.069541 0.054076 0.147650
v 0.078966 0.052936 0.134416
v 0.073953 0.074860 0.145440
v 0.057753 0.038847 0.134504
v 0.048934 0.060103 0.161536
v 0.079057 0.042111 0.125269
v 0.092496 0.058406 0.135025
v 0.087582 0.073835 0.142386
v 0.072651 0.091666 0.146392
v 0.042742 0.085922 0.158288
v 0.056118 0.086329 0.153720
v 0.143632 0.118729 0.023742
v 0.130427 0.142588 0.040474
v 0.124792 0.153720 0.045937
v 0.122776 0.176012 0.046423
v 0.123112 0.187705 0.037607
v 0.134678 0.170507 0.024348
v 0.115434 0.153434 0.058154
v 0.123693 0.128720 0.075450
v 0.121562 0.195993 0.010219
v 0.130345 0.179014 0.012217
v 0.114178 0.215569 0.005024
v 0.120423 0.190837 -0.001855
v 0.121686 0.176802 0.002861
v 0.129351 0.141528 0.019382
v 0.120275 0.209307 -0.014965
v 0.123335 0.157828 -0.005275
v 0.106776 0.200111 0.044185
v 0.138689 0.108271 0.031698
v 0.094473 0.224402 0.034134
v 0.096644 0.229858 0.031631
v 0.130355 0.201024 -0.012326
v 0.118596 0.164210 0.007921
v 0.133068 0.151071 -0.010966
v 0.143734 0.162224 -0.022137
v 0.149357 0.183897 -0.028101
v 0.149395 0.183542 -0.037103
v 0.117498 0.171476 -0.015523
v 0.119517 0.161102 -0.010836
v 0.142581 0.199874 -0.022251
v 0.140742 0.196873 -0.020461
v 0.075943 0.242323 0.064979
v 0.076350 0.249179 0.075149
v 0.084422 0.205103 0.060556
v 0.091310 0.196385 0.055576
v 0.094796 0.192976 0.050677
v 0.093454 0.191873 0.072432
v 0.102657 0.163026 0.052708
v 0.077879 0.258015 0.058024
v 0.073139 0.262431 0.074282
v 0.092388 0.161719 0.087060
v 0.078263 0.206713 0.067370
v 0.083588 0.185059 0.097873
v 0.094473 0.224402 0.034134
v 0.071067 0.265348 0.063431
v 0.096644 0.229858 0.031631
v 0.068367 0.255460 0.081047
v 0.122396 0.215255 -0.018057
v 0.115810 0.235510 0.014171
v 0.114865 0.229624 0.017296
v 0.100783 0.250844 0.040386
v 0.124269 -0.089052 0.159165
v 0.160047 -0.079831 0.110297
v 0.127885 -0.089647 0.135585
v 0.167984 -0.071058 0.129405
v 0.089205 -0.096020 0.158801
v 0.112658 -0.086697 0.170673
v 0.133127 -0.078082 0.164053
v 0.092074 -0.086623 0.171397
v 0.160536 -0.061442 0.144715
v 0.081699 -0.089230 0.164240
v 0.178415 -0.048888 0.125306
v 0.083310 -0.046949 0.170989
v 0.076802 -0.048653 0.164622
v 0.074145 -0.054871 0.171239
v 0.084464 -0.053819 0.176880
v 0.086176 -0.037741 0.177246
v 0.078194 -0.032627 0.173543
v 0.072690 -0.032646 0.164238
v 0.081655 -0.063476 0.175246
v 0.080462 -0.069212 0.164538
v 0.090466 -0.072781 0.171687
v 0.081699 -0.089230 0.164240
v 0.092074 -0.086623 0.171397
v 0.103218 -0.092821 0.148053
v 0.155621 -0.078423 0.105882
v 0.122452 -0.084267 0.162035
v 0.124210 -0.080063 0.164408
v 0.090095 -0.085628 0.166534
v 0.082389 -0.090920 0.159361
v 0.164060 -0.060193 0.135593
v 0.175225 -0.054470 0.121296
v 0.083005 -0.086550 0.160938
v 0.084759 -0.045837 0.167286
v 0.090808 -0.045600 0.168678
v 0.084663 -0.035465 0.172989
v 0.074390 -0.037201 0.161316
v 0.085136 -0.049147 0.167441
v 0.075246 -0.049611 0.160167
v 0.091658 -0.072193 0.166655
v 0.075495 -0.061286 0.162679
v 0.089481 -0.074090 0.165474
v 0.081712 -0.054190 0.171527
v 0.085136 -0.049147 0.167441
v 0.081712 -0.054190 0.171527
v 0.075246 -0.049611 0.160167
v 0.075495 -0.061286 0.162679
v 0.140992 -0.004817 0.097544
v 0.146038 -0.003746 0.093940
v 0.133846 0.006888 0.126032
v 0.101159 0.019519 0.135590
v 0.121916 0.007748 0.114404
v 0.165793 -0.007361 0.111839
v 0.140574 -0.002651 0.140306
v 0.133825 -0.009959 0.151290
v 0.089638 -0.013878 0.167439
v 0.118104 -0.014674 0.162334
v 0.159702 -0.021992 0.135880
v 0.173787 -0.024474 0.119941
v 0.143948 0.005743 0.086174
v 0.146102 0.004443 0.086622
v 0.150062 0.007646 0.077379
v 0.169309 0.007284 0.078502
v 0.169659 0.008746 0.096732
v 0.190660 -0.002446 0.087345
v 0.182545 0.000201 0.108513
v 0.173109 0.002926 0.111241
v 0.158221 0.008063 0.098711
v 0.163054 0.005710 0.037752
v 0.198091 -0.000408 0.064403
v 0.190314 0.003757 0.078054
v 0.178328 0.009486 0.053552
v 0.207226 0.000805 0.059103
v 0.207200 0.002893 0.046693
v 0.161055 0.007612 0.025438
v 0.207911 0.009586 0.037036
v 0.207655 0.011344 0.026442
v 0.181871 0.011634 0.027732
v 0.077825 -0.013564 0.151859
v 0.111217 -0.009172 0.135318
v 0.122448 -0.004247 0.142256
v 0.090510 0.021677 0.127529
v 0.125287 0.000141 0.140609
v 0.096245 0.014219 0.141159
v 0.092053 -0.027398 0.164666
v 0.084663 -0.035465 0.172989
v 0.123332 -0.031952 0.163956
v 0.081519 -0.029156 0.156739
v 0.074390 -0.037201 0.161316
v 0.079231 -0.024438 0.155419
v 0.081519 -0.029156 0.156739
v 0.074892 -0.017399 0.153822
v 0.077554 -0.016048 0.154374
v 0.092053 -0.027398 0.164666
v 0.077825 -0.013564 0.151859
v 0.085646 -0.016020 0.167074
v 0.089638 -0.013878 0.167439
v 0.114354 -0.006022 0.139333
v 0.128959 -0.003740 0.152871
v 0.085652 -0.010475 0.168853
v 0.125419 0.000574 0.145511
v 0.074892 -0.013163 0.156463
v 0.094555 -0.004642 0.144276
v 0.182799 0.015928 0.030318
v 0.202616 0.008818 0.045071
v 0.210224 0.013204 0.037172
v 0.163948 0.009714 0.029272
v 0.214179 0.001146 0.058870
v 0.187897 0.012436 0.056917
v 0.086097 0.015797 0.138290
v 0.099905 0.016002 0.145622
v 0.091555 0.023913 0.130746
v 0.114788 0.020186 0.129040
v 0.146818 0.001197 0.136659
v 0.132955 0.006364 0.140638
v 0.131095 -0.008780 0.157529
v 0.128959 -0.003740 0.152871
v 0.108194 -0.011707 0.168756
v 0.085652 -0.010475 0.168853
v 0.125419 0.000574 0.145511
v 0.079057 0.042111 0.125269
v 0.111587 0.019422 0.122594
v 0.109480 0.062417 0.090229
v 0.159546 -0.000979 0.110127
v 0.172073 -0.014115 0.121389
v 0.126907 0.074850 0.052365
v 0.146412 0.075226 0.025547
v 0.154643 0.093546 0.003592
v 0.128801 0.105134 0.010958
v 0.214176 0.026737 0.011077
v 0.228283 0.013321 0.019569
v 0.213307 0.015230 0.025417
v 0.114204 0.071535 0.076354
v 0.165276 0.095272 -0.019598
v 0.192883 0.070079 -0.027702
v 0.236942 -0.006440 0.026204
v 0.231064 -0.015337 0.045187
v 0.221355 -0.013503 0.063445
v 0.208036 -0.006488 0.069284
v 0.125416 0.122868 -0.030361
v 0.118549 0.125401 -0.011555
v 0.145444 0.005415 0.092184
v 0.215265 -0.018847 0.069240
v 0.094639 0.057069 0.107575
v 0.201765 -0.003536 0.086573
v 0.201522 -0.011270 0.092347
v 0.208972 -0.011552 0.084526
v 0.191738 -0.004679 0.110931
v 0.174645 0.003351 0.116087
v 0.188395 -0.017911 0.124453
v 0.193588 -0.026801 0.123949
v 0.162029 0.013461 0.049346
v 0.146717 -0.000374 0.096692
v 0.232907 -0.031598 0.045982
v 0.239170 0.000854 0.005250
v 0.226005 -0.032074 0.061702
v 0.241010 -0.008179 0.009299
v 0.195259 0.065919 -0.051181
v 0.210846 0.037733 -0.062417
v 0.227818 0.010506 -0.047679
v 0.238456 -0.006057 -0.024515
v 0.194164 -0.052067 0.123112
v 0.158851 0.009549 0.105305
v 0.169499 0.011465 0.106172
v 0.178050 0.012888 0.075298
v 0.085646 -0.016020 0.167074
v 0.092053 -0.027398 0.164666
v 0.079231 -0.024438 0.155419
v 0.077554 -0.016048 0.154374
v 0.189351 -0.128336 0.035787
v 0.201450 -0.156402 0.043499
v 0.189300 -0.115530 -0.041773
v 0.198665 -0.132772 -0.048505
v 0.209333 -0.160189 -0.038897
v 0.216828 -0.196177 0.006234
v 0.215146 -0.186888 -0.043095
v 0.188872 -0.188864 0.090934
v 0.172368 -0.137656 0.079520
v 0.174083 -0.185657 0.110196
v 0.163528 -0.153633 0.104161
v 0.210720 -0.204805 0.044610
v 0.161951 -0.174294 0.119186
v 0.153476 -0.144495 0.106484
v 0.165493 -0.204963 0.121751
v 0.211979 -0.196658 -0.055796
v 0.195350 -0.107856 -0.021690
v 0.195049 -0.099342 0.000540
v 0.192166 -0.097306 -0.033741
v 0.190722 -0.096277 0.052724
v 0.168118 -0.094263 0.100686
v 0.151887 -0.110949 0.117369
v 0.183342 -0.130651 0.068296
v 0.156745 -0.137955 0.110343
v 0.178649 -0.210108 0.102165
v 0.213117 -0.204190 -0.030934
v 0.139748 -0.208504 0.145642
v 0.185639 -0.113918 -0.051930
v 0.184841 -0.106527 -0.060203
v 0.205879 -0.198699 -0.071173
v 0.131299 -0.212320 0.150432
v 0.130279 -0.103043 -0.129633
v 0.128220 -0.097493 -0.136680
v 0.177767 -0.109504 -0.070633
v 0.093171 -0.099171 -0.151612
v 0.184841 -0.106527 -0.060203
v 0.185639 -0.113918 -0.051930
v 0.154338 -0.096205 -0.112162
v 0.168093 -0.098887 -0.092639
v 0.191732 -0.093600 -0.040647
v 0.192166 -0.097306 -0.033741
v 0.189348 -0.095736 -0.044665
v 0.195049 -0.099342 0.000540
v 0.190722 -0.096277 0.052724
v 0.189348 -0.095736 -0.044665
v 0.186923 -0.089246 -0.053293
v 0.191732 -0.093600 -0.040647
v 0.197579 -0.070111 -0.086760
v 0.208975 -0.086648 -0.055209
v 0.171330 -0.068650 -0.082109
v 0.168916 -0.059778 -0.087747
v 0.186923 -0.089246 -0.053293
v 0.191732 -0.093600 -0.040647
v 0.194029 -0.054927 -0.099382
v 0.161711 -0.043570 -0.094167
v 0.158136 -0.037265 -0.097280
v 0.150161 -0.002411 -0.107590
v 0.156023 0.018252 -0.117132
v 0.139907 0.023661 -0.114982
v 0.165686 0.001700 -0.114688
v 0.174659 -0.019879 -0.109908
v 0.138429 0.036588 -0.118361
v 0.190722 -0.096277 0.052724
v 0.168118 -0.094263 0.100686
v 0.163640 -0.093343 0.105518
v 0.191732 -0.093600 -0.040647
v 0.179434 -0.089247 0.111720
v 0.208975 -0.086648 -0.055209
v 0.206575 -0.091470 0.050125
v 0.218916 -0.087835 -0.031023
v 0.194508 -0.090118 0.081463
v 0.172308 -0.089889 0.113244
v 0.230837 -0.059101 -0.057278
v 0.218722 -0.058255 -0.078335
v 0.223473 -0.050387 -0.074719
v 0.203659 -0.041873 -0.098378
v 0.227741 -0.078315 -0.033570
v 0.197579 -0.070111 -0.086760
v 0.194029 -0.054927 -0.099382
v 0.165686 0.001700 -0.114688
v 0.172810 -0.008138 -0.112717
v 0.174659 -0.019879 -0.109908
v 0.161711 -0.043570 -0.094167
v 0.167408 -0.061037 -0.087962
v 0.158136 -0.037265 -0.097280
v 0.153168 -0.018580 -0.103710
v 0.150161 -0.002411 -0.107590
v 0.158136 -0.037265 -0.097280
v 0.207020 -0.060506 -0.083558
v 0.204731 -0.075417 -0.070414
v 0.227356 -0.063899 -0.050158
v 0.212651 -0.085757 -0.037153
v 0.231181 -0.039685 -0.053923
v 0.238067 -0.032701 -0.025567
v 0.224846 -0.039059 -0.067503
v 0.224616 -0.000716 -0.056819
v 0.235473 -0.006655 -0.018125
v 0.226776 0.004471 -0.044583
v 0.233592 0.004547 0.006777
v 0.197436 -0.046074 -0.096890
v 0.193052 -0.060643 -0.090848
v 0.230084 -0.063764 0.012313
v 0.238017 -0.018360 0.010552
v 0.211740 -0.045267 0.082400
v 0.212412 -0.065446 0.066715
v 0.184411 -0.078408 0.114267
v 0.230191 -0.017802 0.034467
v 0.209863 -0.024691 0.084459
v 0.226328 -0.020488 0.047556
v 0.202477 -0.087209 0.060133
v 0.211215 -0.022641 0.069986
v 0.191430 -0.012825 0.110968
v 0.190504 -0.021964 0.119792
v 0.217262 -0.009021 0.057452
v 0.178641 -0.085746 0.109605
v 0.213359 -0.088076 -0.009509
v 0.199970 -0.006484 0.084582
v 0.164410 -0.092946 0.098859
v 0.183931 -0.095361 0.061862
v 0.192221 -0.093454 -0.010890
v 0.162305 -0.089604 0.103072
v 0.190405 -0.071104 -0.078866
v 0.213359 -0.088076 -0.009509
v 0.212651 -0.085757 -0.037153
v 0.178641 -0.085746 0.109605
v 0.204731 -0.075417 -0.070414
v 0.188217 -0.088023 -0.045244
v 0.202477 -0.087209 0.060133
v 0.193052 -0.060643 -0.090848
v 0.170011 -0.065038 -0.079856
v 0.189219 -0.054012 -0.095605
v 0.236314 -0.054570 0.018696
v 0.231784 -0.072126 0.003805
v 0.232907 -0.031598 0.045982
v 0.226005 -0.032074 0.061702
v 0.209574 -0.069806 0.083766
v 0.213941 -0.034747 0.088143
v 0.194164 -0.052067 0.123112
v 0.236942 -0.006440 0.026204
v 0.231064 -0.015337 0.045187
v 0.241010 -0.008179 0.009299
v 0.185529 -0.079979 0.118437
v 0.193588 -0.026801 0.123949
v 0.235705 -0.051851 -0.048503
v 0.227741 -0.078315 -0.033570
v 0.215265 -0.018847 0.069240
v 0.240020 -0.026749 -0.035617
v 0.206575 -0.091470 0.050125
v 0.230837 -0.059101 -0.057278
v 0.208972 -0.011552 0.084526
v 0.201522 -0.011270 0.092347
v 0.233228 -0.046530 -0.057976
v 0.191738 -0.004679 0.110931
v 0.194508 -0.090118 0.081463
v 0.218916 -0.087835 -0.031023
v 0.179434 -0.089247 0.111720
v 0.208036 -0.006488 0.069284
v 0.201765 -0.003536 0.086573
v 0.221355 -0.013503 0.063445
v 0.121244 0.112896 -0.073097
v 0.119332 0.110628 -0.077349
v 0.186441 0.048388 -0.083626
v 0.170346 0.076539 -0.072894
v 0.181920 0.075221 -0.051494
v 0.210457 0.032101 -0.058268
v 0.226776 0.004471 -0.044583
v 0.233592 0.004547 0.006777
v 0.235473 -0.006655 -0.018125
v 0.184083 0.072977 -0.020906
v 0.155387 0.098416 -0.022153
v 0.121722 0.113382 0.003613
v 0.124271 0.120820 -0.041153
v 0.124086 0.098311 0.027763
v 0.111545 0.136319 -0.016059
v 0.212307 0.023686 0.009234
v 0.156897 0.080955 0.008994
v 0.104963 0.061400 0.089368
v 0.086260 0.042626 0.115952
v 0.121916 0.007748 0.114404
v 0.090510 0.021677 0.127529
v 0.140992 -0.004817 0.097544
v 0.143948 0.005743 0.086174
v 0.149014 0.063592 0.023180
v 0.110157 0.073137 0.074817
v 0.226879 0.010317 0.017273
v 0.207911 0.009586 0.037036
v 0.207200 0.002893 0.046693
v 0.230191 -0.017802 0.034467
v 0.150062 0.007646 0.077379
v 0.226328 -0.020488 0.047556
v 0.217262 -0.009021 0.057452
v 0.207226 0.000805 0.059103
v 0.198091 -0.000408 0.064403
v 0.211215 -0.022641 0.069986
v 0.207655 0.011344 0.026442
v 0.190314 0.003757 0.078054
v 0.190660 -0.002446 0.087345
v 0.199970 -0.006484 0.084582
v 0.191430 -0.012825 0.110968
v 0.182545 0.000201 0.108513
v 0.173109 0.002926 0.111241
v 0.190504 -0.021964 0.119792
v 0.169309 0.007284 0.078502
v 0.163054 0.005710 0.037752
v 0.161055 0.007612 0.025438
v 0.209863 -0.024691 0.084459
v 0.212412 -0.065446 0.066715
v 0.181871 0.011634 0.027732
v 0.081156 0.259609 0.053273
v 0.072628 0.261764 0.056594
v 0.103675 0.236866 0.028963
v 0.079536 0.244774 0.043446
v 0.111150 0.214800 0.001132
v 0.114780 0.225101 0.005422
v 0.117779 0.209819 -0.020888
v 0.089399 0.223812 0.033265
v 0.100483 0.222468 0.021264
v 0.050827 0.279854 0.069078
v 0.072628 0.261764 0.056594
v 0.081156 0.259609 0.053273
v 0.050014 0.272112 0.067693
v 0.060568 0.359550 -0.024169
v 0.037422 0.428595 -0.057473
v 0.020953 0.444242 -0.054501
v 0.038433 0.368267 -0.008158
v 0.031000 0.408416 -0.030004
v 0.020544 0.484098 -0.101978
v 0.090793 0.311085 -0.025206
v 0.073350 0.351597 -0.051750
v 0.046111 0.420648 -0.075381
v 0.103487 0.272650 -0.019748
v 0.009682 0.497780 -0.103924
v 0.115936 0.228413 -0.001535
v 0.033097 0.312822 0.050729
v 0.004796 0.490763 -0.087931
v 0.103675 0.236866 0.028963
v 0.114780 0.225101 0.005422
v 0.035455 0.267289 0.078274
v 0.038658 0.266768 0.081114
v 0.052601 0.268986 0.077026
v 0.060448 0.259253 0.079895
v 0.074465 0.253816 0.071837
v 0.050014 0.272112 0.067693
v 0.038102 0.271812 0.068561
v 0.072628 0.261764 0.056594
v 0.074507 0.253400 0.058315
v 0.079536 0.244774 0.043446
v 0.077730 0.224365 0.060384
v 0.085851 0.219122 0.038746
v 0.083388 0.211020 0.049862
v 0.082148 0.114103 0.119158
v 0.076422 0.119574 0.115580
v 0.077531 0.132052 0.097920
v 0.118498 0.116615 0.084355
v 0.087314 0.137361 0.089581
v 0.105734 0.152390 0.060460
v 0.102766 0.104362 0.107653
v 0.057081 0.117374 0.128955
v 0.070870 0.118887 0.116937
v 0.073881 0.087797 0.142344
v 0.084554 0.096088 0.126984
v 0.118652 0.153858 0.046020
v 0.124781 0.138688 0.047821
v 0.095434 0.084467 0.124572
v 0.137087 0.111684 0.056510
v 0.113874 0.098817 0.092653
v 0.091361 0.068566 0.125009
v 0.114463 0.079744 0.102179
v 0.057009 0.096128 0.144487
v 0.119732 0.174277 0.044145
v 0.121646 0.182927 0.036280
v 0.104559 0.195186 0.044704
v 0.089399 0.223812 0.033265
v 0.100483 0.222468 0.021264
v 0.094263 0.208976 0.037849
v 0.131837 0.163821 0.025081
v 0.088490 0.060611 0.135013
v 0.067428 0.133641 0.098228
v 0.133818 0.096225 0.069041
v 0.126996 0.138508 0.040968
v 0.139703 0.118344 0.023765
v 0.139303 0.104122 0.050805
v 0.123936 0.091067 0.079606
v 0.103527 0.070383 0.105901
v 0.099112 0.071560 0.119081
v 0.135509 0.111032 0.031918
v 0.060085 0.080410 0.149855
v 0.031870 0.115022 0.137320
v 0.041810 0.083353 0.155022
v 0.036561 0.093713 0.152547
v 0.095273 0.152816 0.089689
v 0.076642 0.148080 0.107209
v 0.088425 0.144198 0.095943
v 0.091731 0.180942 0.079444
v 0.098270 0.162438 0.051475
v 0.094267 0.187225 0.047072
v 0.089311 0.157531 0.086490
v 0.082467 0.200910 0.058740
v 0.083388 0.211020 0.049862
v 0.085851 0.219122 0.038746
v 0.077730 0.224365 0.060384
v 0.082072 0.194016 0.087716
v 0.077363 0.206830 0.062311
v 0.085531 0.179686 0.091349
v 0.073849 0.224767 0.065918
v 0.071881 0.243983 0.064831
v 0.074507 0.253400 0.058315
v 0.089399 0.223812 0.033265
v 0.079536 0.244774 0.043446
v 0.074465 0.253816 0.071837
v 0.054095 0.210265 0.074763
v 0.038386 0.149008 0.086193
v 0.036629 0.144291 0.099136
v 0.037372 0.151500 0.084098
v 0.036629 0.144291 0.099136
v 0.043558 0.139194 0.101894
v 0.049508 0.137413 0.103340
v 0.046870 0.147447 0.119364
v 0.034836 0.158122 0.119991
v 0.009559 0.160909 0.104807
v 0.067654 0.135854 0.105439
v 0.037372 0.151500 0.084098
v 0.050407 0.136225 0.104866
v 0.024809 0.161331 0.110387
v 0.051185 0.138795 0.098254
v 0.011216 0.161293 0.100610
v 0.045726 0.154114 0.118700
v 0.025927 0.158409 0.096439
v 0.038695 0.155135 0.080649
v 0.043765 0.150842 0.084580
v 0.073466 0.139401 0.102424
v 0.040790 0.144463 0.096174
v 0.015876 0.179950 0.103950
v 0.003795 0.173660 0.095883
v -0.001260 0.162286 0.102259
v 0.045726 0.154114 0.118700
v 0.024809 0.161331 0.110387
v 0.011216 0.161293 0.100610
v 0.032437 0.188910 0.093865
v 0.015876 0.179950 0.103950
v 0.063647 0.184492 0.101548
v 0.063550 0.163164 0.100303
v 0.085531 0.179686 0.091349
v 0.034998 0.199352 0.090588
v 0.067467 0.198871 0.094926
v 0.050602 0.203880 0.091018
v 0.082072 0.194016 0.087716
v 0.104559 0.195186 0.044704
v 0.119732 0.174277 0.044145
v 0.118652 0.153858 0.046020
v 0.094267 0.187225 0.047072
v 0.094263 0.208976 0.037849
v 0.089399 0.223812 0.033265
v 0.045726 0.154114 0.118700
v 0.036952 0.174237 0.111496
v 0.076642 0.148080 0.107209
v 0.073466 0.139401 0.102424
v 0.089311 0.157531 0.086490
v 0.098270 0.162438 0.051475
v 0.095273 0.152816 0.089689
v 0.105734 0.152390 0.060460
v 0.039431 0.142348 0.096100
v 0.040790 0.144463 0.096174
v 0.051185 0.138795 0.098254
v 0.067428 0.133641 0.098228
v 0.073466 0.139401 0.102424
v 0.076642 0.148080 0.107209
v 0.088425 0.144198 0.095943
v 0.087314 0.137361 0.089581
v 0.050407 0.136225 0.104866
v 0.072009 0.134706 0.103943
v 0.067654 0.135854 0.105439
v 0.060155 0.134428 0.105070
v 0.046870 0.147447 0.119364
v 0.071936 0.152243 0.114461
v 0.095048 0.138336 0.087413
v 0.042930 0.159387 0.123031
v 0.049153 0.163798 0.121240
v 0.098525 0.153633 0.092021
v 0.107624 0.157830 0.059795
v 0.038695 0.155135 0.080649
v 0.039633 0.152318 0.080022
v 0.043765 0.150842 0.084580
v 0.039431 0.142348 0.096100
v 0.040790 0.144463 0.096174
v 0.034998 0.199352 0.090588
v 0.013911 0.221950 0.084300
v 0.030961 0.215542 0.066228
v 0.007926 0.217650 0.090522
v 0.003766 0.221414 0.085376
v 0.050602 0.203880 0.091018
v 0.045445 0.209426 0.078171
v 0.054095 0.210265 0.074763
v 0.067467 0.198871 0.094926
v 0.082072 0.194016 0.087716
v 0.082467 0.200910 0.058740
v 0.052258 0.219266 0.070403
v 0.029104 0.197630 0.112618
v 0.021537 0.212531 0.117935
v 0.021678 0.216231 0.105082
v 0.009642 0.220121 0.106133
v 0.032437 0.188910 0.093865
v 0.114712 0.178769 -0.014233
v 0.119532 0.156027 -0.005796
v 0.118943 0.183937 -0.004202
v 0.126431 0.198468 -0.014097
v 0.115898 0.159069 -0.013946
v 0.119350 0.205843 -0.021059
v 0.132626 0.204678 -0.020674
v 0.126431 0.198468 -0.014097
v 0.138633 0.201635 -0.029570
v 0.118943 0.183937 -0.004202
v 0.117377 0.176832 0.001909
v 0.129040 0.189844 -0.025192
v 0.131926 0.171767 -0.029726
v 0.114712 0.178769 -0.014233
v 0.143807 0.165000 -0.028045
v 0.130908 0.146894 -0.014883
v 0.119532 0.156027 -0.005796
v 0.115898 0.159069 -0.013946
v 0.113529 0.164687 0.007454
v 0.115980 0.141066 -0.002262
v 0.146295 0.173773 -0.032389
v 0.027664 0.262730 0.074749
v 0.031087 0.264405 0.080992
v 0.033286 0.272891 0.070576
v 0.042041 0.275526 0.073298
v 0.054603 0.270822 0.080695
v 0.073139 0.262431 0.074282
v 0.068367 0.255460 0.081047
v 0.040445 0.266498 0.085931
v 0.071067 0.265348 0.063431
v 0.024633 -0.306702 -0.074441
v 0.014214 -0.343687 -0.042030
v 0.025537 -0.372025 -0.053239
v 0.011552 -0.301106 -0.046750
v 0.043206 -0.404971 -0.083503
v 0.026818 -0.418502 -0.063646
v 0.041224 -0.420800 -0.086494
v 0.012408 -0.349257 -0.021340
v 0.038041 -0.350248 -0.077337
v 0.018684 -0.410391 -0.025171
v 0.017753 -0.412699 -0.030300
v 0.003495 -0.319626 -0.029490
v 0.057178 -0.416939 -0.102790
v 0.034828 -0.300521 -0.086020
v 0.061504 -0.374048 -0.096414
v 0.060931 -0.356890 -0.098202
v 0.067815 -0.405938 -0.101485
v 0.012601 -0.297356 -0.047457
v 0.050302 -0.300783 -0.100638
v 0.067482 -0.346461 -0.103723
v 0.002741 -0.319730 -0.019162
v 0.061185 -0.304123 -0.107428
v 0.071106 -0.309973 -0.111349
v 0.069089 -0.423294 -0.106788
v 0.019039 -0.298423 -0.051030
v 0.010004 -0.271761 -0.063703
v 0.043835 -0.296710 -0.087774
v 0.048651 -0.296792 -0.092587
v 0.033385 -0.260332 -0.102516
v 0.029348 -0.219404 -0.126005
v 0.006774 -0.195788 -0.124628
v 0.030216 -0.200420 -0.135413
v 0.071998 -0.291049 -0.107177
v 0.067440 -0.239928 -0.125689
v 0.056942 -0.222466 -0.134579
v 0.079852 -0.296815 -0.104639
v 0.092234 -0.291507 -0.108088
v 0.108359 -0.362130 -0.102547
v 0.130138 -0.349368 -0.090885
v 0.084527 -0.358759 -0.105590
v 0.129238 -0.406639 -0.092097
v 0.136432 -0.365719 -0.086035
v 0.125640 -0.412721 -0.099229
v 0.106129 -0.418288 -0.108442
v 0.138292 -0.412718 -0.090003
v 0.069089 -0.423294 -0.106788
v 0.067815 -0.405938 -0.101485
v 0.123498 -0.424374 -0.098919
v 0.061504 -0.374048 -0.096414
v 0.060931 -0.356890 -0.098202
v 0.057178 -0.416939 -0.102790
v 0.120320 -0.301194 -0.105537
v 0.088076 -0.302201 -0.112128
v 0.071106 -0.309973 -0.111349
v 0.137083 -0.302204 -0.097381
v 0.067482 -0.346461 -0.103723
v 0.061185 -0.304123 -0.107428
v 0.136334 -0.424566 -0.088677
v 0.105555 -0.357249 -0.099207
v 0.109814 -0.348299 -0.095233
v 0.081339 -0.363716 -0.101150
v 0.141013 -0.359733 -0.078501
v 0.157630 -0.347801 -0.058805
v 0.108221 -0.418420 -0.103932
v 0.125420 -0.418521 -0.096095
v 0.089230 -0.414029 -0.105553
v 0.094929 -0.425410 -0.103538
v 0.103871 -0.425066 -0.102296
v 0.071920 -0.426648 -0.102852
v 0.108949 -0.302386 -0.104655
v 0.081420 -0.310360 -0.108659
v 0.080388 -0.344457 -0.102889
v 0.141573 -0.300114 -0.088217
v 0.139946 -0.342184 -0.081472
v 0.143446 -0.310610 -0.085710
v 0.154424 -0.300959 -0.075609
v 0.072800 -0.302755 -0.105725
v 0.063653 -0.374115 -0.093072
v 0.063907 -0.349804 -0.093166
v 0.057040 -0.344836 -0.094505
v 0.138429 -0.414094 -0.084115
v 0.049296 -0.305077 -0.096715
v 0.055469 -0.358840 -0.090505
v 0.055682 -0.415136 -0.096402
v 0.054601 -0.405987 -0.088977
v 0.044156 -0.349210 -0.077725
v 0.057040 -0.344836 -0.094505
v 0.063907 -0.349804 -0.093166
v 0.080388 -0.344457 -0.102889
v 0.109814 -0.348299 -0.095233
v 0.050413 -0.302444 -0.095901
v 0.029500 -0.303935 -0.074016
v 0.049296 -0.305077 -0.096715
v 0.072800 -0.302755 -0.105725
v 0.098991 -0.270744 -0.116490
v 0.094272 -0.201950 -0.141033
v 0.142374 -0.274418 -0.087456
v 0.155468 -0.250592 -0.087322
v 0.160375 -0.206115 -0.102933
v 0.142214 -0.294691 -0.082955
v 0.092234 -0.291507 -0.108088
v 0.084239 -0.222788 -0.136202
v 0.154400 -0.284228 -0.076797
v 0.063980 -0.201605 -0.143525
v 0.067440 -0.239928 -0.125689
v 0.056942 -0.222466 -0.134579
v 0.071998 -0.291049 -0.107177
v 0.030216 -0.200420 -0.135413
v 0.079852 -0.296815 -0.104639
v 0.122619 -0.295977 -0.097390
v 0.029348 -0.219404 -0.126005
v 0.146087 -0.124390 -0.130324
v 0.091836 -0.181400 -0.179194
v 0.068670 -0.177365 -0.184487
v 0.059771 -0.102324 -0.156284
v 0.056421 -0.149117 -0.177079
v 0.109347 -0.186080 -0.173375
v 0.109623 -0.102299 -0.141222
v 0.130279 -0.103043 -0.129633
v 0.190319 -0.175574 -0.101861
v 0.183171 -0.189993 -0.115073
v 0.154775 -0.190227 -0.144881
v 0.177767 -0.109504 -0.070633
v 0.198665 -0.132772 -0.048505
v 0.215146 -0.186888 -0.043095
v 0.185639 -0.113918 -0.051930
v 0.189300 -0.115530 -0.041773
v 0.209333 -0.160189 -0.038897
v 0.205879 -0.198699 -0.071173
v 0.211979 -0.196658 -0.055796
v 0.147741 -0.194257 -0.147759
v 0.205879 -0.198699 -0.071173
v 0.213117 -0.204190 -0.030934
v 0.181317 -0.196690 -0.113812
v 0.183171 -0.189993 -0.115073
v 0.147741 -0.194257 -0.147759
v 0.154775 -0.190227 -0.144881
v 0.119517 0.161102 -0.010836
v 0.143734 0.162224 -0.022137
v 0.133068 0.151071 -0.010966
v 0.123335 0.157828 -0.005275
v 0.129422 0.178959 -0.024811
v 0.117498 0.171476 -0.015523
v 0.140742 0.196873 -0.020461
v 0.119350 0.205843 -0.021059
v 0.139420 0.189598 -0.037946
v 0.138633 0.201635 -0.029570
v 0.116754 0.186203 -0.039720
v 0.127114 0.154865 -0.032722
v 0.141681 0.161545 -0.029981
v 0.122447 0.210316 -0.021370
v 0.133981 0.209259 -0.021283
v 0.122566 0.206541 -0.031756
v 0.142438 0.201609 -0.033884
v 0.142438 0.201609 -0.033884
v 0.149395 0.183542 -0.037103
v 0.142581 0.199874 -0.022251
v 0.149357 0.183897 -0.028101
v 0.133981 0.209259 -0.021283
v 0.130355 0.201024 -0.012326
v 0.120423 0.190837 -0.001855
v 0.120275 0.209307 -0.014965
v 0.122447 0.210316 -0.021370
vn -0.6250 -0.1471 0.7666
vn -0.5614 -0.0093 0.8275
vn -0.7149 0.0220 0.6988
vn -0.2674 -0.6772 0.6855
vn -0.7641 -0.1122 0.6352
vn -0.5202 0.4572 0.7213
vn -0.5255 0.4245 0.7373
vn -0.0806 -0.2675 0.9602
vn -0.1082 -0.1724 0.9791
vn -0.0447 -0.4639 0.8848
vn -0.0249 -0.2143 0.9765
vn -0.8350 -0.0189 0.5499
vn -0.7419 0.0574 0.6681
vn 0.0204 -0.2702 0.9626
vn -0.0069 -0.8927 0.4506
vn -0.0061 -0.5521 0.8338
vn 0.0500 -0.1398 0.9889
vn 0.0351 -0.6459 0.7626
vn 0.0428 -0.6834 0.7287
vn 0.0971 -0.1377 0.9857
vn 0.0941 0.0596 0.9938
vn 0.1419 -0.3120 0.9394
vn 0.1123 0.1174 0.9867
vn 0.3730 -0.1545 0.9149
vn 0.3917 -0.2165 0.8943
vn 0.4332 -0.2023 0.8783
vn 0.4333 -0.1647 0.8861
vn 0.4381 -0.5341 0.7231
vn 0.4207 -0.0237 0.9069
vn 0.5039 -0.1529 0.8501
vn 0.5150 0.3737 -0.7714
vn 0.1158 0.2281 -0.9667
vn 0.0800 0.5087 -0.8572
vn 0.5017 0.2335 -0.8329
vn 0.4616 0.1037 -0.8810
vn 0.2929 0.0431 -0.9552
vn 0.1002 0.0949 -0.9904
vn 0.6580 0.4215 -0.6240
vn -0.0000 0.2253 -0.9743
vn -0.0249 0.2692 -0.9628
vn 0.0564 0.6236 -0.7797
vn 0.0277 0.5498 -0.8348
vn -0.0688 0.2039 -0.9766
vn -0.0944 0.2988 -0.9496
vn -0.1232 0.6938 -0.7096
vn -0.2195 0.8022 -0.5553
vn -0.1189 0.1286 -0.9845
vn -0.1918 0.1134 -0.9749
vn -0.4164 0.5943 -0.6881
vn -0.5303 0.5555 -0.6404
vn -0.1724 -0.9679 0.1830
vn -0.0795 -0.9961 0.0393
vn -0.0249 -0.9977 0.0635
vn 0.0092 -0.9999 0.0137
vn -0.3729 -0.8881 0.2688
vn -0.6432 -0.7549 0.1277
vn -0.6637 -0.7471 0.0350
vn -0.1341 -0.9905 -0.0316
vn -0.0048 -0.9998 -0.0214
vn -0.7473 -0.6399 -0.1789
vn -0.5942 -0.7758 -0.2122
vn 0.0168 -0.9998 0.0062
vn -0.0238 -0.9997 0.0055
vn -0.0149 -0.9997 -0.0171
vn -0.0241 -0.9997 0.0088
vn -0.3396 -0.9029 -0.2633
vn -0.0006 -0.9996 0.0284
vn 0.0082 -0.9129 0.4082
vn 0.0061 -1.0000 -0.0036
vn 0.0933 -0.9956 -0.0004
vn 0.0380 -0.9991 -0.0206
vn 0.0499 -0.9986 -0.0153
vn -0.1117 -0.9824 -0.1500
vn -0.0062 -0.9996 -0.0292
vn -0.5780 -0.7235 -0.3776
vn -0.4758 -0.6992 -0.5336
vn -0.0416 -0.9721 -0.2309
vn 0.0109 -0.9964 -0.0842
vn 0.0701 -0.9973 -0.0225
vn 0.0255 -0.9997 0.0023
vn -0.1287 -0.6930 -0.7093
vn -0.1421 -0.6377 -0.7571
vn -0.0410 -0.9631 -0.2660
vn 0.0119 -0.9640 -0.2658
vn -0.0578 -0.3361 -0.9401
vn -0.0161 -0.3529 -0.9355
vn -0.0376 -0.4038 -0.9141
vn -0.0077 -0.3561 -0.9344
vn 0.0108 -0.9574 0.2887
vn 0.0106 -0.9743 0.2251
vn 0.0127 -0.9999 0.0025
vn 0.0497 -0.9005 0.4319
vn 0.0446 -0.8896 0.4545
vn -0.0027 -0.9976 -0.0685
vn 0.0349 -0.9969 -0.0711
vn 0.0585 -0.9958 0.0703
vn -0.0213 -0.9997 0.0114
vn -0.0036 -0.9987 0.0514
vn -0.0376 -0.9991 -0.0172
vn -0.0057 -0.9995 -0.0300
vn -0.0759 -0.9969 0.0221
vn -0.0106 -0.9983 -0.0574
vn 0.1808 -0.9834 -0.0164
vn 0.0155 -0.9910 -0.1329
vn 0.0014 -0.9999 -0.0162
vn -0.0950 -0.9900 -0.1042
vn 0.0560 -0.9132 0.4037
vn 0.0503 -0.9985 0.0222
vn 0.0541 -0.9978 0.0380
vn 0.0063 -1.0000 0.0057
vn -0.0694 -0.9966 -0.0434
vn 0.0856 -0.9938 0.0709
vn 0.0029 -1.0000 0.0061
vn 0.0299 -0.9992 0.0266
vn 0.2417 -0.9703 -0.0122
vn 0.1150 -0.9758 0.1861
vn -0.1216 -0.9910 0.0568
vn -0.0430 -0.9960 0.0779
vn -0.0814 -0.9811 0.1754
vn 0.0230 -0.2575 -0.9660
vn 0.1207 -0.7566 -0.6426
vn 0.1287 -0.7636 -0.6327
vn 0.1530 -0.8880 -0.4336
vn -0.1015 -0.9907 0.0904
vn 0.0499 -0.9971 -0.0574
vn 0.1311 -0.9785 -0.1591
vn 0.0182 0.9990 -0.0418
vn -0.0047 1.0000 -0.0053
vn 0.0064 0.9999 -0.0157
vn 0.3348 0.9274 -0.1671
vn 0.0537 0.9981 -0.0293
vn 0.1448 0.9892 -0.0219
vn 0.0364 0.9993 -0.0011
vn 0.1222 0.9921 0.0292
vn -0.0266 0.9996 0.0017
vn 0.0018 0.9999 -0.0158
vn -0.0974 0.9886 -0.1149
vn -0.4398 0.7277 0.5263
vn -0.0389 0.9989 -0.0274
vn 0.0303 0.9972 -0.0681
vn -0.6373 0.6727 -0.3760
vn -0.2720 0.9542 -0.1244
vn -0.1222 0.4623 0.8783
vn -0.7394 0.4995 -0.4514
vn -0.1049 0.4343 0.8946
vn 0.0536 0.9735 -0.2222
vn 0.2961 0.9447 -0.1408
vn 0.0792 0.9923 -0.0948
vn 0.0511 0.9709 -0.2339
vn -0.1272 0.9536 -0.2727
vn -0.0048 0.9998 0.0214
vn -0.0036 0.9993 0.0372
vn -0.0596 0.9953 0.0757
vn -0.0430 0.9989 0.0206
vn -0.0814 0.9967 0.0061
vn 0.0330 0.9989 0.0323
vn 0.0081 0.9993 0.0366
vn 0.0939 0.9940 0.0568
vn 0.0047 0.9982 0.0601
vn -0.0100 0.9999 -0.0110
vn -0.0948 0.9909 0.0955
vn -0.4405 0.7995 0.4084
vn -0.1490 0.8716 -0.4671
vn -0.0224 0.9989 0.0410
vn -0.0113 0.9998 0.0166
vn -0.0043 0.9993 0.0376
vn -0.0820 0.9954 -0.0491
vn 0.0069 1.0000 -0.0065
vn -0.0182 0.9889 -0.1472
vn -0.0238 0.9896 -0.1417
vn -0.0313 0.9967 0.0752
vn 0.0293 0.9995 -0.0084
vn -0.0581 0.9950 -0.0812
vn -0.0263 0.9979 -0.0597
vn 0.0149 0.9998 0.0115
vn 0.1501 0.9874 0.0502
vn 0.0582 0.9982 0.0136
vn -0.0125 0.9999 -0.0106
vn -0.0045 0.9992 0.0388
vn -0.0935 0.9906 0.0999
vn 0.0813 0.9888 0.1251
vn -0.1023 0.9780 0.1817
vn -0.0024 1.0000 -0.0017
vn -0.0345 0.9992 -0.0217
vn 0.0094 0.9999 0.0045
vn 0.0107 0.9989 0.0449
vn 0.0382 0.9993 0.0024
vn 0.0785 0.9968 -0.0136
vn 0.0117 0.9910 0.1333
vn -0.0476 0.9960 -0.0762
vn -0.0063 0.9978 0.0661
vn -0.1291 0.9913 -0.0242
vn -0.0456 0.9861 -0.1595
vn 0.1796 0.9832 -0.0323
vn 0.0579 0.9839 -0.1691
vn -0.0002 0.9986 -0.0520
vn 0.0312 0.9974 -0.0656
vn -0.0231 0.9992 0.0316
vn -0.1101 0.9743 0.1966
vn -0.1102 0.8598 0.4987
vn 0.0794 0.9956 -0.0499
vn 0.8038 -0.1184 -0.5830
vn 0.9344 -0.0421 -0.3538
vn 0.7465 -0.4599 -0.4809
vn 0.5825 -0.3887 -0.7138
vn 0.5306 -0.3092 -0.7892
vn 0.4334 -0.8659 -0.2498
vn 0.4321 -0.8864 -0.1660
vn 0.1728 -0.9652 -0.1962
vn 0.4564 -0.4201 -0.7844
vn 0.5115 -0.6513 -0.5605
vn 0.3486 -0.7851 -0.5119
vn 0.2652 -0.4278 -0.8641
vn 0.8486 0.0264 -0.5284
vn 0.9001 0.0526 -0.4325
vn 0.8214 -0.5489 -0.1546
vn 0.4980 -0.8460 -0.1904
vn 0.9560 0.2561 -0.1431
vn 0.9960 0.0141 -0.0887
vn 0.6320 -0.7714 -0.0743
vn 0.5727 -0.7967 -0.1930
vn 0.5667 -0.7893 -0.2363
vn 0.6625 -0.6129 -0.4306
vn 0.8938 0.4269 -0.1375
vn 0.9301 0.3559 -0.0904
vn 0.9169 0.3758 -0.1343
vn 0.8849 -0.2717 -0.3783
vn 0.9784 -0.2001 -0.0527
vn 0.9040 -0.1675 -0.3932
vn 0.5068 -0.8611 0.0400
vn 0.9872 0.1532 0.0449
vn 0.9573 0.2449 -0.1537
vn 0.9345 -0.1579 -0.3189
vn 0.9449 -0.3219 0.0586
vn 0.9699 0.2394 0.0444
vn 0.9490 -0.3121 -0.0450
vn 0.8368 -0.5449 0.0535
vn 0.8025 -0.5946 -0.0493
vn 0.9798 0.0715 0.1868
vn 0.9935 0.1041 0.0458
vn 0.9473 0.2275 0.2256
vn 0.8319 -0.5481 -0.0865
vn 0.7425 -0.6671 -0.0609
vn 0.6138 -0.7859 0.0746
vn 0.7862 -0.5892 0.1862
vn 0.9699 0.1551 0.1876
vn 0.4421 -0.8969 -0.0077
vn 0.9524 -0.1942 0.2352
vn 0.8877 0.2601 0.3798
vn 0.9558 0.0881 0.2805
vn 0.9050 -0.3962 0.1548
vn 0.6803 -0.7253 0.1057
vn 0.4342 -0.8906 0.1352
vn 0.4433 -0.8779 0.1812
vn 0.7310 -0.6478 -0.2144
vn 0.7547 -0.5875 -0.2921
vn 0.6898 -0.7210 -0.0662
vn 0.6908 -0.7216 -0.0459
vn 0.4748 -0.8253 -0.3057
vn 0.5551 -0.8260 0.0983
vn 0.5069 -0.8135 0.2850
vn 0.6802 -0.7253 0.1057
vn 0.5976 -0.7990 -0.0667
vn 0.6871 -0.6853 0.2415
vn 0.6512 -0.7534 -0.0914
vn 0.9124 -0.3910 -0.1214
vn 0.9956 -0.0611 0.0708
vn 0.5170 -0.7885 -0.3332
vn 0.9676 0.0395 -0.2494
vn 0.9554 0.0337 -0.2933
vn 0.9692 0.1876 -0.1597
vn 0.7516 0.3636 -0.5503
vn 0.7331 0.3990 -0.5507
vn 0.7788 0.3056 -0.5478
vn 0.6728 -0.7279 0.1321
vn 0.9365 0.1151 0.3311
vn 0.9352 0.0490 0.3506
vn 0.8041 -0.5366 0.2560
vn 0.7781 -0.4735 0.4128
vn 0.8749 0.0099 0.4842
vn 0.6488 -0.5816 0.4908
vn 0.9189 0.0205 0.3939
vn 0.4941 -0.8180 0.2944
vn 0.7658 0.4675 0.4415
vn 0.9315 -0.1711 0.3210
vn 0.8684 -0.1084 0.4839
vn 0.7261 0.5232 0.4462
vn 0.5776 -0.7114 0.4002
vn 0.7426 0.4409 0.5042
vn 0.7239 -0.4524 0.5208
vn 0.8336 -0.1380 0.5348
vn 0.8696 0.0171 0.4934
vn 0.8113 -0.0218 0.5842
vn 0.8166 -0.0645 0.5736
vn 0.7939 -0.0863 0.6019
vn 0.6607 -0.6368 0.3974
vn 0.6392 -0.6228 0.4512
vn 0.6875 -0.0048 0.7262
vn 0.3838 -0.8537 0.3521
vn 0.5452 -0.2934 0.7853
vn 0.7908 -0.1025 0.6034
vn 0.5194 -0.5828 0.6250
vn 0.6808 -0.0680 0.7293
vn 0.6811 -0.0746 0.7284
vn 0.7523 -0.0942 0.6520
vn 0.9993 0.0046 -0.0382
vn 0.9989 0.0399 -0.0244
vn 0.9537 0.2295 0.1944
vn 0.8242 0.2262 0.5191
vn 0.8872 0.0892 0.4527
vn 0.9051 0.0801 0.4176
vn 0.4714 -0.8700 -0.1442
vn 0.9460 0.1793 0.2700
vn 0.9189 -0.2889 0.2686
vn 0.8413 0.0832 0.5342
vn 0.7625 0.0687 0.6433
vn 0.8002 0.1300 0.5855
vn 0.7506 0.1049 0.6523
vn -0.8100 0.4184 0.4109
vn -0.7469 0.5580 0.3617
vn -0.8666 0.3914 0.3096
vn -0.9879 -0.0911 0.1258
vn -0.9892 -0.0191 0.1451
vn -0.9993 -0.0103 0.0365
vn -0.8727 -0.2864 0.3954
vn -0.9505 -0.1739 0.2576
vn -0.9947 -0.0705 0.0752
vn -0.9950 -0.0343 -0.0933
vn -0.9730 0.1008 -0.2077
vn -0.9514 0.2695 -0.1491
vn -0.9318 -0.0616 -0.3577
vn -0.9272 0.2983 -0.2266
vn -0.9109 0.0325 -0.4113
vn -0.8276 -0.0596 -0.5581
vn -0.7868 -0.0664 -0.6136
vn -0.7488 -0.1179 -0.6522
vn -0.7616 -0.0584 -0.6454
vn -0.4339 -0.1213 -0.8927
vn -0.4249 -0.1285 -0.8961
vn -0.3616 -0.0945 -0.9275
vn -0.6528 0.2166 -0.7259
vn -0.1108 -0.6367 -0.7631
vn -0.3373 -0.0778 -0.9382
vn -0.1581 0.0317 -0.9869
vn -0.2266 0.3156 -0.9214
vn -0.1562 -0.0520 -0.9864
vn -0.0512 0.0342 -0.9981
vn -0.1009 -0.0282 -0.9945
vn -0.1165 0.3986 -0.9097
vn -0.0561 0.1429 -0.9881
vn 0.0154 0.0386 -0.9991
vn 0.0764 0.0642 -0.9950
vn 0.1161 -0.0064 -0.9932
vn 0.0909 -0.0347 -0.9953
vn 0.1812 0.0140 -0.9833
vn 0.3172 -0.1313 -0.9392
vn 0.1944 0.1284 -0.9725
vn 0.3154 0.1370 -0.9390
vn -0.6115 0.7762 0.1536
vn -0.5056 0.8586 0.0850
vn -0.5959 0.7905 0.1417
vn -0.6207 0.7587 0.1977
vn -0.5372 0.8294 0.1532
vn -0.2740 0.9520 0.1367
vn -0.4707 0.8817 -0.0336
vn -0.4401 0.8944 -0.0801
vn 0.0050 0.9984 -0.0564
vn 0.0091 0.9998 -0.0150
vn 0.0550 0.9962 -0.0680
vn -0.5048 0.8452 -0.1756
vn -0.4266 0.8976 -0.1107
vn -0.4872 0.8561 -0.1726
vn -0.6736 0.6049 -0.4248
vn -0.6271 0.6343 -0.4521
vn -0.5968 0.5219 -0.6095
vn -0.5201 0.4713 -0.7123
vn -0.5331 0.4750 -0.7001
vn -0.2869 0.8883 -0.3586
vn -0.1599 0.9646 -0.2097
vn -0.1660 0.9115 -0.3763
vn -0.0812 0.9949 -0.0606
vn -0.1367 0.9675 -0.2129
vn -0.4817 0.4612 -0.7452
vn -0.0832 0.9137 -0.3978
vn -0.5182 0.6427 -0.5642
vn -0.0342 0.8921 -0.4505
vn -0.1467 0.8288 -0.5400
vn 0.0288 0.8945 -0.4461
vn 0.0404 0.9445 -0.3260
vn -0.0033 0.7985 -0.6020
vn 0.3499 -0.9153 0.1996
vn 0.6409 -0.7462 0.1801
vn 0.1844 0.9807 -0.0645
vn 0.0457 0.9763 -0.2117
vn 0.0227 0.9518 -0.3059
vn 0.0123 0.9152 -0.4027
vn 0.4353 0.6425 0.6306
vn 0.5935 0.5913 0.5460
vn 0.4332 0.5773 0.6922
vn 0.5914 0.6747 0.4416
vn 0.6549 0.6754 0.3390
vn 0.6476 0.7379 0.1897
vn 0.7166 0.6881 0.1138
vn 0.3937 0.8997 0.1885
vn 0.5797 0.8133 0.0495
vn 0.6187 0.7845 -0.0427
vn 0.5392 0.8408 -0.0488
vn 0.4541 0.8795 -0.1422
vn 0.6545 0.7453 -0.1269
vn -0.0145 0.9990 -0.0429
vn -0.0972 0.9808 -0.1693
vn -0.0030 0.9863 -0.1649
vn -0.1298 0.9635 -0.2342
vn -0.0023 0.9034 -0.4289
vn 0.0455 0.9447 -0.3247
vn 0.1075 0.8230 -0.5577
vn 0.0863 0.9289 -0.3601
vn 0.1622 0.9109 -0.3795
vn 0.0648 0.6924 -0.7186
vn 0.0179 0.6414 -0.7670
vn 0.2125 0.5268 -0.8230
vn 0.3422 0.4706 -0.8133
vn 0.6130 0.6085 -0.5040
vn 0.6257 0.6764 -0.3885
vn 0.6089 0.6148 -0.5012
vn 0.4711 0.8342 -0.2866
vn 0.6877 0.6246 -0.3702
vn 0.6331 0.6512 -0.4185
vn 0.3269 0.8789 -0.3473
vn 0.5201 0.6944 -0.4973
vn 0.2508 0.9563 -0.1502
vn 0.1619 0.9726 -0.1670
vn 0.1647 0.8827 -0.4402
vn 0.0715 0.9050 -0.4194
vn 0.5299 0.8276 -0.1854
vn -0.1569 0.2691 0.9502
vn -0.2048 0.3992 0.8937
vn -0.2255 0.3792 0.8974
vn -0.1650 0.3197 0.9330
vn -0.1956 0.4462 0.8733
vn -0.1834 0.9459 0.2676
vn -0.1712 0.9543 0.2448
vn -0.2105 0.9482 0.2377
vn -0.2299 0.9520 0.2020
vn -0.1113 0.9500 0.2918
vn -0.1269 0.9743 0.1859
vn -0.2777 0.9431 0.1829
vn -0.1050 0.1434 0.9841
vn -0.0847 0.0298 0.9960
vn -0.0282 0.8850 0.4648
vn -0.0365 0.9559 0.2914
vn -0.0659 0.9976 -0.0231
vn -0.0428 0.7554 0.6538
vn -0.0012 0.8403 0.5421
vn 0.0023 0.3092 0.9510
vn -0.0007 0.3236 0.9462
vn -0.0024 0.3317 0.9434
vn 0.0093 0.9739 0.2266
vn -0.0268 0.9942 0.1045
vn -0.0877 0.9913 0.0978
vn -0.1060 0.8477 0.5197
vn -0.4331 0.7735 0.4627
vn -0.0213 0.9830 0.1823
vn 0.0171 0.9908 0.1345
vn -0.0372 0.9926 0.1160
vn -0.0055 0.9930 0.1176
vn 0.0081 0.9994 0.0342
vn -0.0646 0.9900 0.1257
vn -0.0680 0.9902 0.1223
vn -0.1301 0.9875 0.0884
vn 0.1008 0.6374 0.7639
vn 0.0785 0.4890 0.8687
vn 0.1270 0.9003 0.4163
vn 0.0432 0.8445 0.5338
vn -0.0280 0.9917 -0.1258
vn 0.3936 0.9058 0.1569
vn 0.1658 0.9859 0.0205
vn 0.0834 0.8585 0.5060
vn 0.0272 0.9869 0.1590
vn 0.1273 0.5675 0.8134
vn 0.0953 0.9769 0.1911
vn 0.1404 0.8489 0.5095
vn 0.1994 0.5145 0.8340
vn 0.1326 0.9642 0.2298
vn 0.0896 0.9517 0.2936
vn -0.5305 0.2686 0.8040
vn -0.2266 -0.4048 0.8859
vn -0.0038 0.1242 0.9922
vn -0.0408 -0.1661 0.9853
vn 0.0927 0.9924 0.0808
vn 0.0696 0.9947 0.0763
vn 0.0418 0.9981 0.0456
vn -0.1266 0.9873 -0.0959
vn 0.0842 0.9885 0.1256
vn -0.6094 0.1242 0.7831
vn -0.7746 0.3612 0.5192
vn -0.7115 0.2077 0.6712
vn -0.0667 0.9880 0.1397
vn 0.1012 0.9874 0.1214
vn -0.7079 0.3691 0.6022
vn -0.4198 0.2143 0.8820
vn -0.4637 0.6047 0.6475
vn -0.6572 0.4697 0.5895
vn -0.7177 0.3458 0.6044
vn -0.0726 0.3903 0.9178
vn -0.6498 0.3501 0.6746
vn -0.2479 0.9015 0.3548
vn -0.1694 0.8291 0.5329
vn 0.1496 0.7099 0.6883
vn -0.0429 0.9648 0.2596
vn -0.0399 0.9851 0.1671
vn -0.0386 0.8415 0.5389
vn 0.3030 0.3991 0.8654
vn 0.2151 0.2977 0.9301
vn 0.1892 0.9457 0.2642
vn 0.2197 0.6104 0.7610
vn 0.2684 0.9315 0.2456
vn 0.3024 -0.3872 0.8710
vn 0.4048 0.0865 0.9103
vn 0.3507 0.0901 0.9322
vn 0.3293 0.9186 0.2183
vn 0.4687 0.8380 0.2795
vn 0.4693 0.2648 0.8424
vn 0.0158 0.9101 0.4141
vn 0.0021 0.9993 -0.0369
vn 0.2366 0.9713 0.0236
vn 0.1053 0.9938 0.0359
vn 0.3926 0.8095 0.4366
vn 0.5044 0.7976 0.3308
vn 0.3877 0.9187 0.0756
vn 0.5521 0.6965 0.4583
vn 0.4899 0.8678 -0.0831
vn 0.6770 0.6585 0.3287
vn 0.4432 0.7400 0.5059
vn 0.5588 0.7055 0.4359
vn 0.5848 0.8101 -0.0427
vn 0.6861 0.6550 0.3168
vn 0.6627 0.7206 -0.2040
vn 0.2190 -0.4392 -0.8713
vn 0.2299 -0.5118 -0.8277
vn 0.1864 -0.5112 -0.8390
vn 0.1496 -0.4817 -0.8635
vn 0.0804 -0.5979 -0.7975
vn 0.0345 -0.5641 -0.8250
vn -0.0037 -0.6698 -0.7425
vn -0.0474 -0.5678 -0.8218
vn 0.4474 -0.8114 -0.3761
vn 0.5366 -0.8196 0.2011
vn 0.5183 -0.8496 0.0979
vn -0.1058 -0.6623 -0.7418
vn -0.0629 -0.6227 -0.7799
vn -0.0965 -0.7358 -0.6703
vn -0.1160 -0.7724 -0.6244
vn 0.0185 -0.9239 -0.3823
vn 0.0916 -0.8320 -0.5472
vn 0.3161 -0.6176 -0.7202
vn 0.1785 -0.9043 -0.3878
vn -0.2811 -0.7606 -0.5853
vn -0.1998 -0.8909 -0.4079
vn -0.0128 -0.9156 -0.4018
vn -0.1890 -0.6420 -0.7430
vn -0.1121 -0.7798 -0.6159
vn -0.3157 -0.7493 -0.5822
vn -0.0629 -0.8916 -0.4485
vn -0.0519 -0.9747 -0.2175
vn 0.3316 -0.8623 0.3828
vn -0.2264 -0.7784 -0.5855
vn -0.2332 -0.8901 -0.3916
vn -0.3693 -0.8793 -0.3008
vn -0.2403 -0.9629 -0.1230
vn 0.1783 -0.8881 -0.4237
vn 0.1752 -0.9487 -0.2633
vn 0.0942 -0.9381 -0.3333
vn 0.1949 -0.9600 -0.2013
vn 0.1931 -0.9590 -0.2073
vn 0.1246 -0.9660 -0.2264
vn 0.0025 -0.9768 -0.2140
vn 0.1000 -0.9928 0.0666
vn 0.1897 -0.9642 -0.1855
vn 0.0378 -0.9258 -0.3761
vn -0.0025 -0.9682 -0.2502
vn 0.0396 -0.9861 -0.1617
vn 0.0498 -0.9733 -0.2241
vn 0.0066 -0.9987 -0.0504
vn 0.0385 -0.9799 -0.1958
vn 0.0899 -0.9850 -0.1470
vn 0.0340 -0.9932 -0.1109
vn 0.0013 -0.9941 -0.1083
vn -0.4917 -0.7794 -0.3882
vn -0.5270 -0.7513 -0.3972
vn 0.2069 -0.9733 0.0997
vn 0.2029 -0.9747 0.0941
vn 0.1410 -0.9890 0.0449
vn 0.1952 -0.9750 0.1058
vn 0.4191 -0.8944 0.1560
vn 0.1777 -0.9288 0.3253
vn 0.2394 -0.6833 0.6898
vn 0.3202 -0.7771 0.5419
vn 0.1022 -0.9537 0.2828
vn 0.0918 -0.8377 0.5384
vn 0.1385 -0.5486 0.8245
vn -0.0590 -0.9282 0.3674
vn -0.0295 -0.8650 0.5009
vn -0.0471 -0.9385 0.3420
vn 0.0105 -0.8563 0.5163
vn 0.0165 -0.9815 0.1908
vn -0.0266 -0.9887 0.1473
vn 0.0026 -0.9816 0.1911
vn -0.0161 -0.9902 0.1387
vn 0.0599 -0.4994 0.8643
vn 0.0249 -0.4624 0.8863
vn -0.0051 -0.7107 0.7035
vn 0.0217 -0.9555 -0.2943
vn 0.0952 -0.9072 -0.4097
vn -0.0372 -0.9382 -0.3442
vn -0.6462 -0.7585 -0.0843
vn -0.1078 -0.9536 0.2812
vn -0.3404 -0.9351 0.0988
vn 0.0070 -0.9282 -0.3719
vn -0.2342 -0.9564 -0.1744
vn -0.0440 -0.9913 -0.1241
vn -0.0152 -0.9161 -0.4008
vn -0.0394 -0.9933 -0.1087
vn -0.0633 -0.9937 -0.0925
vn -0.0496 -0.9958 -0.0773
vn -0.0666 -0.9977 -0.0136
vn -0.0477 -0.9833 -0.1759
vn -0.1133 -0.9543 -0.2764
vn -0.2225 -0.8970 -0.3820
vn -0.1190 -0.9839 -0.1330
vn 0.2732 -0.8886 0.3685
vn -0.1777 -0.9837 0.0279
vn -0.0871 -0.9887 -0.1220
vn -0.0288 -0.9955 -0.0908
vn -0.0919 -0.9956 0.0158
vn -0.0395 -0.9968 0.0698
vn -0.1162 -0.9868 -0.1126
vn -0.0344 -0.9986 0.0406
vn -0.4845 -0.8747 0.0070
vn -0.3738 -0.9221 0.1002
vn -0.3952 -0.9050 0.1575
vn -0.0346 -0.9915 0.1256
vn -0.0228 -0.9160 0.4005
vn 0.0814 -0.9733 0.2147
vn -0.0089 -0.9404 0.3399
vn -0.1063 -0.8729 0.4761
vn -0.0178 -0.8636 0.5038
vn -0.2029 -0.9270 0.3153
vn -0.2525 -0.9280 0.2739
vn -0.2832 -0.9273 0.2447
vn -0.0134 -0.7889 0.6143
vn -0.0445 -0.7623 0.6457
vn -0.2330 -0.5020 0.8329
vn -0.2754 -0.4862 0.8293
vn -0.3584 -0.9195 0.1616
vn -0.4221 -0.8901 0.1722
vn -0.3369 -0.9167 0.2147
vn -0.3675 -0.8659 0.3393
vn -0.5235 0.1560 0.8376
vn -0.3972 -0.2668 0.8781
vn -0.2303 -0.3639 0.9025
vn -0.3401 0.1619 0.9264
vn -0.6724 0.2712 0.6887
vn -0.1294 -0.5214 0.8434
vn -0.4550 -0.0674 0.8879
vn -0.3181 -0.0160 0.9479
vn -0.2603 -0.9654 0.0170
vn -0.7268 -0.4544 0.5150
vn -0.8681 -0.3225 0.3774
vn -0.8103 0.2156 0.5449
vn -0.8148 0.4457 0.3708
vn -0.8475 0.0955 0.5221
vn -0.9138 0.1078 0.3916
vn -0.9003 0.3370 0.2756
vn -0.7507 0.4643 0.4700
vn -0.9583 0.1689 0.2307
vn -0.9764 0.2157 -0.0129
vn -0.6566 0.5199 0.5464
vn 0.0725 0.4301 -0.8999
vn 0.2389 0.4207 -0.8752
vn 0.2224 0.3485 -0.9106
vn 0.1179 0.3218 -0.9394
vn -0.1574 0.4701 -0.8685
vn -0.1897 -0.1538 -0.9697
vn -0.3930 -0.1525 -0.9068
vn -0.2785 -0.1030 -0.9549
vn 0.1251 0.0170 -0.9920
vn -0.1985 -0.1523 -0.9682
vn 0.0103 -0.2150 -0.9766
vn -0.3084 -0.3721 -0.8754
vn -0.4991 -0.1808 -0.8475
vn -0.2407 0.5152 -0.8226
vn -0.3725 0.3786 -0.8473
vn -0.6094 -0.1033 -0.7861
vn -0.5337 0.5139 -0.6716
vn -0.3808 -0.6923 -0.6129
vn -0.4485 -0.6713 -0.5901
vn -0.5149 -0.6018 -0.6105
vn -0.6468 0.4632 -0.6059
vn -0.8116 0.2220 -0.5405
vn -0.4446 -0.7990 -0.4049
vn -0.6497 -0.0949 -0.7542
vn -0.5049 -0.5736 -0.6451
vn -0.7787 -0.2969 -0.5528
vn -0.4051 -0.8313 -0.3805
vn -0.3818 -0.8804 -0.2813
vn -0.8617 -0.0302 -0.5066
vn -0.8673 -0.2150 -0.4490
vn -0.8445 -0.2503 -0.4734
vn -0.8673 -0.2149 -0.4489
vn -0.8886 -0.1782 -0.4227
vn -0.7992 -0.0488 -0.5991
vn -0.8315 -0.2119 -0.5136
vn -0.7294 -0.4187 -0.5409
vn -0.5376 -0.7567 -0.3721
vn -0.8901 0.0717 -0.4500
vn -0.8915 0.0441 -0.4509
vn -0.7948 -0.0205 -0.6065
vn -0.9077 0.0561 -0.4158
vn -0.8992 0.0437 -0.4353
vn -0.9006 0.0664 -0.4295
vn -0.9157 0.0684 -0.3961
vn -0.8971 0.0506 -0.4388
vn -0.9051 0.0832 -0.4169
vn -0.9069 0.1166 -0.4049
vn -0.9247 0.1176 -0.3622
vn -0.9239 0.0293 -0.3816
vn -0.3054 -0.6695 -0.6771
vn -0.3356 -0.7559 -0.5621
vn -0.5200 -0.7099 -0.4750
vn -0.5464 -0.7636 -0.3441
vn -0.0975 -0.7523 -0.6516
vn -0.6708 -0.0576 -0.7394
vn -0.0768 -0.7758 -0.6262
vn -0.0721 -0.7971 -0.5995
vn -0.5616 0.2982 -0.7718
vn -0.4352 0.3285 -0.8382
vn -0.5398 0.3618 -0.7600
vn -0.5147 0.0571 -0.8555
vn -0.6527 0.3175 -0.6878
vn -0.8594 0.2532 -0.4442
vn -0.7057 0.2711 -0.6546
vn -0.8562 0.2770 -0.4362
vn -0.8553 0.2603 -0.4479
vn -0.9074 0.2684 -0.3235
vn -0.8695 0.0108 -0.4939
vn -0.8645 0.3518 -0.3589
vn -0.8819 0.2658 -0.3893
vn -0.8965 0.1540 -0.4154
vn -0.3279 -0.9162 -0.2302
vn -0.2451 -0.9485 -0.2008
vn -0.3338 -0.9071 -0.2565
vn -0.6348 -0.6282 -0.4499
vn -0.7996 -0.3460 -0.4908
vn -0.7105 -0.7017 -0.0519
vn -0.5777 -0.7963 0.1791
vn -0.6346 -0.7264 0.2637
vn -0.9683 0.0452 -0.2455
vn -0.9973 -0.0345 -0.0654
vn -0.9420 0.1744 -0.2866
vn -0.5859 -0.7149 0.3816
vn -0.7475 -0.4394 0.4981
vn -0.8961 0.3261 -0.3013
vn -0.8936 0.2497 -0.3730
vn -0.8771 0.2845 -0.3869
vn -0.8772 0.2845 -0.3869
vn -0.8446 0.3446 -0.4098
vn -0.9170 0.3157 -0.2437
vn -0.4365 -0.4955 -0.7510
vn 0.4825 -0.3267 -0.8127
vn 0.6627 0.0848 -0.7441
vn 0.1153 -0.4128 -0.9035
vn -0.0518 -0.2867 -0.9566
vn 0.6256 0.0140 -0.7800
vn 0.3906 -0.2152 -0.8950
vn 0.1842 -0.5355 -0.8242
vn 0.2061 -0.2150 -0.9546
vn -0.1176 -0.4609 -0.8796
vn 0.3079 -0.2565 -0.9162
vn 0.3352 0.0024 -0.9421
vn 0.7280 -0.0698 -0.6820
vn 0.6974 0.2659 -0.6655
vn 0.7467 0.2813 -0.6027
vn 0.6007 -0.2799 -0.7489
vn 0.8101 -0.3295 -0.4849
vn 0.7160 -0.4822 -0.5047
vn 0.3892 -0.5054 -0.7701
vn -0.1362 -0.4707 -0.8717
vn 0.1196 -0.6093 -0.7838
vn 0.7561 -0.5845 -0.2943
vn 0.4895 -0.7409 -0.4599
vn 0.4954 -0.7346 -0.4636
vn 0.0936 -0.8885 -0.4493
vn 0.0520 -0.9747 -0.2173
vn 0.1136 -0.9923 -0.0484
vn 0.1027 -0.9754 -0.1953
vn 0.1776 -0.9813 0.0744
vn 0.3691 -0.9249 -0.0911
vn -0.0469 -0.9654 -0.2567
vn 0.0270 -0.9015 -0.4319
vn 0.3611 -0.9177 0.1654
vn 0.6802 0.2580 -0.6861
vn 0.8799 0.1593 -0.4476
vn 0.7992 0.2262 -0.5568
vn 0.9076 0.2169 -0.3594
vn 0.9200 0.2400 -0.3097
vn 0.4160 -0.7898 -0.4508
vn 0.7370 -0.6310 -0.2420
vn 0.7752 -0.4656 -0.4269
vn 0.7279 -0.3461 -0.5919
vn 0.7315 -0.4164 -0.5400
vn 0.4839 0.4912 -0.7243
vn 0.3690 0.0821 -0.9258
vn 0.4899 0.4821 -0.7263
vn 0.5775 -0.4187 -0.7008
vn 0.3057 -0.3642 -0.8797
vn 0.3577 -0.7049 -0.6126
vn 0.1743 -0.4971 -0.8500
vn 0.5802 0.3428 -0.7388
vn 0.2446 0.4206 -0.8736
vn 0.2961 -0.8105 -0.5053
vn 0.2159 -0.8443 -0.4905
vn 0.0945 -0.8170 -0.5688
vn -0.1864 -0.2720 -0.9441
vn -0.2196 -0.0210 -0.9754
vn -0.0885 -0.9512 -0.2956
vn 0.1532 -0.7917 -0.5914
vn -0.5052 -0.7793 -0.3708
vn -0.4518 -0.8397 -0.3012
vn 0.2593 0.1045 -0.9601
vn 0.0844 -0.1402 -0.9865
vn -0.0501 0.3054 -0.9509
vn 0.1931 0.3745 -0.9069
vn 0.0466 0.3887 -0.9202
vn 0.0577 -0.3469 -0.9361
vn -0.1119 -0.7111 -0.6942
vn 0.0090 0.4003 -0.9163
vn -0.1070 0.3513 -0.9301
vn 0.0606 -0.8738 -0.4824
vn -0.0441 -0.7917 -0.6093
vn -0.1081 -0.7455 -0.6576
vn -0.2752 -0.7936 -0.5427
vn -0.2252 -0.6081 -0.7612
vn -0.3614 -0.8090 -0.4637
vn 0.3910 0.0468 -0.9192
vn -0.5110 -0.7622 -0.3975
vn -0.4293 -0.8469 -0.3139
vn -0.4447 -0.8511 -0.2790
vn -0.2225 -0.9556 -0.1931
vn -0.2380 0.4098 0.8806
vn -0.0861 0.4085 0.9087
vn -0.1454 0.3179 0.9369
vn 0.0330 0.2367 0.9710
vn 0.2151 0.4321 0.8758
vn -0.0266 0.2462 0.9688
vn 0.0046 0.3148 0.9491
vn 0.0127 0.4100 0.9120
vn 0.0406 0.3553 0.9339
vn 0.1335 0.4158 0.8996
vn -0.2411 0.4417 0.8642
vn 0.0268 0.7263 0.6869
vn -0.2082 0.6172 0.7588
vn -0.7381 0.6605 0.1378
vn -0.5385 0.8373 -0.0945
vn -0.7416 0.6516 -0.1595
vn -0.3992 0.4346 0.8073
vn -0.3290 0.6692 0.6663
vn -0.0100 0.9445 0.3282
vn -0.5108 0.8167 0.2685
vn -0.2366 0.9661 0.1035
vn 0.2939 0.8755 0.3835
vn 0.0245 0.9763 0.2152
vn -0.4405 0.8977 -0.0055
vn 0.2191 0.9256 0.3086
vn -0.6270 0.7774 -0.0498
vn -0.7658 0.6079 -0.2099
vn -0.8035 0.4558 0.3829
vn -0.8172 0.5623 0.1264
vn 0.2278 0.5308 0.8163
vn 0.3495 0.4472 0.8233
vn 0.3771 0.4009 0.8349
vn 0.5018 0.7531 0.4253
vn 0.4920 0.7668 0.4123
vn -0.2086 0.4149 0.8856
vn 0.1699 -0.0377 0.9847
vn 0.2380 -0.1262 0.9630
vn 0.1990 -0.0508 0.9787
vn 0.5524 -0.1285 0.8236
vn 0.5534 0.0634 0.8305
vn 0.1386 0.0089 0.9903
vn 0.1777 -0.0053 0.9841
vn 0.1713 0.0874 0.9813
vn 0.2731 0.1553 0.9494
vn 0.6461 0.1948 0.7380
vn 0.6704 0.1746 0.7211
vn 0.3421 -0.0499 0.9383
vn 0.4623 0.3391 0.8194
vn 0.8209 0.1017 0.5620
vn 0.7436 0.2787 0.6078
vn 0.6315 0.4043 0.6616
vn 0.7508 -0.0243 0.6601
vn 0.6033 0.5481 0.5793
vn 0.8899 0.0143 0.4559
vn 0.8495 0.1000 0.5181
vn 0.4495 0.5927 0.6684
vn 0.8965 -0.0335 0.4417
vn 0.8895 -0.0608 0.4530
vn 0.7969 -0.1794 0.5769
vn 0.9002 -0.1045 0.4227
vn 0.3799 0.6308 0.6766
vn 0.3788 0.6373 0.6711
vn -0.0479 -0.4693 0.8818
vn -0.0150 -0.4687 0.8832
vn 0.2579 0.7042 0.6615
vn 0.2206 0.7788 0.5872
vn 0.0041 -0.4681 0.8837
vn 0.4147 -0.2676 0.8698
vn 0.2355 -0.3521 0.9059
vn 0.1584 -0.3599 0.9194
vn 0.4140 0.0120 0.9102
vn 0.7510 0.3804 0.5397
vn 0.5901 -0.2726 0.7599
vn -0.2360 0.0984 0.9667
vn -0.1969 0.0069 0.9804
vn -0.2879 -0.1106 0.9512
vn -0.1808 -0.0296 0.9831
vn -0.0353 0.2022 0.9787
vn 0.4601 0.0272 0.8874
vn 0.5974 0.2793 0.7517
vn 0.5582 0.0470 0.8283
vn 0.4135 -0.1622 0.8960
vn 0.3514 -0.2002 0.9146
vn 0.6108 0.0580 0.7897
vn 0.5065 -0.2414 0.8278
vn 0.7840 0.1251 0.6081
vn 0.7756 -0.2198 0.5917
vn 0.8420 -0.3812 0.3817
vn 0.8397 -0.2948 0.4560
vn 0.8773 -0.3619 0.3153
vn 0.8805 -0.2742 0.3866
vn 0.8773 -0.2549 0.4067
vn 0.8927 -0.2032 0.4023
vn 0.9404 -0.1550 0.3027
vn 0.9056 -0.2916 0.3082
vn 0.9541 -0.2888 -0.0794
vn -0.9507 -0.3008 0.0757
vn -0.9725 0.0997 -0.2106
vn -0.9190 -0.3811 -0.1012
vn -0.8956 -0.4212 0.1430
vn -0.9458 0.0866 -0.3129
vn -0.9333 0.2561 -0.2516
vn -0.9367 0.3391 -0.0876
vn -0.9100 0.3705 -0.1862
vn -0.9306 0.2844 -0.2303
vn -0.8817 -0.3767 -0.2841
vn -0.8637 0.0417 -0.5024
vn -0.9293 0.1109 -0.3523
vn -0.8148 -0.0780 -0.5744
vn -0.7706 0.2304 -0.5943
vn -0.7780 0.1222 -0.6163
vn -0.6526 -0.4947 -0.5739
vn -0.7470 -0.0659 -0.6616
vn -0.6103 0.1350 -0.7806
vn -0.8777 0.4637 -0.1208
vn -0.8932 0.4304 -0.1303
vn -0.9389 -0.2044 -0.2770
vn -0.8793 -0.1670 -0.4460
vn -0.8299 -0.1107 -0.5468
vn -0.9135 -0.0823 -0.3984
vn -0.7198 -0.0792 -0.6896
vn -0.6537 -0.1239 -0.7466
vn -0.5877 -0.1291 -0.7987
vn -0.5856 -0.1415 -0.7982
vn -0.6364 -0.0466 -0.7699
vn -0.6752 -0.2977 -0.6749
vn -0.8436 -0.5163 -0.1477
vn -0.9514 -0.3053 -0.0403
vn -0.9514 -0.3054 -0.0404
vn -0.9955 -0.0274 0.0908
vn -0.2158 -0.2820 0.9348
vn -0.1105 -0.0934 0.9895
vn -0.1105 -0.0935 0.9895
vn -0.0111 0.0802 0.9967
vn -0.1582 0.9874 0.0080
vn -0.1376 0.9905 -0.0077
vn -0.1375 0.9905 -0.0077
vn -0.1211 0.9924 -0.0202
vn -0.0899 0.0673 -0.9937
vn -0.1219 -0.0116 -0.9925
vn -0.1480 -0.0776 -0.9859
vn 0.0820 -0.9966 0.0098
vn 0.0054 -0.9990 0.0448
vn 0.0821 -0.9966 0.0097
vn 0.1597 -0.9868 -0.0261
vn 0.9953 0.0701 0.0669
vn 0.9871 0.1575 0.0296
vn 0.9668 0.2553 -0.0131
vn 0.5837 0.8074 -0.0861
vn 0.9257 0.3378 0.1701
vn 0.9257 0.3378 0.1702
vn 0.6179 -0.6732 0.4061
vn 0.3325 0.0830 0.9394
vn 0.0417 0.6999 0.7130
vn 0.0235 0.9166 0.3991
vn -0.0446 0.8109 0.5835
vn 0.0551 0.3219 0.9452
vn 0.4224 -0.4056 -0.8106
vn 0.3544 -0.2772 -0.8931
vn 0.4586 -0.4538 -0.7641
vn 0.0077 -0.1888 -0.9820
vn 0.2371 -0.1503 -0.9598
vn 0.8648 0.4945 -0.0878
vn -0.2946 -0.3116 -0.9034
vn -0.3724 -0.3266 -0.8687
vn -0.4187 0.0428 0.9071
vn -0.3609 0.1694 0.9171
vn -0.4188 0.0428 0.9071
vn -0.4656 -0.0769 0.8816
vn -0.9472 0.1567 -0.2797
vn 0.0213 0.8937 -0.4482
vn 0.1066 0.8509 -0.5145
vn -0.1421 0.9141 -0.3798
vn -0.1851 0.8730 -0.4512
vn -0.0826 0.9769 -0.1971
vn -0.2386 0.9149 -0.3255
vn -0.3535 -0.4648 0.8118
vn -0.6345 -0.2754 0.7222
vn -0.4644 -0.1881 0.8654
vn -0.9909 -0.0575 0.1221
vn -0.9330 -0.1120 0.3421
vn -0.9898 -0.1097 0.0905
vn -0.7695 -0.1332 0.6247
vn -0.8101 -0.1076 0.5763
vn -0.8896 -0.0984 0.4461
vn -0.7078 0.0402 0.7052
vn -0.2675 0.2165 0.9389
vn -0.9880 -0.1218 0.0947
vn 0.0026 0.1935 0.9811
vn 0.0020 0.0673 0.9977
vn -0.2230 -0.0908 0.9706
vn 0.2412 0.4072 0.8809
vn 0.0678 -0.1357 0.9884
vn -0.9574 -0.2855 0.0424
vn -0.9888 -0.1069 -0.1039
vn -0.9795 -0.2012 0.0107
vn -0.5920 0.7642 0.2560
vn -0.6288 0.7696 0.1106
vn -0.5274 0.7702 0.3587
vn -0.5375 0.8390 -0.0845
vn -0.2406 0.8813 0.4068
vn -0.2852 0.8646 0.4138
vn -0.1109 0.9445 0.3091
vn -0.1329 0.9241 0.3584
vn -0.0459 0.9329 0.3572
vn -0.4674 0.8747 -0.1284
vn -0.4938 0.8550 -0.1586
vn -0.5536 0.8130 -0.1806
vn -0.4344 0.8464 -0.3081
vn 0.4103 -0.8775 -0.2483
vn 0.4473 -0.8538 -0.2663
vn 0.3344 -0.9424 -0.0129
vn 0.3353 -0.8207 -0.4627
vn 0.3272 -0.8454 -0.4222
vn 0.1917 -0.8899 -0.4139
vn 0.4056 -0.9121 -0.0596
vn 0.2518 -0.9591 0.1291
vn 0.2642 -0.9508 0.1615
vn 0.3465 -0.7998 0.4902
vn 0.2828 -0.8756 0.3915
vn 0.2441 -0.7361 0.6313
vn 0.0198 -0.8225 0.5684
vn -0.0852 -0.8537 0.5137
vn -0.2852 -0.8808 0.3779
vn -0.2148 -0.9033 0.3714
vn -0.4011 -0.8618 0.3105
vn -0.3943 -0.8730 0.2870
vn -0.5372 -0.5089 0.6727
vn -0.5564 -0.3447 0.7561
vn -0.6381 -0.4381 0.6332
vn -0.7329 -0.2539 0.6312
vn -0.8105 -0.2617 0.5240
vn -0.8216 -0.2425 0.5160
vn -0.6284 -0.2838 0.7243
vn -0.4636 -0.5085 0.7256
vn -0.3090 -0.2921 0.9051
vn -0.7888 -0.2507 0.5612
vn -0.7342 -0.2441 0.6335
vn -0.4723 -0.2437 0.8471
vn -0.8371 -0.3727 0.4005
vn -0.7804 -0.3127 0.5415
vn -0.3122 -0.2926 0.9038
vn -0.0644 -0.3301 0.9418
vn 0.6048 0.4447 -0.6606
vn 0.5008 0.3153 -0.8061
vn 0.5885 0.4543 -0.6687
vn 0.9221 0.3308 -0.2007
vn 0.7683 0.2934 -0.5689
vn 0.9441 0.2744 -0.1828
vn 0.8922 0.4427 0.0894
vn 0.9936 0.1126 0.0032
vn 0.8676 0.2559 -0.4263
vn 0.1875 -0.9456 -0.2658
vn 0.2543 0.6022 -0.7568
vn 0.6120 0.2114 -0.7621
vn 0.7395 0.2288 -0.6331
vn 0.9530 0.2826 0.1093
vn 0.2094 0.2913 -0.9334
vn 0.2218 0.3729 -0.9010
vn 0.9477 0.2378 0.2131
vn 0.8754 0.3216 0.3609
vn 0.7394 0.5738 0.3523
vn 0.8151 0.0886 0.5725
vn 0.9004 0.1736 0.3989
vn 0.6106 0.5863 0.5324
vn 0.7681 0.2241 0.5998
vn 0.6693 -0.0976 0.7365
vn 0.6218 -0.1579 0.7671
vn 0.8620 0.2917 0.4146
vn 0.7050 0.2503 0.6636
vn -0.7308 -0.4530 0.5106
vn -0.8394 -0.2973 0.4550
vn -0.9578 -0.2035 0.2028
vn -0.9247 -0.2929 0.2431
vn -0.9352 -0.3540 0.0127
vn -0.9118 -0.3059 0.2741
vn -0.9403 -0.3274 0.0929
vn -0.6259 -0.7040 0.3356
vn -0.6286 -0.6526 0.4230
vn -0.8968 0.1127 0.4279
vn -0.4242 -0.8344 0.3518
vn -0.5744 -0.3827 0.7236
vn -0.8681 -0.2548 0.4261
vn -0.8675 -0.3710 0.3313
vn -0.9317 -0.3569 0.0678
vn -0.9730 -0.0913 -0.2119
vn -0.9434 -0.2683 -0.1948
vn -0.8719 -0.3211 -0.3697
vn -0.8555 -0.2510 -0.4530
vn -0.8496 -0.0578 -0.5242
vn -0.5331 -0.6196 -0.5761
vn -0.8465 -0.3197 -0.4257
vn -0.5489 -0.4865 -0.6798
vn -0.2988 -0.6067 -0.7366
vn -0.5621 -0.0760 -0.8236
vn -0.4195 -0.2066 -0.8840
vn -0.5400 -0.1294 -0.8317
vn -0.4831 -0.1655 -0.8598
vn -0.1135 -0.1553 -0.9813
vn -0.0886 -0.5891 -0.8032
vn -0.0245 0.1878 -0.9819
vn 0.0587 0.0999 -0.9933
vn -0.9023 -0.3426 -0.2619
vn -0.8238 -0.3306 -0.4605
vn -0.6571 -0.2484 -0.7117
vn -0.5409 -0.2120 -0.8139
vn -0.7199 -0.2553 -0.6454
vn -0.5407 0.4134 -0.7326
vn -0.5504 -0.2190 -0.8057
vn -0.5481 0.3725 -0.7489
vn -0.6164 0.5192 -0.5920
vn -0.4695 0.2348 -0.8511
vn -0.9241 0.2616 -0.2786
vn -0.9741 0.0956 -0.2049
vn -0.9784 0.0910 -0.1856
vn -0.9711 0.0987 -0.2175
vn -0.4772 -0.8736 0.0949
vn -0.5011 -0.2853 0.8170
vn 0.9277 -0.1186 0.3539
vn -0.2313 -0.9637 -0.1336
vn -0.2749 -0.9480 -0.1605
vn -0.1696 -0.9809 -0.0956
vn 0.5223 0.0975 0.8472
vn 0.5413 -0.0502 0.8393
vn 0.5223 0.0975 0.8471
vn -0.6807 0.1545 0.7161
vn 0.4936 0.2357 0.8371
vn 0.0271 0.9885 -0.1485
vn 0.0198 0.9748 -0.2220
vn 0.0145 0.9616 -0.2741
vn 0.9404 -0.1088 -0.3221
vn -0.2060 -0.6146 0.7615
vn -0.0388 -0.6222 0.7819
vn 0.1748 -0.4635 0.8687
vn -0.1886 -0.6199 0.7617
vn 0.1899 -0.5220 0.8315
vn 0.3926 -0.5102 0.7653
vn 0.2315 -0.4553 0.8597
vn 0.4605 -0.6212 0.6341
vn 0.6023 -0.6412 0.4756
vn 0.7061 -0.6462 0.2896
vn 0.5340 -0.6137 0.5815
vn 0.7153 -0.6421 0.2756
vn 0.1769 -0.7896 0.5876
vn 0.0180 -0.7530 0.6577
vn 0.0982 -0.7582 0.6446
vn 0.1536 -0.4251 0.8920
vn 0.1602 -0.6120 0.7745
vn 0.0058 -0.2686 0.9632
vn 0.5079 -0.4860 0.7112
vn 0.4541 -0.8640 0.2175
vn 0.7457 -0.6338 0.2054
vn 0.4948 -0.8584 0.1355
vn 0.0721 -0.7233 0.6867
vn 0.0765 -0.7444 0.6633
vn 0.2439 -0.5925 0.7678
vn 0.3347 -0.9379 0.0911
vn 0.5399 -0.8412 0.0309
vn 0.1208 -0.7398 0.6619
vn 0.1517 0.0663 -0.9862
vn 0.1226 0.5691 -0.8131
vn 0.0256 0.5691 -0.8218
vn -0.2014 0.4837 -0.8517
vn 0.0461 0.4220 -0.9054
vn -0.4882 0.6365 -0.5972
vn -0.0853 0.3797 -0.9212
vn -0.3601 0.4640 -0.8094
vn -0.4917 0.5777 -0.6515
vn -0.4685 0.4947 -0.7320
vn -0.3921 0.6780 -0.6218
vn -0.4382 0.7440 -0.5044
vn -0.0382 0.7454 -0.6656
vn -0.1212 0.7634 -0.6345
vn 0.2662 0.2604 -0.9281
vn 0.0293 0.3786 -0.9251
vn -0.3953 0.6109 -0.6860
vn -0.5618 0.6025 -0.5668
vn -0.1419 0.7954 -0.5892
vn -0.3823 0.9225 -0.0527
vn -0.3866 0.8974 0.2127
vn 0.1033 0.5924 -0.7990
vn 0.3137 0.5331 -0.7858
vn 0.3691 0.5161 -0.7729
vn 0.6240 0.5347 -0.5699
vn 0.5397 0.5361 -0.6491
vn 0.7308 0.5782 -0.3626
vn 0.7311 0.5889 -0.3446
vn -0.7352 0.4456 -0.5108
vn 0.0622 -0.6907 -0.7205
vn 0.2243 0.2424 -0.9439
vn 0.0435 -0.0137 -0.9990
vn 0.0123 0.5987 -0.8009
vn -0.0036 0.4904 -0.8715
vn 0.0190 0.3992 -0.9167
vn 0.4434 0.4867 -0.7527
vn 0.2297 0.4055 -0.8848
vn -0.0139 0.3504 -0.9365
vn 0.2771 0.7387 -0.6144
vn -0.3711 0.6346 -0.6779
vn 0.1136 0.6992 0.7058
vn 0.0698 0.7056 0.7051
vn 0.0581 0.6805 0.7305
vn 0.2027 0.7533 0.6257
vn 0.5582 0.4567 0.6927
vn 0.4901 0.5863 0.6450
vn 0.3034 -0.6066 0.7349
vn 0.6218 0.5722 0.5346
vn 0.6757 0.5191 0.5234
vn 0.5636 0.6588 0.4983
vn 0.6401 0.6023 0.4770
vn 0.8839 -0.1572 0.4404
vn 0.7210 0.3879 0.5742
vn 0.8773 -0.3161 0.3611
vn 0.8126 -0.5008 0.2982
vn 0.4901 0.8171 0.3035
vn 0.3346 0.9227 0.1913
vn 0.7874 -0.5425 0.2927
vn -0.5473 -0.5059 0.6668
vn -0.6649 -0.5305 0.5257
vn -0.6032 -0.5462 0.5812
vn -0.4357 -0.6061 0.6655
vn -0.6918 -0.5700 0.4433
vn -0.1864 -0.6723 0.7164
vn -0.4609 -0.5043 0.7303
vn -0.0863 -0.7336 0.6741
vn -0.1085 -0.2400 0.9647
vn -0.0433 -0.3978 0.9164
vn -0.0576 -0.3720 0.9264
vn 0.0075 -0.3730 0.9278
vn 0.1676 -0.1834 0.9686
vn 0.0122 -0.6122 0.7906
vn 0.3807 -0.0258 0.9243
vn 0.0653 -0.8405 0.5378
vn 0.2644 0.0640 0.9623
vn 0.7070 -0.4818 0.5178
vn -0.1744 -0.1889 0.9664
vn 0.0404 -0.0100 0.9991
vn -0.1415 -0.0357 0.9893
vn 0.0778 -0.0878 0.9931
vn 0.0677 -0.1557 0.9855
vn -0.0874 -0.9152 0.3934
vn -0.0193 -0.9555 0.2945
vn -0.0430 -0.9385 0.3427
vn -0.6570 -0.3378 0.6739
vn -0.5504 -0.2501 0.7965
vn -0.6260 -0.6769 0.3872
vn -0.5954 -0.0658 0.8007
vn -0.5208 -0.2359 0.8204
vn -0.8481 -0.3535 0.3947
vn -0.0625 -0.2069 0.9764
vn -0.2298 -0.7126 0.6629
vn -0.3222 -0.8581 0.3997
vn -0.0345 -0.7030 0.7103
vn -0.0237 -0.7366 0.6759
vn 0.1208 0.0077 0.9926
vn 0.1812 -0.0637 0.9814
vn 0.1010 -0.7464 0.6578
vn 0.0767 -0.7566 0.6493
vn 0.3071 -0.0025 0.9517
vn 0.1830 -0.9230 0.3384
vn 0.0019 -0.9997 0.0229
vn 0.0162 -0.9694 0.2448
vn -0.2807 0.1375 0.9499
vn 0.2992 -0.8064 0.5101
vn 0.3788 -0.7865 0.4878
vn 0.4108 -0.8816 0.2324
vn 0.4731 -0.5887 0.6554
vn 0.2661 -0.7174 0.6439
vn 0.4097 -0.0271 0.9118
vn 0.2733 -0.8232 0.4977
vn 0.4673 0.0781 0.8807
vn 0.4683 0.0690 0.8809
vn 0.2438 -0.6878 0.6837
vn 0.3272 -0.7563 0.5665
vn 0.3492 -0.8096 0.4719
vn 0.4162 -0.7837 0.4610
vn 0.5091 -0.7820 0.3596
vn 0.5008 -0.8296 0.2468
vn 0.6164 -0.7257 0.3055
vn 0.7694 -0.3598 0.5277
vn -0.6436 0.2017 0.7383
vn -0.5892 0.3283 0.7383
vn -0.7140 0.3695 0.5947
vn -0.8038 -0.0795 0.5896
vn -0.6686 -0.4214 0.6126
vn -0.5541 -0.1608 0.8168
vn -0.5160 -0.3537 0.7802
vn -0.5812 -0.0003 0.8137
vn -0.6339 0.0844 0.7688
vn -0.6599 -0.0345 0.7506
vn -0.6704 -0.0021 0.7420
vn -0.6005 -0.0785 0.7958
vn -0.6379 -0.0802 0.7659
vn -0.8903 -0.1031 0.4435
vn -0.7762 0.0989 0.6227
vn -0.8633 0.2551 0.4355
vn -0.8207 0.4256 0.3812
vn -0.7197 0.4881 0.4937
vn -0.9373 -0.3462 0.0401
vn -0.9636 0.2007 0.1765
vn -0.9842 0.1768 0.0096
vn -0.8452 0.5119 0.1534
vn -0.6259 -0.7605 0.1729
vn -0.8506 -0.5221 0.0631
vn -0.5730 -0.8195 0.0070
vn -0.9381 0.3370 0.0799
vn -0.9092 -0.1155 0.4001
vn -0.8565 -0.1625 0.4898
vn -0.5579 -0.8068 0.1946
vn -0.6061 -0.6534 0.4535
vn -0.5625 0.4119 0.7169
vn -0.4827 -0.6897 0.5397
vn -0.9653 -0.0592 0.2542
vn -0.9430 -0.0197 0.3323
vn -0.9934 0.0790 0.0835
vn -0.9903 0.1384 -0.0125
vn -0.6264 -0.7692 -0.1260
vn -0.8410 -0.1221 0.5271
vn -0.8347 -0.1430 0.5318
vn -0.8347 -0.1429 0.5318
vn -0.6231 -0.5360 0.5697
vn -0.8445 -0.0090 0.5354
vn -0.7264 -0.1371 0.6735
vn -0.7010 -0.0093 0.7131
vn -0.6980 0.0715 0.7125
vn -0.6953 0.1090 0.7104
vn -0.9342 -0.1011 0.3422
vn -0.7556 -0.3451 0.5567
vn -0.9171 0.1594 0.3653
vn -0.4538 0.1952 0.8695
vn -0.4401 0.3041 0.8448
vn -0.5093 0.1794 0.8417
vn -0.3221 0.2996 0.8981
vn -0.3089 -0.0756 0.9481
vn -0.3144 0.0113 0.9492
vn -0.1588 0.1668 0.9731
vn -0.3107 0.3430 0.8865
vn -0.4717 0.0839 0.8778
vn -0.4259 -0.5303 0.7330
vn -0.4643 -0.0283 0.8852
vn -0.3797 -0.0229 0.9248
vn -0.4683 -0.0334 0.8829
vn -0.4442 0.4598 0.7689
vn -0.4839 -0.5613 0.6714
vn -0.3865 0.2307 0.8930
vn -0.1648 0.2688 0.9490
vn -0.2095 -0.2305 0.9503
vn -0.2555 -0.0279 0.9664
vn -0.3726 -0.0248 0.9277
vn -0.2130 0.3503 0.9121
vn -0.2650 -0.0532 0.9628
vn -0.2658 0.0758 0.9610
vn -0.2526 -0.6677 0.7003
vn -0.2846 -0.0492 0.9574
vn -0.1033 0.2854 0.9528
vn 0.0043 0.2492 0.9684
vn -0.0076 0.2499 0.9682
vn 0.1002 0.2286 0.9684
vn -0.1563 0.1859 0.9701
vn -0.5093 -0.7424 0.4353
vn -0.5431 -0.2211 0.8100
vn -0.8115 -0.2157 0.5432
vn -0.2095 -0.2304 0.9503
vn -0.4955 0.0044 0.8686
vn -0.1925 0.0175 0.9811
vn -0.1923 -0.6666 0.7202
vn -0.8532 -0.0247 0.5211
vn -0.3535 0.0280 0.9350
vn -0.4618 -0.0341 0.8863
vn -0.3003 0.0780 0.9507
vn -0.5299 0.1839 0.8279
vn -0.4683 -0.0269 0.8831
vn -0.2191 0.0611 0.9738
vn -0.3056 -0.0745 0.9492
vn -0.2689 -0.0879 0.9591
vn -0.3286 -0.0998 0.9392
vn -0.3292 -0.0913 0.9398
vn -0.3301 -0.0908 0.9396
vn -0.2374 0.0906 0.9672
vn -0.2411 0.1341 0.9612
vn -0.7618 0.1632 0.6269
vn -0.2912 -0.0821 0.9531
vn -0.2637 -0.0670 0.9623
vn -0.9217 0.3813 -0.0714
vn -0.9552 0.2007 -0.2176
vn -0.8943 0.4416 -0.0719
vn -0.9076 0.3440 -0.2409
vn -0.9206 0.2521 -0.2984
vn -0.8778 0.4074 -0.2520
vn -0.8662 0.3758 -0.3293
vn -0.5507 -0.8182 -0.1653
vn -0.8562 -0.4758 -0.2013
vn -0.8524 0.4597 -0.2491
vn 0.4739 -0.0376 -0.8798
vn 0.6412 0.2505 -0.7254
vn 0.6247 -0.0280 -0.7804
vn 0.4668 -0.3559 -0.8096
vn 0.6414 -0.2405 -0.7285
vn 0.5844 -0.2474 -0.7728
vn 0.7270 0.2033 -0.6559
vn 0.6198 0.0369 -0.7839
vn 0.4474 0.1571 -0.8804
vn 0.8114 0.0350 -0.5834
vn 0.7325 0.0535 -0.6786
vn 0.7657 -0.1168 -0.6325
vn 0.7022 0.2837 -0.6530
vn 0.7952 0.5087 -0.3300
vn 0.8597 0.2922 -0.4190
vn 0.7642 0.6304 -0.1365
vn 0.8844 0.0941 -0.4571
vn 0.9290 0.1678 -0.3299
vn 0.9160 0.0769 -0.3938
vn 0.6775 -0.3064 -0.6687
vn 0.2653 -0.2499 -0.9312
vn 0.1588 0.1875 -0.9693
vn -0.0491 -0.0968 -0.9941
vn 0.4171 -0.2056 -0.8853
vn 0.1388 -0.1466 -0.9794
vn -0.0493 0.5504 -0.8335
vn -0.3926 0.0452 -0.9186
vn -0.0713 -0.1006 -0.9924
vn 0.5085 0.1131 -0.8536
vn 0.3740 0.0739 -0.9245
vn 0.8099 0.1410 -0.5694
vn 0.2206 0.1955 -0.9556
vn 0.4395 0.0283 -0.8978
vn 0.3351 0.1024 -0.9366
vn 0.8297 0.0363 -0.5571
vn 0.7272 0.5516 -0.4086
vn 0.4671 -0.0289 -0.8837
vn 0.2775 -0.1540 -0.9483
vn 0.2740 -0.1543 -0.9493
vn 0.7131 0.6318 -0.3039
vn 0.6915 0.6627 -0.2875
vn 0.6876 0.6881 -0.2317
vn 0.7360 0.6333 -0.2394
vn 0.8429 0.3888 -0.3719
vn 0.7308 0.6775 -0.0834
vn 0.2672 0.9635 0.0161
vn 0.1015 0.9948 -0.0039
vn 0.2983 0.9545 -0.0000
vn 0.2972 0.9516 0.0781
vn 0.0665 0.9946 -0.0796
vn 0.0498 0.9988 0.0011
vn 0.2763 0.9536 -0.1196
vn 0.0570 0.9984 0.0014
vn -0.0474 0.9953 0.0844
vn 0.0459 0.9957 -0.0800
vn -0.0050 0.9994 0.0338
vn -0.0649 0.9944 0.0831
vn -0.3065 0.9368 0.1686
vn -0.5994 0.7591 -0.2539
vn -0.2937 0.9395 0.1762
vn 0.0917 0.8251 -0.5575
vn -0.4069 0.8882 0.2132
vn -0.0001 0.8521 -0.5234
vn 0.2124 0.9519 0.2209
vn 0.3462 0.9221 0.1727
vn 0.4915 0.8677 0.0746
vn 0.8390 0.5173 0.1686
vn 0.8839 0.3569 0.3021
vn 0.3144 0.9229 0.2225
vn 0.4381 0.8609 0.2588
vn 0.2683 0.9159 0.2987
vn 0.5810 0.6142 0.5341
vn 0.1448 0.9749 0.1690
vn 0.1525 0.9488 0.2766
vn 0.0332 0.9730 0.2283
vn 0.0237 0.9792 0.2016
vn 0.3522 0.6171 0.7037
vn 0.0674 0.9594 0.2738
vn -0.0148 0.9970 0.0757
vn 0.1292 0.8677 0.4800
vn -0.0195 0.9827 0.1844
vn -0.0348 0.8870 0.4604
vn 0.5507 0.8272 0.1116
vn 0.1663 0.9761 0.1396
vn 0.2502 0.9461 0.2056
vn 0.0402 0.9985 0.0364
vn -0.0098 0.9999 -0.0024
vn -0.0456 0.9989 -0.0146
vn 0.3597 0.9042 -0.2302
vn -0.0827 0.9966 -0.0052
vn -0.1364 0.9906 -0.0060
vn -0.1143 0.9929 0.0339
vn -0.1976 0.9787 0.0554
vn -0.2396 0.9709 0.0021
vn 0.0397 0.9991 0.0175
vn -0.1251 0.7506 0.6488
vn 0.0639 0.9796 0.1906
vn -0.1568 0.8558 0.4930
vn -0.0904 0.9677 0.2352
vn -0.1709 0.9434 0.2841
vn -0.4519 0.7120 0.5375
vn -0.2140 0.9419 0.2588
vn -0.9089 -0.1535 0.3878
vn -0.2446 0.9602 0.1352
vn -0.2234 0.9576 0.1817
vn -0.1506 0.9826 0.1084
vn -0.2600 -0.9649 0.0370
vn -0.2180 -0.9757 -0.0218
vn -0.2292 -0.9733 -0.0081
vn -0.1728 -0.9849 0.0124
vn -0.1988 -0.9781 0.0611
vn -0.2055 -0.9766 -0.0641
vn 0.0829 -0.9704 -0.2267
vn -0.0705 -0.9975 0.0036
vn -0.0802 -0.9967 0.0120
vn 0.1743 -0.9796 -0.0997
vn -0.0188 -0.9961 0.0866
vn 0.0397 -0.9972 -0.0634
vn 0.1766 -0.9636 -0.2008
vn 0.5374 -0.8285 0.1575
vn 0.1420 -0.9775 -0.1561
vn 0.2283 -0.8808 -0.4148
vn 0.3978 -0.8985 -0.1858
vn 0.1690 -0.9738 -0.1522
vn -0.7673 -0.6347 -0.0915
vn -0.9142 -0.3732 -0.1581
vn -0.8672 -0.4463 -0.2209
vn -0.8637 -0.4078 -0.2964
vn -0.2483 -0.9616 -0.1173
vn -0.1967 -0.9735 -0.1162
vn -0.8221 -0.4663 -0.3267
vn -0.8249 -0.4153 -0.3835
vn -0.2571 -0.9250 -0.2798
vn -0.7389 -0.4564 -0.4958
vn -0.1829 -0.9650 -0.1877
vn -0.6699 -0.3197 -0.6701
vn -0.1145 -0.9662 -0.2310
vn -0.1458 -0.9084 -0.3919
vn -0.5242 -0.3957 -0.7541
vn -0.3430 -0.4665 -0.8153
vn 0.1212 -0.9816 -0.1476
vn 0.0027 -1.0000 -0.0074
vn 0.0185 -0.9589 0.2831
vn -0.0113 -0.9857 -0.1681
vn -0.0228 -0.9627 -0.2697
vn -0.1026 -0.8250 -0.5557
vn -0.0251 -0.7993 -0.6004
vn -0.0120 -0.9937 -0.1112
vn 0.0504 -0.9271 -0.3713
vn -0.6521 -0.7021 -0.2861
vn -0.3109 -0.9305 -0.1934
vn -0.4508 -0.8723 -0.1893
vn -0.2274 -0.9539 -0.1961
vn -0.0567 -0.9970 -0.0528
vn -0.1411 -0.9789 -0.1479
vn 0.0566 -0.9973 0.0477
vn 0.0532 -0.9972 0.0520
vn 0.1433 -0.9820 0.1234
vn 0.2338 -0.9696 0.0726
vn 0.4820 -0.8220 0.3033
vn 0.4892 0.5661 0.6635
vn 0.1038 -0.9945 0.0163
vn 0.4957 -0.8638 0.0899
vn 0.1873 -0.9808 -0.0551
vn 0.2869 -0.9547 -0.0794
vn -0.0451 -0.9668 -0.2515
vn 0.1648 -0.1919 -0.9675
vn 0.0834 -0.9575 -0.2762
vn 0.1467 -0.9313 -0.3335
vn 0.2692 -0.6236 -0.7339
vn 0.2115 -0.1245 -0.9694
vn 0.2483 -0.9572 -0.1487
vn 0.2988 -0.9223 -0.2452
vn 0.1789 -0.9439 -0.2775
vn -0.8550 -0.2526 0.4530
vn -0.9242 -0.0722 0.3751
vn -0.9101 -0.2938 0.2924
vn -0.1811 -0.2599 0.9485
vn -0.8576 -0.0089 0.5142
vn -0.9501 -0.0607 0.3061
vn -0.7690 0.1734 0.6153
vn -0.9601 -0.0341 0.2776
vn -0.7952 0.3838 0.4695
vn -0.7698 0.3455 0.5367
vn -0.9394 0.2961 0.1725
vn -0.8828 0.2608 0.3908
vn -0.8625 0.2863 0.4172
vn -0.8274 0.2471 0.5042
vn -0.7015 0.4947 0.5131
vn -0.6021 0.6420 0.4747
vn -0.9493 -0.2906 0.1202
vn -0.9774 -0.1673 0.1290
vn -0.9662 0.0738 0.2471
vn -0.9888 0.1033 0.1081
vn -0.9529 0.2726 -0.1328
vn -0.9229 0.3711 -0.1025
vn -0.9609 -0.2575 -0.1022
vn -0.9613 0.1331 -0.2413
vn -0.9341 -0.0296 -0.3558
vn -0.8558 0.3012 -0.4205
vn -0.6875 -0.0602 -0.7237
vn -0.6589 0.0248 -0.7519
vn -0.6782 -0.2815 -0.6788
vn -0.8431 0.4280 -0.3256
vn -0.6894 0.1506 -0.7086
vn -0.7715 0.4412 -0.4585
vn -0.6571 0.1255 -0.7432
vn -0.5549 0.0508 -0.8304
vn -0.3911 0.0258 -0.9200
vn -0.8979 0.4160 -0.1439
vn -0.7392 0.5915 -0.3220
vn -0.6867 0.6323 -0.3586
vn -0.6631 0.6351 -0.3963
vn -0.6606 0.3487 -0.6648
vn -0.6750 0.3878 -0.6276
vn -0.5792 0.7136 -0.3941
vn -0.5224 0.8262 -0.2108
vn -0.4961 0.7474 -0.4419
vn -0.5714 0.5462 -0.6125
vn -0.5180 0.5979 -0.6117
vn -0.4370 0.6682 -0.6022
vn -0.3871 0.6612 -0.6426
vn -0.4718 0.7494 -0.4646
vn -0.3485 0.7945 -0.4973
vn -0.3132 0.6867 -0.6560
vn 0.3433 -0.0246 0.9389
vn 0.1425 -0.0866 0.9860
vn 0.1895 0.2001 0.9613
vn 0.2057 -0.2092 0.9560
vn 0.1771 0.0024 0.9842
vn -0.5272 0.7431 0.4122
vn -0.4216 0.7347 0.5314
vn -0.4898 0.7550 0.4359
vn -0.1957 0.7842 0.5888
vn -0.1530 0.8660 0.4761
vn -0.1530 0.8659 0.4762
vn -0.1201 0.9136 0.3884
vn 0.3791 -0.4577 0.8042
vn 0.3815 -0.4335 0.8164
vn 0.2303 -0.3272 0.9165
vn 0.4521 0.3703 0.8115
vn -0.8201 0.5139 -0.2519
vn 0.4656 0.3850 0.7969
vn -0.0534 0.0014 0.9986
vn 0.0046 -0.0175 0.9998
vn 0.2649 0.0246 0.9640
vn 0.0579 -0.1069 0.9926
vn 0.1852 0.2100 0.9600
vn 0.2511 0.1600 0.9547
vn 0.0422 -0.1616 0.9860
vn 0.0289 -0.1392 0.9898
vn 0.0091 0.1570 0.9876
vn -0.0747 -0.2327 0.9697
vn -0.1686 0.5121 0.8422
vn -0.1205 0.6099 0.7833
vn -0.1795 0.1478 0.9726
vn -0.1767 -0.0410 0.9834
vn 0.5379 -0.2752 0.7968
vn 0.5559 -0.2633 0.7884
vn 0.5663 -0.2204 0.7942
vn 0.3214 -0.0412 0.9460
vn -0.0688 0.3529 0.9331
vn -0.1233 0.2976 0.9467
vn -0.0698 0.3581 0.9311
vn 0.0347 0.1646 0.9857
vn 0.1511 0.7571 0.6356
vn 0.1375 0.3862 0.9121
vn 0.2400 0.6769 0.6958
vn 0.2986 0.6655 0.6841
vn 0.0145 0.4537 0.8910
vn -0.0911 0.7152 0.6929
vn -0.1499 0.6906 0.7075
vn 0.2449 0.3974 0.8844
vn 0.1600 0.0845 0.9835
vn 0.0791 0.6117 0.7872
vn 0.2620 -0.3388 0.9037
vn -0.1399 0.1796 0.9737
vn 0.1569 -0.0727 0.9849
vn 0.7372 -0.0831 0.6705
vn -0.1558 0.2491 0.9559
vn 0.2776 0.5714 0.7723
vn 0.1371 -0.0404 0.9897
vn -0.1461 0.3622 0.9206
vn -0.2820 0.4530 0.8457
vn 0.4838 0.1113 0.8681
vn 0.8405 -0.3333 0.4272
vn -0.2663 0.6614 0.7011
vn -0.2463 0.3952 0.8850
vn -0.2571 0.2481 0.9340
vn -0.0455 0.0408 0.9981
vn -0.0712 0.6332 0.7707
vn -0.0001 0.0812 0.9967
vn -0.1870 -0.3693 0.9103
vn -0.1519 -0.3726 0.9155
vn -0.5828 0.7693 0.2618
vn -0.1190 0.8257 0.5514
vn -0.3150 0.9222 0.2244
vn -0.1383 -0.2833 0.9490
vn -0.1123 -0.3185 0.9412
vn -0.0445 0.8283 0.5586
vn 0.0458 -0.3869 0.9210
vn 0.0045 -0.2731 0.9620
vn 0.1034 0.8188 0.5647
vn -0.0635 -0.2587 0.9639
vn -0.0370 -0.0254 0.9990
vn 0.1385 0.0527 0.9890
vn -0.0420 0.2097 0.9769
vn -0.2054 0.1919 0.9597
vn -0.1677 0.3701 0.9137
vn -0.2260 0.4455 0.8663
vn -0.2699 0.4589 0.8465
vn -0.0739 0.3636 0.9286
vn -0.1437 0.3645 0.9201
vn -0.3931 0.6975 0.5992
vn -0.0631 0.2762 0.9590
vn 0.1512 0.5818 0.7992
vn 0.5523 0.4470 0.7037
vn 0.4917 0.5100 0.7058
vn -0.2699 0.7863 0.5558
vn -0.3402 0.5275 0.7785
vn -0.2851 0.4824 0.8283
vn -0.3198 0.4719 0.8216
vn 0.0244 0.1693 0.9853
vn -0.4773 0.0263 0.8784
vn 0.0039 0.0087 1.0000
vn 0.6209 -0.0514 0.7822
vn -0.0682 -0.1420 0.9875
vn 0.4755 -0.0056 0.8797
vn 0.5749 -0.0120 0.8181
vn 0.3699 -0.0695 0.9265
vn 0.2039 -0.0534 0.9775
vn 0.4053 -0.0871 0.9100
vn 0.4181 -0.2043 0.8851
vn 0.5043 -0.1874 0.8430
vn 0.5876 -0.0857 0.8046
vn 0.4963 -0.0456 0.8670
vn -0.0005 -0.2329 0.9725
vn 0.0139 0.6194 0.7849
vn 0.0549 0.7594 0.6483
vn 0.0675 0.8666 0.4944
vn 0.1165 0.2107 0.9706
vn 0.2185 0.9265 0.3064
vn 0.0255 -0.3322 0.9429
vn 0.2826 -0.3124 0.9069
vn 0.1674 -0.3652 0.9158
vn 0.3433 0.8868 0.3094
vn 0.5430 0.7512 0.3754
vn 0.1166 -0.2747 0.9544
vn 0.1178 -0.0765 0.9901
vn 0.1321 -0.3694 0.9198
vn 0.2746 0.0853 0.9578
vn -0.0467 0.5474 0.8356
vn 0.1139 -0.3798 0.9180
vn 0.2529 -0.1404 0.9572
vn 0.2590 0.0399 0.9650
vn 0.2189 -0.1139 0.9691
vn 0.0544 0.2966 0.9534
vn 0.2058 0.1293 0.9700
vn 0.0983 0.3513 0.9311
vn 0.2009 0.3227 0.9249
vn 0.1747 0.4024 0.8986
vn 0.1652 0.4010 0.9011
vn 0.1644 0.3932 0.9047
vn 0.1670 0.4203 0.8919
vn 0.2010 0.3227 0.9249
vn 0.2455 0.4314 0.8681
vn 0.2260 0.4275 0.8753
vn 0.2125 0.4468 0.8690
vn -0.1325 0.3762 0.9170
vn 0.2408 0.1935 0.9511
vn 0.2974 0.0702 0.9522
vn 0.2607 -0.1200 0.9579
vn 0.4386 0.3178 0.8406
vn -0.0797 -0.1984 0.9769
vn 0.1396 -0.1204 0.9829
vn 0.0610 -0.1462 0.9874
vn 0.0351 -0.0169 0.9992
vn 0.3749 0.0247 0.9268
vn 0.4935 -0.0427 0.8687
vn 0.6244 0.0214 0.7808
vn 0.4591 0.2067 0.8640
vn 0.4939 0.3309 0.8041
vn -0.3344 -0.0634 0.9403
vn 0.0067 -0.0840 0.9964
vn 0.1001 0.2126 0.9720
vn -0.9504 0.0945 0.2964
vn 0.2041 0.3395 0.9182
vn -0.1433 0.7158 0.6834
vn -0.4973 0.8167 0.2927
vn -0.4976 0.8166 0.2926
vn 0.3096 0.3044 0.9008
vn -0.7253 -0.3737 0.5782
vn -0.5733 -0.2984 0.7631
vn -0.8442 -0.2885 0.4518
vn -0.0840 -0.1271 0.9883
vn -0.8562 0.2966 0.4230
vn -0.6663 0.5948 0.4496
vn -0.1716 0.7436 0.6462
vn -0.0323 -0.0773 0.9965
vn 0.4677 0.1860 0.8641
vn 0.1577 -0.0076 0.9875
vn 0.1058 -0.0305 0.9939
vn 0.3487 0.0931 0.9326
vn 0.4018 0.2427 0.8830
vn 0.5865 0.3768 0.7169
vn 0.0071 -0.2702 0.9628
vn -0.0310 -0.0585 0.9978
vn -0.0533 -0.0519 0.9972
vn 0.6878 -0.0126 0.7258
vn 0.7098 -0.0550 0.7022
vn 0.6106 0.0281 0.7914
vn 0.6487 0.1655 0.7428
vn 0.4727 0.3437 0.8114
vn 0.6376 0.3877 0.6657
vn 0.2864 -0.0155 0.9580
vn 0.1172 -0.1012 0.9879
vn -0.0398 0.0956 0.9946
vn 0.6909 -0.0163 0.7228
vn 0.6462 0.0640 0.7605
vn 0.7304 -0.0282 0.6824
vn -0.4159 -0.2509 0.8741
vn -0.5136 -0.4042 0.7569
vn -0.2984 -0.2829 0.9116
vn 0.2133 -0.6613 0.7191
vn -0.0272 -0.2647 0.9640
vn -0.5091 0.3157 0.8007
vn -0.3076 0.3257 0.8940
vn 0.2386 0.4434 0.8640
vn 0.1416 0.2636 0.9542
vn 0.2894 0.4500 0.8448
vn -0.3745 0.1723 0.9111
vn 0.3659 0.4895 0.7915
vn 0.2518 0.4101 0.8766
vn -0.7000 0.2890 0.6531
vn -0.6079 0.3164 0.7283
vn -0.7104 0.3284 0.6224
vn -0.7611 -0.1007 0.6408
vn -0.6786 -0.3243 0.6591
vn -0.6837 -0.0564 0.7276
vn -0.2012 -0.1874 0.9615
vn -0.7202 0.0866 0.6883
vn -0.5748 0.1798 0.7983
vn -0.5551 0.4107 0.7233
vn -0.5757 0.5540 0.6014
vn -0.2514 -0.0418 0.9670
vn -0.2412 0.0808 0.9671
vn -0.2751 0.0557 0.9598
vn -0.3817 0.3765 0.8441
vn -0.5760 0.5533 0.6017
vn -0.0327 -0.1557 0.9873
vn 0.2272 -0.2692 0.9359
vn 0.8546 -0.2562 0.4517
vn -0.1603 -0.0568 0.9854
vn -0.0806 -0.0956 0.9921
vn -0.1860 -0.0855 0.9788
vn 0.6970 0.0271 -0.7166
vn 0.5951 0.2731 -0.7558
vn 0.5744 -0.0173 -0.8184
vn 0.5327 -0.1291 -0.8364
vn 0.3769 0.2070 -0.9029
vn 0.4084 -0.4895 -0.7704
vn 0.1152 -0.8161 -0.5663
vn 0.4159 -0.0082 -0.9094
vn 0.4773 -0.3658 -0.7990
vn 0.4064 -0.6787 -0.6117
vn 0.4506 -0.8197 -0.3536
vn 0.2343 -0.5658 -0.7905
vn -0.0796 0.1038 -0.9914
vn -0.2349 0.2704 -0.9337
vn 0.1924 0.3678 -0.9098
vn 0.3833 -0.0883 -0.9194
vn -0.0941 -0.0025 -0.9956
vn -0.5340 0.3953 -0.7474
vn -0.2039 -0.0594 -0.9772
vn -0.3816 -0.2060 -0.9011
vn -0.3880 -0.2399 -0.8899
vn -0.4096 -0.2372 -0.8809
vn -0.5174 -0.2671 -0.8130
vn 0.1841 -0.5707 -0.8003
vn -0.5929 -0.2673 -0.7596
vn 0.0385 0.0098 -0.9992
vn -0.0935 -0.0084 -0.9956
vn -0.1869 -0.1794 -0.9659
vn 0.2109 -0.0694 -0.9750
vn -0.1940 0.1056 -0.9753
vn -0.0444 0.1235 -0.9914
vn -0.0259 -0.6617 -0.7493
vn -0.0390 0.0965 -0.9946
vn 0.0390 0.1418 -0.9891
vn -0.1128 0.2178 -0.9695
vn -0.0721 0.1507 -0.9859
vn 0.2157 0.0856 -0.9727
vn 0.1327 0.0641 -0.9891
vn -0.1594 0.3958 -0.9044
vn 0.1328 -0.5493 -0.8250
vn 0.2503 0.1407 -0.9579
vn 0.2365 -0.0045 -0.9716
vn 0.1048 -0.6388 -0.7622
vn -0.3150 0.2516 -0.9152
vn -0.1225 -0.0522 -0.9911
vn -0.7554 0.1199 -0.6442
vn 0.1896 0.0117 -0.9818
vn -0.7121 0.2908 -0.6390
vn 0.2787 0.1631 -0.9464
vn -0.1004 0.2886 -0.9522
vn 0.3310 0.1916 -0.9240
vn 0.2295 0.0010 -0.9733
vn 0.1955 -0.1620 -0.9672
vn 0.1089 -0.3394 -0.9343
vn 0.0019 0.0176 -0.9998
vn -0.1439 -0.6786 -0.7203
vn -0.2918 -0.7665 -0.5721
vn -0.3539 -0.7886 -0.5029
vn 0.0934 -0.4132 -0.9059
vn -0.4730 0.1594 -0.8665
vn -0.1741 0.5091 -0.8429
vn -0.2815 0.4132 -0.8660
vn 0.1716 -0.0008 -0.9852
vn 0.1975 -0.2141 -0.9566
vn -0.4738 -0.8169 -0.3289
vn -0.4852 -0.8118 -0.3249
vn -0.7769 0.1042 -0.6210
vn -0.1452 -0.1284 -0.9810
vn -0.3240 -0.0569 -0.9444
vn 0.1600 -0.3137 -0.9359
vn -0.2937 -0.1615 -0.9422
vn -0.5173 0.2034 -0.8313
vn -0.5624 0.1967 -0.8031
vn 0.1410 -0.3397 -0.9299
vn -0.7457 -0.2207 -0.6286
vn -0.0504 -0.4742 -0.8790
vn 0.2418 -0.3064 -0.9207
vn 0.2058 -0.3756 -0.9036
vn 0.2188 -0.3120 -0.9246
vn 0.2905 -0.4205 -0.8595
vn 0.2283 -0.4326 -0.8722
vn 0.2439 -0.4367 -0.8659
vn 0.2528 -0.4446 -0.8593
vn 0.1509 -0.7862 -0.5993
vn 0.1068 0.2232 -0.9689
vn 0.0403 0.2545 -0.9662
vn 0.0197 -0.0157 -0.9997
vn 0.0291 -0.1499 -0.9883
vn 0.0873 0.0899 -0.9921
vn -0.0444 0.2209 -0.9743
vn 0.2522 -0.2510 -0.9345
vn 0.2030 -0.2822 -0.9376
vn 0.1952 -0.3359 -0.9215
vn 0.1753 -0.4053 -0.8972
vn 0.1745 -0.4031 -0.8983
vn 0.0534 -0.2699 -0.9614
vn 0.0914 -0.3070 -0.9473
vn 0.0161 -0.2546 -0.9669
vn 0.1880 -0.4491 -0.8735
vn 0.2411 -0.0410 -0.9696
vn -0.0782 -0.2915 -0.9534
vn 0.2430 -0.3877 -0.8892
vn -0.6248 -0.2813 -0.7284
vn 0.4886 -0.8398 -0.2366
vn 0.2947 -0.5348 -0.7919
vn -0.6740 0.5659 -0.4748
vn 0.2364 -0.4428 -0.8649
vn 0.1183 -0.5443 -0.8305
vn 0.0984 0.0010 -0.9951
vn 0.1539 -0.0833 -0.9846
vn 0.2100 -0.1062 -0.9719
vn 0.0499 -0.1417 -0.9887
vn 0.1996 -0.1502 -0.9683
vn -0.0558 -0.1505 -0.9870
vn -0.0174 -0.4460 -0.8948
vn -0.0841 -0.4095 -0.9084
vn 0.0329 -0.2094 -0.9773
vn 0.1644 -0.0551 -0.9848
vn 0.2652 -0.1374 -0.9543
vn 0.3877 -0.1747 -0.9051
vn 0.5042 -0.0622 -0.8613
vn 0.2379 -0.2249 -0.9449
vn 0.2285 -0.2739 -0.9342
vn 0.3694 -0.3539 -0.8592
vn 0.2090 -0.4108 -0.8875
vn 0.1427 -0.1733 -0.9745
vn -0.0350 -0.5805 -0.8135
vn 0.0027 -0.5251 -0.8510
vn -0.1423 -0.2576 -0.9557
vn -0.2464 -0.2506 -0.9362
vn -0.2369 -0.2697 -0.9333
vn -0.0146 -0.2437 -0.9698
vn -0.0901 -0.2265 -0.9698
vn -0.1530 0.5832 -0.7978
vn -0.0471 -0.1359 -0.9896
vn -0.0812 -0.1658 -0.9828
vn 0.0797 -0.0044 -0.9968
vn -0.0003 0.1599 -0.9871
vn -0.4351 0.0872 -0.8962
vn -0.4003 0.4281 -0.8103
vn -0.6543 0.5112 -0.5573
vn -0.7978 0.4333 -0.4193
vn -0.5151 0.1547 -0.8431
vn -0.3414 0.0516 -0.9385
vn -0.3059 0.1060 -0.9461
vn -0.2201 0.6457 -0.7312
vn -0.2393 0.7032 -0.6695
vn -0.2595 0.8205 -0.5094
vn -0.3507 -0.1113 -0.9299
vn -0.2812 0.0550 -0.9581
vn -0.3530 -0.2498 -0.9016
vn -0.3040 -0.2750 -0.9121
vn -0.5293 -0.2138 -0.8211
vn -0.5803 -0.1901 -0.7919
vn -0.4351 -0.0087 -0.9003
vn -0.3426 -0.3702 -0.8635
vn -0.3913 -0.2355 -0.8896
vn -0.4090 -0.3281 -0.8515
vn -0.4438 -0.4022 -0.8008
vn -0.5512 -0.2024 -0.8095
vn -0.4453 -0.4399 -0.7799
vn -0.4710 -0.3805 -0.7959
vn -0.5091 -0.3726 -0.7759
vn -0.5469 0.0277 -0.8368
vn -0.3669 -0.5203 -0.7712
vn -0.4990 -0.0645 -0.8642
vn -0.6498 0.0060 -0.7601
vn -0.0203 0.0884 -0.9959
vn -0.0011 -0.3084 -0.9513
vn -0.0751 -0.3872 -0.9189
vn -0.1885 -0.0086 -0.9820
vn -0.2448 0.0950 -0.9649
vn -0.1429 0.0732 -0.9870
vn -0.6970 0.0353 -0.7162
vn -0.0771 -0.5973 -0.7983
vn -0.3214 0.0753 -0.9440
vn -0.3569 -0.0112 -0.9341
vn -0.3532 0.0406 -0.9347
vn -0.2875 0.1536 -0.9454
vn -0.1467 -0.0854 -0.9855
vn -0.2126 -0.3555 -0.9102
vn -0.2206 -0.3996 -0.8897
vn -0.1968 -0.0788 -0.9773
vn -0.1629 -0.0105 -0.9866
vn -0.2260 -0.1627 -0.9604
vn -0.2374 -0.2604 -0.9359
vn -0.3345 -0.1068 -0.9363
vn -0.3611 -0.0995 -0.9272
vn -0.1630 -0.0106 -0.9866
vn -0.3408 -0.0462 -0.9390
vn -0.2381 -0.2141 -0.9474
vn -0.2285 -0.3963 -0.8892
vn -0.3046 0.2529 -0.9183
vn -0.2240 -0.0635 -0.9725
vn -0.2240 -0.0634 -0.9725
vn -0.0113 0.3408 -0.9401
vn -0.3253 -0.2900 -0.9000
vn -0.3869 -0.0472 -0.9209
vn -0.3056 -0.0275 -0.9518
vn 0.1939 0.1604 -0.9678
vn 0.4319 0.2989 -0.8510
vn 0.3856 0.0872 -0.9185
vn 0.6367 -0.0508 -0.7695
vn 0.0779 0.0968 -0.9923
vn -0.5292 -0.2983 -0.7944
vn -0.0227 0.1776 -0.9838
vn -0.4012 0.0637 -0.9138
vn 0.0379 0.3043 -0.9518
vn 0.0106 0.0728 -0.9973
vn -0.3346 -0.0473 -0.9412
vn -0.6707 -0.0274 -0.7412
vn -0.3356 -0.0253 -0.9417
vn -0.2030 -0.3421 -0.9175
vn 0.4834 -0.5301 -0.6967
vn -0.0788 -0.1254 -0.9890
vn 0.2250 -0.0202 -0.9741
vn -0.1981 -0.3998 -0.8949
vn -0.3085 -0.4823 -0.8199
vn -0.3451 -0.4590 -0.8187
vn -0.2418 0.2520 -0.9370
vn -0.3606 -0.0899 -0.9284
vn -0.5962 -0.0954 -0.7971
vn 0.0086 0.2116 -0.9773
vn -0.0908 0.0251 -0.9956
vn -0.2801 -0.1330 -0.9507
vn -0.1479 0.4277 -0.8917
vn 0.1418 0.3723 -0.9172
vn 0.2086 0.2812 -0.9367
vn 0.5990 -0.5610 -0.5714
vn 0.5508 -0.5811 -0.5991
vn -0.6298 -0.2205 -0.7448
vn -0.6935 -0.0681 -0.7173
vn -0.5890 -0.2489 -0.7689
vn -0.5723 -0.4195 -0.7046
vn -0.5954 -0.2109 -0.7752
vn -0.6585 -0.0280 -0.7521
vn -0.5687 -0.2304 -0.7896
vn -0.6329 0.1758 -0.7540
vn -0.6869 -0.1659 -0.7076
vn -0.6017 -0.4431 -0.6645
vn -0.7722 -0.0710 -0.6314
vn -0.7658 -0.0773 -0.6384
vn -0.7528 -0.0657 -0.6550
vn -0.5835 -0.4335 -0.6868
vn -0.5519 -0.4457 -0.7049
vn -0.6219 -0.3352 -0.7077
vn -0.3956 0.1947 -0.8976
vn 0.2611 0.3671 -0.8928
vn 0.0251 0.2247 -0.9741
vn 0.2681 0.3629 -0.8924
vn 0.2476 0.3728 -0.8943
vn -0.4812 0.5536 -0.6797
vn -0.2245 0.1943 -0.9549
vn 0.3917 -0.3592 -0.8471
vn 0.4828 -0.5856 -0.6511
vn 0.6334 -0.3815 -0.6732
vn -0.0944 -0.0751 -0.9927
vn 0.0202 -0.1929 -0.9810
vn 0.6343 -0.2964 -0.7140
vn 0.3252 -0.2837 -0.9021
vn -0.1320 -0.2853 -0.9493
vn -0.1055 -0.2698 -0.9571
vn -0.0889 -0.0707 -0.9935
vn -0.0935 -0.0668 -0.9934
vn -0.1037 -0.0885 -0.9907
vn 0.0001 -0.4552 -0.8904
vn 0.0500 -0.1417 -0.9887
vn -0.0640 -0.1490 -0.9868
vn -0.7604 0.3258 -0.5618
vn -0.2741 -0.4458 -0.8521
vn -0.1988 -0.3214 -0.9258
vn -0.1560 -0.4862 -0.8598
vn -0.1158 -0.1489 -0.9821
vn 0.0940 -0.3494 -0.9323
vn -0.0369 -0.4730 -0.8803
vn -0.1199 -0.2877 -0.9502
vn -0.1988 -0.4968 -0.8448
vn -0.2887 -0.5056 -0.8130
vn -0.2891 -0.5073 -0.8118
vn 0.3507 0.0723 -0.9337
vn 0.1158 0.2556 -0.9598
vn 0.0669 0.1763 -0.9821
vn -0.4079 -0.9048 0.1221
vn -0.4866 -0.8578 0.1652
vn -0.3903 -0.9104 0.1371
vn -0.2578 -0.9639 0.0669
vn -0.2958 -0.9443 0.1445
vn -0.4906 0.5629 0.6652
vn -0.1346 0.9041 0.4055
vn -0.0919 -0.9766 0.1943
vn -0.1442 -0.9654 0.2172
vn 0.4401 -0.5789 0.6864
vn 0.1028 -0.5930 0.7986
vn 0.3395 -0.7524 0.5645
vn 0.5997 -0.6345 0.4877
vn 0.3969 -0.9131 0.0937
vn 0.5874 -0.5081 0.6299
vn 0.6460 -0.5266 0.5527
vn 0.3731 -0.6582 0.6540
vn 0.5967 -0.6230 0.5057
vn 0.8334 -0.4390 0.3357
vn 0.6224 0.6633 -0.4156
vn 0.4059 0.8982 -0.1688
vn 0.3786 0.8874 -0.2631
vn 0.3298 0.9368 -0.1172
vn 0.3115 0.9343 -0.1734
vn -0.0822 0.6801 -0.7285
vn 0.2726 0.9602 -0.0600
vn 0.2340 0.9649 -0.1193
vn 0.3056 0.9318 -0.1960
vn 0.0543 0.9636 -0.2617
vn 0.4243 -0.8953 -0.1356
vn 0.3075 -0.9411 0.1405
vn 0.3441 -0.9095 0.2334
vn 0.5301 -0.7765 -0.3406
vn 0.4597 -0.7860 -0.4135
vn 0.4840 -0.8005 -0.3534
vn 0.4793 -0.8196 -0.3139
vn 0.4620 -0.8658 -0.1925
vn 0.4636 -0.8681 -0.1775
vn 0.6037 -0.5844 -0.5422
vn 0.5683 -0.7740 -0.2794
vn 0.6329 -0.7287 -0.2617
vn 0.2827 -0.9454 -0.1625
vn 0.6193 -0.7277 -0.2948
vn 0.5615 -0.6950 -0.4491
vn 0.6439 -0.7626 0.0620
vn 0.4587 -0.8765 -0.1461
vn 0.8536 -0.2503 -0.4569
vn 0.8234 -0.4597 -0.3326
vn 0.6276 -0.4141 -0.6593
vn 0.8592 -0.4483 -0.2465
vn 0.8113 -0.5563 -0.1797
vn 0.3277 -0.6839 -0.6519
vn 0.3707 -0.8939 -0.2522
vn 0.3900 -0.8295 -0.3999
vn -0.0881 -0.7016 -0.7071
vn -0.0691 -0.7823 -0.6191
vn -0.2435 -0.7037 -0.6675
vn 0.1538 -0.9864 0.0579
vn -0.3876 -0.7809 -0.4899
vn -0.0946 -0.8291 -0.5511
vn 0.4848 -0.5352 -0.6918
vn 0.4229 -0.8945 -0.1452
vn 0.1557 -0.9877 -0.0170
vn 0.2813 -0.9562 -0.0806
vn -0.0645 -0.9854 -0.1578
vn 0.4796 -0.7675 -0.4253
vn 0.5331 -0.8054 -0.2591
vn 0.8511 -0.5250 0.0072
vn 0.0515 -0.9247 -0.3773
vn 0.4473 -0.7209 -0.5294
vn 0.0360 -0.8040 -0.5936
vn 0.6794 -0.6526 -0.3355
vn 0.3657 -0.4306 -0.8251
vn 0.5903 -0.6340 -0.4996
vn 0.6241 -0.6602 -0.4180
vn 0.0961 -0.9937 -0.0583
vn -0.3817 -0.7685 -0.5136
vn -0.3699 -0.7923 -0.4852
vn -0.4020 -0.8385 -0.3679
vn 0.0521 -0.9929 0.1066
vn 0.4662 -0.8717 -0.1510
vn -0.0693 -0.9970 0.0352
vn 0.7962 -0.5800 -0.1724
vn 0.6073 -0.5985 -0.5225
vn 0.6282 -0.4783 -0.6137
vn 0.5756 -0.5865 -0.5698
vn 0.5838 -0.4418 -0.6812
vn 0.6106 -0.5072 -0.6082
vn 0.5247 -0.4249 -0.7376
vn 0.7844 -0.4657 -0.4097
vn 0.6924 -0.5053 -0.5151
vn 0.6239 -0.6132 -0.4844
vn 0.7844 -0.4657 -0.4096
vn 0.8194 -0.4572 -0.3457
vn -0.5888 -0.5496 -0.5927
vn 0.1623 -0.9858 -0.0427
vn -0.3252 -0.9401 -0.1018
vn -0.4874 -0.8249 -0.2865
vn 0.5568 -0.6305 -0.5408
vn 0.9369 -0.3240 -0.1315
vn 0.9363 -0.3078 -0.1694
vn 0.8807 -0.4651 -0.0898
vn 0.7979 -0.1192 -0.5909
vn 0.5491 -0.6830 -0.4818
vn 0.3700 -0.6767 -0.6366
vn 0.4258 -0.5950 -0.6817
vn 0.4537 -0.6620 -0.5966
vn 0.4317 -0.7618 -0.4830
vn 0.4552 -0.7997 -0.3914
vn 0.5399 -0.7467 -0.3886
vn 0.4474 -0.8788 -0.1660
vn 0.0470 -0.9984 0.0328
vn 0.4741 -0.5601 -0.6793
vn 0.3415 -0.8889 0.3052
vn 0.5542 -0.4534 -0.6980
vn 0.7701 -0.3724 -0.5179
vn 0.5010 -0.4641 -0.7305
vn 0.6881 -0.0060 -0.7256
vn 0.9106 0.4083 -0.0649
vn 0.8572 -0.1328 -0.4975
vn 0.7090 -0.5493 -0.4422
vn 0.6371 -0.6323 -0.4407
vn 0.6348 -0.6316 -0.4452
vn 0.8160 -0.5747 0.0625
vn 0.8811 -0.4689 0.0609
vn 0.8250 -0.5646 -0.0231
vn 0.8393 -0.5418 0.0449
vn 0.6901 -0.7156 -0.1080
vn 0.7571 -0.6521 -0.0383
vn 0.5056 -0.8560 -0.1077
vn 0.5412 -0.8408 0.0105
vn 0.5551 -0.8290 -0.0683
vn 0.5406 -0.8160 0.2048
vn 0.5324 -0.8413 0.0935
vn 0.7879 -0.5944 -0.1609
vn 0.5892 -0.7923 0.1586
vn 0.0095 -0.9924 -0.1224
vn -0.1526 -0.9860 0.0667
vn -0.2503 -0.9645 -0.0845
vn -0.0181 -0.9746 -0.2232
vn -0.2954 -0.9541 -0.0492
vn 0.0014 -0.9155 -0.4023
vn -0.4527 -0.8701 -0.1950
vn -0.1719 -0.9099 -0.3776
vn 0.2720 0.9623 -0.0041
vn 0.6307 0.6596 0.4088
vn 0.3755 0.8693 0.3215
vn 0.4339 0.8955 0.0992
vn 0.2346 0.9601 -0.1523
vn 0.1991 0.9776 -0.0679
vn 0.1905 0.9784 0.0804
vn 0.9489 -0.1708 -0.2652
vn 0.8701 -0.3789 -0.3151
vn 0.8310 -0.3464 -0.4353
vn 0.9829 -0.1297 -0.1307
vn 0.8596 -0.4239 -0.2855
vn 0.9670 -0.2526 -0.0320
vn 0.9390 -0.3394 -0.0557
vn 0.9181 -0.3953 0.0302
vn 0.7570 -0.4320 -0.4902
vn 0.7615 -0.4419 -0.4742
vn 0.6659 -0.5099 -0.5446
vn 0.9626 0.0176 -0.2704
vn 0.9949 0.1007 -0.0026
vn 0.9660 0.1826 -0.1831
vn 0.9822 0.0943 -0.1626
vn 0.9279 -0.0682 -0.3666
vn 0.9969 0.0247 0.0742
vn 0.9682 -0.1758 0.1779
vn 0.9912 -0.0294 0.1288
vn 0.9693 0.2083 0.1304
vn 0.8016 0.5840 0.1280
vn 0.9112 0.3121 0.2688
vn 0.6644 0.5842 0.4662
vn 0.6227 0.6238 0.4724
vn -0.2934 -0.9347 0.2008
vn -0.6325 -0.7405 0.2272
vn -0.5618 -0.8134 0.1508
vn -0.2088 -0.9611 0.1810
vn -0.7827 -0.6215 0.0333
vn -0.5160 -0.8479 -0.1216
vn -0.2420 -0.9488 0.2029
vn -0.2879 -0.9537 -0.0872
vn -0.7309 -0.6570 0.1849
vn -0.9954 0.0872 0.0406
vn -0.9916 0.1234 0.0389
vn -0.9987 0.0439 -0.0249
vn -0.9982 0.0204 0.0566
vn 0.0173 -0.9367 0.3498
vn -0.8121 -0.0356 0.5825
vn -0.7213 -0.2614 0.6414
vn -0.8120 -0.0357 0.5825
vn -0.8532 0.2208 0.4726
vn -0.6836 -0.6983 -0.2124
vn -0.7841 -0.5772 -0.2281
vn -0.4370 -0.8350 -0.3343
vn -0.6192 -0.6658 -0.4164
vn -0.9929 0.0395 -0.1123
vn -0.9612 -0.0019 -0.2759
vn -0.2699 -0.9380 -0.2173
vn -0.9059 0.1079 -0.4094
vn -0.4562 -0.7019 -0.5471
vn -0.7932 -0.4836 -0.3701
vn -0.4246 -0.6191 -0.6607
vn -0.8731 0.1323 -0.4693
vn -0.8397 0.1638 -0.5178
vn -0.8227 0.1366 -0.5518
vn 0.9078 0.1789 -0.3795
vn 0.8695 0.3591 -0.3390
vn 0.9498 -0.0411 -0.3102
vn 0.9158 0.2893 -0.2786
vn 0.8960 -0.1653 -0.4121
vn 0.8620 -0.1066 -0.4956
vn 0.9237 -0.2014 -0.3259
vn 0.9266 -0.2577 -0.2739
vn 0.9146 -0.2648 -0.3055
vn 0.8959 -0.2975 -0.3301
vn 0.9105 0.3951 -0.1221
vn 0.7919 -0.1997 -0.5771
vn 0.9196 0.3395 -0.1974
vn 0.8789 0.4756 -0.0378
vn 0.9113 0.4071 -0.0615
vn 0.9040 -0.0033 -0.4275
vn 0.9841 0.0658 -0.1648
vn 0.7540 -0.2041 -0.6243
vn 0.9757 -0.0935 -0.1982
vn 0.9964 -0.0845 0.0018
vn 0.9864 -0.0919 -0.1359
vn 0.9150 0.3585 0.1849
vn 0.9956 0.0007 0.0934
vn 0.9213 -0.2704 0.2794
vn 0.8722 -0.2785 0.4021
vn 0.8659 0.0905 0.4919
vn 0.7798 -0.2246 0.5843
vn 0.8062 -0.4362 0.3997
vn 0.6276 -0.6807 0.3778
vn 0.6575 -0.5214 0.5440
vn 0.8010 -0.3868 0.4570
vn 0.5350 -0.8407 0.0830
vn 0.5815 -0.6895 0.4317
vn 0.4971 -0.7305 0.4683
vn 0.7287 -0.5688 0.3814
vn 0.5407 -0.7520 0.3770
vn 0.5219 -0.7233 0.4522
vn 0.3608 -0.7282 0.5827
vn 0.2497 0.9590 -0.1341
vn 0.4021 0.9148 -0.0391
vn 0.4009 0.9056 -0.1384
vn 0.4101 0.9079 -0.0871
vn 0.0994 0.9865 -0.1299
vn 0.4600 0.8728 0.1632
vn -0.0158 0.9922 -0.1235
vn 0.6818 0.6555 0.3248
vn 0.5045 0.7802 0.3699
vn 0.3346 0.9100 0.2449
vn 0.1898 0.8681 0.4586
vn 0.7114 0.6114 0.3466
vn 0.4526 0.7608 0.4652
vn 0.3124 0.8588 0.4061
vn 0.2136 0.6509 0.7285
vn 0.5403 0.6343 0.5529
vn 0.0783 0.7239 0.6855
vn 0.4554 0.6544 0.6036
vn -0.0794 0.5949 0.7999
vn -0.0556 0.7369 0.6737
vn -0.2618 0.3773 0.8883
vn -0.3527 0.3512 0.8673
vn -0.2672 0.3089 0.9128
vn -0.1310 0.2216 0.9663
vn -0.6958 0.5811 0.4221
vn -0.5870 0.7358 0.3377
vn -0.8635 0.2768 0.4216
vn -0.8600 0.4014 0.3151
vn -0.2571 0.9496 0.1793
vn -0.5236 0.5461 0.6539
vn -0.7124 0.4872 0.5051
vn -0.6867 0.7189 0.1076
vn -0.6565 0.6768 0.3331
vn -0.7422 0.3459 0.5741
vn -0.6597 0.4768 0.5810
vn -0.7246 0.4219 0.5449
vn -0.7149 0.4869 0.5018
vn -0.8030 0.5338 0.2651
vn -0.5623 0.7131 0.4187
vn -0.7849 0.5657 0.2529
vn -0.8612 0.4615 0.2129
vn -0.7953 0.5949 -0.1162
vn -0.5497 0.7978 0.2476
vn -0.5738 0.8106 0.1171
vn -0.0749 0.9403 0.3321
vn -0.3864 0.8673 0.3138
vn -0.2638 0.9467 0.1847
vn -0.7493 0.6324 0.1964
vn -0.1740 0.5579 0.8115
vn -0.0328 0.9734 0.2268
vn -0.5622 0.7132 0.4187
vn -0.7392 0.5331 0.4116
vn -0.4778 0.7364 0.4790
vn -0.4044 0.6665 0.6263
vn -0.4940 0.6959 0.5212
vn -0.1784 0.7538 0.6324
vn 0.2552 0.8230 0.5075
vn -0.1463 0.2080 0.9671
vn -0.4710 0.6532 0.5928
vn -0.2964 0.6186 0.7277
vn -0.0847 0.4719 0.8776
vn -0.4672 0.5185 0.7161
vn -0.5326 0.5916 0.6052
vn -0.5466 0.6223 0.5603
vn -0.7221 0.6692 0.1753
vn -0.0345 0.9952 0.0921
vn -0.1343 0.9895 0.0534
vn -0.5665 0.5303 0.6308
vn -0.6306 0.4820 0.6083
vn -0.8690 0.3687 0.3299
vn -0.5377 0.7875 0.3012
vn -0.5075 0.7872 0.3503
vn -0.5075 0.7872 0.3504
vn 0.0943 0.9940 0.0554
vn -0.7933 0.3990 0.4598
vn -0.8691 0.3687 0.3298
vn -0.5353 0.8076 0.2474
vn -0.8304 0.4403 0.3415
vn -0.7628 0.4358 0.4778
vn -0.6606 0.5487 0.5124
vn 0.3792 0.6012 0.7034
vn -0.2105 0.0565 0.9760
vn -0.3537 0.3239 0.8775
vn -0.5608 0.1604 0.8123
vn -0.9490 0.3150 0.0072
vn -0.9491 0.3150 0.0072
vn -0.9202 0.3845 0.0734
vn -0.8637 0.3916 0.3172
vn -0.5608 0.1604 0.8122
vn -0.9597 0.2797 -0.0254
vn -0.1880 0.1983 0.9619
vn -0.4967 0.7488 0.4388
vn -0.4709 0.6105 0.6368
vn -0.8637 0.3917 0.3172
vn -0.3568 0.4860 0.7978
vn -0.7237 0.5338 0.4375
vn -0.8512 0.4438 0.2800
vn -0.7635 0.5466 0.3440
vn -0.6095 0.5371 0.5831
vn -0.4677 0.6117 0.6380
vn -0.6296 0.6329 0.4505
vn -0.3709 0.7523 0.5445
vn -0.4406 0.7743 0.4543
vn -0.3950 0.5977 0.6977
vn -0.3577 0.7108 0.6056
vn -0.3024 0.9295 -0.2113
vn 0.0333 0.9829 0.1812
vn -0.5586 0.5957 0.5772
vn 0.1215 0.9688 0.2159
vn 0.1228 0.9591 0.2551
vn -0.3017 0.9279 -0.2189
vn -0.5761 0.5206 0.6302
vn -0.4454 0.5436 0.7114
vn -0.3540 0.5669 0.7439
vn -0.2364 0.6206 0.7476
vn -0.8100 0.2454 0.5326
vn -0.7424 0.6440 0.1847
vn -0.7224 0.6779 0.1364
vn -0.5299 0.8377 0.1326
vn -0.6084 0.7909 0.0655
vn -0.5566 0.8305 -0.0218
vn -0.5410 0.8043 0.2458
vn -0.5780 0.8117 0.0838
vn -0.5088 0.8106 -0.2897
vn -0.7790 0.5987 0.1864
vn 0.0775 0.9398 -0.3328
vn 0.0437 0.9394 -0.3399
vn 0.2685 0.9613 -0.0614
vn -0.0710 0.9181 -0.3899
vn -0.2143 0.9205 -0.3269
vn 0.2207 -0.8366 -0.5013
vn -0.4609 0.8727 -0.1610
vn -0.5415 0.8334 -0.1103
vn -0.7035 0.5428 -0.4588
vn -0.3000 0.6881 -0.6607
vn -0.0511 0.0356 -0.9981
vn -0.6641 0.5825 -0.4687
vn -0.1042 0.3825 -0.9181
vn -0.5697 0.6268 -0.5315
vn -0.6667 0.5401 -0.5137
vn -0.7300 0.5145 -0.4499
vn -0.9352 0.3430 -0.0879
vn -0.9004 0.4334 -0.0372
vn -0.6588 0.7431 -0.1178
vn 0.5561 -0.7656 -0.3236
vn 0.4648 -0.8202 -0.3336
vn 0.4414 -0.8329 -0.3337
vn 0.1964 -0.9574 -0.2115
vn 0.0997 -0.9671 -0.2339
vn -0.0248 -0.9790 -0.2021
vn -0.1113 -0.9584 -0.2627
vn -0.2430 -0.9323 -0.2679
vn -0.3235 -0.8853 -0.3340
vn -0.5119 -0.7625 -0.3958
vn -0.4109 -0.4665 0.7833
vn -0.6072 -0.4586 0.6488
vn -0.5701 -0.6006 0.5606
vn -0.9718 -0.2321 0.0426
vn -0.9508 -0.1839 0.2492
vn -0.9950 -0.0999 -0.0038
vn -0.7075 -0.5528 0.4402
vn -0.4911 -0.6994 0.5194
vn -0.5615 -0.6942 0.4503
vn -0.5335 -0.6712 0.5146
vn -0.2476 -0.4960 0.8323
vn -0.8197 -0.3768 0.4314
vn -0.7657 -0.4787 0.4296
vn -0.6088 -0.4965 0.6188
vn -0.3454 -0.4024 0.8478
vn -0.3091 -0.3146 0.8975
vn -0.2870 -0.2461 0.9258
vn -0.9521 -0.2558 0.1678
vn -0.7292 -0.6020 0.3253
vn -0.5569 -0.7336 0.3895
vn -0.8889 -0.3085 0.3386
vn -0.9048 -0.2236 0.3625
vn -0.9236 -0.3055 -0.2316
vn -0.7263 0.5582 0.4010
vn -0.9454 0.2636 0.1916
vn -0.8811 0.4338 0.1885
vn -0.8792 -0.4026 -0.2547
vn -0.8117 -0.4206 -0.4052
vn -0.6006 -0.6220 0.5023
vn -0.2584 -0.5663 0.7826
vn -0.4746 -0.5212 0.7093
vn -0.3319 -0.4835 0.8100
vn -0.0608 -0.4740 0.8784
vn -0.6241 -0.5250 0.5787
vn -0.6959 -0.6302 0.3443
vn -0.6923 -0.6549 0.3030
vn 0.0867 -0.5846 0.8067
vn 0.3424 -0.4152 0.8428
vn 0.4554 -0.5445 0.7044
vn 0.5930 -0.4787 0.6475
vn 0.6323 -0.2560 0.7312
vn 0.6124 -0.4619 0.6416
vn 0.7535 -0.4125 0.5118
vn 0.7169 -0.3162 0.6214
vn 0.7770 -0.3047 0.5508
vn 0.7418 -0.4718 0.4766
vn -0.4636 -0.8827 -0.0771
vn -0.5222 -0.4851 0.7014
vn -0.1866 -0.4225 0.8869
vn -0.1986 -0.8429 -0.5000
vn 0.1045 -0.3439 0.9332
vn 0.4396 -0.2997 0.8467
vn 0.7291 -0.2142 0.6500
vn 0.7995 -0.1679 0.5768
vn 0.7562 -0.2993 0.5819
vn -0.0752 -0.5351 -0.8415
vn -0.0957 -0.4147 -0.9049
vn -0.3834 -0.5354 -0.7526
vn -0.5192 -0.8240 -0.2267
vn -0.3934 -0.4101 -0.8228
vn -0.1007 -0.6023 -0.7919
vn 0.1731 -0.2635 -0.9490
vn 0.0430 -0.0181 -0.9989
vn 0.2274 -0.1624 -0.9602
vn 0.2493 -0.1866 -0.9503
vn 0.2933 -0.2246 -0.9293
vn 0.2859 -0.4758 -0.8318
vn -0.9168 0.3416 -0.2069
vn -0.8495 0.3670 -0.3790
vn -0.8583 0.1957 -0.4743
vn -0.8384 0.0171 -0.5448
vn -0.8140 -0.3536 -0.4608
vn -0.9389 -0.0558 0.3395
vn -0.9544 0.2949 0.0471
vn -0.9675 0.1194 -0.2230
vn -0.8668 0.3849 -0.3171
vn -0.8629 0.1586 -0.4799
vn -0.8515 0.2287 -0.4718
vn -0.8591 0.3380 -0.3844
vn -0.9416 0.1878 -0.2794
vn -0.8783 0.1881 -0.4395
vn -0.8766 0.4666 -0.1182
vn -0.9161 0.3987 0.0420
vn -0.7651 -0.5414 0.3485
vn -0.8972 -0.3374 0.2848
vn -0.7485 -0.5128 0.4205
vn -0.9613 -0.2753 0.0107
vn -0.9792 0.1728 0.1062
vn -0.9824 -0.0024 -0.1866
vn -0.8971 0.3978 0.1924
vn -0.8708 0.4208 0.2542
vn -0.8264 0.5532 0.1051
vn -0.8703 0.1103 -0.4800
vn -0.9837 0.1490 -0.1004
vn -0.6288 -0.5986 0.4963
vn -0.6707 -0.5239 0.5251
vn -0.6847 0.1853 0.7048
vn -0.5513 0.4096 0.7268
vn -0.6350 0.3705 0.6778
vn -0.6726 0.0349 0.7392
vn -0.8187 0.0339 0.5733
vn -0.7099 0.0620 0.7016
vn -0.6666 0.1539 0.7293
vn -0.5711 0.0733 0.8176
vn -0.4560 0.6130 0.6452
vn -0.3626 0.6302 0.6865
vn -0.3603 0.6117 0.7043
vn -0.7295 0.1767 0.6608
vn -0.7513 0.2139 0.6243
vn -0.8513 0.3388 0.4007
vn -0.7190 0.3745 0.5855
vn -0.6033 0.4839 0.6340
vn -0.7452 0.3915 0.5398
vn -0.4148 0.4774 0.7746
vn -0.4039 0.6291 0.6641
vn -0.8149 0.3268 0.4787
vn -0.8060 0.3396 0.4848
vn -0.8076 0.4338 0.3994
vn -0.7001 0.6042 0.3804
vn -0.8683 0.3984 0.2956
vn -0.4149 0.4774 0.7746
vn -0.5381 0.7044 0.4629
vn -0.5841 0.6037 0.5426
vn -0.2740 0.7528 0.5986
vn -0.3764 0.6611 0.6490
vn -0.3770 0.6432 0.6665
vn -0.3862 0.6377 0.6665
vn -0.8266 0.4308 0.3622
vn -0.7082 0.4950 0.5034
vn -0.7738 0.3805 0.5064
vn -0.5115 0.4492 0.7325
vn -0.5414 -0.0241 0.8404
vn -0.6707 -0.3391 0.6597
vn -0.8833 -0.1735 0.4354
vn -0.7506 0.4948 0.4379
vn -0.4353 -0.2732 0.8578
vn -0.4648 0.1304 0.8758
vn -0.3912 0.2728 0.8789
vn -0.4335 -0.3128 0.8451
vn -0.3981 0.3436 0.8506
vn -0.3008 -0.5363 0.7886
vn -0.5277 0.3259 0.7844
vn -0.4294 0.8382 0.3361
vn -0.8616 0.2799 0.4235
vn -0.4463 0.5088 0.7362
vn -0.8194 0.0782 0.5679
vn -0.9322 0.1804 0.3137
vn -0.7604 0.2122 0.6138
vn -0.9404 -0.2552 0.2247
vn -0.7451 0.6493 0.1527
vn -0.9156 0.2460 0.3180
vn -0.6807 0.3468 0.6452
vn -0.2249 0.1235 0.9665
vn -0.7523 0.6411 0.1519
vn -0.6136 0.5028 0.6088
vn -0.5754 0.5922 0.5640
vn -0.5877 0.6570 0.4722
vn -0.7268 0.6869 -0.0021
vn -0.8885 0.3531 0.2931
vn -0.8772 0.4429 0.1854
vn -0.9620 0.2549 0.0980
vn -0.8644 0.3175 0.3899
vn -0.9697 0.1664 0.1789
vn -0.7323 0.1482 0.6647
vn -0.7432 0.2639 0.6147
vn -0.7126 0.5773 0.3988
vn -0.7323 0.1482 0.6646
vn 0.1003 0.5126 0.8528
vn 0.0985 0.2631 0.9597
vn -0.0139 0.2977 0.9546
vn 0.0430 0.3189 0.9468
vn -0.3281 0.3089 0.8927
vn -0.5082 -0.4340 0.7439
vn -0.5723 -0.3514 0.7409
vn -0.5834 0.4766 0.6576
vn -0.8048 0.0515 0.5913
vn -0.9234 0.0592 0.3793
vn -0.8817 0.0618 0.4677
vn -0.8535 0.2571 0.4533
vn -0.7321 0.2610 0.6292
vn -0.6461 0.6966 0.3119
vn -0.9684 0.2402 0.0679
vn -0.8393 0.4801 0.2554
vn 0.1021 0.3654 0.9252
vn -0.6401 0.7071 0.3005
vn -0.6529 0.6748 0.3439
vn 0.0784 0.5691 0.8185
vn -0.7226 0.6022 0.3394
vn -0.8629 0.4654 0.1970
vn -0.9215 0.1310 0.3656
vn -0.8513 -0.1313 0.5080
vn -0.8810 0.0693 0.4679
vn -0.8612 0.2728 0.4288
vn -0.9046 0.1597 0.3953
vn -0.9113 0.0493 0.4088
vn -0.6913 0.4629 0.5548
vn -0.6140 -0.1546 0.7740
vn -0.3112 0.8030 0.5082
vn -0.2792 0.7818 0.5575
vn -0.4145 -0.0341 0.9094
vn 0.2975 -0.4309 0.8519
vn -0.3459 0.3808 0.8575
vn -0.5213 0.2023 0.8291
vn -0.4316 0.7953 0.4256
vn -0.3831 0.9002 0.2072
vn -0.1163 0.8967 0.4270
vn -0.9514 -0.1164 0.2850
vn -0.5248 -0.1593 0.8362
vn -0.8489 -0.0759 0.5231
vn -0.6491 0.2698 0.7112
vn -0.2741 0.1961 0.9415
vn -0.4469 0.3583 0.8197
vn -0.7521 0.5062 0.4221
vn -0.9670 -0.2426 0.0775
vn -0.8379 -0.5192 -0.1684
vn -0.6095 0.7860 0.1032
vn -0.3657 0.8770 0.3117
vn -0.4810 0.8556 0.1911
vn -0.6127 0.7851 0.0907
vn -0.0870 -0.0044 0.9962
vn -0.2065 0.2042 0.9569
vn -0.2852 0.8691 0.4042
vn -0.3047 0.8848 0.3526
vn -0.4839 0.0845 0.8711
vn -0.6887 0.0302 0.7245
vn -0.5100 0.3793 0.7720
vn -0.6075 0.0689 0.7913
vn -0.2899 0.4933 0.8201
vn -0.2118 -0.0288 0.9769
vn -0.5140 0.0535 0.8561
vn -0.4673 -0.0651 0.8817
vn -0.0303 0.2150 0.9761
vn -0.3450 0.1600 0.9249
vn -0.9095 -0.3612 0.2058
vn -0.4932 0.8244 0.2775
vn -0.5566 0.8120 0.1756
vn -0.6604 0.7149 0.2299
vn -0.3938 0.7554 0.5238
vn -0.5179 0.0496 0.8540
vn -0.7690 -0.3505 0.5345
vn -0.7901 -0.1477 0.5950
vn -0.5699 0.6284 0.5294
vn -0.7473 -0.0270 0.6639
vn -0.1366 -0.1781 0.9745
vn -0.4019 0.0378 0.9149
vn -0.1642 0.4258 0.8898
vn -0.2504 0.3905 0.8859
vn -0.7126 0.3835 0.5875
vn -0.3801 0.3630 0.8507
vn -0.7293 -0.3547 0.5851
vn -0.2013 0.8307 0.5191
vn 0.0917 0.9380 0.3342
vn 0.1282 0.8829 0.4517
vn 0.0918 0.9380 0.3342
vn 0.0600 0.9710 0.2313
vn -0.8200 -0.1312 0.5572
vn 0.6450 0.3260 -0.6912
vn 0.6022 0.0324 -0.7977
vn 0.7049 0.4112 -0.5779
vn 0.6238 0.3878 -0.6786
vn 0.6828 -0.1654 -0.7116
vn 0.7456 0.5223 -0.4138
vn 0.7359 0.4210 -0.5303
vn 0.7869 0.2049 -0.5821
vn 0.7139 0.5758 -0.3985
vn 0.7114 0.6088 -0.3512
vn 0.6313 0.3017 -0.7145
vn 0.6959 0.5517 -0.4597
vn 0.5926 0.5620 -0.5771
vn 0.6202 0.6712 -0.4059
vn 0.6554 0.6442 -0.3942
vn 0.8860 0.0605 -0.4597
vn 0.8372 -0.0908 -0.5392
vn 0.9465 0.2912 -0.1391
vn 0.8784 0.2677 -0.3959
vn 0.7817 0.5783 -0.2332
vn 0.8333 0.0543 -0.5502
vn 0.8059 0.4279 -0.4091
vn 0.6651 0.6358 -0.3917
vn 0.8142 -0.2329 -0.5318
vn -0.1180 0.2230 0.9676
vn 0.0572 0.3869 0.9203
vn -0.0384 0.1724 0.9843
vn -0.2260 0.1248 0.9661
vn -0.1866 0.3991 0.8977
vn 0.0411 0.1577 0.9866
vn -0.0544 0.2109 0.9760
vn -0.0992 0.0348 0.9945
vn -0.5776 -0.1057 0.8095
vn -0.3763 0.1374 0.9163
vn -0.2880 0.5326 0.7959
vn -0.2015 0.6890 0.6962
vn -0.0199 0.6885 0.7249
vn 0.0254 0.8463 0.5321
vn 0.0233 0.7698 0.6378
vn 0.0006 0.8243 0.5661
vn -0.2202 0.8528 0.4736
vn -0.2614 0.8492 0.4589
vn -0.1559 0.8534 0.4974
vn -0.1662 0.8574 0.4870
vn -0.4118 0.8543 0.3172
vn 0.2916 0.9317 0.2165
vn 0.3778 0.8643 0.3320
vn 0.0110 0.9803 0.1970
vn 0.0384 0.8636 0.5028
vn -0.0326 0.8897 0.4554
vn 0.3070 0.2850 0.9080
vn 0.0983 0.1408 0.9851
vn 0.0556 0.3401 0.9388
vn -0.0061 0.1347 0.9909
vn 0.1783 0.4128 0.8932
vn 0.0567 0.5707 0.8192
vn 0.2984 0.3135 0.9015
vn 0.4161 0.4961 0.7621
vn 0.2413 0.7018 0.6703
vn 0.6265 0.4032 0.6670
vn 0.4408 0.6400 0.6293
vn 0.3333 0.3800 0.8629
vn 0.4232 0.2520 0.8703
vn 0.5571 0.4797 0.6779
vn 0.1955 0.8264 0.5281
vn 0.5217 0.6133 0.5930
vn 0.7135 0.3677 0.5965
vn 0.3629 0.7102 0.6033
vn 0.6476 0.4389 0.6229
vn 0.5056 0.5577 0.6583
vn 0.4707 0.5849 0.6605
vn -0.1410 0.9593 0.2445
vn 0.3616 0.8202 0.4433
vn 0.3814 0.7832 0.4912
vn 0.1503 0.8352 0.5290
vn 0.1931 0.8435 0.5013
vn 0.1529 0.8591 0.4884
vn 0.1044 0.8136 0.5720
vn 0.4583 0.6965 0.5521
vn 0.4317 0.7158 0.5488
vn -0.2610 -0.2563 0.9307
vn 0.2029 -0.1870 0.9612
vn -0.0848 0.0353 0.9958
vn -0.1545 0.3581 0.9208
vn -0.5155 0.8252 0.2308
vn -0.0706 0.4102 0.9092
vn -0.1186 0.4289 0.8955
vn 0.2109 0.0964 0.9727
vn 0.5621 0.6157 0.5522
vn 0.4934 0.6077 0.6223
vn 0.6072 0.7364 0.2983
vn 0.7231 -0.0466 0.6892
vn 0.5994 -0.0213 0.8002
vn 0.4722 0.5729 0.6699
vn 0.4761 0.6182 0.6254
vn 0.6243 0.7424 0.2430
vn 0.4796 0.7234 0.4966
vn 0.5596 0.8048 0.1979
vn 0.4224 0.3828 0.8216
vn 0.3074 0.2317 0.9229
vn 0.3018 0.3128 0.9006
vn 0.2438 0.2645 0.9331
vn 0.2227 0.1230 0.9671
vn 0.1968 0.4583 0.8667
vn 0.5381 -0.4976 -0.6803
vn 0.4152 -0.6520 -0.6345
vn 0.5089 -0.5309 -0.6776
vn 0.2600 -0.7271 -0.6354
vn 0.3641 -0.4115 -0.8355
vn 0.3847 -0.3832 -0.8397
vn 0.1447 -0.6924 -0.7069
vn 0.1383 -0.7415 -0.6566
vn 0.1027 -0.7159 -0.6906
vn 0.2237 -0.5385 -0.8124
vn -0.0032 -0.7336 -0.6795
vn -0.0185 -0.8607 -0.5089
vn 0.5358 -0.4993 -0.6808
vn 0.3598 -0.7204 -0.5929
vn 0.3314 -0.6779 -0.6562
vn -0.0268 -0.8533 -0.5207
vn 0.0091 -0.7989 -0.6013
vn 0.3965 -0.6765 -0.6206
vn 0.3668 -0.6836 -0.6310
vn 0.5675 -0.1289 -0.8132
vn 0.4566 -0.1644 -0.8744
vn 0.2210 -0.7530 -0.6198
vn -0.1335 0.6985 -0.7031
vn 0.0886 -0.7890 -0.6079
vn -0.3234 -0.8544 -0.4067
vn -0.3332 -0.8502 -0.4077
vn -0.1265 -0.9608 -0.2467
vn -0.0407 -0.9626 -0.2677
vn -0.1879 -0.9321 -0.3096
vn -0.2181 -0.8951 -0.3888
vn -0.0146 -0.9693 -0.2456
vn -0.0013 -0.7212 -0.6927
vn 0.0010 -0.9903 -0.1389
vn -0.3863 -0.7951 -0.4675
vn -0.4237 -0.7308 -0.5353
vn 0.0412 -0.6912 -0.7215
vn 0.0716 -0.5346 -0.8421
vn 0.1565 -0.4636 -0.8721
vn -0.0181 -0.8498 -0.5268
vn -0.0082 -0.7017 -0.7124
vn -0.1438 -0.8849 -0.4429
vn 0.1181 -0.9540 -0.2754
vn -0.1757 -0.8760 -0.4491
vn -0.1962 -0.7911 -0.5794
vn -0.1120 -0.6233 -0.7739
vn 0.0313 -0.9900 -0.1376
vn 0.2900 -0.8901 -0.3516
vn 0.1747 -0.9786 -0.1088
vn 0.3298 -0.8658 -0.3764
vn -0.1305 -0.8257 -0.5488
vn 0.0979 -0.9779 -0.1849
vn 0.2366 -0.8856 -0.3996
vn 0.3904 -0.9016 -0.1865
vn 0.3533 -0.7885 -0.5035
vn 0.4893 -0.8048 -0.3361
vn -0.1920 -0.8087 -0.5561
vn -0.1440 -0.8039 -0.5771
vn -0.5058 -0.0736 0.8595
vn -0.4514 -0.2873 0.8448
vn -0.1855 -0.0415 0.9818
vn -0.2994 -0.4283 0.8526
vn -0.0564 -0.0764 0.9955
vn -0.2826 -0.2700 0.9205
vn -0.1871 -0.0681 0.9800
vn 0.0581 0.1838 0.9812
vn -0.3027 0.0192 0.9529
vn -0.1730 0.5423 0.8222
vn -0.0026 -0.2844 0.9587
vn -0.4662 -0.0754 0.8815
vn 0.0874 -0.0483 0.9950
vn 0.2095 0.2943 0.9325
vn 0.1637 0.2013 0.9658
vn 0.4082 0.1728 0.8964
vn 0.2375 0.3558 0.9039
vn 0.3328 -0.3537 0.8742
vn -0.6793 -0.5556 0.4794
vn -0.5645 -0.5749 0.5923
vn -0.7404 -0.2787 0.6116
vn -0.2127 -0.0461 0.9760
vn -0.2817 0.4509 0.8470
vn -0.0349 0.7248 0.6880
vn -0.2055 0.3758 0.9036
vn -0.9242 0.0616 0.3769
vn -0.2804 0.0009 0.9599
vn 0.1972 -0.2277 0.9536
vn 0.4320 -0.3248 0.8414
vn 0.6237 0.1596 0.7652
vn 0.2591 -0.7671 0.5869
vn 0.1522 -0.4999 0.8526
vn 0.4353 -0.5359 0.7234
vn -0.3855 0.1787 0.9052
vn -0.2309 0.2982 0.9262
vn -0.2770 -0.3645 0.8891
vn -0.3428 -0.0597 0.9375
vn -0.2270 0.3748 0.8989
vn -0.3498 0.5153 0.7824
vn 0.4558 -0.5492 0.7004
vn 0.7386 -0.4981 0.4542
vn 0.8063 -0.4713 0.3575
vn 0.9165 -0.3135 0.2483
vn 0.6795 0.4484 -0.5807
vn 0.7199 0.4312 -0.5439
vn 0.7646 0.3896 -0.5135
vn 0.4670 -0.0485 -0.8829
vn 0.7926 0.3436 -0.5037
vn 0.4335 0.5154 -0.7392
vn 0.2367 0.4248 -0.8738
vn 0.4752 0.2071 -0.8552
vn 0.0710 0.7956 0.6017
vn -0.1387 0.7678 0.6255
vn -0.1062 0.8948 0.4337
vn -0.2016 0.9585 0.2016
vn -0.3858 0.7898 0.4768
vn -0.0454 0.7982 0.6007
vn -0.3523 0.8877 0.2966
vn -0.0083 0.5163 0.8564
vn -0.4363 0.4739 0.7649
vn -0.2351 0.5657 0.7904
vn -0.5265 0.8473 0.0700
vn -0.2707 0.7920 0.5473
vn -0.2009 0.9567 0.2107
vn -0.4567 0.8889 -0.0359
vn -0.2208 0.7103 0.6683
vn 0.4637 0.8759 0.1336
vn 0.5545 0.3861 0.7372
vn 0.5259 0.2630 0.8089
vn 0.6725 0.4611 0.5789
vn 0.9303 0.1571 0.3314
vn 0.8310 0.3824 0.4039
vn 0.6451 0.5270 0.5533
vn 0.5763 0.8172 -0.0014
vn 0.4684 0.8824 0.0444
vn 0.1945 0.8609 0.4701
vn 0.1754 0.8651 0.4700
vn 0.9731 0.0963 0.2091
vn 0.9777 0.1483 0.1488
vn -0.1125 0.7766 0.6199
vn 0.0398 0.7986 0.6005
vn -0.1077 0.8605 0.4980
vn 0.5694 0.8017 -0.1818
vn 0.3243 0.9440 0.0608
vn 0.5809 0.7333 0.3533
vn 0.5737 0.7977 0.1859
vn 0.5365 0.6744 0.5073
vn 0.6116 0.6599 0.4363
vn 0.6114 0.6724 0.4172
vn 0.6345 0.6925 0.3432
vn 0.6758 0.7290 0.1092
vn 0.6155 -0.5081 -0.6025
vn 0.7304 -0.4895 -0.4764
vn 0.6068 -0.5234 -0.5983
vn 0.8975 -0.3509 -0.2670
vn 0.9154 -0.3276 -0.2339
vn 0.8369 -0.4327 -0.3352
vn 0.6152 -0.5944 -0.5179
vn 0.9173 -0.3345 -0.2158
vn 0.9182 -0.3537 -0.1786
vn 0.7096 -0.4425 -0.5484
vn 0.7917 -0.2951 -0.5349
vn 0.4548 0.6644 -0.5931
vn 0.5682 0.4783 -0.6696
vn 0.3312 0.4993 -0.8006
vn 0.4015 -0.8312 -0.3846
vn 0.3077 -0.8574 -0.4126
vn 0.5125 -0.4902 -0.7050
vn 0.5351 0.1356 -0.8338
vn 0.4579 0.2477 -0.8538
vn 0.8210 0.5250 -0.2244
vn 0.7742 0.4361 -0.4588
vn 0.9323 -0.1013 -0.3472
vn 0.7184 -0.6268 -0.3017
vn 0.2656 -0.6509 -0.7112
vn 0.7694 -0.2745 -0.5768
vn 0.9151 0.2105 -0.3440
vn 0.7685 -0.0111 -0.6398
vn 0.9187 -0.3238 -0.2260
vn 0.9457 -0.1357 -0.2954
vn 0.9049 -0.3494 -0.2429
vn 0.9081 -0.3594 -0.2147
vn 0.9447 -0.3235 -0.0540
vn 0.8258 -0.5240 -0.2084
vn 0.8692 -0.4823 -0.1094
vn 0.7899 -0.6112 0.0502
vn 0.7197 -0.3436 -0.6032
vn 0.7660 -0.6106 -0.2009
vn 0.5574 -0.7855 -0.2688
vn 0.8474 -0.4799 -0.2272
vn 0.8482 -0.4793 -0.2254
vn 0.8483 -0.4802 -0.2232
vn 0.8458 -0.4792 -0.2345
vn 0.8406 -0.4839 -0.2434
vn 0.8982 -0.2986 -0.3227
vn 0.8963 -0.2615 -0.3581
vn 0.8136 -0.4074 -0.4147
vn 0.8804 -0.1638 -0.4450
vn 0.8279 -0.0689 -0.5566
vn 0.7265 -0.5305 -0.4368
vn 0.6526 -0.7296 -0.2045
vn 0.9289 -0.3399 -0.1471
vn 0.9079 -0.4046 -0.1094
vn 0.9737 0.2168 -0.0695
vn 0.9277 -0.0969 -0.3606
vn 0.8681 -0.3742 -0.3263
vn 0.8240 -0.4896 -0.2851
vn 0.7439 -0.6121 -0.2681
vn 0.8885 -0.4369 -0.1403
vn 0.9303 -0.3328 -0.1545
vn 0.8888 -0.3742 -0.2646
vn 0.8607 -0.3425 -0.3767
vn 0.8534 -0.2958 -0.4293
vn 0.9033 -0.1468 -0.4030
vn -0.1414 -0.2642 -0.9541
vn 0.7860 -0.0142 -0.6180
vn 0.9356 -0.0946 -0.3401
vn 0.8388 -0.4615 -0.2886
vn 0.8139 -0.3548 -0.4600
vn 0.7249 -0.0554 -0.6866
vn 0.8139 -0.3548 -0.4601
vn 0.8439 0.0367 -0.5352
vn 0.9043 -0.3802 -0.1942
vn 0.0654 0.8009 -0.5952
vn 0.3353 0.3603 -0.8705
vn 0.5534 -0.7910 -0.2610
vn 0.5566 -0.7840 -0.2748
vn 0.5457 -0.4674 -0.6955
vn 0.5448 -0.4656 -0.6975
vn 0.2973 -0.0934 -0.9502
vn 0.3916 -0.2017 -0.8977
vn 0.2881 -0.1027 -0.9521
vn 0.2383 -0.0646 -0.9690
vn 0.6588 -0.3375 -0.6724
vn 0.7834 -0.2852 -0.5522
vn 0.5563 -0.2587 -0.7897
vn 0.2171 -0.1256 -0.9680
vn 0.1596 -0.4233 -0.8918
vn 0.2670 -0.3104 -0.9123
vn 0.2491 -0.0762 -0.9655
vn 0.7931 -0.3710 -0.4830
vn 0.8510 -0.4486 -0.2732
vn 0.8259 -0.4552 -0.3327
vn 0.6073 0.2104 -0.7661
vn 0.9306 -0.1622 -0.3282
vn 0.8934 -0.3397 -0.2939
vn 0.4426 -0.8310 -0.3369
vn 0.3655 -0.9057 -0.2146
vn 0.1746 -0.9447 -0.2778
vn 0.1727 -0.9389 -0.2979
vn 0.0583 -0.9715 -0.2299
vn 0.9367 -0.0653 -0.3440
vn 0.9364 -0.0669 -0.3446
vn 0.8111 -0.4323 -0.3940
vn 0.6382 -0.4193 -0.6457
vn 0.9515 0.1293 -0.2790
vn 0.9711 -0.2140 0.1058
vn 0.6397 -0.1414 -0.7555
vn 0.9485 -0.3094 0.0675
vn 0.9580 -0.2025 0.2031
vn 0.9247 -0.2241 0.3077
vn 0.9196 -0.2630 0.2919
vn 0.9231 -0.3846 0.0011
vn 0.8509 -0.4430 -0.2823
vn 0.9269 -0.3336 0.1719
vn 0.9237 -0.3479 0.1606
vn 0.8760 -0.3863 -0.2890
vn 0.9083 -0.4066 -0.0978
vn 0.9226 -0.3858 0.0037
vn 0.9301 -0.3458 -0.1237
vn 0.8814 -0.4023 -0.2476
vn 0.8810 -0.3975 -0.2566
vn 0.9149 -0.3637 -0.1752
vn 0.6501 -0.5063 -0.5666
vn 0.8605 -0.4962 -0.1153
vn 0.1920 -0.4092 -0.8920
vn 0.9689 0.2064 0.1362
vn 0.6483 -0.6243 -0.4358
vn 0.9573 0.1765 0.2291
vn 0.6531 -0.6213 -0.4329
vn 0.9979 0.0497 0.0424
vn 0.9196 0.2954 0.2589
vn 0.9450 0.2766 0.1749
vn 0.8795 0.2065 0.4288
vn 0.7884 -0.3795 0.4842
vn 0.8534 -0.3300 0.4034
vn 0.9040 -0.2228 0.3650
vn 0.9139 -0.0601 0.4015
vn 0.9010 -0.1746 0.3972
vn 0.9608 -0.0843 0.2642
vn 0.9288 -0.1407 0.3428
vn 0.8968 -0.2662 0.3534
vn 0.8259 -0.4310 0.3635
vn 0.6280 0.6786 0.3809
vn 0.9594 -0.1727 0.2232
vn 0.7417 0.4290 0.5156
vn 0.6906 0.3714 0.6206
vn 0.9835 0.1175 0.1374
vn 0.9920 0.0620 -0.1103
vn 0.8274 0.4844 -0.2841
vn 0.9147 0.1478 -0.3761
vn 0.8637 0.3339 -0.3776
vn 0.9848 -0.1501 0.0870
vn 0.9641 -0.2132 0.1583
vn 0.9220 -0.2385 0.3051
vn 0.8919 -0.3868 0.2342
vn 0.9334 -0.1743 0.3137
vn 0.9378 -0.1237 0.3243
vn 0.9181 0.1258 0.3759
vn 0.9875 0.0034 0.1573
vn 0.9507 0.1284 0.2822
vn 0.8845 0.0592 0.4628
vn 0.9765 -0.0602 0.2069
vn 0.9696 0.1897 0.1547
vn 0.8099 0.4003 0.4287
vn 0.6723 0.6759 0.3019
vn 0.8224 -0.1065 0.5588
vn 0.4445 -0.4633 0.7667
vn 0.8119 -0.1185 0.5716
vn 0.8213 -0.1939 0.5365
vn 0.8183 -0.1890 0.5428
vn 0.9262 -0.3089 0.2162
vn 0.8391 -0.2699 0.4723
vn 0.8084 -0.2926 0.5107
vn 0.7638 -0.2191 0.6071
vn 0.8321 -0.2883 0.4738
vn 0.8148 -0.2375 0.5289
vn 0.8657 -0.1885 0.4638
vn 0.8501 -0.1570 0.5027
vn 0.5937 -0.1503 0.7905
vn 0.8605 -0.1813 0.4760
vn 0.8093 -0.2236 0.5432
vn 0.4078 -0.4972 0.7658
vn 0.4499 -0.4906 0.7463
vn 0.5331 -0.5707 0.6246
vn -0.0204 -0.7254 0.6881
vn 0.0524 -0.7428 0.6675
vn 0.3160 -0.7473 0.5845
vn 0.0156 -0.5666 0.8239
vn 0.4822 -0.6904 0.5393
vn 0.7661 -0.5601 0.3151
vn 0.4109 -0.8617 0.2976
vn 0.3758 -0.8957 0.2377
vn 0.0957 -0.9537 0.2852
vn 0.5201 -0.2978 -0.8005
vn 0.5909 -0.2741 -0.7587
vn 0.4332 -0.3796 -0.8175
vn 0.5668 0.3067 -0.7646
vn 0.4018 -0.5136 -0.7581
vn 0.0585 -0.2794 -0.9584
vn 0.4684 -0.4559 -0.7568
vn 0.4462 -0.8817 -0.1536
vn 0.2915 -0.9427 -0.1621
vn 0.2571 -0.9083 -0.3300
vn 0.3913 -0.3228 -0.8618
vn 0.1760 -0.5812 -0.7945
vn 0.0986 -0.6815 -0.7251
vn -0.0839 -0.0024 -0.9965
vn -0.0641 -0.1616 -0.9848
vn 0.2450 -0.7232 -0.6458
vn -0.0769 -0.7183 -0.6915
vn -0.0056 -0.7565 -0.6540
vn -0.0066 -0.6791 -0.7341
vn 0.0486 -0.8880 -0.4573
vn -0.2184 -0.7595 -0.6128
vn -0.1172 -0.3469 -0.9306
vn -0.0038 -0.4459 -0.8951
vn 0.5213 -0.8531 -0.0196
vn 0.5766 -0.6531 -0.4909
vn 0.3049 -0.5298 -0.7914
vn 0.1586 -0.7736 -0.6135
vn -0.0110 -0.9967 -0.0807
vn 0.5930 -0.7950 -0.1279
vn 0.2020 -0.9793 0.0123
vn 0.3768 -0.7674 -0.5188
vn 0.0608 -0.3994 -0.9148
vn 0.0193 -0.5388 -0.8422
vn -0.3607 -0.8051 -0.4709
vn -0.3174 -0.9103 -0.2656
vn 0.3319 -0.6131 -0.7169
vn -0.0353 -0.4117 0.9106
vn -0.0660 -0.4274 0.9016
vn -0.1268 -0.2783 0.9521
vn -0.3692 -0.1580 0.9158
vn -0.1820 -0.2932 0.9386
vn 0.0132 0.2805 0.9598
vn -0.2024 -0.2319 0.9514
vn 0.1884 0.2224 0.9566
vn -0.5638 -0.2586 0.7844
vn -0.1710 0.1940 0.9660
vn -0.5446 -0.3148 0.7774
vn -0.1704 -0.5285 0.8316
vn 0.0608 -0.5597 0.8265
vn -0.2908 0.0527 0.9553
vn 0.0572 0.0150 0.9982
vn -0.0325 -0.3905 0.9200
vn 0.8593 0.4592 -0.2254
vn 0.0400 0.0553 0.9977
vn 0.3488 -0.0462 0.9361
vn -0.0831 0.3372 0.9378
vn 0.2729 -0.3539 0.8946
vn 0.2568 -0.1419 0.9560
vn 0.5027 0.5909 0.6309
vn 0.3220 0.1049 0.9409
vn 0.2354 0.5865 0.7750
vn 0.2959 -0.1047 0.9494
vn 0.2193 -0.3430 0.9134
vn 0.0162 -0.4946 0.8690
vn 0.7349 0.0930 0.6718
vn 0.7260 -0.0315 0.6870
vn 0.3305 -0.6483 0.6859
vn -0.0046 0.2230 0.9748
vn 0.0180 -0.2176 0.9759
vn -0.0007 -0.2162 0.9764
vn -0.5431 -0.3801 0.7487
vn -0.1004 -0.4127 0.9053
vn 0.2494 -0.1531 0.9562
vn 0.3020 -0.2393 0.9228
vn 0.4097 -0.2825 0.8674
vn 0.3755 -0.3851 0.8430
vn 0.3823 -0.4059 0.8301
vn 0.1624 -0.2701 -0.9490
vn 0.1453 -0.3407 -0.9289
vn 0.1563 -0.3662 -0.9173
vn 0.2133 -0.3045 -0.9283
vn 0.2117 -0.5542 -0.8050
vn 0.2447 -0.5868 -0.7719
vn 0.3459 -0.6509 -0.6758
vn 0.7461 0.0284 -0.6652
vn 0.6869 -0.2343 -0.6879
vn 0.8596 0.0105 -0.5109
vn 0.8558 0.0213 -0.5168
vn 0.4177 -0.2664 -0.8687
vn 0.2231 0.0753 -0.9719
vn 0.3265 -0.0753 -0.9422
vn 0.5292 0.3103 -0.7897
vn 0.7685 0.1552 -0.6207
vn 0.5995 -0.6315 -0.4917
vn 0.8806 0.2682 -0.3907
vn 0.9262 0.3558 -0.1251
vn 0.7453 0.2473 -0.6192
vn -0.3273 -0.6529 0.6831
vn -0.3101 -0.6538 0.6902
vn -0.3325 -0.6523 0.6811
vn -0.2836 -0.6617 0.6940
vn -0.2671 -0.6642 0.6982
vn -0.2182 -0.6705 0.7091
vn 0.3220 0.6789 -0.6598
vn 0.2518 0.6650 -0.7031
vn 0.2596 0.6597 -0.7053
vn 0.3272 0.6538 -0.6822
vn 0.4461 0.6596 -0.6050
vn 0.1853 0.6682 -0.7206
vn 0.4747 0.2341 -0.8484
vn 0.4555 0.1640 -0.8750
vn 0.4093 0.1428 -0.9011
vn 0.3038 0.0221 -0.9525
vn 0.0825 0.2887 -0.9538
vn 0.3147 0.0137 -0.9491
vn 0.0402 0.2376 -0.9705
vn 0.0572 -0.9736 -0.2211
vn 0.0676 0.2783 -0.9581
vn 0.4996 0.6363 -0.5878
vn 0.6960 0.3382 -0.6334
vn 0.0214 0.3176 -0.9480
vn 0.1078 0.0373 -0.9935
vn 0.8766 -0.3156 -0.3632
vn 0.8630 -0.0908 -0.4970
vn -0.0078 0.2213 -0.9752
vn 0.9928 0.1195 0.0040
vn 0.6653 0.2458 -0.7050
vn 0.0692 -0.0453 -0.9966
vn -0.9225 0.3584 0.1436
vn -0.8713 0.4165 0.2596
vn -0.8688 0.4287 0.2477
vn -0.7326 0.5240 0.4344
vn -0.7738 0.4997 0.3893
vn -0.7475 0.5414 0.3849
vn -0.5810 0.5575 0.5931
vn -0.7991 0.2353 -0.5532
vn -0.8580 0.3920 -0.3319
vn -0.8829 0.3591 -0.3026
vn -0.1728 0.1548 -0.9727
vn -0.1821 0.3031 -0.9354
vn -0.0938 0.0621 -0.9936
vn -0.3780 0.9212 0.0923
vn 0.1151 0.8818 -0.4573
vn -0.1300 0.7296 -0.6714
vn -0.4585 0.3148 -0.8310
vn -0.6260 -0.1967 -0.7546
vn -0.1704 0.0349 -0.9848
vn -0.5353 0.0171 -0.8445
vn -0.4006 0.4121 -0.8183
vn -0.9256 0.1088 -0.3626
vn -0.8184 0.1213 -0.5617
vn -0.8934 0.3788 -0.2415
vn -0.9418 0.3216 -0.0980
vn -0.9440 0.1733 -0.2809
vn -0.6829 0.0988 -0.7238
vn -0.0790 -0.2154 -0.9733
vn -0.8772 0.3114 -0.3654
vn -0.8024 0.4485 -0.3938
vn 0.1939 0.8623 -0.4678
vn -0.9551 0.2884 -0.0685
vn -0.9387 0.2882 -0.1893
vn -0.8953 0.1668 -0.4131
vn -0.6980 0.1257 -0.7050
vn -0.6596 0.0388 -0.7506
vn -0.5565 0.7609 -0.3337
vn -0.6051 0.4438 -0.6610
vn -0.6310 0.4190 -0.6529
vn -0.7843 0.1081 -0.6109
vn -0.4920 0.3035 -0.8160
vn -0.6971 0.3128 -0.6451
vn -0.6722 0.3059 -0.6743
vn -0.8905 0.2688 -0.3670
vn -0.8846 0.1773 -0.4313
vn -0.8844 -0.0316 -0.4656
vn -0.8142 0.2157 -0.5391
vn -0.9366 0.3435 -0.0684
vn -0.9316 0.3476 -0.1062
vn -0.6793 0.5069 0.5306
vn -0.6177 0.6385 0.4591
vn -0.4580 0.7449 0.4851
vn -0.8656 0.4246 0.2657
vn -0.8273 0.2780 -0.4882
vn -0.5534 0.3498 0.7559
vn -0.6215 0.4148 0.6646
vn -0.6824 0.4763 0.5545
vn -0.9035 0.2642 -0.3374
vn -0.7456 0.4887 0.4531
vn -0.8965 0.3950 0.2009
vn -0.8925 0.1828 -0.4122
vn -0.9352 0.2917 -0.2005
vn -0.8888 0.2765 -0.3655
vn -0.6354 0.6252 -0.4533
vn -0.1022 0.7741 -0.6248
vn -0.2977 0.7478 -0.5935
vn -0.3634 0.7446 -0.5599
vn -0.1093 0.7899 -0.6034
vn -0.2082 0.7345 -0.6459
vn -0.1347 0.9809 0.1405
vn -0.2391 0.5414 -0.8060
vn -0.2392 0.5414 -0.8060
vn -0.2040 0.1425 -0.9685
vn -0.3708 0.8861 -0.2782
vn -0.6454 0.6726 -0.3621
vn -0.9533 0.3017 -0.0163
vn -0.9325 0.3580 0.0483
vn -0.9685 0.2471 0.0326
vn -0.7023 0.6035 0.3775
vn -0.4842 0.5679 -0.6656
vn -0.8822 0.4666 0.0638
vn -0.4298 0.7423 -0.5141
vn -0.2602 0.9651 0.0309
vn 0.0835 0.8161 -0.5718
vn 0.2677 0.7280 -0.6311
vn -0.3839 0.6813 -0.6232
vn -0.3084 0.5886 -0.7473
vn -0.5220 0.5675 -0.6368
vn 0.0189 0.8060 -0.5916
vn -0.3606 0.7547 -0.5481
vn -0.0190 0.8790 -0.4765
vn -0.1287 0.8838 -0.4498
vn -0.5452 0.4448 -0.7105
vn -0.5543 0.6621 -0.5044
vn -0.0625 0.9713 -0.2295
vn 0.0663 0.9943 -0.0834
vn -0.5337 0.1669 -0.8290
vn -0.5805 -0.0043 -0.8142
vn -0.0932 0.6937 0.7142
vn -0.4888 0.5352 0.6890
vn -0.0213 0.6984 0.7154
vn 0.0379 0.7068 0.7064
vn 0.0505 0.6994 0.7129
vn 0.1820 -0.0910 -0.9791
vn 0.3240 -0.4442 -0.8353
vn 0.2673 -0.4432 -0.8556
vn 0.0287 -0.5443 -0.8384
vn -0.0461 -0.1847 -0.9817
vn 0.2097 0.5456 -0.8114
vn -0.0323 -0.5100 -0.8596
vn -0.1861 -0.5359 -0.8235
vn -0.5632 0.2149 -0.7979
vn -0.4818 0.2194 -0.8484
vn 0.1187 -0.7030 -0.7012
vn -0.9864 -0.1176 -0.1147
vn -0.1306 -0.4865 -0.8639
vn 0.9962 0.0065 -0.0872
vn 0.2658 0.9003 -0.3446
vn 0.2564 0.4174 -0.8718
vn 0.3956 0.1031 -0.9126
vn -0.0486 0.3265 -0.9439
vn 0.2185 -0.3246 -0.9202
vn 0.2260 -0.3195 -0.9202
vn 0.2158 -0.1562 -0.9639
vn 0.1133 -0.2688 -0.9565
vn 0.4970 0.2623 -0.8272
vn -0.3623 0.4242 -0.8299
vn -0.4868 0.0360 -0.8728
vn -0.0763 -0.1037 -0.9917
vn -0.3234 -0.2573 -0.9106
vn -0.4799 0.0170 -0.8772
vn -0.6954 0.1472 -0.7034
vn -0.4476 -0.0940 -0.8893
vn -0.3769 -0.0863 -0.9222
vn -0.2536 0.1287 -0.9587
vn 0.0877 0.3771 -0.9220
vn 0.1265 0.3341 -0.9340
vn 0.0789 0.3696 -0.9258
vn -0.0936 0.3253 -0.9410
vn -0.2159 0.0357 -0.9758
vn 0.3927 0.2914 -0.8723
vn 0.3512 0.3700 -0.8601
vn 0.4736 0.3320 -0.8158
vn 0.0725 0.3520 -0.9332
vn 0.0685 0.3869 -0.9196
vn -0.1087 0.1562 -0.9817
vn 0.2056 0.6330 -0.7463
vn -0.0427 -0.3080 -0.9504
vn 0.0567 -0.3733 -0.9260
vn 0.0271 0.3831 -0.9233
vn -0.3128 0.5367 -0.7837
vn 0.0549 -0.9714 -0.2312
vn -0.0858 -0.2902 -0.9531
vn -0.0019 -0.3097 -0.9508
vn -0.4211 0.0789 -0.9036
vn 0.1344 -0.1765 -0.9751
vn 0.0782 -0.2403 -0.9676
vn -0.0275 -0.1870 -0.9820
vn -0.2980 0.1882 -0.9358
vn -0.2694 0.3006 -0.9149
vn 0.0986 -0.8321 -0.5458
vn -0.2155 0.0487 -0.9753
vn -0.1347 -0.4541 -0.8807
vn -0.2316 0.2155 -0.9486
vn -0.0285 0.5954 -0.8029
vn -0.2086 0.6033 -0.7698
vn -0.4408 0.0539 -0.8960
vn -0.4599 0.0876 -0.8836
vn 0.0015 -0.4290 -0.9033
vn 0.0864 0.3987 -0.9130
vn 0.6592 -0.5777 -0.4813
vn 0.7255 -0.5438 -0.4218
vn 0.6729 -0.5498 -0.4949
vn 0.4886 -0.6025 -0.6311
vn 0.6015 -0.6119 -0.5135
vn 0.3868 -0.6494 -0.6547
vn 0.1980 -0.6349 -0.7468
vn -0.0190 -0.6865 -0.7269
vn 0.1475 -0.6193 -0.7712
vn 0.7442 -0.5879 -0.3171
vn 0.6887 -0.5121 -0.5133
vn 0.5329 -0.5852 -0.6112
vn 0.4044 -0.5043 -0.7629
vn -0.0112 -0.5608 -0.8279
vn 0.6286 -0.4378 -0.6428
vn 0.2668 -0.5773 -0.7717
vn -0.1255 -0.6272 -0.7687
vn -0.1554 -0.6419 -0.7508
vn -0.2844 -0.5785 -0.7645
vn -0.2660 -0.6141 -0.7431
vn -0.1810 -0.5422 -0.8206
vn 0.0510 -0.6029 -0.7962
vn 0.1561 -0.6270 -0.7632
vn 0.2972 -0.7941 -0.5302
vn 0.0996 -0.9627 -0.2514
vn 0.1147 -0.9857 -0.1238
vn 0.0186 -0.9985 -0.0515
vn 0.0179 -0.9934 0.1136
vn -0.4807 0.5430 0.6885
vn -0.4486 0.5557 0.7000
vn -0.4198 0.5971 0.6836
vn -0.2641 0.6231 0.7362
vn -0.3896 0.6335 0.6685
vn -0.1135 0.6742 0.7298
vn -0.5338 0.6043 0.5915
vn -0.5692 0.5996 0.5626
vn -0.2136 0.6314 0.7455
vn -0.5728 0.6725 0.4686
vn -0.5481 0.6566 0.5182
vn -0.3939 0.5313 0.7501
vn -0.1426 0.6144 0.7760
vn -0.5225 0.5288 0.6688
vn 0.3387 0.6989 0.6299
vn -0.1597 0.8464 0.5081
vn 0.2464 0.6173 0.7471
vn 0.5735 0.5565 0.6012
vn 0.6587 0.5408 0.5231
vn 0.3905 0.6406 0.6612
vn 0.1062 0.6278 0.7711
vn 0.6615 0.5433 0.5169
vn 0.6861 0.5011 0.5274
vn 0.8097 0.4484 0.3785
vn 0.8786 0.3858 0.2814
vn 0.8746 0.3914 0.2863
vn 0.8708 0.3915 0.2972
vn 0.7874 0.5009 0.3594
vn 0.8050 0.4400 0.3981
vn 0.7284 0.4762 0.4927
vn -0.0502 0.5400 0.8402
vn 0.4121 0.5396 0.7341
vn 0.4777 0.6064 0.6356
vn 0.8487 0.4125 0.3308
vn 0.7654 0.5232 0.3747
vn 0.8417 0.4726 0.2612
vn 0.6927 0.5738 0.4369
vn -0.0903 0.9958 -0.0134
vn 0.3373 0.9013 -0.2717
vn 0.1354 0.9613 -0.2398
vn 0.5121 0.7745 -0.3712
vn 0.3097 0.8731 0.3764
vn 0.6539 0.6956 -0.2976
vn 0.5135 0.8153 0.2678
vn 0.5611 0.7449 0.3609
vn 0.6871 0.6131 0.3899
vn 0.4155 0.8431 0.3414
vn 0.7972 0.2441 0.5521
vn 0.6465 0.2452 0.7225
vn 0.6517 0.2988 0.6971
vn 0.7777 0.1904 0.5991
vn 0.3632 0.7925 0.4898
vn 0.4871 0.2372 0.8405
vn 0.2400 0.8969 0.3715
vn 0.4903 0.1133 0.8642
vn 0.3755 -0.0090 0.9268
vn 0.4974 -0.1644 0.8518
vn 0.4201 -0.2649 0.8680
vn 0.5610 -0.4482 0.6960
vn 0.1310 0.1056 0.9857
vn 0.1219 0.0532 0.9911
vn 0.1324 0.8400 0.5263
vn 0.0749 0.8875 0.4548
vn 0.1250 0.8692 0.4785
vn 0.1017 0.8218 0.5606
vn 0.0479 0.8961 0.4414
vn 0.0120 0.9660 0.2584
vn 0.0374 0.0443 0.9983
vn 0.0680 -0.0565 0.9961
vn 0.0756 0.1375 0.9876
vn 0.0326 -0.1519 0.9879
vn -0.0020 0.3639 0.9314
vn -0.1191 0.0851 0.9892
vn -0.0320 -0.1497 0.9882
vn -0.1148 -0.0689 0.9910
vn -0.1947 0.5894 0.7840
vn -0.1612 -0.0146 0.9868
vn -0.2240 0.0824 0.9711
vn -0.4561 0.3154 0.8322
vn -0.2042 -0.0005 0.9789
vn -0.5391 0.0851 0.8380
vn -0.2020 -0.9526 0.2274
vn -0.0027 -0.9720 0.2348
vn -0.2810 -0.9299 0.2374
vn -0.2010 -0.9402 0.2751
vn -0.1071 -0.9490 0.2964
vn -0.1407 -0.9192 0.3679
vn -0.2372 0.0244 -0.9711
vn 0.6956 0.1416 0.7043
vn 0.7037 0.2520 0.6643
vn 0.6987 0.2437 0.6727
vn 0.5367 -0.0519 0.8422
vn 0.5937 0.0304 0.8041
vn 0.5017 -0.1531 0.8514
vn 0.4421 -0.0991 0.8915
vn 0.4460 0.0836 0.8911
vn 0.7363 0.1570 0.6581
vn 0.7631 0.2085 0.6117
vn 0.4739 0.0502 0.8792
vn 0.2356 -0.1189 0.9645
vn 0.4391 0.0601 0.8964
vn 0.0108 -0.0292 0.9995
vn -0.0446 0.1724 0.9840
vn -0.2776 -0.1087 0.9545
vn -0.3828 0.3319 0.8621
vn -0.2888 -0.0947 0.9527
vn -0.4882 -0.1163 0.8649
vn -0.9882 0.1017 -0.1144
vn -0.9855 0.1119 0.1275
vn -0.9943 0.0533 0.0927
vn -0.9326 0.0278 0.3599
vn -0.8909 0.0950 0.4442
vn -0.6542 0.1057 0.7489
vn -0.7845 -0.2377 0.5727
vn -0.7383 -0.1367 0.6605
vn -0.7929 -0.0146 0.6091
vn -0.7808 0.0113 0.6247
vn -0.3788 -0.1670 0.9103
vn -0.4361 -0.0212 0.8996
vn 0.1250 0.1391 0.9824
vn 0.1967 0.0623 0.9785
vn -0.3076 0.0642 0.9494
vn -0.2149 0.1286 0.9681
vn -0.2945 0.0166 0.9555
vn -0.2791 0.5588 0.7810
vn -0.4963 -0.6830 0.5360
vn -0.3808 -0.7693 0.5131
vn -0.9274 0.2918 0.2341
vn -0.9470 0.3097 0.0858
vn -0.9112 0.1958 0.3625
vn -0.8660 -0.0160 0.4998
vn -0.8065 0.0547 0.5887
vn -0.6945 0.1972 0.6920
vn -0.4619 -0.7871 0.4087
vn -0.5629 -0.1787 0.8070
vn -0.5024 0.4768 0.7212
vn -0.6951 0.2621 0.6694
vn -0.5530 0.1731 0.8150
vn -0.6881 0.1310 0.7137
vn -0.6040 0.0706 0.7938
vn -0.2279 -0.3247 -0.9179
vn -0.4341 -0.4403 -0.7859
vn -0.2192 0.1478 -0.9644
vn -0.6789 0.1604 -0.7165
vn -0.4591 0.3133 -0.8313
vn -0.5560 0.2050 -0.8055
vn -0.3168 0.0503 -0.9471
vn -0.5276 0.0515 -0.8479
vn -0.2829 -0.1289 -0.9505
vn -0.3388 0.2135 -0.9163
vn -0.4691 0.7596 -0.4504
vn -0.3119 0.8694 -0.3833
vn -0.3101 0.7880 -0.5319
vn -0.1880 0.8097 -0.5559
vn -0.0770 0.2472 -0.9659
vn 0.0933 -0.2359 -0.9673
vn -0.7618 0.0170 -0.6476
vn -0.1270 0.0074 -0.9919
vn -0.0387 0.2544 -0.9663
vn 0.2043 0.3230 -0.9241
vn 0.3234 -0.0521 -0.9448
vn 0.2966 0.6316 -0.7163
vn -0.1699 0.2723 -0.9471
vn -0.0345 -0.2638 -0.9640
vn 0.0238 0.2071 -0.9780
vn -0.3642 -0.6272 -0.6884
vn -0.2787 -0.2173 -0.9355
vn -0.2360 -0.1868 -0.9536
vn -0.2927 0.1139 -0.9494
vn -0.2287 -0.0727 -0.9708
vn -0.2258 -0.1251 -0.9661
vn 0.2317 -0.2003 -0.9519
vn 0.1319 0.3237 -0.9369
vn 0.2139 0.2076 -0.9545
vn -0.1102 -0.1506 -0.9824
vn -0.3003 0.4143 -0.8591
vn -0.0532 0.7080 -0.7043
vn 0.0660 0.7616 -0.6447
vn 0.3159 0.8089 -0.4958
vn 0.4296 0.6602 -0.6161
vn 0.5460 0.6706 -0.5021
vn 0.4324 0.8557 -0.2842
vn 0.6697 0.5232 -0.5270
vn 0.5203 0.5074 0.6869
vn 0.3757 0.4745 0.7960
vn 0.3941 0.4171 0.8190
vn 0.1650 0.2507 0.9539
vn 0.3546 0.2407 0.9035
vn 0.5421 0.2633 0.7980
vn 0.5635 0.2403 0.7904
vn 0.0072 -0.9934 0.1146
vn 0.2103 0.2690 0.9399
vn -0.0368 0.3266 0.9444
vn -0.3586 0.4874 0.7962
vn -0.4572 0.3820 0.8032
vn -0.4229 0.8907 0.1671
vn -0.3856 0.9225 0.0157
vn -0.2060 0.7310 0.6506
vn 0.0547 0.6451 0.7621
vn -0.1891 0.5975 0.7793
vn -0.4896 0.5755 0.6551
vn 0.0204 0.6248 0.7805
vn 0.4683 0.5585 0.6846
vn -0.4281 0.4876 0.7609
vn 0.2142 0.3297 0.9195
vn 0.2980 0.7902 0.5355
vn -0.1803 0.4496 0.8749
vn 0.1564 0.5076 0.8473
vn -0.1161 0.9915 0.0585
vn 0.5608 0.4071 0.7210
vn 0.0916 0.5683 0.8177
vn 0.6414 0.5129 0.5706
vn 0.4129 0.4702 0.7800
vn 0.6334 0.4113 0.6555
vn -0.0448 0.4612 0.8862
vn -0.0772 -0.9835 -0.1638
vn -0.3016 0.3321 0.8937
vn 0.1741 0.3971 0.9011
vn -0.3161 0.6934 0.6475
vn -0.4556 0.3183 0.8313
vn -0.5565 0.2913 0.7781
vn -0.9995 0.0082 0.0296
vn -0.5402 0.2959 0.7878
vn 0.4378 0.4664 0.7687
vn -0.3024 0.3438 0.8890
vn -0.4845 0.3287 0.8107
vn -0.3876 0.3341 0.8592
vn 0.0040 0.3061 0.9520
vn 0.9714 0.2307 0.0572
vn 0.9537 -0.1464 0.2629
vn 0.9537 -0.1463 0.2628
vn 0.7819 -0.4700 0.4095
vn 0.2880 -0.0057 -0.9576
vn 0.0584 0.0444 -0.9973
vn 0.3805 0.0189 -0.9246
vn 0.5951 -0.0339 -0.8029
vn 0.9882 -0.1529 -0.0003
vn 0.9825 -0.0790 -0.1687
vn 0.9787 -0.1420 -0.1481
vn 0.7924 -0.0237 -0.6095
vn 0.9065 -0.0839 -0.4138
vn 0.7079 -0.0330 -0.7056
vn 0.7212 -0.0042 -0.6927
vn 0.7193 -0.0280 -0.6941
vn 0.0480 -0.7804 -0.6235
vn 0.3456 -0.1633 -0.9241
vn 0.3427 -0.2155 -0.9144
vn 0.1568 -0.2937 -0.9429
vn 0.1608 -0.2946 -0.9420
vn 0.3881 -0.4020 -0.8293
vn 0.4808 -0.2319 -0.8456
vn 0.2332 -0.0537 -0.9709
vn 0.4962 0.0101 -0.8682
vn 0.9286 -0.1761 -0.3267
vn 0.8442 -0.0568 -0.5331
vn -0.3312 -0.8047 -0.4927
vn 0.1049 -0.5966 -0.7956
vn 0.8060 0.0365 -0.5908
vn 0.6429 -0.4837 -0.5940
vn 0.2384 -0.6056 -0.7592
vn 0.6273 -0.0947 -0.7730
vn 0.4962 -0.4716 -0.7289
vn 0.6303 -0.4295 -0.6467
vn 0.0410 -0.3756 -0.9259
vn 0.3199 -0.4718 -0.8217
vn -0.1299 -0.3661 -0.9215
vn -0.2366 -0.3094 -0.9210
vn 0.0015 -0.3871 -0.9220
vn 0.2820 -0.5789 -0.7651
vn 0.2337 -0.5780 -0.7818
vn -0.0475 -0.5766 -0.8157
vn -0.2808 -0.6077 -0.7429
vn 0.0039 -0.9998 -0.0212
vn -0.0074 -0.9994 -0.0326
vn -0.0073 -0.9994 -0.0325
vn -0.0165 -0.9990 -0.0417
vn -0.0075 0.2767 0.9609
vn -0.1374 0.9879 0.0716
vn -0.2043 0.9780 0.0410
vn -0.2498 0.9681 0.0198
vn -0.0131 -0.8824 -0.4703
vn 0.9731 0.2285 0.0303
vn 0.3753 0.9096 -0.1782
vn 0.9850 -0.1419 0.0982
vn 0.9790 -0.1453 0.1430
vn 0.9139 -0.3032 0.2700
vn 0.8768 -0.3809 0.2937
vn 0.8550 -0.2643 0.4462
vn 0.8013 -0.3340 0.4963
vn 0.8793 -0.4183 0.2275
vn 0.6822 -0.2602 0.6833
vn 0.6476 -0.3101 0.6961
vn 0.6448 -0.3963 0.6536
vn 0.7776 -0.4662 0.4219
vn 0.5752 -0.0274 0.8175
vn 0.5395 -0.0001 0.8420
vn 0.6213 -0.2084 0.7553
vn 0.4047 -0.2204 0.8875
vn 0.3584 -0.2788 0.8910
vn 0.3824 -0.2216 0.8970
vn 0.3625 -0.2369 0.9014
vn 0.2814 -0.3079 0.9089
vn 0.3212 -0.3868 0.8644
vn 0.2758 -0.2567 0.9263
vn 0.0807 -0.3360 0.9384
vn 0.0755 -0.3420 0.9367
vn 0.0035 -0.3565 0.9343
vn 0.4655 -0.4320 0.7724
vn -0.0812 -0.3507 0.9330
vn -0.2601 -0.3185 0.9115
vn -0.4811 -0.3135 0.8187
vn -0.3879 -0.3324 0.8597
vn -0.3123 -0.2117 0.9261
vn -0.0816 -0.2745 0.9581
vn -0.0862 0.9211 0.3796
vn -0.6458 -0.2473 0.7224
vn -0.7678 -0.1513 0.6226
vn -0.7203 -0.2078 0.6619
vn -0.5836 -0.3070 0.7518
vn -0.7489 -0.3218 0.5793
vn -0.6188 -0.3767 0.6893
vn -0.7094 -0.4932 0.5034
vn -0.7128 -0.4800 0.5114
vn -0.9045 0.0040 -0.4265
vn -0.8481 0.2049 -0.4885
vn -0.8395 0.1596 -0.5194
vn -0.8326 0.2742 -0.4812
vn -0.7997 0.2499 -0.5459
vn -0.7576 0.3677 -0.5393
vn -0.6738 0.1663 -0.7199
vn -0.6211 0.3005 -0.7238
vn -0.6758 0.4421 -0.5897
vn -0.5814 0.4135 -0.7008
vn -0.2783 -0.7999 -0.5317
vn -0.0551 -0.8651 -0.4986
vn -0.1905 -0.8175 -0.5435
vn -0.8150 -0.1649 -0.5555
vn -0.0693 -0.8542 -0.5153
vn -0.0705 -0.7264 -0.6837
vn -0.0431 -0.7223 -0.6902
vn 0.0065 -0.7400 -0.6726
vn 0.1267 -0.6694 -0.7320
vn -0.1254 -0.6779 -0.7244
vn 0.0537 -0.3834 -0.9220
vn 0.1034 -0.3146 -0.9436
vn 0.1632 -0.4055 -0.8994
vn 0.1850 -0.3044 -0.9344
vn -0.7601 -0.4923 -0.4242
vn -0.8047 -0.2900 -0.5181
vn -0.8844 0.1370 -0.4462
vn -0.7725 0.5395 -0.3350
vn -0.7865 0.5142 -0.3420
vn -0.7366 0.2807 -0.6154
vn -0.7297 -0.1284 -0.6716
vn -0.6280 -0.5802 -0.5186
vn -0.7712 0.5158 -0.3730
vn -0.7711 0.5159 -0.3731
vn -0.7692 0.5171 -0.3755
vn -0.7718 0.5155 -0.3723
vn -0.6799 0.2949 -0.6714
vn -0.4218 -0.1603 -0.8924
vn -0.7458 0.0645 -0.6630
vn -0.7107 0.1438 -0.6887
vn -0.3940 0.4020 -0.8265
vn -0.6546 -0.1613 -0.7385
vn -0.6449 0.1361 -0.7521
vn -0.6782 0.2498 -0.6912
vn -0.6673 0.2515 -0.7010
vn -0.6699 0.2511 -0.6987
vn -0.6358 0.1399 -0.7591
vn -0.6970 -0.0649 -0.7141
vn -0.5573 0.4156 -0.7188
vn 0.1092 -0.7200 -0.6853
vn 0.0115 -0.6612 -0.7501
vn -0.6890 0.0831 -0.7200
vn -0.7082 -0.0101 -0.7059
vn -0.1448 0.0388 -0.9887
vn -0.5790 -0.0834 -0.8110
vn 0.3629 -0.3834 -0.8493
vn 0.4197 -0.3830 -0.8229
vn 0.4196 -0.3830 -0.8229
vn -0.5463 0.7556 -0.3615
vn -0.6441 0.0175 -0.7647
vn -0.4969 0.1743 -0.8501
vn -0.3868 0.0095 -0.9221
vn -0.5708 0.0224 -0.8208
vn -0.5068 0.0864 -0.8577
vn -0.4931 0.1368 -0.8591
vn -0.6080 0.1627 -0.7771
vn -0.5300 0.2099 -0.8216
vn -0.4285 0.1107 -0.8968
vn -0.4180 0.3345 -0.8446
vn -0.3765 0.2518 -0.8915
vn -0.5421 0.2968 -0.7862
vn -0.4181 0.3346 -0.8446
vn -0.4690 0.4250 -0.7742
vn -0.4193 -0.6518 -0.6320
vn -0.2787 -0.7806 -0.5594
vn -0.3166 -0.7258 -0.6107
vn -0.4065 0.1115 -0.9068
vn -0.6207 0.0990 -0.7778
vn -0.4022 0.0569 -0.9138
vn -0.5268 -0.1168 -0.8419
vn -0.3155 0.3345 -0.8880
vn -0.2824 0.2395 -0.9289
vn -0.2955 0.3261 -0.8980
vn -0.2573 0.1598 -0.9530
vn -0.2648 0.3263 -0.9074
vn -0.1661 0.3028 -0.9385
vn -0.1212 0.4410 -0.8893
vn -0.1392 0.3849 -0.9124
vn -0.2823 0.2396 -0.9289
vn -0.1250 0.2838 -0.9507
vn -0.0300 0.3253 -0.9451
vn -0.0624 0.3886 -0.9193
vn -0.2854 -0.6931 -0.6619
vn -0.4277 0.3524 -0.8324
vn -0.2929 -0.6533 -0.6982
vn -0.3323 0.2290 -0.9149
vn -0.0864 -0.7548 -0.6502
vn -0.2781 0.1787 -0.9438
vn -0.3617 0.1692 -0.9168
vn -0.3182 0.1340 -0.9385
vn -0.0663 -0.8477 -0.5263
vn -0.1357 -0.5411 -0.8299
vn -0.1962 0.1039 -0.9750
vn -0.3552 0.1843 -0.9164
vn -0.4284 0.4174 -0.8014
vn -0.3021 0.8399 -0.4509
vn -0.2524 0.8734 -0.4164
vn -0.1717 0.8474 -0.5024
vn -0.4093 -0.0356 -0.9117
vn -0.2662 0.0813 -0.9605
vn -0.2484 0.1608 -0.9552
vn -0.1043 0.8458 -0.5233
vn -0.2811 -0.0949 -0.9550
vn -0.2657 0.2865 -0.9205
vn -0.2192 0.0646 -0.9735
vn -0.1366 0.1180 -0.9836
vn -0.1437 0.0708 -0.9871
vn -0.0629 -0.2407 -0.9686
vn -0.0288 -0.7779 -0.6277
vn -0.0221 0.0613 -0.9979
vn 0.0026 0.4015 -0.9158
vn 0.0143 -0.6173 -0.7866
vn -0.0140 -0.7066 -0.7075
vn -0.0661 0.2463 -0.9669
vn -0.0493 0.2595 -0.9645
vn -0.0494 0.2594 -0.9645
vn -0.0413 0.0379 -0.9984
vn -0.0845 0.3272 -0.9412
vn -0.0594 0.8904 -0.4512
vn -0.0297 0.9018 -0.4310
vn -0.0072 0.9182 -0.3962
vn -0.1743 0.1291 -0.9762
vn -0.2002 0.6536 -0.7299
vn -0.1830 0.4341 -0.8821
vn -0.1197 0.4003 -0.9085
vn -0.1910 0.2801 -0.9408
vn -0.0007 0.9152 -0.4029
vn -0.1102 0.0898 -0.9898
vn -0.0814 0.0336 -0.9961
vn -0.0099 0.1133 -0.9935
vn -0.0328 0.1290 -0.9911
vn -0.0111 0.1154 -0.9933
vn -0.1986 0.2297 -0.9528
vn -0.0602 0.1476 -0.9872
vn -0.0424 0.0652 -0.9970
vn 0.0215 0.0763 -0.9969
vn -0.0485 0.0632 -0.9968
vn -0.4314 0.2151 -0.8761
vn -0.3726 0.3232 -0.8699
vn -0.4394 0.0229 -0.8980
vn 0.2578 -0.3003 -0.9184
vn -0.3125 0.3585 -0.8797
vn 0.8701 -0.2967 -0.3936
vn -0.5476 0.0967 -0.8311
vn -0.5476 0.0966 -0.8311
vn -0.5409 0.0843 -0.8369
vn -0.4111 0.1568 -0.8980
vn -0.5572 0.1145 -0.8224
vn -0.3175 0.1951 -0.9280
vn -0.3968 0.4732 -0.7865
vn -0.2894 0.5426 -0.7886
vn -0.3061 0.1462 -0.9407
vn -0.2457 0.3469 -0.9051
vn -0.2913 0.3747 -0.8802
vn -0.2914 0.5306 -0.7959
vn -0.3279 0.6960 -0.6388
vn -0.2171 0.3903 -0.8947
vn -0.1891 0.2590 -0.9472
vn -0.0571 0.1673 -0.9843
vn -0.1591 0.1637 -0.9736
vn -0.1562 0.1795 -0.9713
vn -0.0703 0.1544 -0.9855
vn -0.0671 0.2764 -0.9587
vn -0.1081 0.3260 -0.9392
vn -0.2160 0.1962 -0.9565
vn -0.1459 0.2338 -0.9613
vn -0.0535 0.2562 -0.9651
vn -0.0584 0.2217 -0.9734
vn 0.1068 0.2468 -0.9632
vn 0.0731 0.3530 -0.9328
vn 0.1312 0.2074 -0.9694
vn 0.1905 -0.1735 -0.9662
vn 0.1546 0.0766 -0.9850
vn 0.1126 0.0082 -0.9936
vn 0.0963 0.0896 -0.9913
vn -0.0033 0.0225 -0.9997
vn -0.0375 0.2687 -0.9625
vn 0.1443 -0.7407 -0.6562
vn 0.1667 -0.6032 -0.7800
vn 0.1240 0.3956 -0.9100
vn 0.1993 0.0417 -0.9791
vn 0.0979 0.0085 -0.9952
vn 0.0854 0.0046 -0.9963
vn 0.0849 -0.0108 -0.9963
vn 0.2326 0.0374 -0.9718
vn 0.2321 0.0810 -0.9693
vn 0.2404 0.0845 -0.9670
vn 0.0005 0.8499 -0.5270
vn 0.0012 0.9114 -0.4116
vn 0.0745 0.1081 -0.9913
vn 0.0101 0.9113 -0.4117
vn 0.0468 0.7959 -0.6036
vn 0.0210 0.9203 -0.3907
vn 0.1438 0.1183 -0.9825
vn 0.0826 0.0549 -0.9951
vn 0.0729 0.0230 -0.9971
vn 0.1878 -0.0147 -0.9821
vn 0.0764 0.0019 -0.9971
vn 0.0902 0.2352 -0.9677
vn 0.1566 0.5419 -0.8257
vn 0.2312 0.4570 -0.8589
vn 0.1911 -0.7236 -0.6633
vn 0.2060 -0.7979 -0.5665
vn 0.4439 -0.3725 -0.8150
vn 0.3035 -0.0849 -0.9490
vn 0.3632 -0.4797 -0.7987
vn 0.0818 0.9130 -0.3996
vn 0.1865 0.8542 -0.4853
vn 0.1607 0.7619 -0.6274
vn 0.1809 0.0217 -0.9833
vn 0.3337 0.3370 -0.8804
vn 0.3545 0.8516 -0.3861
vn 0.2728 0.8081 -0.5221
vn 0.1949 -0.0196 -0.9806
vn 0.1689 -0.0773 -0.9826
vn 0.2174 -0.0388 -0.9753
vn 0.1847 -0.0280 -0.9824
vn 0.4660 0.7550 -0.4614
vn 0.5182 0.2432 -0.8199
vn 0.4876 0.7853 -0.3815
vn -0.0317 0.1797 -0.9832
vn -0.0318 0.1798 -0.9832
vn -0.0303 0.1660 -0.9857
vn -0.0337 0.1980 -0.9796
vn 0.0452 0.1326 -0.9901
vn 0.6266 0.1704 0.7605
vn 0.4151 -0.0137 0.9097
vn 0.4141 0.0066 0.9102
vn 0.3157 0.0204 0.9486
vn 0.8902 0.1050 0.4433
vn 0.8376 -0.0428 0.5446
vn 0.8169 0.1241 0.5633
vn 0.8272 -0.3164 0.4644
vn 0.8054 -0.1643 0.5695
vn 0.0124 -0.9840 -0.1776
vn 0.6975 -0.1297 0.7047
vn 0.7160 0.0132 0.6980
vn 0.4507 -0.1327 0.8827
vn 0.6842 0.0478 0.7277
vn 0.7065 0.0023 0.7077
vn 0.3929 -0.0346 0.9189
vn 0.5199 0.0955 0.8489
vn 0.5100 -0.0115 0.8601
vn 0.4205 -0.0858 0.9032
vn 0.2404 -0.0578 0.9690
vn 0.3892 -0.1429 0.9100
vn 0.3437 -0.2111 0.9151
vn 0.2632 -0.1355 0.9552
vn 0.1165 -0.0690 0.9908
vn 0.2865 -0.8582 0.4259
vn 0.2383 -0.9275 0.2879
vn 0.2115 -0.9149 0.3439
vn 0.1274 -0.9297 0.3455
vn 0.2820 -0.1898 0.9405
vn 0.0533 -0.8675 0.4946
vn -0.1076 -0.0870 0.9904
vn -0.0897 -0.0945 0.9915
vn 0.0139 -0.8331 0.5529
vn 0.0974 -0.1789 0.9790
vn 0.0661 -0.0609 0.9960
vn 0.0498 -0.1967 0.9792
vn 0.0431 -0.5197 0.8532
vn 0.5669 -0.3673 0.7374
vn 0.4964 -0.5005 0.7093
vn 0.5573 -0.4826 0.6757
vn 0.3710 -0.2056 0.9056
vn 0.3351 -0.3412 0.8783
vn 0.3492 -0.6082 0.7129
vn 0.7858 0.5110 0.3483
vn 0.9361 0.3396 -0.0918
vn 0.8955 0.4411 0.0597
vn 0.2266 -0.2975 0.9274
vn 0.7166 0.4559 0.5278
vn 0.7564 0.5320 0.3805
vn 0.5298 0.7025 0.4752
vn 0.4417 0.8244 0.3539
vn 0.2408 0.7869 0.5681
vn 0.4316 0.5903 0.6821
vn 0.4212 -0.4877 0.7647
vn 0.3529 -0.6055 0.7134
vn 0.7164 -0.0979 0.6908
vn 0.6283 0.0663 0.7752
vn 0.7856 0.0150 0.6185
vn 0.4854 0.6766 0.5537
vn 0.5794 0.4816 0.6576
vn 0.5853 0.6266 0.5146
vn 0.3022 -0.1816 0.9358
vn 0.4113 -0.2658 0.8719
vn 0.5463 -0.2484 0.7999
vn 0.1407 -0.2592 0.9555
vn 0.2686 0.0909 0.9590
vn 0.4458 0.6124 0.6529
vn 0.8911 -0.3832 0.2432
vn 0.5815 -0.5112 0.6329
vn 0.6542 -0.4679 0.5941
vn 0.5069 -0.3806 0.7734
vn 0.3097 0.0978 0.9458
vn 0.0855 -0.2355 0.9681
vn 0.6239 -0.3688 0.6891
vn 0.3303 -0.2898 0.8983
vn 0.4119 -0.2788 0.8675
vn 0.5326 0.0698 0.8435
vn 0.0503 -0.1467 0.9879
vn 0.0409 -0.2321 0.9718
vn 0.3415 0.7476 0.5697
vn 0.4033 0.6603 0.6335
vn 0.4026 0.6475 0.6470
vn 0.4336 -0.2837 0.8553
vn 0.4329 -0.3418 0.8341
vn 0.3254 0.6626 0.6745
vn -0.2252 0.8679 0.4427
vn 0.2119 -0.3114 0.9264
vn 0.3606 -0.2674 0.8936
vn 0.3184 -0.3351 0.8868
vn 0.2063 -0.3320 0.9204
vn -0.2273 -0.0193 0.9736
vn -0.1434 0.3148 0.9383
vn -0.2238 -0.1246 0.9666
vn -0.0536 -0.8250 0.5625
vn -0.0479 -0.1813 0.9823
vn 0.0249 -0.0444 0.9987
vn -0.1158 -0.8077 0.5781
vn -0.3779 0.5987 0.7062
vn -0.4060 0.0240 0.9136
vn -0.4509 -0.1941 0.8712
vn -0.1735 -0.8498 0.4978
vn -0.1935 0.2016 0.9602
vn -0.1713 -0.8814 0.4402
vn -0.3005 -0.8067 0.5088
vn 0.0279 -0.2308 0.9726
vn 0.5589 0.6173 0.5537
vn 0.4373 0.6442 0.6276
vn 0.4862 0.6916 0.5341
vn 0.7283 -0.0279 0.6847
vn 0.3763 0.6566 0.6536
vn 0.3726 -0.6536 0.6587
vn 0.3568 0.3285 0.8745
vn 0.3426 0.3451 0.8738
vn 0.3014 0.6854 0.6629
vn 0.3246 0.6472 0.6898
vn 0.1627 0.7890 0.5924
vn 0.2177 0.4765 0.8518
vn 0.1580 0.7146 0.6814
vn 0.1519 0.7505 0.6432
vn 0.1678 0.7250 0.6680
vn 0.0575 0.7630 0.6438
vn 0.0662 0.7067 0.7044
vn 0.2180 0.4589 0.8613
vn 0.0526 0.8366 0.5453
vn 0.0409 0.7397 0.6717
vn 0.0113 0.7420 0.6703
vn -0.0573 0.5651 0.8231
vn -0.1300 0.6582 0.7415
vn -0.2031 0.6359 0.7446
vn -0.2492 0.7740 0.5821
vn -0.4445 0.6482 0.6183
vn -0.4933 0.6857 0.5352
vn -0.7145 0.5358 0.4499
vn -0.7258 0.5139 0.4574
vn -0.6669 0.5605 0.4909
vn -0.6067 0.6072 0.5131
vn -0.9501 -0.2537 0.1816
vn -0.8340 -0.2576 0.4880
vn -0.9485 -0.0190 0.3161
vn -0.9486 -0.3027 0.0925
vn -0.9031 -0.3691 0.2193
vn -0.5242 -0.7518 -0.3999
vn -0.6879 -0.4819 -0.5427
vn -0.5341 -0.5985 -0.5971
vn -0.8076 -0.2771 -0.5206
vn -0.6019 -0.3908 -0.6964
vn -0.3569 -0.2505 -0.8999
vn -0.6985 -0.4932 -0.5186
vn -0.5350 -0.7075 -0.4618
vn -0.8637 -0.4616 -0.2024
vn -0.5362 -0.7047 -0.4647
vn -0.7311 -0.6448 -0.2232
vn -0.4034 -0.7426 -0.5347
vn -0.7029 -0.5860 -0.4030
vn -0.7016 -0.5281 -0.4785
vn -0.4817 -0.6417 -0.5968
vn -0.5415 -0.8264 -0.1544
vn -0.4332 -0.8276 -0.3571
vn -0.7142 -0.6191 -0.3266
vn -0.8482 -0.2198 0.4820
vn -0.8167 -0.4510 0.3600
vn -0.9607 -0.0943 -0.2612
vn -0.9509 0.1578 0.2662
vn -0.9145 0.4037 0.0282
vn -0.7425 -0.0049 -0.6698
vn -0.7479 0.1068 -0.6552
vn -0.9363 -0.3486 -0.0428
vn -0.8868 -0.4138 -0.2058
vn -0.9546 -0.2973 -0.0176
vn -0.9460 -0.3222 0.0362
vn -0.5685 -0.4910 -0.6601
vn -0.5680 -0.3140 -0.7608
vn -0.1650 -0.5032 -0.8483
vn -0.2999 -0.4523 -0.8399
vn -0.0404 -0.1247 -0.9914
vn -0.3795 -0.6282 -0.6792
vn -0.4509 -0.4670 -0.7606
vn -0.3112 -0.7803 -0.5424
vn 0.1647 -0.1304 0.9777
vn 0.0431 0.0292 0.9986
vn 0.0369 -0.3021 0.9526
vn -0.0429 0.1685 0.9848
vn 0.0006 -0.1593 0.9872
vn -0.0655 -0.5977 0.7990
vn 0.0806 -0.5244 0.8476
vn 0.7953 -0.5898 0.1404
vn 0.7601 -0.6298 0.1600
vn 0.7414 -0.6588 0.1278
vn 0.8054 -0.5362 0.2526
vn 0.5982 -0.7670 0.2319
vn 0.1290 -0.5771 -0.8064
vn 0.0801 -0.7278 -0.6811
vn 0.1319 -0.5471 -0.8266
vn -0.0716 -0.9884 -0.1343
vn -0.1511 -0.9791 0.1358
vn -0.9101 -0.4075 -0.0751
vn -0.8821 -0.4657 0.0708
vn -0.8435 -0.4935 -0.2122
vn -0.8426 -0.2153 -0.4936
vn -0.7884 -0.5543 -0.2668
vn -0.6993 -0.6622 -0.2692
vn -0.4532 0.2982 -0.8400
vn -0.4630 0.3285 -0.8232
vn -0.4110 0.2751 -0.8691
vn -0.2333 0.2779 -0.9318
vn -0.4036 0.2632 -0.8763
vn -0.5818 -0.7871 -0.2051
vn -0.7218 -0.1170 -0.6821
vn -0.5578 -0.2697 -0.7850
vn -0.5307 -0.7464 -0.4015
vn -0.5073 -0.7198 -0.4738
vn -0.6860 0.0834 -0.7228
vn -0.6498 0.1205 -0.7505
vn -0.5979 0.0695 -0.7986
vn -0.4548 0.0826 -0.8868
vn -0.2158 0.1089 -0.9703
vn -0.2630 0.3135 -0.9124
vn -0.4730 0.2132 -0.8549
vn -0.4888 0.2935 -0.8216
vn -0.4687 0.0610 -0.8812
vn -0.3530 0.2079 -0.9122
vn -0.1916 -0.0140 -0.9814
vn -0.0236 0.2860 -0.9579
vn 0.2309 0.0868 -0.9691
vn 0.0425 0.9517 -0.3042
vn -0.3895 0.0679 -0.9185
vn -0.2557 -0.9369 -0.2383
vn -0.0364 0.0765 -0.9964
vn -0.0901 0.0185 -0.9958
vn -0.5158 0.1802 -0.8376
vn -0.8578 0.2492 -0.4495
vn -0.5180 0.0871 -0.8509
vn -0.2619 0.0872 -0.9611
vn -0.0676 0.1710 -0.9830
vn -0.4167 0.0660 -0.9067
vn -0.0193 0.1696 -0.9853
vn -0.1230 0.3864 -0.9141
vn -0.3414 0.1474 -0.9283
vn 0.3225 0.2984 -0.8983
vn 0.4336 0.3953 -0.8098
vn 0.1931 0.3877 -0.9013
vn 0.1922 0.2948 -0.9360
vn 0.3890 0.2703 -0.8807
vn 0.5688 0.3719 -0.7336
vn 0.0137 -0.2842 -0.9587
vn 0.2110 -0.0425 -0.9766
vn 0.2583 0.1838 -0.9484
vn -0.0268 -0.0893 -0.9956
vn 0.3666 0.2434 -0.8980
vn 0.2889 0.1288 -0.9487
vn 0.3796 -0.2611 -0.8875
vn 0.2145 -0.1478 -0.9655
vn -0.0449 -0.4211 -0.9059
vn 0.2186 0.0326 -0.9753
vn 0.3271 0.0547 -0.9434
vn 0.3682 0.0276 -0.9293
vn 0.2014 0.0605 -0.9776
vn 0.2014 0.1417 -0.9692
vn 0.1829 0.3201 -0.9296
vn 0.3134 0.0935 -0.9450
vn 0.2579 0.1427 -0.9556
vn -0.7557 -0.1680 -0.6331
vn -0.9884 -0.1218 -0.0902
vn -0.7610 -0.1683 -0.6265
vn -0.5558 -0.1696 -0.8138
vn -0.5720 -0.1524 -0.8060
vn 0.9309 0.0653 0.3593
vn 0.8054 0.4330 0.4048
vn 0.6099 0.7324 0.3026
vn 0.7039 0.6196 0.3473
vn 0.2836 0.9385 0.1970
vn 0.2936 0.9339 0.2042
vn 0.1560 0.9543 0.2550
vn 0.0500 0.9231 0.3812
vn -0.0455 0.9043 0.4246
vn -0.2835 0.8731 0.3967
vn -0.3974 0.8248 0.4022
vn -0.1628 0.8895 0.4270
vn -0.6068 0.7336 0.3060
vn -0.4952 0.8687 -0.0128
vn -0.8475 0.1320 0.5142
vn -0.7892 0.5648 0.2412
vn -0.9063 0.4121 0.0932
vn -0.0318 0.9791 0.2007
vn 0.5627 -0.0993 0.8207
vn 0.4990 -0.1095 0.8597
vn 0.5925 -0.0963 0.7998
vn 0.5354 -0.0875 0.8401
vn 0.0718 -0.0515 0.9961
vn 0.1674 -0.0667 0.9836
vn 0.2299 -0.7284 0.6454
vn -0.1413 -0.0681 0.9876
vn 0.0766 -0.1569 0.9846
vn 0.5535 -0.1900 0.8109
vn 0.2236 -0.1839 0.9572
vn 0.5864 -0.2925 0.7554
vn 0.5610 -0.2534 0.7881
vn 0.4826 -0.0649 0.8734
vn 0.2651 0.0034 0.9642
vn 0.3439 -0.0533 0.9375
vn -0.1402 -0.1128 0.9837
vn -0.2327 -0.2200 0.9474
vn -0.2631 -0.2386 0.9348
vn -0.3216 -0.0340 0.9463
vn -0.4759 0.0614 0.8774
vn -0.4283 -0.0137 0.9035
vn -0.4094 -0.0676 0.9098
vn -0.1760 -0.1508 0.9728
vn -0.4613 -0.1587 0.8729
vn -0.6250 -0.1869 0.7579
vn -0.0778 -0.0910 0.9928
vn -0.1861 -0.9780 0.0942
vn -0.2203 -0.9678 -0.1220
vn -0.2037 -0.9790 -0.0075
vn -0.0977 -0.9782 -0.1831
vn -0.1270 -0.9754 -0.1800
vn 0.1185 -0.9458 -0.3023
vn 0.8425 -0.5133 -0.1631
vn 0.7347 -0.6053 -0.3064
vn 0.8630 -0.4499 -0.2296
vn 0.4168 -0.8315 -0.3674
vn 0.2028 -0.9112 -0.3586
vn 0.4014 -0.8285 -0.3906
vn 0.7459 -0.5892 -0.3107
vn 0.2663 -0.8842 -0.3838
vn 0.2487 -0.9272 -0.2799
vn 0.8993 0.0703 -0.4317
vn 0.8452 0.2993 -0.4429
vn 0.7780 -0.0153 -0.6281
vn 0.7361 -0.0198 -0.6766
vn 0.7361 -0.1077 -0.6682
vn 0.6746 0.2681 -0.6878
vn 0.2858 -0.6119 -0.7374
vn 0.6970 -0.5790 -0.4230
vn 0.7145 -0.5795 -0.3920
vn 0.7909 -0.4493 -0.4156
vn 0.8543 0.0150 -0.5196
vn 0.8659 0.0390 -0.4987
vn 0.9839 -0.1738 -0.0415
vn 0.9708 -0.1458 -0.1908
vn 0.6758 0.0584 -0.7348
vn 0.5460 0.0807 -0.8339
vn 0.6884 0.0726 -0.7216
vn 0.5439 0.0825 -0.8351
vn 0.3938 0.0514 -0.9177
vn 0.3228 0.1065 -0.9405
vn 0.3793 -0.1297 -0.9161
vn 0.5004 -0.0605 -0.8637
vn 0.4394 -0.0658 -0.8959
vn 0.1601 0.2224 -0.9617
vn 0.2592 0.2250 -0.9392
vn 0.2031 0.2255 -0.9528
vn 0.2673 0.1472 -0.9523
vn 0.3979 0.0561 -0.9157
vn 0.5155 0.0393 -0.8560
vn 0.6548 0.0166 -0.7556
vn 0.8196 0.0724 -0.5683
vn 0.6713 0.1608 -0.7235
vn 0.8983 0.2236 -0.3783
vn 0.9079 0.0552 -0.4154
vn 0.8623 0.3543 -0.3618
vn 0.8222 -0.0111 -0.5690
vn 0.8250 -0.1880 -0.5330
vn 0.7669 0.0836 -0.6363
vn 0.4421 -0.3923 -0.8066
vn 0.8177 0.1521 -0.5552
vn 0.7269 0.0302 -0.6861
vn 0.7271 -0.0076 -0.6865
vn 0.6314 0.0817 -0.7711
vn 0.7115 -0.0447 -0.7013
vn 0.3178 -0.2237 -0.9214
vn 0.0599 -0.1276 -0.9900
vn 0.0956 -0.1285 -0.9871
vn 0.1495 -0.2077 -0.9667
vn 0.3105 -0.1099 -0.9442
vn 0.2635 -0.1520 -0.9526
vn 0.5861 0.1246 -0.8006
vn 0.5453 0.0319 -0.8377
vn 0.9651 -0.0171 -0.2612
vn 0.9685 0.0082 -0.2487
vn 0.9831 0.1718 -0.0635
vn 0.9894 0.1291 -0.0666
vn 0.9510 0.1651 -0.2614
vn 0.9571 0.1898 -0.2189
vn 0.8852 -0.1919 -0.4237
vn 0.9059 0.1310 -0.4027
vn 0.9170 -0.1938 -0.3487
vn 0.8685 -0.1594 -0.4693
vn 0.8845 0.1869 -0.4275
vn 0.7635 0.1892 -0.6175
vn 0.7909 -0.1625 -0.5900
vn 0.8070 -0.1209 -0.5781
vn 0.7773 -0.1944 -0.5984
vn 0.7148 -0.1154 -0.6897
vn 0.6580 -0.2598 -0.7068
vn 0.8652 0.0034 -0.5015
vn 0.7842 0.5847 0.2076
vn 0.8486 0.4881 0.2040
vn 0.5529 0.8054 0.2136
vn 0.5673 0.8139 -0.1252
vn 0.7957 0.5519 0.2495
vn 0.3146 0.1680 -0.9342
vn 0.6191 -0.0305 -0.7847
vn 0.0716 0.3835 -0.9208
vn 0.1217 0.3913 -0.9122
vn 0.1397 0.4023 -0.9048
vn 0.2380 0.5944 -0.7681
vn 0.1484 0.5794 -0.8015
vn 0.2879 0.6132 -0.7356
vn 0.2259 0.4103 -0.8835
vn 0.2206 0.3818 -0.8975
vn 0.2415 0.3714 -0.8965
vn 0.2480 0.5149 -0.8206
vn 0.2481 0.5149 -0.8206
vn 0.2528 0.4980 -0.8295
vn 0.2395 0.5442 -0.8040
vn 0.6814 -0.1233 -0.7215
vn 0.6923 -0.0921 -0.7157
vn 0.7863 -0.0510 -0.6157
vn 0.4094 0.4660 -0.7844
vn 0.8526 0.1402 -0.5035
vn 0.4275 0.2817 -0.8590
vn 0.3866 0.2043 -0.8993
vn 0.9217 -0.3511 -0.1650
vn 0.8867 -0.2808 -0.3672
vn 0.9821 0.0079 -0.1884
vn 0.2960 0.2533 -0.9210
vn 0.3038 0.4061 -0.8618
vn 0.2702 0.4851 -0.8316
vn 0.2469 0.5248 -0.8147
vn 0.2641 0.5520 -0.7909
vn 0.2724 0.6546 -0.7052
vn 0.2469 0.5247 -0.8147
vn 0.3909 0.5978 -0.6999
vn 0.2525 0.6591 -0.7084
vn -0.3728 -0.1481 -0.9160
vn -0.0449 0.0983 -0.9941
vn 0.9351 0.3265 -0.1378
vn 0.9323 0.1820 -0.3125
vn 0.9060 0.1871 -0.3797
vn 0.9267 0.1454 -0.3466
vn 0.9076 0.2829 -0.3102
vn 0.9999 0.0036 0.0101
vn 0.9779 0.1077 -0.1792
vn 0.9646 0.2600 -0.0437
vn 0.9481 0.2540 -0.1912
vn 0.9327 0.0972 -0.3472
vn 0.7055 0.2041 -0.6787
vn 0.6534 0.2336 -0.7201
vn 0.6487 0.2395 -0.7224
vn 0.5230 0.4271 -0.7376
vn 0.9688 0.1770 -0.1733
vn 0.6494 0.4886 -0.5827
vn 0.6187 0.6291 -0.4706
vn 0.2914 0.4196 -0.8597
vn 0.7727 0.3117 -0.5530
vn 0.7494 0.2543 -0.6114
vn 0.6061 0.0369 -0.7945
vn 0.6672 0.0344 -0.7441
vn 0.5882 0.0542 -0.8069
vn 0.6886 0.0966 -0.7187
vn 0.8327 0.0588 -0.5506
vn 0.7448 0.1908 -0.6394
vn 0.6093 0.1041 -0.7860
vn 0.8698 0.1735 -0.4618
vn 0.9231 0.2838 -0.2597
vn 0.0866 0.3616 -0.9283
vn 0.1163 0.3411 -0.9328
vn 0.1038 0.2332 -0.9669
vn 0.1404 0.2240 -0.9644
vn 0.2342 0.2126 -0.9487
vn 0.1659 0.3071 -0.9371
vn 0.6332 0.7725 -0.0477
vn 0.9785 0.0456 -0.2009
vn 0.8337 -0.5466 0.0779
vn 0.5983 0.7835 -0.1678
vn 0.5301 0.7979 -0.2869
vn 0.6937 0.7037 -0.1537
vn 0.6908 0.5726 -0.4416
vn 0.6621 0.7466 -0.0653
vn 0.1936 0.1761 -0.9651
vn 0.1009 0.0476 -0.9938
vn 0.5303 0.4254 -0.7334
vn 0.5536 0.5564 -0.6197
vn 0.6737 0.5096 -0.5352
vn 0.6849 0.2584 -0.6812
vn 0.0337 -0.1267 -0.9914
vn 0.4480 0.1682 -0.8781
vn 0.5719 0.2777 -0.7719
vn 0.4642 0.6223 -0.6303
vn 0.4762 0.6468 -0.5957
vn 0.4023 0.5303 -0.7463
vn 0.6084 0.6938 -0.3853
vn 0.7939 0.3418 -0.5029
vn 0.9245 0.2429 -0.2937
vn -0.0267 -0.1372 -0.9902
vn 0.1408 -0.0024 -0.9900
vn 0.0795 -0.2982 -0.9512
vn 0.3020 -0.2427 -0.9219
vn 0.0373 0.3519 -0.9353
vn 0.5181 0.1152 -0.8475
vn 0.8151 -0.1279 -0.5650
vn 0.0600 0.5893 -0.8056
vn 0.1898 0.4400 -0.8777
vn 0.6129 0.1812 -0.7691
vn 0.6436 0.2101 -0.7359
vn 0.8210 0.2646 -0.5059
vn 0.9693 0.2413 0.0464
vn 0.9654 0.2603 -0.0175
vn 0.9535 0.2897 -0.0826
vn 0.9327 0.3339 -0.1365
vn 0.9472 0.3195 -0.0273
vn 0.9327 0.3597 -0.0269
vn 0.9266 0.3759 0.0086
vn 0.9209 0.3333 -0.2020
vn 0.8048 0.2083 -0.5559
vn 0.8781 0.2798 -0.3882
vn 0.8725 0.2613 -0.4129
vn 0.5554 0.1185 -0.8231
vn 0.0955 0.3291 0.9394
vn 0.2777 0.1581 0.9476
vn -0.1593 0.3644 0.9175
vn 0.0623 0.3569 0.9321
vn 0.2876 0.1237 0.9497
vn 0.2861 -0.0268 0.9578
vn -0.1661 -0.0927 0.9817
vn -0.1046 0.3513 0.9304
vn -0.1755 -0.2619 0.9490
vn 0.1986 0.0962 0.9754
vn 0.0720 -0.2653 0.9615
vn -0.1103 -0.2496 0.9621
vn -0.5785 -0.0982 0.8097
vn 0.4432 -0.3724 0.8154
vn -0.5671 -0.2426 0.7871
vn 0.2926 0.7783 0.5555
vn 0.1119 0.0348 0.9931
vn 0.3241 0.2315 0.9172
vn -0.4014 0.1070 0.9096
vn -0.0629 -0.2830 0.9571
vn -0.3178 -0.2486 0.9150
vn -0.4128 -0.2233 0.8830
vn -0.5938 -0.2487 0.7652
vn -0.3980 -0.2246 0.8895
vn -0.3747 -0.2787 0.8843
vn -0.1117 -0.4361 0.8930
vn -0.5295 -0.2814 0.8003
vn -0.6832 -0.3156 0.6586
vn -0.3583 -0.1199 0.9259
vn -0.3218 -0.0793 0.9435
vn 0.1375 0.3859 0.9122
vn -0.1196 -0.2438 0.9624
vn -0.0263 0.0408 0.9988
vn 0.0269 -0.0503 0.9984
vn -0.0204 -0.0357 0.9992
vn -0.1595 -0.0529 0.9858
vn -0.0330 -0.0348 0.9989
vn -0.1397 -0.0735 0.9875
vn -0.7017 -0.0528 0.7105
vn -0.5688 -0.0971 0.8167
vn -0.6402 -0.1222 0.7585
vn -0.2400 -0.0642 0.9686
vn -0.2505 -0.1635 0.9542
vn -0.5820 -0.1065 0.8062
vn -0.5019 -0.1713 0.8478
vn -0.6447 -0.1220 0.7547
vn -0.7598 -0.1463 0.6335
vn -0.5708 -0.0703 0.8181
vn -0.9445 0.1089 0.3098
vn -0.9582 0.1058 0.2659
vn -0.9103 0.0375 0.4122
vn -0.8578 -0.0202 0.5136
vn -0.8322 -0.1268 0.5397
vn -0.6003 0.0962 0.7940
vn 0.1730 0.6952 0.6977
vn 0.1986 0.3726 0.9065
vn -0.6655 0.1165 0.7372
vn -0.2436 0.1639 0.9559
vn 0.0349 0.1863 0.9819
vn -0.3818 -0.0906 0.9198
vn -0.3456 0.1520 0.9260
vn -0.6917 -0.0794 0.7178
vn -0.7884 0.1736 0.5902
vn -0.7885 -0.0661 0.6115
vn -0.2924 0.4401 0.8490
vn -0.8298 0.2607 0.4934
vn -0.8251 0.2118 0.5239
vn -0.1886 -0.3264 0.9262
vn -0.2225 0.4275 0.8762
vn -0.3802 -0.1949 0.9041
vn -0.4017 -0.4806 0.7795
vn -0.4414 -0.4577 0.7718
vn -0.3491 -0.5532 0.7564
vn -0.4105 -0.5943 0.6916
vn -0.1431 -0.2896 0.9464
vn -0.7286 -0.2249 0.6469
vn -0.6523 -0.3924 0.6484
vn -0.4918 -0.5945 0.6362
vn -0.8779 -0.3651 0.3097
vn -0.8173 -0.3318 0.4711
vn -0.8182 -0.2895 0.4967
vn -0.1486 0.9285 0.3402
vn -0.2414 0.8428 0.4811
vn -0.1121 0.8842 0.4534
vn -0.8552 -0.3576 0.3752
vn -0.9119 -0.2193 0.3470
vn -0.8965 -0.0905 0.4337
vn -0.7843 -0.0001 0.6203
vn -0.9572 -0.2194 0.1890
vn -0.8819 -0.4714 0.0017
vn -0.8642 -0.4732 -0.1710
vn -0.9490 -0.3093 -0.0602
vn -0.9737 -0.0546 0.2213
vn -0.9895 -0.1323 0.0588
vn -0.7401 -0.0441 0.6711
vn -0.9846 -0.1714 0.0354
vn -0.2446 0.9009 0.3584
vn -0.4759 0.7028 0.5288
vn -0.4117 0.6777 0.6093
vn -0.9156 -0.1077 0.3874
vn -0.8902 0.2084 0.4051
vn -0.5154 0.1850 0.8368
vn -0.4836 0.2681 0.8332
vn -0.6103 0.5790 0.5406
vn -0.8226 0.4673 0.3239
vn -0.9619 0.2114 0.1734
vn 0.0396 0.2530 0.9667
vn -0.5671 0.2391 0.7882
vn -0.9234 0.2731 0.2696
vn -0.5245 0.2706 0.8072
vn -0.9521 0.2899 0.0969
vn -0.9615 -0.2274 0.1542
vn -0.9137 -0.2433 0.3255
vn -0.9235 0.2561 0.2855
vn -0.0887 0.9954 0.0367
vn -0.1372 0.9884 0.0647
vn -0.2944 0.9429 0.1557
vn -0.9121 0.2083 0.3531
vn -0.8289 0.5333 -0.1688
vn -0.5428 0.8338 0.1009
vn -0.7984 0.4690 -0.3777
vn -0.8083 0.5552 -0.1961
vn -0.9701 -0.1205 0.2107
vn -0.9879 0.0817 0.1319
vn -0.9547 -0.2269 0.1924
vn -0.9386 -0.1465 0.3122
vn -0.8842 -0.3200 0.3401
vn -0.9742 -0.2193 0.0532
vn -0.9888 0.0487 -0.1410
vn -0.9786 -0.1868 0.0862
vn -0.9174 -0.1318 0.3754
vn -0.9506 -0.2414 0.1950
vn -0.9457 0.1446 0.2911
vn -0.5869 -0.4912 0.6436
vn -0.6931 -0.5175 0.5018
vn -0.8296 -0.1381 0.5410
vn -0.8270 -0.1221 0.5488
vn -0.7713 -0.1264 0.6238
vn -0.7674 -0.0713 0.6372
vn -0.8358 -0.1605 0.5251
vn -0.3483 0.5028 0.7912
vn -0.5210 0.5699 0.6354
vn -0.5910 0.7228 0.3581
vn -0.0811 0.5247 -0.8474
vn -0.8799 0.3864 0.2766
vn -0.7400 -0.0162 0.6724
vn -0.3309 0.3010 0.8944
vn -0.7088 -0.0611 0.7028
vn -0.9051 -0.2812 0.3191
vn -0.9042 -0.2925 0.3114
vn -0.7849 -0.2365 0.5727
vn -0.7765 -0.1884 0.6014
vn -0.9655 -0.2467 0.0833
vn -0.9441 -0.3141 0.0999
vn -0.9336 -0.3534 0.0596
vn -0.8183 -0.1459 0.5559
vn -0.8611 -0.2726 0.4292
vn -0.8764 -0.2261 0.4251
vn -0.9352 -0.3482 0.0647
vn -0.8234 -0.3421 0.4528
vn -0.8121 -0.5614 0.1589
vn -0.8202 0.4841 -0.3048
vn -0.1421 -0.8545 0.4996
vn -0.1538 -0.8470 0.5089
vn -0.1706 -0.8357 0.5220
vn 0.4696 -0.7906 -0.3929
vn 0.5538 -0.6643 -0.5021
vn 0.7580 -0.5403 -0.3655
vn 0.7339 -0.6658 -0.1346
vn 0.9347 -0.1707 -0.3117
vn 0.9261 0.0654 -0.3715
vn 0.2054 -0.9327 -0.2965
vn 0.4568 -0.8361 -0.3038
vn 0.1200 -0.9895 0.0808
vn 0.2203 -0.8957 -0.3862
vn 0.6890 -0.6381 -0.3437
vn 0.8158 -0.4538 -0.3586
vn 0.1866 -0.6937 -0.6957
vn -0.0126 -0.8103 -0.5859
vn 0.0150 -0.8737 -0.4862
vn -0.1378 -0.8522 -0.5048
vn 0.1757 -0.9011 -0.3965
vn 0.1098 -0.6372 -0.7628
vn 0.2487 -0.7606 -0.5997
vn 0.1368 -0.4915 -0.8600
vn 0.3296 -0.6802 -0.6548
vn 0.6383 -0.5633 -0.5248
vn 0.1728 -0.0770 -0.9819
vn -0.2750 -0.1477 -0.9500
vn 0.0475 0.1260 -0.9909
vn -0.1324 -0.1781 -0.9751
vn -0.1924 -0.1821 -0.9643
vn -0.3204 -0.1837 -0.9293
vn -0.3470 0.0170 -0.9377
vn -0.1302 -0.3117 -0.9412
vn -0.4007 -0.1911 -0.8961
vn -0.5456 -0.0366 -0.8372
vn -0.5313 -0.0840 -0.8430
vn -0.8498 0.2015 -0.4871
vn -0.5018 -0.1702 -0.8481
vn 0.8784 0.0375 -0.4765
vn 0.9031 0.0364 -0.4279
vn 0.8422 -0.1048 -0.5288
vn 0.8536 0.0499 -0.5186
vn 0.9046 0.1335 -0.4048
vn 0.7307 -0.1190 -0.6722
vn 0.5505 -0.1089 -0.8277
vn 0.6303 0.0535 -0.7745
vn 0.5623 -0.2589 -0.7853
vn 0.6499 -0.4292 -0.6272
vn 0.5618 -0.6802 -0.4710
vn 0.2827 0.1882 -0.9406
vn 0.3507 0.0139 -0.9364
vn 0.1567 0.3774 -0.9127
vn 0.3164 -0.7549 -0.5745
vn 0.4141 -0.7335 -0.5390
vn 0.2500 -0.7604 -0.5994
vn 0.9024 0.1829 -0.3903
vn 0.8633 0.2828 -0.4180
vn 0.9564 0.0458 -0.2884
vn 0.8637 0.2482 -0.4387
vn 0.8975 0.1690 -0.4074
vn 0.8902 0.2360 -0.3896
vn 0.5858 -0.2105 -0.7826
vn 0.5976 0.3433 -0.7246
vn 0.5012 0.3891 -0.7730
vn 0.6383 -0.6153 -0.4626
vn 0.6581 -0.6695 -0.3445
vn 0.6253 -0.6912 -0.3624
vn 0.5060 -0.8279 -0.2422
vn 0.4370 -0.4653 -0.7698
vn 0.4020 -0.8442 -0.3545
vn 0.4804 -0.7730 -0.4144
vn 0.2446 -0.7313 -0.6367
vn 0.2595 -0.7234 -0.6398
vn 0.2982 -0.5938 -0.7473
vn 0.3578 -0.6509 -0.6696
vn 0.2008 -0.8283 -0.5230
vn 0.4418 -0.6569 -0.6110
vn 0.1377 -0.6137 -0.7775
vn 0.0539 -0.7962 -0.6026
vn -0.0512 -0.7693 -0.6368
vn 0.0449 -0.8971 -0.4395
vn -0.0946 -0.8337 -0.5441
vn 0.1968 -0.8834 -0.4252
vn 0.2136 -0.7743 -0.5957
vn 0.2052 -0.7984 -0.5661
vn -0.2388 -0.7665 -0.5962
vn -0.1515 -0.7416 -0.6536
vn 0.9545 0.1093 -0.2773
vn -0.8955 0.0203 0.4445
vn -0.8887 -0.0537 0.4554
vn -0.9212 -0.0246 0.3884
vn -0.8805 -0.0141 0.4739
vn -0.8606 0.0462 0.5072
vn -0.7438 -0.5361 0.3992
vn -0.8277 -0.2320 0.5109
vn -0.8042 -0.0634 0.5909
vn -0.8293 0.0447 0.5569
vn -0.7293 -0.0572 0.6818
vn -0.7057 -0.0419 0.7073
vn -0.7360 -0.0393 0.6758
vn -0.6905 -0.1478 0.7081
vn -0.7857 -0.0967 0.6110
vn -0.7343 -0.0304 0.6781
vn -0.7970 0.1005 0.5956
vn -0.5976 0.0290 0.8013
vn -0.3637 0.5982 0.7140
vn -0.5739 0.5697 0.5883
vn -0.7949 -0.2299 0.5615
vn -0.9035 -0.1734 0.3919
vn -0.8644 -0.0978 0.4932
vn -0.9201 -0.0859 0.3821
vn -0.5780 -0.3075 0.7559
vn -0.4404 -0.2413 0.8648
vn 0.0305 -0.2435 0.9694
vn -0.8027 0.5325 0.2686
vn -0.2800 0.5164 0.8093
vn -0.1340 -0.1000 0.9859
vn -0.0453 0.9984 0.0341
vn -0.9590 -0.0655 0.2759
vn -0.9359 0.3519 0.0115
vn 0.7906 -0.6049 -0.0951
vn 0.7287 -0.6663 -0.1582
vn 0.5283 -0.8099 -0.2550
vn 0.6520 -0.7303 0.2039
vn 0.5195 -0.8224 0.2319
vn 0.2934 -0.9122 0.2860
vn 0.9629 0.1044 -0.2489
vn 0.9656 -0.0455 0.2562
vn 0.9756 0.0574 0.2118
vn 0.8709 -0.0229 0.4909
vn 0.8913 0.0910 0.4441
vn 0.6734 0.2171 0.7067
vn 0.7526 -0.0169 0.6583
vn 0.7670 -0.1986 0.6102
vn 0.7261 -0.0102 0.6875
vn 0.6323 0.0135 0.7746
vn 0.5707 0.4045 0.7147
vn 0.6931 0.7048 0.1513
vn 0.8369 0.3538 0.4176
vn 0.7376 0.6665 0.1083
vn 0.8328 0.2916 0.4706
vn 0.9009 0.2316 0.3671
vn 0.7913 0.2219 0.5698
vn 0.9029 0.0893 0.4204
vn 0.6309 -0.5730 0.5231
vn 0.8042 0.1676 0.5702
vn 0.7535 0.1557 0.6387
vn 0.5779 -0.3183 0.7515
vn 0.7493 0.1862 0.6355
vn 0.7564 0.1822 0.6283
vn 0.6471 -0.6060 0.4626
vn 0.5459 -0.7273 0.4159
vn 0.4814 0.5757 0.6609
vn 0.3160 -0.7344 0.6007
vn 0.1163 -0.9398 0.3215
vn 0.5450 0.2821 -0.7895
vn 0.6241 0.2041 -0.7542
vn 0.6746 0.2309 -0.7012
vn 0.7679 0.1886 -0.6122
vn 0.5644 0.2099 -0.7984
vn 0.5767 -0.6653 -0.4741
vn 0.4740 0.2300 -0.8500
vn 0.0899 -0.0140 -0.9959
vn -0.1203 -0.1332 -0.9838
vn -0.1256 0.2107 -0.9695
vn 0.0998 0.2413 -0.9653
vn 0.1901 0.3869 -0.9023
vn 0.0822 0.4335 -0.8974
vn -0.1294 0.4635 -0.8766
vn -0.1163 0.2567 -0.9595
vn -0.4940 0.1865 -0.8492
vn -0.3475 0.4216 -0.8375
vn 0.3548 0.0121 -0.9349
vn 0.3543 0.0079 -0.9351
vn 0.0649 -0.3943 -0.9167
vn 0.2070 -0.0886 -0.9743
vn -0.0245 -0.4959 -0.8680
vn -0.0408 -0.5840 -0.8107
vn -0.5832 0.3916 -0.7117
vn 0.0313 0.0826 -0.9961
vn 0.4453 -0.4098 -0.7961
vn -0.4719 -0.0556 -0.8799
vn -0.4217 0.4728 -0.7737
vn -0.6026 -0.5869 -0.5407
vn -0.6699 0.2493 -0.6993
vn -0.6458 0.3618 -0.6724
vn -0.3993 -0.2020 0.8943
vn -0.2873 -0.2931 0.9119
vn -0.1927 -0.2678 0.9440
vn -0.0584 -0.3023 0.9514
vn 0.0228 -0.2020 0.9791
vn -0.2679 0.4494 0.8522
vn -0.1858 0.4236 0.8866
vn -0.0510 0.6519 0.7566
vn -0.2118 -0.3880 0.8970
vn 0.0831 -0.4583 0.8849
vn -0.1046 -0.3241 0.9402
vn -0.0449 0.5617 0.8261
vn 0.0536 -0.3430 0.9378
vn 0.2274 -0.3368 0.9137
vn 0.2635 -0.2466 0.9326
vn 0.2845 -0.4372 0.8532
vn 0.1289 0.6819 0.7200
vn 0.3547 -0.2802 0.8920
vn 0.1920 0.3500 0.9169
vn 0.2295 0.5364 0.8121
vn 0.3791 -0.2507 0.8907
vn 0.4230 0.4056 0.8103
vn 0.2369 0.6273 0.7418
vn 0.5811 -0.1401 0.8017
vn 0.2804 -0.4955 0.8221
vn -0.4663 0.8844 -0.0215
vn 0.6411 -0.2584 0.7227
vn 0.7280 0.0618 0.6827
vn 0.5189 0.4781 0.7087
vn 0.6452 -0.2683 0.7153
vn 0.6745 -0.3291 0.6609
vn 0.7566 -0.2266 0.6134
vn 0.7106 -0.3333 0.6196
vn 0.7874 -0.2699 0.5543
vn 0.5538 -0.3662 0.7478
vn 0.0899 -0.9929 -0.0774
vn 0.1369 -0.9743 -0.1789
vn -0.0079 -0.9995 -0.0294
vn -0.0640 -0.9910 -0.1176
vn -0.1961 -0.9806 0.0008
vn -0.3340 -0.9065 -0.2581
vn -0.4600 -0.8642 -0.2037
vn -0.5521 -0.7927 -0.2584
vn -0.3187 -0.5314 -0.7848
vn -0.4525 -0.5935 -0.6655
vn -0.5209 -0.8536 -0.0025
vn -0.6215 -0.6880 -0.3748
vn 0.0243 -0.7969 -0.6036
vn 0.0867 -0.8851 -0.4573
vn -0.0585 -0.8274 -0.5586
vn -0.0933 -0.7699 -0.6313
vn -0.1774 -0.8698 -0.4605
vn -0.1859 -0.8982 -0.3984
vn -0.2677 -0.8989 -0.3468
vn -0.3663 -0.9084 -0.2017
vn -0.3669 -0.9178 -0.1516
vn -0.4306 -0.8984 -0.0865
vn -0.4304 -0.9026 -0.0108
vn 0.3644 -0.9143 0.1769
vn 0.3820 -0.8927 0.2393
vn 0.2845 -0.9325 0.2224
vn 0.2217 -0.9349 0.2772
vn 0.1374 -0.9504 0.2790
vn 0.0738 -0.8607 0.5038
vn 0.0960 -0.9043 0.4160
vn -0.0648 -0.8809 0.4689
vn -0.1019 -0.8842 0.4558
vn -0.1973 -0.9200 0.3387
vn -0.4452 -0.8855 0.1330
vn -0.3813 -0.9018 0.2034
vn -0.3716 -0.8877 0.2721
vn -0.1991 -0.9128 0.3565
vn 0.1837 0.5241 0.8316
vn 0.0063 0.8829 0.4696
vn 0.0015 0.8862 0.4633
vn 0.2619 0.5905 0.7633
vn 0.3228 0.6780 0.6604
vn 0.2222 0.8554 0.4679
vn 0.4248 0.8401 0.3373
vn 0.4591 0.8374 0.2968
vn 0.5382 0.8265 0.1653
vn 0.5817 0.7571 0.2974
vn 0.5510 0.8247 0.1275
vn 0.5374 0.8426 0.0340
vn -0.0393 0.6045 -0.7956
vn -0.2426 0.4796 -0.8433
vn -0.0102 0.5958 -0.8030
vn -0.1813 0.6019 -0.7777
vn -0.4494 0.5304 -0.7188
vn -0.5388 0.3146 -0.7815
vn -0.4165 0.3204 -0.8508
vn -0.8251 0.3263 -0.4612
vn -0.8286 0.3180 -0.4607
vn -0.9035 0.2816 -0.3231
vn -0.9617 0.2653 -0.0695
vn -0.9680 0.2432 -0.0619
vn -0.8624 0.5055 -0.0267
vn -0.0657 0.3791 -0.9230
vn 0.0719 0.9890 0.1293
vn -0.6560 0.3442 -0.6717
vn -0.5097 -0.5078 0.6946
vn -0.6866 0.2010 0.6987
vn -0.6866 0.2010 0.6986
vn -0.5666 0.4574 0.6854
vn -0.6151 0.4728 0.6310
vn -0.7807 0.2651 0.5659
vn -0.9151 0.3151 0.2517
vn -0.9289 0.2243 0.2947
vn -0.7742 0.5342 0.3395
vn -0.7874 0.2739 0.5523
vn -0.6131 0.6030 0.5104
vn -0.8539 0.2630 0.4492
vn -0.9553 0.2545 0.1506
vn -0.7513 0.3044 0.5856
vn -0.7500 0.3808 0.5408
vn -0.3464 -0.4204 -0.8386
vn -0.6755 0.0015 -0.7374
vn -0.4849 0.0297 -0.8741
vn -0.4499 0.1085 -0.8865
vn -0.5762 0.0560 -0.8154
vn -0.8532 0.1060 -0.5106
vn -0.8384 0.0951 -0.5367
vn -0.1708 -0.9279 -0.3315
vn -0.3184 -0.7706 -0.5521
vn -0.2825 -0.7765 -0.5632
vn -0.5623 -0.7812 -0.2713
vn -0.6485 -0.5483 -0.5280
vn -0.3737 -0.8838 -0.2814
vn -0.5760 -0.8119 -0.0951
vn -0.7239 0.6188 -0.3049
vn -0.9162 0.2420 -0.3194
vn -0.9926 0.0674 -0.1012
vn -0.9469 -0.0903 -0.3085
vn -0.7884 -0.4769 -0.3885
vn -0.9606 -0.1227 -0.2493
vn -0.9403 -0.2551 -0.2252
vn -0.7280 -0.6849 -0.0303
vn -0.9467 -0.2927 0.1348
vn -0.7536 -0.6570 0.0219
vn -0.9952 -0.0760 0.0615
vn -0.9547 -0.0391 0.2950
vn -0.9894 -0.1077 0.0975
vn -0.4267 -0.9038 -0.0321
vn -0.5345 -0.8450 -0.0168
vn -0.9637 0.1037 -0.2461
vn -0.9514 0.1179 -0.2844
vn -0.6971 -0.6490 -0.3048
vn -0.7614 -0.5856 -0.2783
vn -0.7025 -0.6983 -0.1370
vn -0.9841 0.1762 -0.0239
vn -0.9954 0.0794 0.0533
vn -0.9927 -0.0257 0.1181
vn -0.9787 0.1060 0.1760
vn -0.6513 -0.7586 -0.0166
vn -0.6625 -0.7418 0.1038
vn -0.6955 -0.7040 0.1439
vn -0.5504 -0.7020 -0.4519
vn -0.5830 -0.7191 -0.3781
vn -0.6104 -0.7755 0.1613
vn -0.6310 0.2514 -0.7339
vn -0.6304 0.2728 -0.7268
vn -0.8003 0.1862 -0.5699
vn -0.8056 -0.2451 -0.5395
vn -0.9531 -0.2429 -0.1807
vn -0.9575 0.1642 -0.2371
vn -0.8829 0.0604 -0.4657
vn -0.9437 0.1469 -0.2963
vn -0.9859 0.1529 -0.0675
vn -0.6843 -0.1266 -0.7181
vn -0.7031 -0.3706 -0.6068
vn -0.1037 -0.4689 0.8772
vn -0.4190 -0.3378 0.8428
vn -0.3170 -0.5267 0.7887
vn -0.5671 -0.6375 0.5216
vn -0.5366 -0.6234 0.5686
vn -0.3777 0.5140 0.7701
vn -0.6719 0.4588 0.5815
vn -0.4800 0.4846 0.7313
vn -0.3696 0.4430 0.8168
vn -0.8914 0.0522 0.4502
vn -0.8041 0.0060 0.5944
vn -0.8806 0.0609 0.4699
vn -0.8408 0.2690 0.4698
vn -0.8181 0.0968 0.5669
vn -0.5358 -0.7701 0.3461
vn -0.9641 0.0959 0.2475
vn -0.9456 0.1510 0.2882
vn -0.9831 0.0962 0.1559
vn -0.6622 -0.7241 0.1929
vn -0.9411 0.1321 0.3113
vn -0.9444 0.0927 0.3154
vn -0.8462 0.1137 0.5206
vn -0.7565 0.1687 0.6319
vn -0.7518 0.1736 0.6362
vn 0.8718 -0.0499 0.4873
vn 0.9255 -0.0329 0.3773
vn 0.7890 0.2822 0.5458
vn 0.4272 -0.8908 0.1548
vn 0.4796 -0.8656 0.1440
vn 0.7446 -0.5128 0.4273
vn 0.8783 -0.1053 0.4664
vn 0.8795 -0.1109 0.4627
vn 0.9859 -0.0591 0.1565
vn 0.4838 -0.8751 0.0116
vn 0.6865 -0.7267 0.0259
vn 0.8918 -0.4125 0.1859
vn 0.9955 0.0193 0.0931
vn 0.9911 -0.1251 -0.0464
vn 0.9752 -0.2169 -0.0449
vn 0.9822 -0.0229 -0.1865
vn 0.9834 0.1783 -0.0352
vn 0.6235 -0.7718 -0.1251
vn 0.4812 -0.8589 -0.1752
vn 0.9638 -0.1816 -0.1950
vn 0.3921 -0.3171 -0.8635
vn 0.5644 -0.1406 -0.8135
vn 0.6036 -0.1928 -0.7736
vn 0.3805 0.4031 -0.8323
vn 0.4610 0.2872 -0.8396
vn 0.5220 0.1212 -0.8443
vn 0.6493 -0.0983 -0.7541
vn 0.7130 -0.1403 -0.6870
vn 0.2900 -0.9305 -0.2238
vn 0.5064 -0.8211 -0.2632
vn 0.7996 -0.2430 -0.5492
vn 0.9013 -0.1234 -0.4153
vn 0.8219 -0.0827 -0.5636
vn 0.9458 -0.0514 -0.3208
vn 0.5360 0.0125 -0.8441
vn -0.2952 0.9501 -0.1006
vn -0.5173 0.8392 -0.1675
vn -0.4204 0.8870 -0.1909
vn -0.5562 0.8223 -0.1203
vn -0.6734 0.7392 0.0106
vn -0.4677 0.8803 0.0795
vn -0.4819 0.8669 0.1277
vn -0.4190 0.8869 0.1945
vn -0.5459 0.7817 0.3017
vn -0.3354 0.9325 0.1340
vn -0.8467 0.2874 0.4478
vn -0.7810 0.3565 0.5127
vn -0.4331 0.8277 0.3569
vn -0.3877 0.8587 0.3352
vn -0.6321 0.0579 0.7727
vn -0.6454 0.1004 0.7572
vn -0.5946 -0.0217 0.8038
vn -0.6933 -0.2492 0.6762
vn -0.5848 -0.4339 0.6853
vn -0.8219 0.0850 0.5633
vn -0.6468 -0.0819 0.7582
vn -0.8071 -0.3253 0.4928
vn -0.8957 -0.0577 0.4410
vn -0.6507 -0.6634 0.3695
vn -0.8792 -0.2744 0.3895
vn -0.3148 -0.6643 0.6779
vn -0.9469 -0.1284 0.2949
vn -0.4728 0.3505 0.8085
vn 0.5540 -0.3599 0.7507
vn 0.5856 -0.3323 0.7394
vn 0.4945 -0.2563 0.8305
vn 0.7875 -0.2868 0.5455
vn 0.6862 0.3646 0.6294
vn 0.7633 0.4921 0.4186
vn 0.8216 0.2089 0.5305
vn 0.8405 -0.1133 0.5298
vn 0.9401 0.1728 0.2939
vn 0.8837 0.2048 0.4209
vn 0.8033 0.1666 0.5718
vn 0.9388 0.3393 -0.0604
vn 0.6629 0.7487 0.0011
vn 0.8074 0.5828 -0.0925
vn 0.9654 0.1012 -0.2402
vn 0.9345 -0.1926 0.2993
vn 0.9108 -0.3715 0.1803
vn 0.9855 -0.1196 -0.1201
vn 0.9730 0.1096 -0.2031
vn 0.9730 -0.0388 -0.2275
vn 0.9407 -0.0023 -0.3392
vn 0.9781 -0.1428 0.1515
vn 0.9342 -0.0785 0.3481
vn 0.9553 0.2587 0.1433
vn 0.7924 0.6087 0.0398
vn 0.8686 -0.1904 0.4575
vn 0.9128 -0.1115 0.3928
vn 0.9803 -0.0993 0.1707
vn 0.7635 -0.1136 0.6357
vn 0.7036 0.0708 0.7071
vn 0.6419 0.0748 0.7631
vn 0.8606 -0.0327 0.5082
vn 0.9044 -0.0365 -0.4250
vn 0.8516 -0.0763 -0.5186
vn 0.8803 0.0733 -0.4687
vn 0.7866 -0.0336 -0.6166
vn 0.6702 -0.1910 -0.7172
vn 0.3360 0.1823 -0.9240
vn 0.7294 0.0957 -0.6774
vn 0.5054 0.5139 -0.6932
vn 0.9698 -0.1356 -0.2029
vn 0.8597 -0.1473 -0.4891
vn 0.7054 -0.1523 -0.6922
vn 0.7081 -0.1710 -0.6850
vn 0.3502 0.6891 -0.6344
vn 0.6698 -0.0878 -0.7374
vn 0.8878 -0.2886 0.3586
vn 0.8380 -0.2859 0.4647
vn 0.8394 -0.2856 0.4623
vn 0.8561 -0.3362 0.3926
vn 0.9190 -0.1925 0.3440
vn 0.8766 -0.3837 0.2903
vn 0.9544 -0.2703 0.1264
vn 0.8460 -0.2986 0.4418
vn 0.9019 -0.2609 0.3443
vn 0.9777 -0.2011 0.0600
vn 0.2186 -0.9684 0.1204
vn 0.3967 -0.9049 0.1544
vn 0.6763 -0.7088 0.2005
vn 0.9136 -0.2444 -0.3250
vn 0.8406 -0.4982 -0.2128
vn 0.7972 -0.3799 -0.4693
vn 0.7050 -0.5867 -0.3984
vn 0.7601 -0.2159 -0.6129
vn 0.7474 -0.3279 -0.5778
vn 0.9793 -0.1396 -0.1463
vn 0.9056 -0.1788 -0.3846
vn 0.7915 -0.2725 -0.5470
vn -0.4577 0.8473 -0.2693
vn -0.4317 0.8634 -0.2611
vn -0.4319 0.8675 -0.2469
vn -0.4239 0.8507 -0.3110
vn -0.2803 0.8379 -0.4683
vn -0.2384 0.8067 -0.5408
vn -0.0829 0.8112 -0.5788
vn -0.1788 0.7148 -0.6761
vn 0.0198 0.8139 -0.5807
vn 0.1582 0.8320 -0.5317
vn 0.1865 0.8026 -0.5666
vn 0.3159 0.8339 -0.4526
vn 0.6367 0.7711 0.0044
vn 0.6370 0.7617 -0.1185
vn 0.4781 0.8636 -0.1599
vn 0.4100 0.8822 -0.2315
vn 0.3072 0.9144 -0.2636
vn -0.2155 0.1690 0.9618
vn 0.1623 0.2675 0.9498
vn -0.1253 0.2114 0.9693
vn -0.3051 0.1377 0.9423
vn 0.0391 0.2534 0.9666
vn 0.2531 0.1996 0.9466
vn 0.3713 0.3206 0.8714
vn 0.3286 0.2776 0.9027
vn 0.4828 0.2836 0.8286
vn 0.5918 0.1177 0.7974
vn 0.5837 0.3255 0.7439
vn 0.7007 0.1068 0.7054
vn 0.5487 0.3746 0.7474
vn 0.7401 0.0709 0.6687
vn 0.7940 0.0106 0.6079
vn 0.6402 0.4502 0.6224
vn 0.5707 0.4540 0.6842
vn 0.6687 0.4590 0.5849
vn -0.0132 0.6683 -0.7438
vn 0.0745 0.5143 -0.8543
vn -0.0104 0.5963 -0.8027
vn -0.0748 0.9176 -0.3905
vn -0.0398 0.9753 -0.2172
vn -0.2677 0.8854 -0.3799
vn -0.3830 0.6408 -0.6654
vn -0.5662 0.5341 -0.6278
vn -0.6542 0.5980 -0.4631
vn -0.6686 0.6317 -0.3924
vn -0.7581 0.5531 -0.3453
vn -0.6667 0.6940 -0.2717
vn -0.3157 0.7585 -0.5701
vn -0.3106 0.7646 -0.5648
vn -0.3758 0.7566 -0.5351
vn -0.3152 0.7642 -0.5627
vn -0.3733 0.7873 -0.4908
vn -0.5614 0.6061 -0.5635
vn -0.4861 0.6982 -0.5256
vn -0.6626 0.5267 -0.5324
vn -0.7773 0.1793 -0.6031
vn -0.7826 0.1343 -0.6079
vn -0.7033 0.4194 -0.5740
vn -0.6774 -0.0851 -0.7307
vn -0.6772 -0.0854 -0.7308
vn -0.7602 0.0366 -0.6486
vn -0.7134 0.3056 -0.6306
vn -0.7911 -0.1239 -0.5990
vn -0.8520 0.1107 -0.5118
vn -0.8865 0.0040 -0.4627
vn -0.7633 -0.2759 -0.5841
vn -0.7147 0.5953 -0.3672
vn -0.6303 -0.1534 -0.7611
vn -0.7295 0.0328 -0.6831
vn -0.6800 -0.3152 -0.6619
vn -0.8483 -0.2876 -0.4447
vn -0.7500 -0.2994 -0.5898
vn -0.7462 -0.3605 -0.5596
vn -0.6056 -0.5487 -0.5763
vn -0.7009 -0.4006 -0.5901
vn -0.7494 -0.2344 -0.6193
vn -0.7925 -0.3763 -0.4800
vn -0.7841 -0.3521 -0.5111
vn -0.7489 -0.4493 -0.4870
vn -0.8314 -0.3868 -0.3990
vn -0.9206 -0.2917 -0.2595
vn -0.6041 0.7746 -0.1870
vn -0.9066 -0.3573 -0.2246
vn -0.8224 -0.3863 -0.4176
vn -0.6482 0.7492 -0.1360
vn -0.6590 0.7389 -0.1405
vn -0.9465 0.2384 -0.2174
vn -0.9874 0.0959 -0.1260
vn -0.9690 -0.0784 -0.2341
vn -0.8472 -0.2403 -0.4739
vn -0.9186 -0.1864 -0.3484
vn -0.8658 -0.3163 -0.3877
vn -0.8976 0.4378 -0.0514
vn -0.9989 -0.0016 -0.0464
vn -0.9838 -0.1636 -0.0727
vn -0.9199 -0.3638 -0.1463
vn -0.9236 0.3246 -0.2038
vn -0.5592 0.2372 -0.7944
vn -0.9306 0.2221 -0.2909
vn -0.9550 -0.2952 -0.0272
vn -0.8530 0.0554 -0.5189
vn -0.8179 0.0566 -0.5726
vn -0.9649 -0.0228 -0.2616
vn -0.8647 0.3847 -0.3228
vn -0.9966 -0.0366 -0.0740
vn -0.9934 0.1135 0.0137
vn -0.4561 0.3377 0.8234
vn -0.4774 0.7057 0.5235
vn -0.5481 0.0365 0.8356
vn -0.4975 0.7361 0.4589
vn -0.4020 0.8391 0.3664
vn -0.3733 0.8026 0.4652
vn -0.8128 -0.3299 0.4802
vn -0.8103 -0.3507 0.4694
vn -0.7920 -0.3694 0.4861
vn -0.8217 -0.4183 0.3871
vn -0.7572 -0.4344 0.4878
vn -0.8856 -0.2332 0.4017
vn -0.8832 -0.2570 0.3923
vn -0.8225 -0.2179 0.5254
vn -0.8181 -0.2366 0.5241
vn -0.8119 0.5806 0.0611
vn -0.9468 0.3212 -0.0178
vn -0.9787 0.1155 0.1697
vn -0.9925 0.0073 0.1224
vn -0.9370 0.0051 0.3492
vn -0.9055 0.2586 0.3365
vn -0.9865 -0.1638 -0.0027
vn -0.9839 -0.1636 -0.0726
vn -0.9832 -0.1826 -0.0039
vn -0.9630 -0.2668 -0.0378
vn -0.9358 -0.3526 -0.0039
vn -0.9583 -0.2838 0.0328
vn -0.9574 -0.2874 0.0290
vn -0.9936 -0.0879 0.0704
vn -0.9905 -0.0996 0.0953
vn -0.9606 -0.2749 0.0420
vn -0.9314 -0.3585 0.0631
vn -0.8910 -0.2709 0.3644
vn -0.8929 -0.3303 0.3061
vn -0.9325 -0.1824 0.3117
vn -0.9311 0.3134 0.1867
vn -0.8893 0.3746 0.2623
vn -0.8993 0.3255 0.2923
vn -0.8646 -0.4190 0.2774
vn -0.8866 0.3017 0.3505
vn -0.7808 -0.4660 0.4162
vn -0.7053 -0.4970 0.5056
vn -0.9936 0.0107 0.1128
vn -0.9487 0.2801 0.1464
vn -0.9945 -0.0027 0.1045
vn -0.6657 0.2186 -0.7135
vn -0.7165 0.3700 -0.5914
vn -0.7242 0.3704 -0.5816
vn -0.7108 0.3399 -0.6158
vn -0.2720 -0.1957 -0.9422
vn -0.2911 -0.1373 -0.9468
vn -0.7677 0.2091 -0.6058
vn -0.6780 0.4523 -0.5794
vn -0.6352 -0.0011 -0.7724
vn -0.5240 0.0657 -0.8492
vn -0.6088 0.4003 -0.6849
vn -0.7585 0.0902 -0.6454
vn -0.5234 0.5982 -0.6068
vn -0.6572 0.2987 -0.6920
vn -0.5222 -0.0341 -0.8522
vn -0.3845 0.0043 -0.9231
vn -0.5966 0.3248 -0.7339
vn -0.3726 0.3748 -0.8489
vn -0.7154 0.4469 -0.5371
vn -0.3517 0.0214 -0.9359
vn -0.2902 -0.3596 -0.8868
vn -0.8652 0.3729 -0.3353
vn -0.8192 0.4364 -0.3721
vn -0.6330 0.6371 -0.4397
vn -0.9018 0.3678 -0.2271
vn -0.6354 0.1418 -0.7591
vn -0.7235 0.5783 -0.3770
vn -0.9134 0.3887 0.1208
vn -0.9247 0.3530 -0.1427
vn -0.6781 0.7292 -0.0919
vn -0.5808 0.5948 -0.5558
vn -0.7574 0.6276 -0.1802
vn -0.5447 0.6946 0.4700
vn -0.6991 0.5140 0.4971
vn -0.9962 -0.0680 0.0551
vn -0.6593 0.7204 0.2155
vn -0.9870 -0.1404 0.0781
vn -0.9172 -0.3734 0.1387
vn -0.9218 -0.3813 0.0693
vn -0.9657 0.0481 0.2553
vn -0.6460 0.5982 0.4742
vn 0.4039 -0.4329 0.8059
vn 0.7256 -0.2393 0.6452
vn 0.6404 -0.2944 0.7094
vn 0.6973 -0.3910 0.6007
vn -0.2062 0.6782 0.7053
vn 0.6866 -0.5591 0.4647
vn 0.6145 -0.3160 0.7229
vn 0.5523 -0.0309 0.8331
vn 0.4892 0.1233 0.8634
vn 0.3840 -0.0187 0.9231
vn 0.5685 -0.7070 0.4208
vn 0.4986 -0.3969 0.7706
vn 0.4014 -0.1559 0.9025
vn 0.6409 -0.5277 0.5575
vn 0.3289 -0.0280 0.9440
vn 0.7563 0.0556 0.6519
vn 0.8620 -0.1906 0.4697
vn 0.7826 0.1595 0.6017
vn 0.8079 0.0588 0.5864
vn 0.7603 -0.6283 0.1649
vn 0.7407 -0.6226 0.2525
vn 0.8108 -0.1483 0.5663
vn 0.8997 -0.1048 0.4238
vn 0.7685 0.1559 0.6206
vn 0.8410 -0.0647 0.5371
vn 0.8439 -0.4638 0.2697
vn 0.8218 0.2580 0.5081
vn 0.6658 0.2219 0.7124
vn 0.7707 0.1932 0.6072
vn 0.5127 0.3444 0.7865
vn 0.8530 0.3618 0.3763
vn 0.9011 -0.3413 0.2673
vn 0.9326 0.2186 0.2871
vn 0.9504 0.1648 0.2637
vn 0.9345 0.1280 0.3321
vn 0.9554 0.1690 0.2421
vn 0.7479 0.2366 0.6201
vn 0.8007 0.5208 0.2961
vn 0.8588 0.2006 0.4714
vn 0.7992 0.4436 0.4056
vn 0.9009 0.3264 0.2862
vn 0.7698 0.0788 0.6334
vn 0.9088 0.3118 0.2774
vn 0.8348 0.2196 0.5049
vn 0.9029 0.3197 0.2874
vn 0.8082 0.5109 0.2929
vn 0.7053 0.5792 0.4087
vn 0.8164 -0.5660 0.1142
vn 0.9594 0.0189 0.2813
vn 0.9277 -0.0694 0.3668
vn 0.9877 0.1336 0.0809
vn 0.9103 0.4134 -0.0230
vn 0.8879 0.4600 0.0054
vn 0.8624 0.1483 0.4841
vn 0.9026 0.1083 0.4167
vn 0.9190 0.1215 0.3752
vn 0.9577 0.1120 0.2650
vn 0.1382 -0.6267 0.7669
vn 0.3672 -0.6286 0.6856
vn 0.5222 -0.4281 0.7376
vn 0.7947 -0.0382 0.6058
vn 0.7989 0.4435 0.4062
vn 0.8649 0.4291 0.2604
vn 0.7284 -0.4189 0.5422
vn 0.7202 -0.1360 0.6803
vn 0.8176 -0.0626 0.5724
vn 0.6484 -0.5185 0.5575
vn 0.9426 0.0255 0.3331
vn 0.8869 0.0973 0.4515
vn 0.9741 -0.0381 0.2230
vn 0.8595 -0.1938 0.4730
vn 0.8230 -0.5605 0.0923
vn 0.8507 0.3852 0.3577
vn 0.9660 0.2035 0.1597
vn 0.8839 0.3574 0.3018
vn 0.9976 0.0682 0.0138
vn 0.9108 0.3415 0.2318
vn 0.8513 0.5200 -0.0696
vn 0.6828 0.2112 0.6994
vn 0.8777 0.3687 0.3062
vn 0.7455 0.6655 0.0366
vn 0.6319 -0.1518 0.7600
vn 0.7798 -0.4238 0.4607
vn 0.6197 -0.5370 0.5723
vn 0.7539 -0.3502 0.5559
vn 0.8288 -0.3745 0.4157
vn 0.7902 -0.1728 0.5880
vn 0.9131 0.0922 -0.3973
vn 0.9893 -0.1367 -0.0514
vn 0.8302 -0.3006 0.4695
vn 0.9547 0.1739 0.2415
vn 0.9069 -0.2702 0.3233
vn 0.9411 -0.1903 0.2795
vn 0.9392 -0.1844 0.2895
vn 0.8133 -0.5727 0.1028
vn 0.8073 -0.5894 -0.0293
vn 0.8289 -0.1397 0.5416
vn 0.6861 -0.6888 -0.2342
vn 0.6060 -0.1375 0.7835
vn 0.8440 -0.0271 0.5357
vn 0.9999 0.0134 0.0038
vn 0.6862 -0.3432 0.6413
vn 0.6604 0.0423 0.7497
vn -0.2352 -0.7526 0.6150
vn 0.1268 -0.9483 0.2910
vn -0.0610 -0.7933 0.6057
vn 0.2019 -0.8359 0.5103
vn 0.4482 -0.8437 0.2955
vn 0.2643 -0.9623 0.0648
vn 0.5937 -0.6747 0.4385
vn 0.6847 -0.4894 0.5400
vn 0.6874 -0.6446 0.3346
vn 0.5518 -0.8293 0.0887
vn 0.9009 -0.3879 0.1945
vn -0.5754 -0.0625 0.8155
vn -0.5520 -0.0815 0.8299
vn -0.6044 -0.2347 0.7613
vn -0.8342 -0.3689 0.4099
vn -0.6687 -0.4742 0.5727
vn -0.9316 -0.0467 0.3604
vn -0.5361 0.4086 0.7387
vn -0.9044 0.0095 0.4265
vn -0.6470 -0.1800 0.7410
vn -0.7036 -0.2906 0.6485
vn -0.8423 -0.2044 0.4987
vn -0.5650 -0.3362 0.7535
vn 0.5912 0.1987 -0.7817
vn -0.1001 0.8450 -0.5253
vn -0.0799 0.8412 -0.5348
vn -0.2691 0.9374 -0.2210
vn -0.4818 0.8262 -0.2920
vn -0.5338 0.7376 -0.4135
vn -0.5214 0.8239 -0.2223
vn -0.6285 0.7197 -0.2950
vn -0.4330 0.9011 0.0226
vn 0.4975 0.4719 -0.7279
vn 0.4740 0.4204 -0.7737
vn 0.3459 0.1767 -0.9215
vn 0.8485 -0.0940 -0.5208
vn 0.7387 -0.3642 -0.5672
vn 0.7376 0.1126 -0.6658
vn 0.5560 0.2974 -0.7762
vn 0.6273 0.2229 -0.7462
vn 0.4291 -0.7263 -0.5370
vn 0.3848 0.3901 -0.8365
vn 0.5914 0.0294 -0.8058
vn 0.1796 0.4753 -0.8613
vn 0.5669 -0.7250 -0.3911
vn 0.5019 -0.7691 -0.3957
vn 0.1965 -0.7635 -0.6151
vn 0.0649 -0.7447 -0.6642
vn 0.5469 0.0312 -0.8366
vn 0.4699 0.0033 -0.8827
vn 0.5933 0.0633 -0.8025
vn 0.5692 -0.7139 -0.4079
vn 0.5747 -0.4401 -0.6900
vn 0.5610 -0.7105 -0.4247
vn 0.4655 -0.8044 -0.3692
vn 0.0204 -0.9830 -0.1826
vn 0.0628 -0.9927 -0.1032
vn 0.0688 -0.9586 -0.2763
vn 0.2387 -0.2842 -0.9286
vn -0.1131 -0.6613 -0.7415
vn -0.1181 -0.8414 -0.5274
vn 0.1453 -0.9565 -0.2529
vn 0.5002 -0.2927 -0.8150
vn -0.2740 -0.7186 -0.6392
vn -0.5034 -0.7309 -0.4608
vn -0.6685 -0.5480 -0.5029
vn -0.5049 -0.8501 -0.1498
vn -0.3890 -0.9144 -0.1124
vn -0.2982 -0.9115 0.2832
vn -0.2558 -0.9492 0.1832
vn -0.1025 -0.8972 -0.4295
vn -0.3426 -0.6815 -0.6467
vn 0.2628 -0.9303 -0.2558
vn -0.6666 -0.5497 -0.5034
vn -0.1293 -0.6589 -0.7410
vn -0.3418 -0.8252 -0.4497
vn -0.2573 -0.9573 0.1321
vn 0.0863 -0.9962 0.0114
vn 0.1417 -0.9776 -0.1553
vn -0.1883 -0.9806 -0.0551
vn -0.1659 -0.9283 -0.3329
vn -0.4525 -0.8906 -0.0456
vn -0.2676 -0.9629 -0.0354
vn -0.0628 -0.9920 -0.1092
vn -0.4009 -0.9153 -0.0392
vn -0.1579 -0.9660 0.2048
vn -0.2714 -0.9483 -0.1646
vn 0.1980 -0.9793 0.0425
vn 0.2541 -0.9628 -0.0920
vn -0.0213 -0.9827 -0.1841
vn -0.2241 -0.9308 -0.2887
vn -0.1709 -0.9581 -0.2301
vn 0.0644 -0.9215 -0.3831
vn -0.0193 -0.9864 -0.1632
vn -0.1753 0.9826 -0.0610
vn -0.2123 0.9769 0.0260
vn -0.1226 0.9874 0.1002
vn -0.1464 0.9515 0.2707
vn 0.0526 0.9349 0.3511
vn 0.2287 0.7692 0.5967
vn 0.1073 0.8254 0.5543
vn 0.0872 0.7307 0.6771
vn 0.2356 0.5759 0.7828
vn -0.6298 0.4989 0.5953
vn 0.3272 0.7887 0.5205
vn -0.2333 0.7858 0.5728
vn 0.5032 0.8196 0.2740
vn 0.6011 0.7667 0.2255
vn 0.4497 0.8931 -0.0079
vn 0.4630 0.8850 -0.0484
vn 0.6078 0.6139 0.5037
vn 0.3723 0.6988 0.6108
vn 0.4879 0.4396 0.7541
vn 0.5996 0.6750 0.4300
vn 0.0418 -0.0322 0.9986
vn 0.4924 0.2402 0.8366
vn 0.8900 0.2545 0.3783
vn 0.5764 0.7898 0.2097
vn 0.7540 0.6358 0.1649
vn 0.5663 0.6950 0.4431
vn 0.5098 0.2953 0.8080
vn 0.7620 0.3689 0.5322
vn 0.5527 0.7249 0.4111
vn 0.7586 0.4857 0.4342
vn 0.8901 0.1543 0.4290
vn 0.9074 0.1225 0.4021
vn 0.6775 0.6204 0.3951
vn 0.3615 0.8044 0.4714
vn 0.8229 0.4685 0.3215
vn 0.8815 0.4090 0.2361
vn 0.8312 0.5552 0.0286
vn 0.4094 0.4968 0.7653
vn 0.1946 0.8326 0.5186
vn -0.3181 0.7513 0.5782
vn 0.1660 0.8612 0.4803
vn 0.3704 0.9058 0.2059
vn 0.4862 0.5038 0.7140
vn 0.6162 0.4927 0.6144
vn 0.6760 0.5674 0.4702
vn 0.7127 0.4690 0.5216
vn 0.6691 0.4201 0.6131
vn 0.3951 0.8869 0.2395
vn -0.2265 0.9725 0.0539
vn 0.1001 0.9895 0.1046
vn 0.6915 0.6828 0.2359
vn 0.2968 0.9505 0.0924
vn 0.4321 0.5571 0.7092
vn 0.0874 0.9867 0.1373
vn -0.0642 0.8898 0.4518
vn 0.1615 0.8659 0.4735
vn 0.5399 0.5521 0.6354
vn 0.6241 0.6296 0.4628
vn 0.5486 0.6936 0.4669
vn 0.6058 0.6350 0.4794
vn 0.5703 0.7629 0.3044
vn 0.5534 0.7809 0.2898
vn 0.5506 0.8300 0.0893
vn 0.7404 0.6244 0.2488
vn 0.8591 0.5068 -0.0720
vn 0.8678 0.4882 -0.0922
vn 0.8625 0.5039 -0.0461
vn 0.8530 0.5216 -0.0188
vn 0.5852 0.4695 -0.6612
vn 0.7048 0.3314 -0.6273
vn 0.7047 0.3314 -0.6273
vn 0.8390 0.1010 -0.5347
vn 0.5815 -0.6062 0.5426
vn 0.8092 -0.2632 0.5253
vn 0.5876 -0.5957 0.5477
vn 0.7622 -0.2774 0.5848
vn 0.8882 0.1961 0.4155
vn 0.7605 0.3688 0.5345
vn 0.8037 0.3483 0.4825
vn 0.7711 0.3539 0.5294
vn 0.7201 0.4352 0.5405
vn 0.6205 0.5375 0.5711
vn 0.9523 0.2714 0.1398
vn 0.9451 -0.1147 0.3061
vn 0.9490 -0.0143 0.3149
vn 0.9219 0.3173 0.2222
vn 0.9793 0.1453 0.1410
vn 0.9160 -0.3981 -0.0492
vn 0.9868 -0.1574 0.0380
vn 0.7372 -0.0428 0.6744
vn 0.8218 -0.0895 0.5627
vn 0.8579 -0.0548 0.5108
vn 0.9696 -0.1131 0.2169
vn 0.9998 -0.0085 0.0168
vn 0.5518 -0.5974 -0.5820
vn 0.3074 -0.7019 -0.6426
vn 0.4800 -0.6617 -0.5760
vn 0.9637 -0.2469 -0.1015
vn 0.9965 0.0810 -0.0187
vn 0.7596 -0.6120 -0.2201
vn 0.9486 0.3105 0.0615
vn 0.9083 0.4116 0.0746
vn 0.6746 -0.5125 -0.5312
vn 0.6244 -0.5649 -0.5394
vn 0.4248 -0.8070 -0.4102
vn 0.8079 -0.3986 -0.4341
vn 0.8254 -0.3116 -0.4708
vn 0.7712 0.6361 0.0266
vn 0.8413 0.5406 0.0076
vn 0.8638 0.5038 -0.0074
vn 0.9964 0.0803 -0.0275
vn 0.9742 0.2150 -0.0691
vn 0.9816 -0.1357 -0.1346
vn 0.9526 -0.1095 -0.2839
vn 0.8760 -0.3147 -0.3656
vn 0.8591 -0.4265 -0.2830
vn 0.8858 -0.2154 -0.4110
vn 0.1189 -0.9493 0.2910
vn 0.2834 -0.9413 0.1834
vn 0.2330 -0.9533 0.1923
vn 0.2491 -0.9553 0.1590
vn 0.1067 -0.9909 0.0816
vn 0.2887 -0.9536 0.0852
vn 0.2535 -0.9672 0.0162
vn 0.2758 -0.9597 -0.0542
vn -0.1496 -0.7886 -0.5964
vn -0.2383 -0.5637 -0.7909
vn -0.0976 -0.7977 -0.5952
vn 0.7938 0.0017 -0.6082
vn 0.4930 -0.1440 -0.8580
vn -0.2963 -0.4583 -0.8379
vn -0.2488 -0.3885 -0.8872
vn 0.5001 -0.1384 -0.8548
vn -0.3005 -0.3913 -0.8698
vn -0.3504 -0.3978 -0.8479
vn -0.2805 -0.3246 -0.9033
vn -0.2381 -0.2918 -0.9264
vn -0.0664 -0.2420 -0.9680
vn 0.2238 -0.9734 -0.0490
vn 0.6059 -0.6891 -0.3975
vn 0.0794 -0.9329 -0.3514
vn -0.0300 -0.8735 -0.4859
vn 0.0664 -0.8925 -0.4462
vn 0.6948 -0.6205 -0.3636
vn 0.7191 -0.5569 -0.4157
vn 0.6275 -0.5406 -0.5604
vn 0.8283 -0.2761 -0.4876
vn 0.5666 -0.5225 -0.6372
vn 0.5569 -0.4157 -0.7191
vn 0.6233 -0.4085 -0.6668
vn -0.2158 -0.2700 -0.9384
vn -0.2149 -0.2668 -0.9395
vn -0.8830 0.0338 -0.4681
vn -0.2656 0.9259 -0.2687
vn -0.3323 0.9358 -0.1177
vn -0.2904 0.9314 -0.2197
vn -0.8448 0.2340 -0.4812
vn -0.8741 0.2431 -0.4206
vn -0.8267 0.4422 -0.3478
vn -0.4093 0.9021 -0.1369
vn -0.8093 0.5071 -0.2964
vn -0.9138 0.2125 -0.3460
vn -0.8461 0.0501 -0.5307
vn -0.8923 -0.2163 -0.3964
vn -0.8271 -0.3976 -0.3972
vn -0.8172 -0.4415 -0.3706
vn -0.9982 -0.0450 -0.0399
vn -0.3111 0.9502 -0.0157
vn -0.2210 0.9732 0.0630
vn -0.9206 0.3665 -0.1346
vn -0.7897 0.6091 -0.0734
vn -0.9249 0.1237 -0.3594
vn -0.7600 -0.0412 -0.6486
vn -0.9889 0.0371 -0.1440
vn -0.9292 -0.2174 -0.2990
vn -0.9673 -0.2102 -0.1417
vn 0.2347 0.8621 0.4491
vn -0.0313 0.9366 0.3490
vn 0.1089 0.8616 0.4958
vn -0.1939 0.9586 0.2085
vn -0.1205 0.8971 0.4251
vn -0.7958 0.5914 0.1302
vn -0.8767 0.4540 0.1586
vn -0.6327 0.6216 0.4618
vn -0.9920 0.0846 0.0942
vn -0.9826 -0.1523 0.1063
vn -0.9549 -0.1546 0.2535
vn -0.9593 -0.0656 0.2747
vn -0.9343 -0.1328 0.3309
vn -0.0211 0.7554 0.6549
vn -0.5655 0.5567 0.6085
vn -0.3867 0.5630 0.7304
vn 0.3398 0.6700 0.6600
vn -0.4161 0.4524 0.7888
vn -0.9017 -0.1211 0.4151
vn 0.6508 -0.6770 0.3437
vn 0.7250 -0.6043 0.3305
vn 0.7721 -0.4880 0.4070
vn 0.8753 -0.3339 0.3498
vn 0.8844 -0.0681 0.4618
vn 0.7661 -0.6149 0.1871
vn 0.9096 0.0720 0.4092
vn 0.8760 0.2086 0.4348
vn 0.9949 0.0259 -0.0974
vn 0.8060 0.3660 0.4652
vn 0.9103 0.1141 0.3980
vn 0.8606 0.3339 0.3846
vn 0.6593 0.4364 0.6123
vn 0.8577 0.5013 0.1139
vn 0.8768 -0.1333 0.4621
vn 0.6440 0.0900 0.7597
vn 0.8200 -0.5512 0.1543
vn 0.6975 -0.7137 0.0642
vn 0.9693 -0.2048 0.1361
vn 0.9680 -0.0734 0.2401
vn 0.9770 -0.0192 0.2123
vn 0.9304 0.1224 0.3455
vn 0.9926 -0.1128 0.0439
vn 0.9349 -0.3525 -0.0421
vn 0.9824 -0.1849 -0.0278
vn 0.9873 -0.1570 -0.0247
vn 0.9057 -0.3793 -0.1891
vn 0.9631 -0.0281 -0.2677
vn -0.3727 -0.5237 -0.7661
vn -0.6446 -0.5766 -0.5021
vn -0.4649 -0.5284 -0.7104
vn -0.5278 -0.7577 -0.3839
vn -0.6538 -0.6694 -0.3526
vn -0.8357 -0.3466 -0.4261
vn -0.8327 -0.4091 -0.3732
vn -0.9038 0.0074 -0.4279
vn -0.7403 -0.6429 -0.1967
vn -0.4455 -0.8061 -0.3895
vn -0.7391 -0.5948 -0.3163
vn -0.8694 -0.4714 -0.1480
vn -0.5596 -0.5286 -0.6383
vn -0.6975 -0.5818 -0.4183
vn -0.8580 -0.3906 -0.3334
vn -0.7693 -0.4866 -0.4140
vn -0.6438 -0.5995 -0.4756
vn -0.8312 -0.5558 -0.0171
vn -0.5124 -0.4926 -0.7034
vn -0.5113 -0.4914 -0.7051
vn -0.6183 -0.4782 -0.6237
vn -0.6372 -0.4729 -0.6085
vn -0.7013 -0.4488 -0.5539
vn -0.6949 -0.4009 -0.5969
vn -0.7305 -0.4652 -0.4999
vn -0.7670 -0.4972 -0.4056
vn -0.7405 -0.3855 -0.5505
vn -0.8019 -0.4166 -0.4284
vn -0.1502 -0.8249 -0.5450
vn -0.9398 -0.2780 -0.1987
vn -0.4102 -0.2566 -0.8752
vn -0.4600 -0.5166 -0.7222
vn 0.0810 -0.8908 -0.4471
vn -0.5666 -0.6157 -0.5477
vn -0.6411 -0.6829 -0.3502
vn -0.1596 -0.8320 -0.5313
vn -0.3497 -0.8618 -0.3675
vn -0.9004 -0.4182 0.1201
vn -0.8856 -0.4492 0.1182
vn -0.8597 -0.4938 -0.1310
vn -0.6241 -0.7765 0.0871
vn -0.5913 -0.7730 -0.2298
vn -0.5696 -0.7676 0.2939
vn -0.5926 -0.7489 0.2967
vn -0.6211 0.7724 -0.1328
vn -0.6979 -0.6905 -0.1902
vn -0.7519 -0.6472 0.1256
vn -0.7485 -0.5570 0.3598
vn -0.8301 -0.5387 0.1436
vn -0.2708 -0.4864 -0.8307
vn -0.2390 -0.5237 -0.8177
vn -0.3071 -0.3608 -0.8806
vn -0.2345 -0.5522 -0.8001
vn -0.7484 -0.4867 -0.4506
vn -0.3146 -0.5897 -0.7438
vn -0.8194 -0.3103 -0.4820
vn -0.6231 -0.4113 -0.6653
vn -0.7055 -0.2231 -0.6727
vn -0.5973 -0.4834 -0.6399
vn 0.2144 -0.0817 -0.9733
vn -0.8362 -0.3462 -0.4252
vn -0.2798 -0.8588 -0.4292
vn -0.3698 -0.7477 -0.5515
vn -0.4271 -0.6761 -0.6004
vn -0.6543 -0.4835 -0.5815
vn -0.9426 -0.1397 -0.3033
vn -0.7350 -0.1529 -0.6606
vn -0.6190 -0.1584 -0.7693
vn -0.6290 -0.1283 -0.7668
vn -0.8182 -0.1385 -0.5580
vn -0.7656 -0.0436 -0.6419
vn -0.1382 -0.7540 -0.6421
vn -0.6317 -0.4291 -0.6456
vn -0.6875 0.0196 -0.7259
vn -0.8372 0.3592 -0.4125
vn -0.7830 0.1930 -0.5914
vn -0.9518 0.0061 -0.3067
vn -0.8691 -0.1567 -0.4692
vn -0.9529 -0.1888 -0.2372
vn -0.8323 -0.5156 -0.2038
vn -0.8702 0.1718 -0.4618
vn -0.6249 -0.5209 -0.5815
vn -0.9809 -0.0749 -0.1797
vn -0.4504 0.1433 -0.8812
vn -0.7935 -0.0606 -0.6055
vn -0.8266 -0.4069 -0.3888
vn -0.8285 -0.1040 -0.5502
vn -0.8538 -0.0698 -0.5159
vn -0.8835 -0.3919 -0.2567
vn -0.9582 0.0765 -0.2757
vn -0.9128 -0.0141 -0.4083
vn -0.9651 0.2615 -0.0110
vn -0.8297 -0.3753 -0.4131
vn -0.8426 -0.1695 -0.5112
vn -0.8032 -0.1927 -0.5636
vn -0.8702 -0.1542 -0.4680
vn -0.5931 -0.5526 -0.5855
vn -0.7051 -0.4620 -0.5379
vn -0.7952 -0.2908 -0.5320
vn -0.8740 -0.1563 -0.4600
vn -0.9381 -0.1330 -0.3199
vn -0.9451 -0.1509 -0.2898
vn -0.9372 -0.1484 -0.3158
vn -0.7186 -0.2254 -0.6579
vn -0.9542 -0.1694 -0.2467
vn -0.6031 -0.7556 -0.2556
vn -0.9564 -0.2129 -0.2000
vn -0.8001 -0.0883 -0.5934
vn -0.5928 0.2151 -0.7761
vn -0.2312 0.5547 -0.7993
vn -0.5048 0.4438 -0.7404
vn -0.2711 0.5436 -0.7944
vn -0.5053 0.4913 -0.7094
vn -0.7355 -0.0171 -0.6773
vn -0.5392 -0.5429 -0.6438
vn -0.6055 -0.5476 -0.5775
vn -0.6924 -0.4104 -0.5935
vn -0.7390 0.4562 -0.4958
vn -0.7657 0.4580 -0.4516
vn -0.9138 -0.2863 -0.2880
vn -0.8152 -0.5521 -0.1747
vn -0.8688 -0.3820 -0.3151
vn -0.7797 -0.4626 -0.4219
vn -0.8350 -0.4244 -0.3501
vn -0.8255 -0.1375 -0.5474
vn -0.8172 -0.3642 -0.4468
vn -0.9507 -0.0474 -0.3064
vn -0.8680 -0.0527 -0.4938
vn -0.8880 -0.1298 -0.4410
vn -0.1920 -0.9406 -0.2799
vn -0.0081 -0.9057 -0.4239
vn -0.4085 -0.4759 -0.7789
vn -0.3539 -0.9011 -0.2507
vn -0.1387 -0.5917 -0.7941
vn -0.3879 -0.5341 -0.7512
vn -0.3295 0.2341 -0.9147
vn -0.3561 0.2007 -0.9126
vn -0.6081 -0.5484 -0.5740
vn -0.4938 -0.6103 -0.6194
vn -0.5878 -0.5582 -0.5856
vn -0.7264 -0.5098 -0.4610
vn -0.6723 -0.6602 -0.3349
vn -0.9287 -0.3306 -0.1682
vn -0.8290 0.4374 -0.3485
vn -0.8567 -0.4487 -0.2543
vn -0.6635 -0.4911 -0.5645
vn -0.6351 -0.5693 -0.5221
vn -0.7842 -0.4920 -0.3782
vn -0.8710 -0.4343 -0.2298
vn -0.6571 -0.5816 -0.4796
vn -0.7667 -0.5279 -0.3653
vn -0.6617 -0.5909 -0.4614
vn -0.5434 -0.8101 0.2202
vn -0.2047 -0.9651 0.1636
vn -0.5005 -0.8570 0.1228
vn -0.5868 -0.6977 0.4108
vn -0.3612 -0.7693 0.5269
vn -0.9456 -0.3027 0.1194
vn -0.1953 -0.8092 0.5541
vn -0.1044 -0.8136 -0.5720
vn -0.0372 -0.7946 0.6060
vn -0.7597 -0.5710 -0.3113
vn 0.6372 0.7405 0.2135
vn 0.0745 0.9772 -0.1988
vn 0.5307 0.8250 -0.1940
vn 0.1359 0.9718 -0.1927
vn 0.2756 0.8032 -0.5282
vn 0.3139 0.8042 -0.5046
vn 0.7174 0.6856 0.1237
vn 0.2831 0.8078 0.5171
vn 0.0870 0.8083 -0.5824
vn -0.1519 -0.4311 -0.8894
vn 0.2860 -0.1875 -0.9397
vn 0.4309 -0.1031 -0.8965
vn 0.4758 -0.0654 -0.8771
vn 0.4470 -0.0931 -0.8897
vn 0.3114 -0.1736 -0.9343
vn 0.1525 -0.5349 -0.8310
vn -0.2900 -0.6269 -0.7232
vn -0.1846 -0.1766 -0.9668
vn 0.3255 0.6756 -0.6615
vn 0.1598 -0.0681 -0.9848
vn 0.1964 0.5320 -0.8237
vn -0.4639 -0.5543 -0.6910
vn -0.2032 0.5287 -0.8242
vn -0.1003 0.7330 -0.6728
vn -0.3205 0.6453 -0.6935
vn -0.1563 -0.5525 -0.8187
vn -0.2518 -0.2358 -0.9386
vn 0.1596 -0.3679 -0.9161
vn -0.1174 -0.1238 -0.9853
vn 0.1145 -0.4135 -0.9033
vn -0.3105 -0.3489 -0.8842
vn -0.4189 0.7111 -0.5647
vn -0.4742 0.5517 -0.6861
vn -0.4724 0.5966 -0.6488
vn -0.5523 -0.4285 -0.7151
vn -0.4537 -0.8163 -0.3576
vn -0.4491 -0.1039 -0.8874
vn -0.5032 -0.3245 -0.8009
vn -0.5698 -0.7614 -0.3093
vn -0.5217 -0.5767 -0.6287
vn -0.2769 -0.2564 -0.9260
vn -0.1971 -0.2133 -0.9569
vn -0.1043 -0.1525 -0.9828
vn -0.1500 -0.0825 -0.9852
vn -0.3077 -0.3715 -0.8760
vn -0.0425 -0.3901 -0.9198
vn 0.2475 -0.1444 0.9581
vn 0.4431 -0.3669 0.8180
vn 0.2816 -0.0077 0.9595
vn -0.0347 -0.0754 0.9966
vn 0.0169 -0.3329 0.9428
vn 0.0259 -0.5424 0.8397
vn 0.2399 -0.4098 0.8801
vn 0.4098 -0.4792 0.7762
vn 0.7328 -0.3668 0.5731
vn 0.8052 -0.3312 0.4919
vn 0.9327 -0.2803 0.2268
vn 0.7446 0.3714 -0.5547
vn 0.5423 -0.6857 -0.4854
vn 0.4070 -0.6941 -0.5937
vn 0.8400 -0.5367 -0.0797
vn 0.4444 -0.7927 -0.4173
vn -0.2882 -0.9404 0.1806
vn -0.4774 -0.8785 -0.0181
vn -0.7223 -0.6875 0.0752
vn -0.9020 -0.4122 -0.1286
vn -0.9258 -0.2974 -0.2332
vn -0.5808 -0.7446 -0.3291
vn -0.0186 -0.8140 -0.5805
vn -0.5388 -0.6825 -0.4939
vn -0.2729 -0.8056 -0.5259
vn -0.9569 0.1582 -0.2436
vn 0.0413 -0.9112 -0.4099
vn 0.0843 -0.8499 -0.5202
vn 0.2533 -0.7013 -0.6663
vn -0.2753 -0.9086 -0.3140
vn -0.3658 -0.8944 -0.2574
vn -0.4115 -0.8843 -0.2205
vn -0.4136 -0.8844 -0.2161
vn -0.7751 0.0350 -0.6309
vn -0.8845 0.0880 -0.4583
vn -0.6732 -0.2868 -0.6815
vn -0.9090 -0.0164 -0.4165
vn -0.5149 -0.4517 -0.7286
vn -0.6512 -0.0581 -0.7567
vn -0.9149 -0.0451 0.4011
vn -0.9350 0.2082 0.2871
vn -0.9378 0.1429 0.3163
vn -0.9190 -0.0496 0.3912
vn -0.8555 0.5083 0.0990
vn -0.4681 -0.3929 -0.7915
vn -0.7008 0.1273 -0.7020
vn -0.3940 -0.2007 -0.8969
vn -0.6541 0.2773 -0.7038
vn -0.0063 -0.8231 -0.5679
vn -0.5622 -0.0526 -0.8253
vn -0.4699 -0.4252 -0.7735
vn -0.4386 0.0303 -0.8982
vn -0.4861 -0.0499 -0.8725
vn -0.7755 -0.5307 -0.3421
vn -0.3499 0.7800 0.5188
vn -0.5707 0.6915 0.4429
vn -0.7853 0.5507 0.2829
vn 0.1327 0.5578 0.8193
vn 0.2041 0.7210 0.6622
vn 0.1510 0.9275 0.3418
vn 0.3530 0.3362 0.8731
vn 0.4384 0.8531 0.2827
vn 0.3776 0.9097 0.1725
vn -0.9568 -0.0399 -0.2881
vn -0.9378 -0.1734 -0.3007
vn -0.9168 -0.0340 -0.3979
vn -0.9737 0.0628 -0.2190
vn -0.8945 0.0877 -0.4385
vn -0.7444 0.0848 -0.6624
vn -0.7649 0.0392 -0.6430
vn -0.6439 0.1904 -0.7410
vn -0.5762 0.1768 -0.7980
vn -0.6191 0.0015 -0.7853
vn -0.7490 -0.1173 -0.6521
vn -0.5176 -0.5668 -0.6410
vn -0.1699 0.2765 -0.9459
vn -0.2212 0.0712 -0.9726
vn -0.0456 -0.1104 -0.9928
vn 0.1710 0.0235 -0.9850
vn -0.3755 0.0093 -0.9268
vn 0.0643 -0.0709 -0.9954
vn 0.3671 -0.4578 -0.8097
vn 0.5312 0.0505 -0.8457
vn 0.3632 0.1092 -0.9253
vn 0.5191 0.0643 -0.8523
vn 0.9213 -0.1066 -0.3739
vn -0.9006 -0.1660 -0.4016
vn -0.9494 -0.3055 -0.0724
vn -0.8022 -0.3415 -0.4897
vn -0.9097 -0.0922 -0.4049
vn -0.8134 -0.1382 -0.5650
vn -0.6165 -0.3612 -0.6996
vn -0.6934 -0.4651 -0.5504
vn -0.6845 -0.4818 -0.5471
vn -0.7082 -0.4521 -0.5423
vn -0.6802 -0.0464 -0.7315
vn -0.6071 -0.1483 -0.7807
vn -0.6323 -0.1742 -0.7549
vn -0.5040 -0.1494 -0.8507
vn -0.7886 0.2411 -0.5656
vn -0.5368 -0.4484 -0.7147
vn -0.4344 -0.4518 -0.7792
vn -0.5612 -0.5204 -0.6436
vn -0.3728 -0.3907 -0.8417
vn -0.1991 -0.6092 -0.7676
vn -0.3240 -0.4382 -0.8385
vn -0.3069 -0.1811 -0.9343
vn -0.1277 -0.1650 -0.9780
vn 0.0522 -0.1123 -0.9923
vn -0.0054 -0.0880 -0.9961
vn 0.3497 -0.0706 -0.9342
vn 0.2837 -0.1755 -0.9427
vn 0.3609 -0.2033 -0.9102
vn -0.1852 0.3109 -0.9322
vn -0.0503 -0.4590 -0.8870
vn 0.6110 -0.1871 -0.7692
vn 0.5985 -0.1590 -0.7852
vn -0.6285 -0.4639 -0.6243
vn -0.3714 -0.4874 -0.7903
vn -0.4475 -0.3806 -0.8093
vn -0.3008 -0.5701 -0.7645
vn 0.2549 -0.3828 0.8880
vn -0.0219 -0.0867 0.9960
vn 0.3981 -0.1508 0.9048
vn 0.1723 -0.0256 0.9847
vn -0.0248 0.1883 0.9818
vn -0.2184 -0.5631 0.7970
vn 0.4215 -0.0006 0.9068
vn 0.1957 -0.1067 0.9748
vn -0.3436 -0.0760 0.9360
vn -0.4418 -0.0958 0.8920
vn -0.5489 -0.0099 0.8358
vn -0.1424 0.3234 0.9355
vn -0.2667 -0.7733 0.5753
vn 0.1483 0.8163 0.5583
vn 0.3606 0.6726 0.6462
vn 0.4306 0.7359 0.5225
vn 0.3393 0.1216 0.9328
vn 0.3162 0.0690 0.9462
vn 0.3452 0.1190 0.9310
vn 0.1090 0.1522 0.9823
vn 0.6564 -0.4628 0.5958
vn 0.5361 -0.4486 0.7151
vn 0.5360 -0.4486 0.7152
vn 0.3614 -0.4120 0.8365
vn 0.3805 -0.0004 0.9248
vn 0.0619 0.8265 0.5596
vn 0.1296 -0.3596 0.9241
vn -0.0077 0.8816 0.4719
vn -0.1243 0.1257 0.9843
vn -0.2792 0.1003 0.9550
vn -0.4872 0.1259 0.8642
vn -0.3565 0.1414 0.9235
vn -0.4737 0.1478 0.8682
vn -0.7801 0.0580 0.6230
vn -0.5816 0.0893 0.8086
vn -0.6980 0.0461 0.7146
vn -0.0607 -0.3484 -0.9354
vn 0.3676 -0.3239 -0.8717
vn 0.2866 -0.3690 -0.8841
vn -0.0907 -0.3925 -0.9153
vn -0.0173 -0.3640 -0.9312
vn 0.1277 -0.7324 -0.6688
vn 0.3290 -0.0227 -0.9440
vn 0.4824 -0.2258 -0.8464
vn 0.5304 -0.2327 -0.8152
vn 0.5641 -0.1832 -0.8051
vn 0.5221 -0.3170 -0.7918
vn -0.3118 -0.4104 -0.8569
vn -0.2680 -0.3587 -0.8942
vn -0.1229 -0.3668 -0.9221
vn -0.0900 -0.3667 -0.9260
vn 0.3677 -0.2869 -0.8846
vn 0.4891 -0.2921 -0.8218
vn 0.2662 0.3509 -0.8978
vn 0.2736 0.3669 -0.8891
vn 0.3573 0.3421 -0.8691
vn 0.3439 0.3480 -0.8721
vn 0.6206 0.3345 -0.7092
vn 0.2679 0.3752 -0.8874
vn 0.5445 -0.7140 -0.4402
vn 0.6387 -0.4333 -0.6358
vn 0.7619 -0.3172 -0.5647
vn 0.4606 -0.8337 -0.3046
vn 0.7421 0.2033 -0.6387
vn 0.8432 0.2897 -0.4529
vn 0.9003 0.0296 -0.4342
vn 0.8702 0.3331 -0.3630
vn 0.7803 0.4134 -0.4692
vn 0.8736 0.2553 -0.4142
vn 0.9140 0.2083 -0.3481
vn 0.9123 0.2307 -0.3384
vn 0.2168 -0.9613 -0.1702
vn 0.6484 0.4988 -0.5751
vn 0.8210 0.5276 -0.2180
vn 0.8216 0.5291 -0.2121
vn 0.4936 -0.2712 -0.8263
vn 0.4930 0.2592 -0.8305
vn 0.6074 0.2282 -0.7609
vn 0.5679 -0.5613 -0.6020
vn 0.4388 0.5839 0.6830
vn 0.4073 0.5236 0.7483
vn 0.5941 0.8018 0.0640
vn 0.1775 0.3097 0.9341
vn 0.5355 0.1730 0.8267
vn 0.2355 -0.0267 0.9715
vn 0.1283 -0.3098 0.9421
vn 0.1603 -0.6909 0.7049
vn 0.0111 -0.2934 0.9559
vn 0.1084 -0.6489 0.7531
vn -0.1726 0.2060 0.9632
vn -0.2849 0.2405 0.9279
vn -0.1386 0.0402 0.9895
vn 0.2629 0.6753 0.6891
vn 0.2549 0.5610 0.7876
vn 0.3748 0.5598 0.7390
vn 0.5243 0.6956 0.4911
vn 0.0883 0.9789 0.1842
vn 0.0884 0.9365 -0.3394
vn 0.1471 0.9065 -0.3957
vn 0.1472 0.9065 -0.3957
vn 0.1755 0.8894 -0.4221
vn 0.9325 0.3609 -0.0103
vn 0.8874 0.4592 0.0403
vn 0.9290 0.3694 0.0200
vn 0.8148 0.5175 0.2613
vt 0.465753 0.328710
vt 0.470427 0.309303
vt 0.449158 0.308400
vt 0.471277 0.330062
vt 0.448278 0.331175
vt 0.471330 0.301660
vt 0.450492 0.303939
vt 0.478085 0.324593
vt 0.479463 0.310378
vt 0.486053 0.330581
vt 0.523712 0.303403
vt 0.435590 0.314160
vt 0.440846 0.326630
vt 0.563336 0.323649
vt 0.517184 0.331341
vt 0.525399 0.328817
vt 0.551787 0.302360
vt 0.565835 0.329717
vt 0.573935 0.330453
vt 0.608673 0.310172
vt 0.577846 0.304209
vt 0.608734 0.327814
vt 0.597825 0.302720
vt 0.616131 0.306042
vt 0.618645 0.329463
vt 0.638016 0.326690
vt 0.634083 0.306729
vt 0.637176 0.331222
vt 0.626776 0.304533
vt 0.638728 0.312233
vt 0.030525 0.640944
vt 0.023394 0.624923
vt 0.029184 0.627193
vt 0.023844 0.643859
vt 0.012006 0.644661
vt 0.007494 0.632633
vt 0.003831 0.609017
vt 0.030966 0.654357
vt 0.003297 0.561339
vt 0.027222 0.548702
vt 0.002688 0.585257
vt 0.030131 0.590670
vt 0.004214 0.510370
vt 0.022437 0.485600
vt 0.026478 0.510113
vt 0.030520 0.470500
vt 0.006258 0.488637
vt 0.007519 0.485259
vt 0.024753 0.470930
vt 0.030966 0.465975
vt 0.488622 0.840302
vt 0.461318 0.858272
vt 0.490838 0.825292
vt 0.490601 0.793443
vt 0.474696 0.859535
vt 0.465244 0.864239
vt 0.434661 0.866892
vt 0.426053 0.862290
vt 0.445010 0.847068
vt 0.418575 0.869295
vt 0.387201 0.859898
vt 0.456453 0.797421
vt 0.424409 0.818560
vt 0.420589 0.823199
vt 0.413204 0.823352
vt 0.422114 0.818012
vt 0.471876 0.805832
vt 0.981525 0.826971
vt 0.989678 0.830259
vt 0.940958 0.827840
vt 0.412864 0.814905
vt 0.424650 0.762347
vt 0.393359 0.784511
vt 0.440746 0.759092
vt 0.372305 0.841081
vt 0.385185 0.822090
vt 0.374323 0.851479
vt 0.362198 0.839458
vt 0.357700 0.826097
vt 0.359392 0.715285
vt 0.399067 0.766111
vt 0.381915 0.763302
vt 0.349862 0.791865
vt 0.349878 0.811272
vt 0.350666 0.782107
vt 0.350865 0.743186
vt 0.374484 0.115223
vt 0.404209 0.119917
vt 0.384156 0.114108
vt 0.423322 0.114108
vt 0.490917 0.744219
vt 0.489585 0.736153
vt 0.486750 0.716668
vt 0.619992 0.207054
vt 0.585054 0.204517
vt 0.604702 0.202905
vt 0.440342 0.740430
vt 0.429173 0.750236
vt 0.415545 0.754809
vt 0.423507 0.746851
vt 0.409675 0.742915
vt 0.424144 0.739338
vt 0.436521 0.726324
vt 0.411019 0.733293
vt 0.433910 0.695572
vt 0.421867 0.720034
vt 0.424218 0.710483
vt 0.410533 0.707498
vt 0.424646 0.699472
vt 0.629645 0.204039
vt 0.485882 0.691819
vt 0.476621 0.675982
vt 0.431483 0.668465
vt 0.417632 0.683303
vt 0.406885 0.751177
vt 0.399180 0.746608
vt 0.401140 0.721639
vt 0.408286 0.718325
vt 0.398290 0.714939
vt 0.408951 0.694779
vt 0.388270 0.701957
vt 0.401065 0.704130
vt 0.441371 0.117389
vt 0.348992 0.725152
vt 0.351585 0.710502
vt 0.359732 0.698980
vt 0.405282 0.682242
vt 0.394358 0.676727
vt 0.367465 0.689712
vt 0.461491 0.494988
vt 0.424395 0.494396
vt 0.431718 0.511920
vt 0.484696 0.510555
vt 0.473967 0.501656
vt 0.488697 0.524292
vt 0.473087 0.550693
vt 0.485087 0.580793
vt 0.427337 0.530639
vt 0.445901 0.561619
vt 0.451769 0.565191
vt 0.446565 0.564006
vt 0.411832 0.548342
vt 0.444284 0.560603
vt 0.761256 0.250207
vt 0.762384 0.249068
vt 0.762593 0.249913
vt 0.443626 0.562810
vt 0.761256 0.247718
vt 0.444716 0.562970
vt 0.381499 0.432655
vt 0.382114 0.431524
vt 0.382742 0.432780
vt 0.382742 0.422812
vt 0.382028 0.421992
vt 0.440355 0.570669
vt 0.367411 0.542419
vt 0.385538 0.543257
vt 0.392591 0.589936
vt 0.389066 0.559527
vt 0.467275 0.587180
vt 0.444825 0.601893
vt 0.448230 0.571301
vt 0.452584 0.621425
vt 0.466385 0.612846
vt 0.444845 0.572058
vt 0.442653 0.571309
vt 0.441327 0.570523
vt 0.412018 0.590794
vt 0.430673 0.626606
vt 0.372320 0.631120
vt 0.379034 0.577509
vt 0.374784 0.593899
vt 0.382083 0.492531
vt 0.343759 0.495050
vt 0.377128 0.553783
vt 0.373351 0.560442
vt 0.382256 0.568472
vt 0.372923 0.576367
vt 0.364645 0.557807
vt 0.360722 0.549896
vt 0.360333 0.573037
vt 0.335074 0.510416
vt 0.322922 0.549428
vt 0.347097 0.562242
vt 0.325605 0.552686
vt 0.337418 0.558592
vt 0.334809 0.573732
vt 0.306937 0.506523
vt 0.296199 0.531117
vt 0.303891 0.548390
vt 0.308963 0.568140
vt 0.296124 0.555680
vt 0.366440 0.579597
vt 0.353291 0.584533
vt 0.341149 0.624501
vt 0.345749 0.575748
vt 0.335633 0.585728
vt 0.322309 0.575879
vt 0.327380 0.582188
vt 0.339278 0.600235
vt 0.328972 0.594570
vt 0.309793 0.600224
vt 0.324023 0.620375
vt 0.337545 0.628000
vt 0.308600 0.579300
vt 0.822813 0.551983
vt 0.821070 0.572610
vt 0.816843 0.558990
vt 0.815921 0.545386
vt 0.817689 0.539834
vt 0.271581 0.596597
vt 0.270258 0.590076
vt 0.281049 0.606833
vt 0.815620 0.541448
vt 0.281756 0.596125
vt 0.285453 0.597040
vt 0.296036 0.602864
vt 0.834789 0.552700
vt 0.839378 0.564692
vt 0.816903 0.581998
vt 0.263006 0.574954
vt 0.840267 0.578434
vt 0.821799 0.595601
vt 0.265508 0.568368
vt 0.272062 0.564169
vt 0.272800 0.580324
vt 0.275070 0.579510
vt 0.452106 0.980498
vt 0.436509 0.982678
vt 0.451549 0.984734
vt 0.662320 0.086246
vt 0.656865 0.088360
vt 0.668284 0.090020
vt 0.272270 0.557836
vt 0.440695 0.987779
vt 0.446529 0.987778
vt 0.657297 0.105140
vt 0.652452 0.107541
vt 0.836756 0.605153
vt 0.255607 0.562078
vt 0.256931 0.551363
vt 0.258367 0.557898
vt 0.821160 0.618574
vt 0.819588 0.606141
vt 0.841866 0.633696
vt 0.818482 0.599404
vt 0.812964 0.587837
vt 0.263097 0.550945
vt 0.255630 0.538997
vt 0.430124 0.983367
vt 0.652000 0.087941
vt 0.626354 0.088168
vt 0.404703 0.982676
vt 0.415182 0.989627
vt 0.631559 0.103166
vt 0.643562 0.113276
vt 0.275467 0.532646
vt 0.269240 0.534814
vt 0.658737 0.119113
vt 0.662185 0.117559
vt 0.655191 0.120998
vt 0.649611 0.120407
vt 0.037572 0.594606
vt 0.033443 0.595305
vt 0.037572 0.600415
vt 0.938275 0.578838
vt 0.941784 0.580600
vt 0.941784 0.587137
vt 0.643293 0.116021
vt 0.634377 0.119595
vt 0.861685 0.000415
vt 0.861685 0.016257
vt 0.854253 0.011295
vt 0.630534 0.111641
vt 0.623181 0.120758
vt 0.601793 0.112430
vt 0.629832 0.125318
vt 0.627473 0.125401
vt 0.621828 0.128585
vt 0.609710 0.126378
vt 0.294385 0.519948
vt 0.290256 0.516003
vt 0.290631 0.504998
vt 0.293057 0.506801
vt 0.270109 0.524874
vt 0.839373 0.658378
vt 0.824304 0.653578
vt 0.265873 0.509845
vt 0.257798 0.504413
vt 0.835611 0.661706
vt 0.271434 0.499841
vt 0.382475 0.988096
vt 0.289557 0.495416
vt 0.380106 0.986414
vt 0.596655 0.109513
vt 0.593923 0.087709
vt 0.364575 0.980498
vt 0.288813 0.493494
vt 0.371729 0.985421
vt 0.583283 0.085892
vt 0.591570 0.086383
vt 0.596086 0.111466
vt 0.579846 0.108582
vt 0.831741 0.671690
vt 0.824170 0.675999
vt 0.264825 0.483302
vt 0.274959 0.480265
vt 0.833342 0.679479
vt 0.281129 0.479253
vt 0.366817 0.982388
vt 0.572010 0.087281
vt 0.294883 0.485283
vt 0.292646 0.491468
vt 0.018580 0.676317
vt 0.020231 0.681743
vt 0.020231 0.673444
vt 0.572740 0.101795
vt 0.613983 0.142462
vt 0.600254 0.142745
vt 0.451280 0.288382
vt 0.449559 0.281743
vt 0.442197 0.281743
vt 0.587589 0.116508
vt 0.593076 0.117659
vt 0.589653 0.141182
vt 0.628143 0.145643
vt 0.594006 0.138181
vt 0.764244 0.094448
vt 0.768373 0.090826
vt 0.768373 0.101660
vt 0.570190 0.135679
vt 0.581748 0.117082
vt 0.575270 0.116714
vt 0.570757 0.114362
vt 0.873220 0.108301
vt 0.876548 0.107739
vt 0.871223 0.121109
vt 0.850465 0.123833
vt 0.868819 0.122404
vt 0.872779 0.143370
vt 0.849298 0.113773
vt 0.855628 0.119681
vt 0.850199 0.153319
vt 0.853798 0.168518
vt 0.864501 0.181183
vt 0.876435 0.156515
vt 0.854452 0.199637
vt 0.876548 0.195127
vt 0.871603 0.208614
vt 0.853546 0.214400
vt 0.870634 0.221715
vt 0.853242 0.230940
vt 0.866465 0.230395
vt 0.032064 0.284498
vt 0.018583 0.285892
vt 0.034269 0.271652
vt 0.868722 0.234440
vt 0.016258 0.282308
vt 0.012828 0.273340
vt 0.012788 0.254963
vt 0.007911 0.265749
vt 0.030675 0.256154
vt 0.030065 0.206418
vt 0.033136 0.236840
vt 0.007019 0.251379
vt 0.009374 0.237195
vt 0.015065 0.194884
vt 0.033331 0.168867
vt 0.033589 0.153937
vt 0.016101 0.169439
vt 0.023248 0.147461
vt 0.028472 0.143154
vt 0.016699 0.148022
vt 0.018639 0.143383
vt 0.883576 0.689321
vt 0.888919 0.712309
vt 0.876686 0.711205
vt 0.895087 0.680083
vt 0.892670 0.691412
vt 0.898018 0.691504
vt 0.877171 0.724904
vt 0.889851 0.745876
vt 0.111299 0.784978
vt 0.127231 0.778693
vt 0.099891 0.780337
vt 0.876243 0.763125
vt 0.893550 0.763749
vt 0.891065 0.780526
vt 0.873630 0.777200
vt 0.887514 0.788589
vt 0.876463 0.789877
vt 0.880010 0.802183
vt 0.893881 0.802796
vt 0.037126 0.722277
vt 0.036626 0.731197
vt 0.050092 0.713467
vt 0.032880 0.748120
vt 0.054218 0.726108
vt 0.896262 0.811425
vt 0.066164 0.721223
vt 0.887818 0.808557
vt 0.071623 0.707819
vt 0.057417 0.707959
vt 0.084455 0.721561
vt 0.087641 0.722893
vt 0.085664 0.706004
vt 0.105868 0.764385
vt 0.104766 0.768773
vt 0.106534 0.751044
vt 0.104455 0.742279
vt 0.102515 0.713774
vt 0.124695 0.712477
vt 0.877348 0.552161
vt 0.870282 0.548225
vt 0.881503 0.552282
vt 0.875237 0.545050
vt 0.857783 0.527179
vt 0.861787 0.520373
vt 0.853416 0.508787
vt 0.867167 0.524808
vt 0.863060 0.509475
vt 0.853797 0.494065
vt 0.864173 0.489073
vt 0.866427 0.477170
vt 0.850124 0.483300
vt 0.123580 0.769456
vt 0.123536 0.761876
vt 0.128598 0.746303
vt 0.135963 0.736037
vt 0.142702 0.718807
vt 0.149272 0.727015
vt 0.174135 0.716307
vt 0.174750 0.730718
vt 0.176862 0.730643
vt 0.152161 0.704365
vt 0.127212 0.702490
vt 0.173347 0.708352
vt 0.185793 0.716920
vt 0.863323 0.420178
vt 0.867505 0.417842
vt 0.871194 0.417893
vt 0.871730 0.426813
vt 0.852065 0.457609
vt 0.857674 0.430452
vt 0.181124 0.735036
vt 0.184964 0.738007
vt 0.876236 0.436886
vt 0.881503 0.427316
vt 0.182787 0.718675
vt 0.186130 0.727076
vt 0.856363 0.459045
vt 0.778467 0.197925
vt 0.772614 0.207810
vt 0.769594 0.200516
vt 0.797559 0.207017
vt 0.786385 0.209539
vt 0.296954 0.456358
vt 0.304592 0.474499
vt 0.319734 0.468882
vt 0.316666 0.483261
vt 0.280520 0.456247
vt 0.275931 0.470873
vt 0.323287 0.482993
vt 0.818504 0.205741
vt 0.823699 0.204225
vt 0.268229 0.452893
vt 0.258098 0.469583
vt 0.262172 0.475858
vt 0.246578 0.451037
vt 0.223246 0.454158
vt 0.916185 0.568002
vt 0.921197 0.569935
vt 0.940141 0.567220
vt 0.949216 0.570580
vt 0.228293 0.464293
vt 0.241270 0.481459
vt 0.221720 0.473679
vt 0.212308 0.461314
vt 0.215894 0.474108
vt 0.255875 0.482376
vt 0.254528 0.484181
vt 0.239402 0.510023
vt 0.219161 0.523053
vt 0.203765 0.488152
vt 0.236715 0.515495
vt 0.229960 0.527325
vt 0.224600 0.538259
vt 0.214512 0.452314
vt 0.190987 0.452508
vt 0.199569 0.467290
vt 0.208358 0.466886
vt 0.210761 0.477847
vt 0.199871 0.473614
vt 0.198225 0.484089
vt 0.178358 0.458785
vt 0.189334 0.471182
vt 0.171658 0.454297
vt 0.176782 0.470278
vt 0.144815 0.459141
vt 0.151821 0.452501
vt 0.173899 0.477607
vt 0.152833 0.471334
vt 0.040867 0.107683
vt 0.044193 0.107823
vt 0.032674 0.109343
vt 0.028293 0.120447
vt 0.198217 0.513490
vt 0.189331 0.497325
vt 0.179930 0.482062
vt 0.202579 0.507415
vt 0.204287 0.529116
vt 0.045228 0.095733
vt 0.055739 0.091580
vt 0.050023 0.095955
vt 0.180046 0.483288
vt 0.615489 0.468465
vt 0.616565 0.469165
vt 0.623865 0.469295
vt 0.040467 0.092281
vt 0.035552 0.096441
vt 0.028380 0.088223
vt 0.040995 0.058768
vt 0.054480 0.071091
vt 0.020448 0.100169
vt 0.053129 0.048548
vt 0.031532 0.062993
vt 0.018214 0.087054
vt 0.008944 0.093826
vt 0.013124 0.076436
vt 0.013566 0.067356
vt 0.011162 0.063224
vt 0.140680 0.457168
vt 0.018615 0.121691
vt 0.139681 0.474531
vt 0.009313 0.123038
vt 0.135187 0.464300
vt 0.018178 0.125726
vt 0.004211 0.119266
vt 0.012744 0.107039
vt 0.119574 0.485328
vt 0.111891 0.489640
vt 0.001677 0.103890
vt 0.004011 0.079310
vt 0.061999 0.210962
vt 0.055588 0.203931
vt 0.069698 0.206473
vt 0.042396 0.212033
vt 0.047961 0.194593
vt 0.066268 0.188600
vt 0.034269 0.202961
vt 0.049439 0.186225
vt 0.037792 0.187615
vt 0.072254 0.202654
vt 0.071048 0.183326
vt 0.062327 0.178590
vt 0.072254 0.176802
vt 0.059109 0.172199
vt 0.346139 0.966815
vt 0.344756 0.971785
vt 0.378109 0.971795
vt 0.392173 0.967421
vt 0.418091 0.968886
vt 0.434101 0.966654
vt 0.442575 0.968813
vt 0.466593 0.965146
vt 0.474099 0.977608
vt 0.473126 0.985526
vt 0.478333 0.983569
vt 0.511999 0.965714
vt 0.482852 0.969389
vt 0.501193 0.971995
vt 0.486652 0.971686
vt 0.490539 0.971212
vt 0.484147 0.976343
vt 0.482034 0.972766
vt 0.480950 0.984085
vt 0.490415 0.977273
vt 0.489174 0.980326
vt 0.499266 0.976308
vt 0.531961 0.963900
vt 0.519311 0.972357
vt 0.508575 0.975345
vt 0.515118 0.980278
vt 0.521193 0.977342
vt 0.476579 0.989627
vt 0.549093 0.970614
vt 0.551177 0.975732
vt 0.558290 0.978090
vt 0.562758 0.982943
vt 0.210931 0.771336
vt 0.213095 0.767855
vt 0.207431 0.788770
vt 0.230006 0.755602
vt 0.225105 0.770289
vt 0.221378 0.786738
vt 0.218180 0.810247
vt 0.224699 0.805532
vt 0.240286 0.758236
vt 0.203394 0.810618
vt 0.202313 0.825457
vt 0.224945 0.825224
vt 0.216959 0.846266
vt 0.235954 0.818758
vt 0.228990 0.850208
vt 0.247398 0.824060
vt 0.267542 0.834656
vt 0.231632 0.857978
vt 0.249229 0.823976
vt 0.259127 0.830143
vt 0.296360 0.767107
vt 0.318525 0.775078
vt 0.287195 0.764650
vt 0.321588 0.792866
vt 0.311384 0.766756
vt 0.332531 0.792504
vt 0.337851 0.790232
vt 0.334537 0.786728
vt 0.326727 0.801588
vt 0.339986 0.813700
vt 0.346574 0.811248
vt 0.330671 0.818637
vt 0.344313 0.835227
vt 0.322057 0.836717
vt 0.338930 0.847694
vt 0.318263 0.840855
vt 0.297786 0.851706
vt 0.330621 0.859148
vt 0.308323 0.874435
vt 0.346693 0.832494
vt 0.438068 0.092951
vt 0.451280 0.093455
vt 0.440742 0.090042
vt 0.347494 0.845685
vt 0.201896 0.859450
vt 0.206653 0.857365
vt 0.204828 0.864023
vt 0.215655 0.868273
vt 0.222179 0.857414
vt 0.222719 0.866932
vt 0.204757 0.870713
vt 0.211935 0.871116
vt 0.210807 0.880386
vt 0.206277 0.882425
vt 0.209891 0.889919
vt 0.234961 0.886844
vt 0.215666 0.896154
vt 0.221975 0.895337
vt 0.218327 0.907188
vt 0.213352 0.902691
vt 0.216215 0.913446
vt 0.208151 0.901217
vt 0.223507 0.853660
vt 0.228892 0.871347
vt 0.234147 0.876080
vt 0.275106 0.870961
vt 0.286391 0.845875
vt 0.282317 0.866050
vt 0.226623 0.938077
vt 0.217355 0.930259
vt 0.268162 0.971195
vt 0.274950 0.963469
vt 0.283939 0.966933
vt 0.300046 0.867301
vt 0.334258 0.885013
vt 0.314304 0.878763
vt 0.324928 0.893785
vt 0.338588 0.917579
vt 0.325032 0.905225
vt 0.325912 0.910495
vt 0.319540 0.925962
vt 0.335084 0.927642
vt 0.347009 0.876472
vt 0.344784 0.905126
vt 0.345495 0.915771
vt 0.339967 0.924436
vt 0.299939 0.945130
vt 0.309552 0.959355
vt 0.320647 0.942114
vt 0.322994 0.947274
vt 0.798159 0.070423
vt 0.802053 0.061056
vt 0.786076 0.068357
vt 0.788269 0.075596
vt 0.807253 0.085351
vt 0.777920 0.062245
vt 0.792256 0.085320
vt 0.787496 0.081402
vt 0.836060 0.062696
vt 0.813553 0.060996
vt 0.821768 0.061798
vt 0.811778 0.066374
vt 0.828813 0.066720
vt 0.814109 0.073247
vt 0.823373 0.081070
vt 0.829539 0.087839
vt 0.813274 0.096681
vt 0.839338 0.070542
vt 0.842348 0.081497
vt 0.805573 0.093712
vt 0.145488 0.775247
vt 0.133651 0.773029
vt 0.133361 0.777676
vt 0.147298 0.781328
vt 0.154079 0.778620
vt 0.454583 0.141405
vt 0.463432 0.139613
vt 0.460437 0.136989
vt 0.459753 0.143996
vt 0.462297 0.150418
vt 0.460762 0.157961
vt 0.464494 0.153658
vt 0.473299 0.146851
vt 0.161528 0.773666
vt 0.164521 0.776508
vt 0.471865 0.133130
vt 0.164740 0.773029
vt 0.161437 0.786307
vt 0.158249 0.787123
vt 0.159403 0.788623
vt 0.474353 0.129046
vt 0.485046 0.131168
vt 0.149189 0.788486
vt 0.481424 0.135322
vt 0.477087 0.154913
vt 0.482378 0.145969
vt 0.142260 0.791286
vt 0.129803 0.788235
vt 0.494164 0.135411
vt 0.035250 0.658507
vt 0.026837 0.658307
vt 0.036614 0.664315
vt 0.042527 0.655187
vt 0.487298 0.139698
vt 0.515323 0.149865
vt 0.491283 0.158251
vt 0.128406 0.786876
vt 0.505553 0.133280
vt 0.517245 0.135115
vt 0.534213 0.151054
vt 0.873746 0.870954
vt 0.884806 0.861591
vt 0.877739 0.859336
vt 0.518578 0.144898
vt 0.868862 0.862316
vt 0.519197 0.136214
vt 0.526690 0.142285
vt 0.055739 0.623651
vt 0.038398 0.623651
vt 0.048819 0.630290
vt 0.541574 0.146124
vt 0.540867 0.130944
vt 0.465458 0.161091
vt 0.479320 0.167291
vt 0.483511 0.163162
vt 0.778282 0.781328
vt 0.785701 0.787137
vt 0.786540 0.781328
vt 0.491902 0.173527
vt 0.503682 0.166916
vt 0.494191 0.166489
vt 0.492233 0.162609
vt 0.508038 0.173692
vt 0.507347 0.188337
vt 0.514439 0.189001
vt 0.501414 0.173351
vt 0.527566 0.167874
vt 0.538131 0.159740
vt 0.527147 0.185763
vt 0.032618 0.728216
vt 0.026012 0.721487
vt 0.032618 0.714108
vt 0.540174 0.176664
vt 0.555951 0.160698
vt 0.547111 0.180488
vt 0.550254 0.171514
vt 0.368704 0.439701
vt 0.376961 0.438589
vt 0.376961 0.447718
vt 0.551527 0.179771
vt 0.532427 0.185342
vt 0.512213 0.190660
vt 0.550076 0.185327
vt 0.550823 0.183556
vt 0.553594 0.181500
vt 0.587531 0.017842
vt 0.579694 0.018964
vt 0.576687 0.025311
vt 0.544888 0.131584
vt 0.548717 0.129046
vt 0.550744 0.147902
vt 0.566306 0.021475
vt 0.553866 0.020371
vt 0.557865 0.172833
vt 0.531771 0.095851
vt 0.538727 0.092078
vt 0.531335 0.087552
vt 0.538811 0.087552
vt 0.560281 0.171502
vt 0.555645 0.180972
vt 0.632833 0.471218
vt 0.633335 0.473466
vt 0.616831 0.472712
vt 0.616049 0.470260
vt 0.631941 0.477807
vt 0.633061 0.483950
vt 0.618832 0.478784
vt 0.615632 0.483377
vt 0.610506 0.480957
vt 0.618931 0.496648
vt 0.614918 0.490073
vt 0.647222 0.483073
vt 0.653315 0.475981
vt 0.654418 0.480106
vt 0.638104 0.495850
vt 0.651786 0.501043
vt 0.640861 0.504961
vt 0.632688 0.504796
vt 0.613679 0.494742
vt 0.616751 0.501264
vt 0.654418 0.504560
vt 0.099488 0.038589
vt 0.100777 0.034963
vt 0.091006 0.037747
vt 0.095623 0.032633
vt 0.101631 0.030582
vt 0.094844 0.012289
vt 0.105192 0.026036
vt 0.110204 0.012406
vt 0.075137 0.019572
vt 0.073700 0.034542
vt 0.110135 0.022199
vt 0.744742 0.008886
vt 0.732630 0.005881
vt 0.735746 0.023339
vt 0.721988 0.018800
vt 0.721033 0.002075
vt 0.103308 0.004354
vt 0.107859 0.005432
vt 0.116351 0.001245
vt 0.748976 0.005217
vt 0.738255 0.002882
vt 0.400890 0.091443
vt 0.408910 0.094191
vt 0.400083 0.088382
vt 0.756875 0.008107
vt 0.033212 0.991238
vt 0.044178 0.986307
vt 0.024325 0.987633
vt 0.757328 0.025122
vt 0.764463 0.009709
vt 0.545522 0.007051
vt 0.538910 0.010771
vt 0.538321 0.016536
vt 0.585287 0.472557
vt 0.579273 0.470329
vt 0.074963 0.004368
vt 0.081800 0.004058
vt 0.071837 0.007126
vt 0.070603 0.016193
vt 0.421578 0.089790
vt 0.433502 0.093378
vt 0.435527 0.088382
vt 0.763802 0.025294
vt 0.779055 0.021913
vt 0.009121 0.990393
vt 0.004542 0.986307
vt 0.783142 0.003374
vt 0.786542 0.018676
vt 0.534722 0.013709
vt 0.525552 0.017510
vt 0.524255 0.022088
vt 0.511934 0.019760
vt 0.939306 0.158921
vt 0.939306 0.173859
vt 0.937235 0.166916
vt 0.509542 0.022666
vt 0.613082 0.514047
vt 0.618383 0.512934
vt 0.618395 0.514108
vt 0.491945 0.014102
vt 0.496732 0.019572
vt 0.476800 0.003734
vt 0.473576 0.004997
vt 0.165434 0.412863
vt 0.168043 0.401250
vt 0.161587 0.401505
vt 0.162622 0.395879
vt 0.165574 0.389266
vt 0.155746 0.400436
vt 0.153297 0.394908
vt 0.144922 0.392130
vt 0.151344 0.404838
vt 0.149173 0.387698
vt 0.237094 0.772521
vt 0.249867 0.766321
vt 0.244307 0.774567
vt 0.245389 0.812153
vt 0.253437 0.808173
vt 0.253167 0.817188
vt 0.233278 0.787708
vt 0.241966 0.786469
vt 0.252258 0.784036
vt 0.246012 0.794082
vt 0.256866 0.797353
vt 0.257284 0.768672
vt 0.274346 0.784957
vt 0.273988 0.796498
vt 0.277987 0.771278
vt 0.271922 0.826048
vt 0.272499 0.831120
vt 0.278038 0.813967
vt 0.281998 0.823314
vt 0.162946 0.389882
vt 0.162642 0.383271
vt 0.168043 0.382158
vt 0.260639 0.758921
vt 0.280168 0.762579
vt 0.278077 0.777687
vt 0.149876 0.107193
vt 0.141905 0.101560
vt 0.138006 0.108228
vt 0.128948 0.100610
vt 0.131396 0.104781
vt 0.144059 0.113605
vt 0.137751 0.111682
vt 0.140313 0.123116
vt 0.134934 0.118025
vt 0.130331 0.110176
vt 0.130265 0.113450
vt 0.694054 0.343983
vt 0.694054 0.351477
vt 0.689100 0.348801
vt 0.132030 0.124438
vt 0.117983 0.101108
vt 0.110825 0.119655
vt 0.123328 0.125065
vt 0.120177 0.100103
vt 0.104201 0.128799
vt 0.087557 0.101291
vt 0.090163 0.122222
vt 0.097564 0.134408
vt 0.081168 0.101667
vt 0.072399 0.108683
vt 0.076515 0.124988
vt 0.056317 0.101319
vt 0.133869 0.130094
vt 0.127746 0.134379
vt 0.473576 0.287081
vt 0.467857 0.295135
vt 0.468543 0.285062
vt 0.107076 0.137332
vt 0.109039 0.143147
vt 0.458712 0.297427
vt 0.097057 0.138220
vt 0.100653 0.152948
vt 0.108744 0.148316
vt 0.097188 0.135417
vt 0.091637 0.133893
vt 0.091940 0.153768
vt 0.987201 0.354615
vt 0.989583 0.359637
vt 0.992610 0.336515
vt 0.994487 0.348757
vt 0.994487 0.368050
vt 0.959125 0.466341
vt 0.953840 0.478423
vt 0.955448 0.469147
vt 0.956596 0.460996
vt 0.092837 0.128388
vt 0.948627 0.474776
vt 0.952367 0.464449
vt 0.085545 0.126010
vt 0.062740 0.150601
vt 0.056611 0.129157
vt 0.060079 0.135830
vt 0.326426 0.046555
vt 0.327415 0.038589
vt 0.318332 0.043429
vt 0.052166 0.137693
vt 0.047862 0.149671
vt 0.046401 0.123750
vt 0.052183 0.100000
vt 0.042180 0.141205
vt 0.040875 0.139229
vt 0.878211 0.980435
vt 0.875515 0.969447
vt 0.882596 0.972882
vt 0.883154 0.987299
vt 0.878468 0.952897
vt 0.865311 0.964556
vt 0.856749 0.975518
vt 0.856889 0.966441
vt 0.859994 0.943430
vt 0.882164 0.939411
vt 0.881923 0.921155
vt 0.854375 0.925086
vt 0.849202 0.901211
vt 0.874387 0.890860
vt 0.880033 0.897288
vt 0.883154 0.890779
vt 0.864356 0.888229
vt 0.880312 0.884349
vt 0.856088 0.946435
vt 0.848559 0.939869
vt 0.846020 0.927323
vt 0.843564 0.918767
vt 0.824137 0.906383
vt 0.824307 0.924038
vt 0.851087 0.894208
vt 0.825625 0.889327
vt 0.848122 0.895007
vt 0.838061 0.880913
vt 0.846684 0.885599
vt 0.829680 0.883964
vt 0.784204 0.210373
vt 0.783288 0.213598
vt 0.785714 0.211328
vt 0.784204 0.214523
vt 0.258051 0.978621
vt 0.259218 0.980498
vt 0.259218 0.978008
vt 0.260528 0.979620
vt 0.902147 0.698169
vt 0.899968 0.698340
vt 0.902147 0.695172
vt 0.899659 0.695021
vt 0.362212 0.067089
vt 0.363749 0.066219
vt 0.360446 0.066219
vt 0.361402 0.065145
vt 0.839389 0.928216
vt 0.839788 0.930705
vt 0.843198 0.930341
vt 0.843518 0.928216
vt 0.196632 0.973859
vt 0.197770 0.977457
vt 0.195293 0.974583
vt 0.196632 0.978008
vt 0.287867 0.139470
vt 0.287255 0.130538
vt 0.288698 0.137062
vt 0.288936 0.129046
vt 0.875723 0.267385
vt 0.875016 0.269295
vt 0.874319 0.264054
vt 0.875016 0.261414
vt 0.873881 0.260166
vt 0.331834 0.370099
vt 0.328088 0.367926
vt 0.325764 0.369225
vt 0.333482 0.366390
vt 0.332293 0.369042
vt 0.259703 0.616831
vt 0.261051 0.616183
vt 0.262180 0.617382
vt 0.333022 0.369177
vt 0.335673 0.369234
vt 0.727085 0.173471
vt 0.726954 0.171941
vt 0.723782 0.171941
vt 0.723996 0.173859
vt 0.626689 0.586307
vt 0.627168 0.587967
vt 0.623865 0.587967
vt 0.953945 0.726652
vt 0.950692 0.727013
vt 0.953886 0.726183
vt 0.949216 0.725208
vt 0.955763 0.727386
vt 0.956647 0.722860
vt 0.965737 0.988852
vt 0.955353 0.973502
vt 0.970486 0.968081
vt 0.982246 0.939773
vt 0.979534 0.948898
vt 0.978436 0.926030
vt 0.969992 0.957925
vt 0.952519 0.952725
vt 0.954509 0.943923
vt 0.978120 0.965824
vt 0.980787 0.976730
vt 0.954215 0.932862
vt 0.982115 0.984650
vt 0.981209 0.999403
vt 0.975163 0.991262
vt 0.977930 0.999585
vt 0.987201 0.997956
vt 0.987201 0.924830
vt 0.976778 0.917427
vt 0.956678 0.920788
vt 0.925978 0.468245
vt 0.909083 0.472614
vt 0.928546 0.470512
vt 0.912749 0.467978
vt 0.948003 0.464677
vt 0.938667 0.465220
vt 0.956250 0.455684
vt 0.954979 0.453233
vt 0.957473 0.450207
vt 0.896741 0.470889
vt 0.882298 0.460685
vt 0.886643 0.457520
vt 0.880753 0.453506
vt 0.910585 0.577311
vt 0.909664 0.580777
vt 0.895360 0.564595
vt 0.930505 0.586307
vt 0.924854 0.582377
vt 0.936829 0.585363
vt 0.888534 0.563216
vt 0.884239 0.553899
vt 0.884996 0.540477
vt 0.879851 0.534415
vt 0.884724 0.530758
vt 0.887612 0.517038
vt 0.889789 0.505242
vt 0.894452 0.507213
vt 0.909889 0.498378
vt 0.905791 0.495576
vt 0.918737 0.492531
vt 0.936829 0.495380
vt 0.750333 0.648548
vt 0.743191 0.626517
vt 0.729410 0.636634
vt 0.731399 0.627437
vt 0.717189 0.647729
vt 0.714888 0.642126
vt 0.730289 0.646821
vt 0.754068 0.635556
vt 0.759261 0.634150
vt 0.721723 0.620460
vt 0.736518 0.605510
vt 0.751735 0.605514
vt 0.715834 0.621053
vt 0.713422 0.606721
vt 0.767064 0.606194
vt 0.770025 0.610508
vt 0.472650 0.192519
vt 0.482250 0.190183
vt 0.467247 0.174338
vt 0.441500 0.222611
vt 0.462082 0.197562
vt 0.434819 0.193133
vt 0.426458 0.179856
vt 0.418616 0.184847
vt 0.445740 0.179161
vt 0.460254 0.175981
vt 0.472203 0.173029
vt 0.490865 0.214339
vt 0.451696 0.223651
vt 0.414711 0.223367
vt 0.497427 0.210209
vt 0.503722 0.209872
vt 0.423375 0.192817
vt 0.408510 0.182823
vt 0.401141 0.175147
vt 0.392898 0.179229
vt 0.403648 0.188731
vt 0.391910 0.173029
vt 0.387285 0.184014
vt 0.383779 0.179130
vt 0.381271 0.183742
vt 0.392233 0.220898
vt 0.379488 0.216967
vt 0.898113 0.026923
vt 0.893064 0.034720
vt 0.913302 0.026310
vt 0.913017 0.020332
vt 0.926033 0.022323
vt 0.906229 0.045262
vt 0.932723 0.039363
vt 0.871976 0.490129
vt 0.868291 0.503856
vt 0.873513 0.477593
vt 0.871898 0.513198
vt 0.874897 0.528216
vt 0.900420 0.044026
vt 0.903759 0.059467
vt 0.915644 0.063297
vt 0.942885 0.026741
vt 0.943691 0.032911
vt 0.954253 0.020332
vt 0.968115 0.033943
vt 0.966061 0.022520
vt 0.636014 0.256444
vt 0.642857 0.255374
vt 0.632514 0.261102
vt 0.614841 0.256451
vt 0.971304 0.027971
vt 0.618643 0.262752
vt 0.628151 0.267299
vt 0.613928 0.268310
vt 0.604078 0.260836
vt 0.598481 0.253527
vt 0.596195 0.267298
vt 0.594963 0.262698
vt 0.942446 0.065975
vt 0.964816 0.063568
vt 0.971225 0.060860
vt 0.635768 0.300179
vt 0.632497 0.272702
vt 0.642857 0.301046
vt 0.605654 0.301547
vt 0.047481 0.998755
vt 0.047081 0.997095
vt 0.045568 0.997754
vt 0.044178 0.998755
vt 0.763419 0.996204
vt 0.752648 0.996022
vt 0.752142 0.997365
vt 0.760264 0.993989
vt 0.761504 0.993477
vt 0.751858 0.996100
vt 0.099616 0.763071
vt 0.097850 0.749793
vt 0.101156 0.761109
vt 0.485898 0.238598
vt 0.486788 0.234979
vt 0.479494 0.236002
vt 0.480559 0.239016
vt 0.843531 0.172199
vt 0.849298 0.172016
vt 0.849298 0.170555
vt 0.262176 0.278423
vt 0.262176 0.282573
vt 0.260528 0.281771
vt 0.843518 0.170539
vt 0.065464 0.472614
vt 0.059939 0.472614
vt 0.066474 0.475546
vt 0.059042 0.476112
vt 0.147742 0.370539
vt 0.150702 0.368918
vt 0.147399 0.368918
vt 0.894588 0.132365
vt 0.894464 0.128438
vt 0.910396 0.126419
vt 0.908101 0.131344
vt 0.891658 0.114791
vt 0.900286 0.094050
vt 0.936105 0.081704
vt 0.888663 0.104857
vt 0.879555 0.091977
vt 0.873031 0.084287
vt 0.897718 0.072807
vt 0.869511 0.081206
vt 0.866038 0.078776
vt 0.864283 0.072480
vt 0.884432 0.070818
vt 0.933178 0.115364
vt 0.936416 0.097957
vt 0.937635 0.118105
vt 0.938481 0.071530
vt 0.669310 0.925241
vt 0.671317 0.927020
vt 0.670222 0.928221
vt 0.854435 0.070528
vt 0.867356 0.064315
vt 0.936339 0.069145
vt 0.668456 0.925856
vt 0.670942 0.930705
vt 0.854253 0.069623
vt 0.341182 0.142323
vt 0.340221 0.142201
vt 0.342708 0.132651
vt 0.327538 0.121627
vt 0.320752 0.139281
vt 0.347626 0.119744
vt 0.299971 0.105209
vt 0.302077 0.088858
vt 0.335705 0.094848
vt 0.302558 0.075104
vt 0.339554 0.080820
vt 0.372959 0.091699
vt 0.375975 0.078727
vt 0.375924 0.085212
vt 0.298434 0.126405
vt 0.297688 0.120247
vt 0.299254 0.077066
vt 0.383319 0.086105
vt 0.384582 0.081906
vt 0.385631 0.084650
vt 0.386045 0.082045
vt 0.914178 0.517727
vt 0.937406 0.501735
vt 0.928205 0.524564
vt 0.945751 0.496680
vt 0.962731 0.518788
vt 0.964079 0.501281
vt 0.962952 0.482573
vt 0.356903 0.080011
vt 0.928484 0.503629
vt 0.929356 0.504112
vt 0.911778 0.506556
vt 0.916971 0.507265
vt 0.910405 0.527597
vt 0.922686 0.541448
vt 0.964079 0.556432
vt 0.934395 0.553906
vt 0.917092 0.553389
vt 0.385631 0.080670
vt 0.374356 0.076355
vt 0.400545 0.489904
vt 0.390676 0.480440
vt 0.385219 0.479253
vt 0.403292 0.486301
vt 0.409182 0.491464
vt 0.418541 0.488948
vt 0.342279 0.797925
vt 0.342279 0.780498
vt 0.340767 0.786366
vt 0.820907 0.930047
vt 0.820614 0.919402
vt 0.823699 0.934855
vt 0.428808 0.487155
vt 0.819579 0.919576
vt 0.437643 0.488490
vt 0.820947 0.909300
vt 0.823699 0.900830
vt 0.451280 0.483115
vt 0.445992 0.479253
vt 0.821660 0.904687
vt 0.283740 0.046267
vt 0.302321 0.042178
vt 0.297164 0.036946
vt 0.263041 0.039151
vt 0.328241 0.031532
vt 0.246166 0.043188
vt 0.257379 0.045522
vt 0.235566 0.037277
vt 0.929925 0.135500
vt 0.932977 0.134025
vt 0.926694 0.143973
vt 0.927962 0.160976
vt 0.923238 0.155225
vt 0.221087 0.035086
vt 0.926167 0.164707
vt 0.223476 0.031120
vt 0.906658 0.167826
vt 0.921312 0.173629
vt 0.919335 0.172589
vt 0.904973 0.171988
vt 0.907147 0.155912
vt 0.907777 0.159733
vt 0.906127 0.160429
vt 0.193065 0.072023
vt 0.185682 0.068318
vt 0.183159 0.077592
vt 0.925223 0.176202
vt 0.926685 0.180041
vt 0.928288 0.178203
vt 0.916544 0.177628
vt 0.922021 0.184183
vt 0.858382 0.680083
vt 0.853427 0.674141
vt 0.856239 0.673766
vt 0.924984 0.188155
vt 0.162649 0.696059
vt 0.163088 0.693544
vt 0.156633 0.694346
vt 0.155410 0.700830
vt 0.922019 0.188722
vt 0.929024 0.202992
vt 0.132024 0.694900
vt 0.139948 0.698894
vt 0.926457 0.213152
vt 0.174616 0.083364
vt 0.175652 0.073477
vt 0.173249 0.076564
vt 0.904624 0.176278
vt 0.166335 0.081958
vt 0.157309 0.087176
vt 0.163394 0.091855
vt 0.156816 0.089576
vt 0.123623 0.696689
vt 0.931515 0.219039
vt 0.105285 0.692439
vt 0.933367 0.241909
vt 0.934352 0.237214
vt 0.145288 0.090991
vt 0.139849 0.090208
vt 0.135936 0.087504
vt 0.111806 0.086809
vt 0.105282 0.081315
vt 0.097194 0.081844
vt 0.074898 0.070813
vt 0.083315 0.071861
vt 0.845485 0.742938
vt 0.861403 0.741494
vt 0.853663 0.762208
vt 0.276398 0.175592
vt 0.276951 0.178563
vt 0.283897 0.174267
vt 0.294351 0.172528
vt 0.303736 0.166344
vt 0.052706 0.917427
vt 0.055307 0.929046
vt 0.060528 0.917427
vt 0.283650 0.110777
vt 0.289357 0.101660
vt 0.289357 0.112448
vt 0.279836 0.163868
vt 0.283128 0.154042
vt 0.293724 0.157166
vt 0.830767 0.788123
vt 0.838863 0.760961
vt 0.838249 0.784425
vt 0.852666 0.800473
vt 0.869404 0.762093
vt 0.827002 0.815447
vt 0.829229 0.802335
vt 0.829323 0.822539
vt 0.865488 0.803290
vt 0.316479 0.999585
vt 0.330776 0.998218
vt 0.326724 0.995192
vt 0.850630 0.811773
vt 0.241864 0.185065
vt 0.261701 0.173162
vt 0.285700 0.995146
vt 0.280924 0.996871
vt 0.871594 0.750731
vt 0.274782 0.991710
vt 0.227788 0.188721
vt 0.229427 0.174241
vt 0.228317 0.182337
vt 0.225505 0.178501
vt 0.345186 0.993322
vt 0.561107 0.468810
vt 0.558111 0.478423
vt 0.554500 0.468465
vt 0.556699 0.475305
vt 0.254084 0.169971
vt 0.258549 0.159923
vt 0.275183 0.154716
vt 0.259253 0.158686
vt 0.260242 0.154878
vt 0.247660 0.167827
vt 0.252695 0.162929
vt 0.252134 0.162654
vt 0.310271 0.206783
vt 0.289807 0.191878
vt 0.283754 0.206703
vt 0.319232 0.199890
vt 0.321571 0.206732
vt 0.323231 0.204043
vt 0.256537 0.335685
vt 0.265483 0.334522
vt 0.253097 0.330705
vt 0.313644 0.188912
vt 0.305156 0.179310
vt 0.313617 0.173502
vt 0.150757 0.104149
vt 0.168221 0.112247
vt 0.156524 0.113864
vt 0.284644 0.179440
vt 0.255574 0.983817
vt 0.314508 0.179141
vt 0.324355 0.178364
vt 0.324434 0.177630
vt 0.178778 0.115275
vt 0.159191 0.123209
vt 0.872419 0.283411
vt 0.856994 0.285976
vt 0.865524 0.291701
vt 0.855533 0.290061
vt 0.172216 0.125027
vt 0.331586 0.200668
vt 0.342084 0.197353
vt 0.341138 0.181272
vt 0.348885 0.178567
vt 0.337046 0.181135
vt 0.341596 0.180092
vt 0.329940 0.175659
vt 0.340448 0.171976
vt 0.317835 0.159212
vt 0.317021 0.169986
vt 0.850330 0.285788
vt 0.326878 0.158286
vt 0.148280 0.124584
vt 0.146427 0.122909
vt 0.155053 0.125939
vt 0.298529 0.153942
vt 0.143270 0.117927
vt 0.153629 0.129766
vt 0.160827 0.128095
vt 0.155097 0.136832
vt 0.171772 0.138663
vt 0.169168 0.147042
vt 0.156137 0.146192
vt 0.303903 0.172576
vt 0.299681 0.169886
vt 0.321137 0.154042
vt 0.174593 0.142001
vt 0.176506 0.147303
vt 0.843138 0.833654
vt 0.833050 0.849266
vt 0.869117 0.843877
vt 0.850002 0.856609
vt 0.838775 0.859231
vt 0.863140 0.858372
vt 0.861119 0.863485
vt 0.365558 0.983817
vt 0.367052 0.985851
vt 0.871594 0.852653
vt 0.243169 0.266448
vt 0.269344 0.272614
vt 0.268094 0.264812
vt 0.260312 0.251967
vt 0.285591 0.257352
vt 0.281793 0.241853
vt 0.284043 0.235042
vt 0.275377 0.210373
vt 0.253985 0.232893
vt 0.298269 0.215195
vt 0.304584 0.272411
vt 0.308527 0.271148
vt 0.199261 0.064387
vt 0.196946 0.069219
vt 0.199422 0.035842
vt 0.305887 0.241403
vt 0.312837 0.236578
vt 0.324112 0.242592
vt 0.308401 0.227314
vt 0.317671 0.228081
vt 0.319555 0.222775
vt 0.294605 0.211369
vt 0.237132 0.257465
vt 0.231142 0.262866
vt 0.216731 0.255259
vt 0.242990 0.235541
vt 0.223078 0.233897
vt 0.211194 0.258694
vt 0.205263 0.253376
vt 0.205291 0.233076
vt 0.224606 0.228039
vt 0.228722 0.211110
vt 0.215213 0.230895
vt 0.199773 0.245065
vt 0.259294 0.211191
vt 0.236928 0.213498
vt 0.224130 0.210373
vt 0.187781 0.246973
vt 0.188872 0.244381
vt 0.199612 0.229199
vt 0.183732 0.239202
vt 0.035378 0.568950
vt 0.039224 0.573029
vt 0.037394 0.546910
vt 0.034351 0.547503
vt 0.033443 0.565555
vt 0.036703 0.529046
vt 0.203092 0.715017
vt 0.190121 0.713100
vt 0.191963 0.723140
vt 0.192977 0.749670
vt 0.173602 0.671980
vt 0.179544 0.680691
vt 0.192736 0.691868
vt 0.161036 0.685449
vt 0.152986 0.656900
vt 0.141803 0.652755
vt 0.122267 0.653960
vt 0.133728 0.681813
vt 0.116041 0.658278
vt 0.115131 0.654316
vt 0.107531 0.660589
vt 0.107424 0.659044
vt 0.118443 0.684605
vt 0.148365 0.682137
vt 0.107020 0.685305
vt 0.202525 0.761092
vt 0.208505 0.731813
vt 0.207773 0.751119
vt 0.205411 0.765203
vt 0.185711 0.771172
vt 0.196513 0.780294
vt 0.175607 0.783536
vt 0.176158 0.780478
vt 0.183447 0.795136
vt 0.173489 0.801900
vt 0.157857 0.793511
vt 0.119217 0.820728
vt 0.925268 0.283442
vt 0.925504 0.291701
vt 0.926920 0.274274
vt 0.157967 0.810293
vt 0.120502 0.796366
vt 0.135129 0.818680
vt 0.067853 0.813182
vt 0.091479 0.821501
vt 0.097760 0.652755
vt 0.096216 0.654200
vt 0.076618 0.679334
vt 0.059548 0.679603
vt 0.042459 0.666454
vt 0.047297 0.682787
vt 0.103953 0.687780
vt 0.019970 0.690247
vt 0.027232 0.698871
vt 0.007322 0.713531
vt 0.005293 0.730293
vt 0.016660 0.723224
vt 0.102880 0.791376
vt 0.069727 0.819450
vt 0.070862 0.799069
vt 0.052733 0.812955
vt 0.042802 0.790483
vt 0.036497 0.802981
vt 0.029030 0.777816
vt 0.026878 0.778352
vt 0.023418 0.769572
vt 0.014403 0.743116
vt 0.009123 0.765872
vt 0.004542 0.747273
vt 0.000413 0.895157
vt 0.000934 0.908297
vt 0.012541 0.901368
vt 0.004226 0.881413
vt 0.023216 0.877006
vt 0.002715 0.925998
vt 0.023497 0.856467
vt 0.050205 0.835405
vt 0.043163 0.861990
vt 0.088761 0.828743
vt 0.075747 0.826485
vt 0.057088 0.856455
vt 0.076624 0.855458
vt 0.091119 0.824481
vt 0.103364 0.832282
vt 0.094877 0.825625
vt 0.092160 0.857971
vt 0.102103 0.860035
vt 0.609497 0.606224
vt 0.605759 0.599652
vt 0.606911 0.588246
vt 0.601569 0.572417
vt 0.011060 0.945916
vt 0.013402 0.928439
vt 0.608726 0.565983
vt 0.604582 0.552282
vt 0.019576 0.961744
vt 0.012860 0.960289
vt 0.023597 0.948577
vt 0.018088 0.968429
vt 0.053980 0.968932
vt 0.040993 0.978135
vt 0.032093 0.976715
vt 0.066547 0.993369
vt 0.106222 0.963636
vt 0.095856 0.968286
vt 0.109065 0.965279
vt 0.069400 0.973107
vt 0.089085 0.987824
vt 0.077240 0.995880
vt 0.112875 0.999585
vt 0.120213 0.970111
vt 0.139522 0.992628
vt 0.106468 0.828668
vt 0.109901 0.828285
vt 0.107886 0.859483
vt 0.123788 0.854488
vt 0.116376 0.826281
vt 0.144460 0.853959
vt 0.163332 0.858756
vt 0.140661 0.826946
vt 0.165650 0.835646
vt 0.193139 0.871169
vt 0.188397 0.857973
vt 0.174153 0.866532
vt 0.185195 0.875320
vt 0.204789 0.884818
vt 0.195098 0.900393
vt 0.205919 0.920949
vt 0.135905 0.973876
vt 0.120409 0.999436
vt 0.149984 0.972692
vt 0.175298 0.976778
vt 0.157772 0.990808
vt 0.149949 0.995473
vt 0.190131 0.941312
vt 0.191289 0.960756
vt 0.180639 0.954540
vt 0.691053 0.792563
vt 0.699561 0.810445
vt 0.678909 0.812530
vt 0.689404 0.789627
vt 0.709716 0.800495
vt 0.687626 0.817967
vt 0.697063 0.825603
vt 0.694758 0.838028
vt 0.700386 0.834998
vt 0.709672 0.832462
vt 0.716158 0.818663
vt 0.712745 0.811591
vt 0.719653 0.806614
vt 0.712889 0.826233
vt 0.710830 0.830605
vt 0.716231 0.831849
vt 0.665123 0.838421
vt 0.672250 0.849027
vt 0.696828 0.845440
vt 0.689129 0.854955
vt 0.675823 0.862575
vt 0.695141 0.867401
vt 0.652253 0.860860
vt 0.660284 0.870141
vt 0.649590 0.875686
vt 0.658186 0.886388
vt 0.989066 0.716730
vt 0.975596 0.720692
vt 0.982544 0.713278
vt 0.684328 0.894851
vt 0.990504 0.730618
vt 0.675800 0.913036
vt 0.977264 0.753309
vt 0.972337 0.736884
vt 0.973000 0.756838
vt 0.695190 0.885570
vt 0.701925 0.900939
vt 0.709910 0.915401
vt 0.691502 0.928324
vt 0.986551 0.761723
vt 0.977810 0.764646
vt 0.710479 0.928309
vt 0.719653 0.940933
vt 0.716533 0.943131
vt 0.986763 0.783173
vt 0.980411 0.785513
vt 0.981429 0.804285
vt 0.976788 0.801467
vt 0.704234 0.946471
vt 0.708666 0.955602
vt 0.977112 0.813269
vt 0.134356 0.392766
vt 0.134187 0.404780
vt 0.137738 0.385660
vt 0.148483 0.417299
vt 0.142443 0.394059
vt 0.427607 0.446171
vt 0.446268 0.448484
vt 0.429510 0.440934
vt 0.276938 0.205394
vt 0.278132 0.199010
vt 0.272826 0.204809
vt 0.273434 0.197095
vt 0.158248 0.425100
vt 0.158500 0.421162
vt 0.145666 0.425193
vt 0.146566 0.384598
vt 0.425681 0.450349
vt 0.144448 0.379380
vt 0.494105 0.496554
vt 0.496294 0.515173
vt 0.498618 0.492498
vt 0.507469 0.516286
vt 0.503958 0.513239
vt 0.503432 0.506870
vt 0.503464 0.498146
vt 0.566759 0.193776
vt 0.577622 0.192037
vt 0.561932 0.190564
vt 0.523154 0.506302
vt 0.524311 0.501401
vt 0.471375 0.489367
vt 0.492244 0.495223
vt 0.478113 0.488625
vt 0.490437 0.491134
vt 0.469090 0.481106
vt 0.475991 0.481063
vt 0.469960 0.472778
vt 0.478527 0.471977
vt 0.193642 0.026971
vt 0.181901 0.029834
vt 0.192948 0.031454
vt 0.178743 0.026971
vt 0.192215 0.040713
vt 0.178767 0.034571
vt 0.173868 0.036753
vt 0.175039 0.043563
vt 0.463680 0.471256
vt 0.452184 0.469047
vt 0.450685 0.475914
vt 0.468467 0.474514
vt 0.478343 0.461652
vt 0.471559 0.456484
vt 0.454687 0.445350
vt 0.456982 0.447227
vt 0.463500 0.435328
vt 0.475850 0.464162
vt 0.478569 0.462987
vt 0.171580 0.040988
vt 0.475535 0.459072
vt 0.477472 0.454452
vt 0.475204 0.451978
vt 0.171505 0.049378
vt 0.175854 0.046944
vt 0.463498 0.449832
vt 0.468811 0.434398
vt 0.988862 0.959198
vt 0.993073 0.954389
vt 0.996381 0.959751
vt 0.993789 0.943706
vt 0.492296 0.484123
vt 0.514038 0.890871
vt 0.510189 0.901660
vt 0.509083 0.897176
vt 0.562298 0.147303
vt 0.558109 0.142591
vt 0.565235 0.144225
vt 0.494702 0.491893
vt 0.495179 0.482807
vt 0.563042 0.130432
vt 0.986375 0.949847
vt 0.509681 0.490791
vt 0.557312 0.105620
vt 0.508515 0.489627
vt 0.498057 0.478268
vt 0.524295 0.481495
vt 0.508247 0.462940
vt 0.490840 0.475958
vt 0.488677 0.448734
vt 0.495275 0.434093
vt 0.487268 0.441448
vt 0.517382 0.447153
vt 0.502001 0.439180
vt 0.455156 0.433763
vt 0.451513 0.444683
vt 0.139914 0.381156
vt 0.153582 0.373029
vt 0.158960 0.377648
vt 0.458995 0.432022
vt 0.463871 0.431435
vt 0.483960 0.422434
vt 0.471525 0.417842
vt 0.518998 0.516509
vt 0.958299 0.342324
vt 0.952519 0.338647
vt 0.957811 0.337304
vt 0.528207 0.506432
vt 0.531553 0.511803
vt 0.524184 0.491352
vt 0.532631 0.488544
vt 0.540233 0.491216
vt 0.538034 0.511431
vt 0.548978 0.507887
vt 0.553044 0.503911
vt 0.138755 0.875934
vt 0.140160 0.883402
vt 0.144256 0.875934
vt 0.553909 0.511354
vt 0.581486 0.510620
vt 0.562317 0.493740
vt 0.517511 0.488630
vt 0.995969 0.935673
vt 0.997105 0.922407
vt 0.563176 0.114824
vt 0.993121 0.928905
vt 0.564048 0.111802
vt 0.716350 0.650585
vt 0.732040 0.649378
vt 0.732040 0.657676
vt 0.525592 0.489435
vt 0.528695 0.489331
vt 0.565235 0.102014
vt 0.562554 0.099170
vt 0.058341 0.943692
vt 0.060356 0.941041
vt 0.050218 0.940664
vt 0.550252 0.490427
vt 0.062063 0.944973
vt 0.049133 0.948133
vt 0.533279 0.483803
vt 0.552018 0.473751
vt 0.523539 0.460215
vt 0.516393 0.459550
vt 0.547145 0.457242
vt 0.543765 0.102021
vt 0.547894 0.094191
vt 0.547894 0.108299
vt 0.528264 0.453039
vt 0.520196 0.445793
vt 0.768231 0.464315
vt 0.757638 0.464315
vt 0.760493 0.470954
vt 0.768373 0.467829
vt 0.548026 0.447364
vt 0.530698 0.447032
vt 0.523352 0.443633
vt 0.547775 0.449507
vt 0.542167 0.488980
vt 0.557870 0.486286
vt 0.553498 0.483076
vt 0.566120 0.485919
vt 0.970257 0.620562
vt 0.960651 0.612749
vt 0.976165 0.622822
vt 0.963654 0.621861
vt 0.974443 0.604629
vt 0.960916 0.601869
vt 0.575194 0.491516
vt 0.891412 0.029461
vt 0.878200 0.029461
vt 0.886864 0.035270
vt 0.580451 0.484396
vt 0.549472 0.464361
vt 0.980120 0.619917
vt 0.988193 0.615746
vt 0.984237 0.619175
vt 0.987924 0.600245
vt 0.993173 0.617628
vt 0.999587 0.614919
vt 0.998288 0.619102
vt 0.549996 0.454284
vt 0.009316 0.780146
vt 0.003509 0.781878
vt 0.004750 0.777178
vt 0.007882 0.784964
vt 0.552026 0.451387
vt 0.808836 0.034440
vt 0.805533 0.029313
vt 0.808836 0.026141
vt 0.995177 0.612166
vt 0.000413 0.785294
vt 0.983912 0.590638
vt 0.008807 0.798912
vt 0.001988 0.796172
vt 0.009316 0.809544
vt 0.995773 0.600045
vt 0.991463 0.588674
vt 0.568118 0.442861
vt 0.573725 0.438799
vt 0.561209 0.432367
vt 0.593309 0.496952
vt 0.596325 0.510128
vt 0.962441 0.584332
vt 0.977497 0.580046
vt 0.980224 0.565338
vt 0.992235 0.575456
vt 0.963505 0.570590
vt 0.958905 0.564261
vt 0.974452 0.559751
vt 0.601852 0.489351
vt 0.600403 0.482069
vt 0.604872 0.490110
vt 0.952793 0.585409
vt 0.945895 0.586522
vt 0.946792 0.581080
vt 0.945087 0.578228
vt 0.948607 0.573543
vt 0.989966 0.567159
vt 0.986949 0.559960
vt 0.540683 0.420867
vt 0.557705 0.441412
vt 0.551088 0.417842
vt 0.553957 0.431609
vt 0.556797 0.426753
vt 0.576511 0.436645
vt 0.996182 0.573137
vt 0.994865 0.564928
vt 0.999587 0.572550
vt 0.057270 0.002649
vt 0.026465 0.001018
vt 0.026306 0.007100
vt 0.016408 0.000415
vt 0.058216 0.027349
vt 0.031273 0.025375
vt 0.035810 0.036054
vt 0.057705 0.032123
vt 0.019018 0.016489
vt 0.019614 0.021022
vt 0.019914 0.028675
vt 0.022256 0.034063
vt 0.039388 0.038130
vt 0.005229 0.011464
vt 0.005671 0.005186
vt 0.002890 0.008181
vt 0.007966 0.021662
vt 0.003960 0.018377
vt 0.004710 0.026716
vt 0.977105 0.186833
vt 0.976916 0.207224
vt 0.957298 0.205235
vt 0.959764 0.172728
vt 0.948770 0.169805
vt 0.949317 0.178675
vt 0.945258 0.178252
vt 0.982070 0.175068
vt 0.946952 0.202251
vt 0.939301 0.185287
vt 0.943775 0.199988
vt 0.940735 0.177401
vt 0.964466 0.215105
vt 0.981200 0.212088
vt 0.979058 0.215527
vt 0.955747 0.215225
vt 0.947445 0.210459
vt 0.985498 0.203531
vt 0.942647 0.206408
vt 0.365112 0.889212
vt 0.363949 0.895471
vt 0.368644 0.890970
vt 0.372309 0.895196
vt 0.943250 0.201441
vt 0.372113 0.890894
vt 0.481833 0.639266
vt 0.493439 0.626808
vt 0.487120 0.640393
vt 0.494274 0.620472
vt 0.491786 0.639427
vt 0.502801 0.628270
vt 0.821222 0.195908
vt 0.819462 0.191286
vt 0.812139 0.191286
vt 0.496347 0.644503
vt 0.985549 0.168255
vt 0.980378 0.157978
vt 0.984631 0.156172
vt 0.978258 0.162519
vt 0.972549 0.157244
vt 0.978850 0.152491
vt 0.482208 0.596552
vt 0.484302 0.598377
vt 0.501339 0.620962
vt 0.492013 0.616915
vt 0.974212 0.152271
vt 0.970470 0.151325
vt 0.500176 0.590807
vt 0.504305 0.593809
vt 0.497422 0.593079
vt 0.494855 0.596631
vt 0.497993 0.593088
vt 0.501567 0.609625
vt 0.507855 0.609936
vt 0.518763 0.602342
vt 0.959867 0.161160
vt 0.962530 0.149793
vt 0.018390 0.476834
vt 0.012542 0.474159
vt 0.007315 0.479425
vt 0.949306 0.152319
vt 0.956609 0.156041
vt 0.503753 0.565652
vt 0.517204 0.566110
vt 0.505608 0.571869
vt 0.521352 0.571036
vt 0.007135 0.472614
vt 0.002064 0.475627
vt 0.506009 0.585041
vt 0.509947 0.589719
vt 0.508381 0.584372
vt 0.512929 0.590602
vt 0.514602 0.582701
vt 0.503971 0.580946
vt 0.510563 0.577205
vt 0.194659 0.853233
vt 0.197134 0.858506
vt 0.192427 0.854053
vt 0.198596 0.846854
vt 0.186044 0.842161
vt 0.192290 0.843594
vt 0.517818 0.586660
vt 0.524094 0.567110
vt 0.536814 0.592350
vt 0.528082 0.595228
vt 0.774187 0.924066
vt 0.784063 0.928918
vt 0.783405 0.925997
vt 0.506023 0.614275
vt 0.504409 0.623043
vt 0.522832 0.618434
vt 0.501880 0.621721
vt 0.875587 0.600415
vt 0.870768 0.581522
vt 0.875587 0.579906
vt 0.520981 0.633922
vt 0.519854 0.591334
vt 0.198596 0.833870
vt 0.185197 0.832730
vt 0.174649 0.832109
vt 0.176697 0.841443
vt 0.533089 0.600334
vt 0.542509 0.599730
vt 0.542388 0.623193
vt 0.547031 0.592315
vt 0.550514 0.605544
vt 0.551375 0.608162
vt 0.931091 0.174756
vt 0.381932 0.892122
vt 0.932369 0.167888
vt 0.928398 0.165499
vt 0.520448 0.567336
vt 0.542764 0.562793
vt 0.545461 0.567727
vt 0.552835 0.581992
vt 0.562531 0.589993
vt 0.557392 0.605278
vt 0.569348 0.595650
vt 0.556935 0.577325
vt 0.566264 0.587905
vt 0.055872 0.875104
vt 0.057460 0.870515
vt 0.055442 0.868553
vt 0.580235 0.570663
vt 0.568726 0.588970
vt 0.553736 0.563247
vt 0.567064 0.552462
vt 0.557635 0.567690
vt 0.563825 0.548375
vt 0.576095 0.561636
vt 0.573641 0.554362
vt 0.572343 0.546473
vt 0.583672 0.577025
vt 0.589284 0.560706
vt 0.588798 0.567926
vt 0.490318 0.683465
vt 0.512099 0.670008
vt 0.507303 0.698559
vt 0.493664 0.665566
vt 0.503223 0.669420
vt 0.503100 0.668671
vt 0.501188 0.661461
vt 0.499446 0.648357
vt 0.507765 0.649679
vt 0.513832 0.644846
vt 0.508728 0.659594
vt 0.194467 0.172199
vt 0.194467 0.175519
vt 0.192816 0.172335
vt 0.505801 0.667888
vt 0.504033 0.664253
vt 0.510888 0.665233
vt 0.521287 0.648235
vt 0.763059 0.986770
vt 0.766652 0.982984
vt 0.753320 0.981957
vt 0.751566 0.984425
vt 0.528882 0.657808
vt 0.520147 0.674946
vt 0.519949 0.703884
vt 0.526644 0.692682
vt 0.530737 0.696337
vt 0.536789 0.712455
vt 0.524661 0.678974
vt 0.527366 0.687544
vt 0.744111 0.984340
vt 0.740625 0.995307
vt 0.533407 0.694859
vt 0.539565 0.697696
vt 0.731902 0.998755
vt 0.724899 0.997837
vt 0.726871 0.982147
vt 0.539211 0.692678
vt 0.528790 0.683491
vt 0.550498 0.680876
vt 0.550449 0.698139
vt 0.518138 0.638841
vt 0.517599 0.634090
vt 0.594137 0.298394
vt 0.593867 0.301660
vt 0.590118 0.294230
vt 0.518560 0.637936
vt 0.527534 0.651370
vt 0.535338 0.640704
vt 0.525859 0.655352
vt 0.397373 0.231120
vt 0.395128 0.235270
vt 0.401734 0.231120
vt 0.751858 0.310788
vt 0.744676 0.303818
vt 0.749242 0.295021
vt 0.542876 0.652549
vt 0.545902 0.626699
vt 0.548139 0.623730
vt 0.567413 0.610939
vt 0.544537 0.643862
vt 0.545867 0.637602
vt 0.289430 0.569710
vt 0.284847 0.561298
vt 0.289430 0.558921
vt 0.549342 0.634497
vt 0.740508 0.308648
vt 0.736994 0.303984
vt 0.549966 0.639234
vt 0.559327 0.640331
vt 0.567226 0.634909
vt 0.542716 0.661282
vt 0.993343 0.223523
vt 0.995751 0.217084
vt 0.997936 0.216975
vt 0.991329 0.218149
vt 0.740688 0.296011
vt 0.550061 0.647622
vt 0.546500 0.654747
vt 0.551195 0.647853
vt 0.551145 0.658383
vt 0.543467 0.658413
vt 0.546269 0.662099
vt 0.548947 0.670228
vt 0.558174 0.669834
vt 0.555951 0.677303
vt 0.553301 0.659268
vt 0.563324 0.650661
vt 0.566521 0.666714
vt 0.556999 0.692968
vt 0.555327 0.644338
vt 0.564404 0.640790
vt 0.567022 0.651062
vt 0.568232 0.654650
vt 0.568973 0.650530
vt 0.581109 0.633531
vt 0.569590 0.634947
vt 0.584145 0.644424
vt 0.572980 0.650232
vt 0.579204 0.669370
vt 0.575701 0.690107
vt 0.578054 0.653501
vt 0.583475 0.649079
vt 0.587241 0.665141
vt 0.584803 0.650910
vt 0.614106 0.062656
vt 0.614567 0.079098
vt 0.609001 0.073834
vt 0.612936 0.080913
vt 0.681668 0.673440
vt 0.680790 0.675104
vt 0.680790 0.671784
vt 0.551815 0.709658
vt 0.553256 0.716597
vt 0.545353 0.699046
vt 0.719090 0.995727
vt 0.575918 0.688563
vt 0.572123 0.693695
vt 0.592307 0.673590
vt 0.248142 0.605575
vt 0.269571 0.611748
vt 0.273396 0.604564
vt 0.591021 0.689817
vt 0.598266 0.678018
vt 0.573551 0.698521
vt 0.579628 0.705914
vt 0.593767 0.700223
vt 0.715974 0.982530
vt 0.708093 0.988979
vt 0.557711 0.699678
vt 0.574215 0.694681
vt 0.086292 0.945972
vt 0.069512 0.956092
vt 0.085515 0.955103
vt 0.080262 0.943753
vt 0.573860 0.697376
vt 0.081981 0.958681
vt 0.046060 0.955156
vt 0.040210 0.943753
vt 0.035095 0.943154
vt 0.055506 0.966390
vt 0.055355 0.957818
vt 0.036392 0.951557
vt 0.041877 0.959670
vt 0.567047 0.602176
vt 0.101982 0.362767
vt 0.108588 0.358921
vt 0.108588 0.365560
vt 0.572331 0.603766
vt 0.574079 0.600632
vt 0.587799 0.601594
vt 0.048307 0.870335
vt 0.583342 0.586261
vt 0.572129 0.611224
vt 0.578688 0.612110
vt 0.003400 0.675814
vt 0.009496 0.669295
vt 0.009496 0.683402
vt 0.592337 0.576658
vt 0.595291 0.590944
vt 0.592910 0.586294
vt 0.598266 0.576640
vt 0.597385 0.585750
vt 0.589453 0.629327
vt 0.583534 0.613084
vt 0.597708 0.621700
vt 0.587038 0.635098
vt 0.584425 0.649812
vt 0.585962 0.650743
vt 0.524773 0.392417
vt 0.526166 0.362241
vt 0.536460 0.364708
vt 0.527479 0.401798
vt 0.537159 0.400923
vt 0.535903 0.379807
vt 0.535611 0.385353
vt 0.534151 0.407054
vt 0.537144 0.403416
vt 0.934629 0.317537
vt 0.940132 0.329046
vt 0.932946 0.323688
vt 0.927746 0.319413
vt 0.929232 0.326743
vt 0.931464 0.314820
vt 0.928188 0.311080
vt 0.936965 0.313220
vt 0.930950 0.310061
vt 0.930311 0.300830
vt 0.189486 0.277593
vt 0.201967 0.275579
vt 0.168801 0.270758
vt 0.192450 0.264588
vt 0.172979 0.262416
vt 0.168043 0.260166
vt 0.208359 0.271599
vt 0.211808 0.268214
vt 0.208411 0.260792
vt 0.211138 0.260166
vt 0.311958 0.243486
vt 0.325963 0.245616
vt 0.301113 0.248310
vt 0.690647 0.772578
vt 0.691300 0.760975
vt 0.700253 0.763065
vt 0.891655 0.473380
vt 0.889571 0.471051
vt 0.885302 0.480083
vt 0.681023 0.745291
vt 0.694973 0.742265
vt 0.689628 0.750460
vt 0.699906 0.750167
vt 0.693626 0.756233
vt 0.698738 0.755639
vt 0.694923 0.760850
vt 0.882409 0.470954
vt 0.676439 0.741731
vt 0.678989 0.734038
vt 0.683438 0.738954
vt 0.676190 0.721093
vt 0.683769 0.721709
vt 0.695808 0.738961
vt 0.704648 0.767102
vt 0.696664 0.771554
vt 0.704869 0.771163
vt 0.125929 0.387967
vt 0.124277 0.387967
vt 0.124714 0.392116
vt 0.325425 0.248595
vt 0.317561 0.255719
vt 0.324587 0.256622
vt 0.326373 0.262843
vt 0.323588 0.263306
vt 0.706519 0.775100
vt 0.714405 0.784374
vt 0.712891 0.786748
vt 0.703880 0.743468
vt 0.688257 0.734937
vt 0.381916 0.862849
vt 0.368713 0.860996
vt 0.368704 0.872614
vt 0.956647 0.915545
vt 0.952519 0.917427
vt 0.956647 0.910788
vt 0.707689 0.738709
vt 0.698154 0.727201
vt 0.708561 0.734101
vt 0.698520 0.708926
vt 0.705857 0.727194
vt 0.707350 0.719741
vt 0.726927 0.694979
vt 0.704778 0.758548
vt 0.326450 0.245898
vt 0.329893 0.246577
vt 0.329123 0.255793
vt 0.711966 0.763434
vt 0.879026 0.478134
vt 0.713356 0.751789
vt 0.718168 0.760796
vt 0.708563 0.769488
vt 0.715946 0.763506
vt 0.719259 0.785462
vt 0.732005 0.768123
vt 0.740307 0.777486
vt 0.325304 0.278423
vt 0.729315 0.762670
vt 0.074732 0.304979
vt 0.073497 0.314938
vt 0.068951 0.307791
vt 0.738583 0.763830
vt 0.747912 0.732981
vt 0.713057 0.737551
vt 0.721448 0.737184
vt 0.712438 0.736904
vt 0.986375 0.698239
vt 0.982242 0.694157
vt 0.983168 0.692840
vt 0.731255 0.713864
vt 0.727830 0.739138
vt 0.731793 0.740694
vt 0.725397 0.736417
vt 0.661850 0.348963
vt 0.654418 0.348963
vt 0.659106 0.350622
vt 0.735506 0.699624
vt 0.740818 0.703845
vt 0.743067 0.711898
vt 0.751497 0.733652
vt 0.909629 0.626260
vt 0.904624 0.621162
vt 0.904846 0.630290
vt 0.744018 0.699065
vt 0.753695 0.689152
vt 0.748848 0.690950
vt 0.716382 0.795288
vt 0.719988 0.795472
vt 0.299360 0.253582
vt 0.743584 0.780388
vt 0.750786 0.767320
vt 0.737714 0.802075
vt 0.744316 0.792707
vt 0.746329 0.778185
vt 0.751804 0.771920
vt 0.753885 0.760726
vt 0.026477 0.061826
vt 0.030140 0.056846
vt 0.016928 0.056846
vt 0.749277 0.712869
vt 0.678604 0.718620
vt 0.675888 0.706602
vt 0.693181 0.704464
vt 0.694727 0.691932
vt 0.720286 0.687788
vt 0.712314 0.685055
vt 0.736634 0.693277
vt 0.719730 0.679281
vt 0.741732 0.668151
vt 0.740039 0.667836
vt 0.732001 0.668965
vt 0.756813 0.680121
vt 0.740905 0.665094
vt 0.741511 0.662656
vt 0.612794 0.561194
vt 0.615409 0.545303
vt 0.618910 0.562241
vt 0.605698 0.545328
vt 0.607309 0.536344
vt 0.611811 0.535685
vt 0.617665 0.539698
vt 0.480182 0.617640
vt 0.473853 0.616769
vt 0.476354 0.614523
vt 0.470651 0.619197
vt 0.471124 0.626279
vt 0.471530 0.638613
vt 0.477319 0.638384
vt 0.847072 0.642286
vt 0.859382 0.638636
vt 0.852557 0.659190
vt 0.845254 0.623967
vt 0.881477 0.633305
vt 0.882016 0.615141
vt 0.849134 0.620216
vt 0.854649 0.604791
vt 0.869363 0.677593
vt 0.881958 0.652168
vt 0.885033 0.676630
vt 0.894097 0.641699
vt 0.897398 0.626431
vt 0.899670 0.640493
vt 0.885018 0.645902
vt 0.894025 0.651157
vt 0.844972 0.604832
vt 0.881454 0.598829
vt 0.886908 0.590104
vt 0.893783 0.590601
vt 0.898428 0.600786
vt 0.899670 0.596375
vt 0.886995 0.581623
vt 0.885053 0.574689
vt 0.658547 0.043316
vt 0.657968 0.039961
vt 0.620850 0.046024
vt 0.651207 0.054135
vt 0.605122 0.031950
vt 0.601339 0.046798
vt 0.625538 0.051900
vt 0.620244 0.054299
vt 0.634945 0.036034
vt 0.258059 0.011341
vt 0.255963 0.007069
vt 0.241332 0.019837
vt 0.256328 0.017218
vt 0.655786 0.055947
vt 0.913708 0.132219
vt 0.919488 0.132219
vt 0.919100 0.131535
vt 0.915246 0.131774
vt 0.586273 0.043342
vt 0.579708 0.035216
vt 0.576919 0.051608
vt 0.565568 0.042988
vt 0.223147 0.008169
vt 0.218300 0.021158
vt 0.587455 0.057676
vt 0.209221 0.007378
vt 0.565798 0.049920
vt 0.565194 0.035510
vt 0.556152 0.047533
vt 0.203183 0.018416
vt 0.191521 0.007180
vt 0.188091 0.019293
vt 0.705535 0.519137
vt 0.691950 0.523237
vt 0.701548 0.507487
vt 0.687882 0.500587
vt 0.697303 0.503288
vt 0.701907 0.483675
vt 0.712205 0.513747
vt 0.718444 0.500608
vt 0.714734 0.493314
vt 0.721222 0.510694
vt 0.717490 0.497682
vt 0.711222 0.488142
vt 0.672485 0.494902
vt 0.658104 0.476022
vt 0.671893 0.472304
vt 0.697832 0.480166
vt 0.687164 0.475286
vt 0.704902 0.477585
vt 0.699899 0.472280
vt 0.692073 0.456283
vt 0.695218 0.459500
vt 0.655438 0.449503
vt 0.669624 0.455965
vt 0.685272 0.445716
vt 0.660484 0.439596
vt 0.651941 0.440086
vt 0.654938 0.432742
vt 0.696715 0.423203
vt 0.712311 0.398271
vt 0.709163 0.407838
vt 0.674326 0.405582
vt 0.722130 0.375384
vt 0.716161 0.381652
vt 0.718892 0.370525
vt 0.694164 0.395366
vt 0.696637 0.384738
vt 0.706379 0.369817
vt 0.710852 0.359390
vt 0.148225 0.435592
vt 0.189406 0.442971
vt 0.149194 0.431184
vt 0.184074 0.429461
vt 0.175067 0.441817
vt 0.207629 0.433424
vt 0.151745 0.444879
vt 0.234019 0.429461
vt 0.230547 0.438221
vt 0.215351 0.447700
vt 0.225347 0.448548
vt 0.590008 0.194711
vt 0.585400 0.195423
vt 0.580449 0.197880
vt 0.575117 0.194930
vt 0.243326 0.433119
vt 0.579999 0.209481
vt 0.248142 0.438923
vt 0.557996 0.195835
vt 0.562837 0.213693
vt 0.552842 0.207714
vt 0.533647 0.194914
vt 0.522296 0.197110
vt 0.525182 0.203106
vt 0.583546 0.275484
vt 0.571273 0.275700
vt 0.577066 0.280537
vt 0.563424 0.275803
vt 0.558412 0.271758
vt 0.558723 0.277261
vt 0.525599 0.884474
vt 0.525452 0.894040
vt 0.519989 0.890874
vt 0.525452 0.877638
vt 0.517665 0.876763
vt 0.516159 0.889512
vt 0.509909 0.883035
vt 0.564092 0.279328
vt 0.546910 0.281054
vt 0.548562 0.292244
vt 0.561835 0.291044
vt 0.582112 0.268034
vt 0.578809 0.262752
vt 0.523630 0.900515
vt 0.551954 0.267670
vt 0.554571 0.279268
vt 0.577685 0.258135
vt 0.547292 0.283531
vt 0.550662 0.280239
vt 0.547695 0.279431
vt 0.512380 0.889036
vt 0.270438 0.343983
vt 0.258284 0.347807
vt 0.266361 0.353847
vt 0.535902 0.273284
vt 0.540599 0.262859
vt 0.536374 0.266257
vt 0.262487 0.355182
vt 0.249670 0.350792
vt 0.248142 0.344743
vt 0.534508 0.273025
vt 0.518220 0.279468
vt 0.543156 0.282576
vt 0.508763 0.281762
vt 0.569155 0.251368
vt 0.562396 0.248821
vt 0.566711 0.248210
vt 0.563055 0.234093
vt 0.559475 0.243768
vt 0.573846 0.250696
vt 0.541584 0.035442
vt 0.542432 0.032256
vt 0.536334 0.036929
vt 0.548720 0.031950
vt 0.550085 0.253714
vt 0.554913 0.237917
vt 0.497711 0.958091
vt 0.498380 0.947303
vt 0.504955 0.954569
vt 0.548633 0.217707
vt 0.543493 0.252265
vt 0.536279 0.252624
vt 0.520821 0.260732
vt 0.531828 0.244430
vt 0.799933 0.375950
vt 0.809177 0.370402
vt 0.801904 0.368139
vt 0.526732 0.240635
vt 0.822048 0.375422
vt 0.619925 0.600561
vt 0.619325 0.592946
vt 0.612154 0.597429
vt 0.510601 0.276050
vt 0.502647 0.265507
vt 0.507567 0.255799
vt 0.541987 0.222133
vt 0.368704 0.960455
vt 0.362943 0.961411
vt 0.363752 0.954554
vt 0.356739 0.949309
vt 0.534414 0.211203
vt 0.490861 0.258896
vt 0.483905 0.266084
vt 0.368704 0.944715
vt 0.355491 0.943154
vt 0.594086 0.240468
vt 0.592370 0.234276
vt 0.589288 0.229107
vt 0.596310 0.232124
vt 0.594241 0.226451
vt 0.580463 0.262922
vt 0.569333 0.217170
vt 0.580346 0.212518
vt 0.585264 0.214154
vt 0.598266 0.211203
vt 0.560912 0.215204
vt 0.532881 0.300000
vt 0.516811 0.299579
vt 0.502303 0.280008
vt 0.501296 0.296642
vt 0.489289 0.299301
vt 0.481878 0.268365
vt 0.475179 0.288214
vt 0.475609 0.293409
vt 0.471924 0.271139
vt 0.407046 0.095851
vt 0.392343 0.105809
vt 0.410818 0.103607
vt 0.376605 0.096081
vt 0.375580 0.101530
vt 0.385494 0.103433
vt 0.374043 0.097378
vt 0.372832 0.101404
vt 0.308852 0.901715
vt 0.306695 0.908128
vt 0.304113 0.912448
vt 0.314825 0.906986
vt 0.303468 0.901358
vt 0.309451 0.894060
vt 0.307360 0.898713
vt 0.314038 0.895895
vt 0.309428 0.889495
vt 0.313879 0.891883
vt 0.314825 0.885062
vt 0.265330 0.284730
vt 0.267113 0.287403
vt 0.267195 0.280083
vt 0.270837 0.287760
vt 0.274817 0.280950
vt 0.290717 0.286320
vt 0.294868 0.281035
vt 0.306711 0.289017
vt 0.303138 0.280083
vt 0.310074 0.286365
vt 0.413055 0.096954
vt 0.435406 0.110137
vt 0.432312 0.101293
vt 0.509957 0.100520
vt 0.509272 0.115930
vt 0.537846 0.108894
vt 0.458334 0.106165
vt 0.465526 0.117339
vt 0.475898 0.113297
vt 0.480348 0.117122
vt 0.468215 0.124896
vt 0.443896 0.116523
vt 0.441082 0.103455
vt 0.455889 0.119982
vt 0.461624 0.121917
vt 0.412071 0.105092
vt 0.417365 0.109710
vt 0.489853 0.115631
vt 0.490093 0.104744
vt 0.477711 0.105969
vt 0.498767 0.104544
vt 0.500106 0.123487
vt 0.530933 0.098952
vt 0.524908 0.098799
vt 0.526437 0.116950
vt 0.532029 0.115575
vt 0.539826 0.105317
vt 0.540477 0.097339
vt 0.859217 0.369288
vt 0.840136 0.361857
vt 0.856177 0.349934
vt 0.857637 0.324271
vt 0.838134 0.341234
vt 0.878785 0.352477
vt 0.879232 0.366199
vt 0.877777 0.384647
vt 0.828956 0.360698
vt 0.820054 0.341923
vt 0.821404 0.360357
vt 0.802936 0.342848
vt 0.800506 0.332942
vt 0.805242 0.361704
vt 0.795316 0.354462
vt 0.797086 0.362967
vt 0.794858 0.363884
vt 0.791208 0.351575
vt 0.537892 0.718498
vt 0.534795 0.718418
vt 0.533031 0.714938
vt 0.879851 0.313278
vt 0.859478 0.315244
vt 0.876514 0.313394
vt 0.838463 0.316702
vt 0.818795 0.317895
vt 0.805595 0.319933
vt 0.787013 0.328828
vt 0.786149 0.323447
vt 0.208766 0.197558
vt 0.212096 0.190308
vt 0.213318 0.198052
vt 0.214062 0.198755
vt 0.221975 0.197967
vt 0.202431 0.193906
vt 0.199769 0.186950
vt 0.222543 0.193676
vt 0.221917 0.186889
vt 0.212478 0.165349
vt 0.221715 0.161489
vt 0.219972 0.155602
vt 0.784050 0.599166
vt 0.788699 0.592569
vt 0.787464 0.601562
vt 0.796867 0.605538
vt 0.793849 0.607054
vt 0.782411 0.580180
vt 0.786611 0.572070
vt 0.787400 0.580720
vt 0.785454 0.586411
vt 0.797717 0.580513
vt 0.800261 0.597507
vt 0.799090 0.591155
vt 0.793652 0.574622
vt 0.800708 0.570964
vt 0.802784 0.560812
vt 0.805533 0.558091
vt 0.208253 0.951318
vt 0.205550 0.962392
vt 0.205314 0.951617
vt 0.203616 0.962552
vt 0.206429 0.971407
vt 0.203551 0.973974
vt 0.206435 0.980067
vt 0.215111 0.984562
vt 0.212575 0.985477
vt 0.805533 0.598711
vt 0.802386 0.596696
vt 0.215111 0.946631
vt 0.209247 0.943983
vt 0.746300 0.484102
vt 0.761197 0.490239
vt 0.742099 0.504214
vt 0.760005 0.486397
vt 0.748460 0.480313
vt 0.757158 0.475104
vt 0.762796 0.476456
vt 0.766217 0.483915
vt 0.755944 0.507859
vt 0.762340 0.508961
vt 0.769786 0.508315
vt 0.738949 0.489568
vt 0.740113 0.502590
vt 0.728628 0.505443
vt 0.841866 0.396910
vt 0.838716 0.391286
vt 0.830423 0.395279
vt 0.742502 0.509774
vt 0.755694 0.514505
vt 0.730765 0.512666
vt 0.827752 0.401245
vt 0.822874 0.395103
vt 0.731539 0.520421
vt 0.722853 0.521706
vt 0.736187 0.516655
vt 0.731488 0.514702
vt 0.759834 0.513214
vt 0.513377 0.529876
vt 0.515689 0.542046
vt 0.505402 0.531136
vt 0.719687 0.526456
vt 0.736456 0.538133
vt 0.744909 0.520202
vt 0.506204 0.541594
vt 0.508375 0.550047
vt 0.510026 0.542881
vt 0.752790 0.520681
vt 0.751254 0.532237
vt 0.514319 0.548672
vt 0.514741 0.563900
vt 0.753267 0.519314
vt 0.759414 0.521357
vt 0.763662 0.517582
vt 0.761412 0.520468
vt 0.500000 0.551689
vt 0.767708 0.539056
vt 0.755403 0.539872
vt 0.769806 0.531641
vt 0.760806 0.538532
vt 0.763229 0.553325
vt 0.766922 0.541025
vt 0.739389 0.531565
vt 0.560282 0.995436
vt 0.573493 0.991239
vt 0.556978 0.990507
vt 0.742034 0.544014
vt 0.770724 0.542465
vt 0.940958 0.767220
vt 0.937022 0.759751
vt 0.940958 0.762983
vt 0.766999 0.554091
vt 0.772860 0.545446
vt 0.773506 0.551460
vt 0.405769 0.992116
vt 0.408340 0.998755
vt 0.405037 0.997042
vt 0.770622 0.560308
vt 0.766015 0.570523
vt 0.711087 0.528699
vt 0.713145 0.535642
vt 0.721859 0.541538
vt 0.718985 0.537157
vt 0.726344 0.541817
vt 0.734314 0.553316
vt 0.729214 0.561706
vt 0.681694 0.682260
vt 0.684886 0.682573
vt 0.682751 0.676767
vt 0.693821 0.674274
vt 0.682822 0.674274
vt 0.733396 0.540768
vt 0.120974 0.219355
vt 0.120042 0.217012
vt 0.112717 0.217012
vt 0.742003 0.562891
vt 0.713343 0.572323
vt 0.721963 0.575073
vt 0.715438 0.577239
vt 0.726319 0.582710
vt 0.721336 0.589105
vt 0.726667 0.661572
vt 0.728829 0.666805
vt 0.725434 0.665722
vt 0.742181 0.556544
vt 0.748967 0.566022
vt 0.697262 0.680334
vt 0.740581 0.566966
vt 0.745940 0.572573
vt 0.702569 0.675291
vt 0.733848 0.583561
vt 0.659372 0.197013
vt 0.650289 0.192116
vt 0.655658 0.198755
vt 0.725437 0.597529
vt 0.751000 0.594848
vt 0.765332 0.597634
vt 0.751705 0.586684
vt 0.776204 0.576549
vt 0.773855 0.590779
vt 0.743868 0.587102
vt 0.765258 0.594829
vt 0.471098 0.053974
vt 0.474401 0.046888
vt 0.474401 0.057676
vt 0.767860 0.513659
vt 0.774990 0.524902
vt 0.130058 0.424742
vt 0.121800 0.424742
vt 0.125447 0.426971
vt 0.778647 0.531143
vt 0.778340 0.528363
vt 0.778302 0.539606
vt 0.781415 0.547455
vt 0.784889 0.544497
vt 0.779254 0.581477
vt 0.775873 0.597297
vt 0.778043 0.593485
vt 0.199698 0.665165
vt 0.201073 0.672035
vt 0.196806 0.668926
vt 0.197778 0.664315
vt 0.783303 0.588522
vt 0.781972 0.590799
vt 0.396013 0.948002
vt 0.391321 0.945643
vt 0.390077 0.951533
vt 0.396571 0.952282
vt 0.199022 0.685023
vt 0.195143 0.682182
vt 0.377922 0.945643
vt 0.380360 0.951450
vt 0.784889 0.593537
vt 0.708093 0.577691
vt 0.712477 0.578427
vt 0.708248 0.587680
vt 0.711087 0.586464
vt 0.712931 0.592210
vt 0.711223 0.594784
vt 0.723139 0.599586
vt 0.360265 0.450207
vt 0.367878 0.445355
vt 0.354666 0.445355
vt 0.717203 0.582330
vt 0.722509 0.594616
vt 0.714054 0.577419
vt 0.714603 0.577783
vt 0.523947 0.533195
vt 0.521618 0.534397
vt 0.523705 0.534855
vt 0.715611 0.578113
vt 0.126988 0.491669
vt 0.126923 0.494045
vt 0.139176 0.492715
vt 0.144096 0.493933
vt 0.138016 0.496736
vt 0.721663 0.590317
vt 0.122042 0.494092
vt 0.116557 0.494822
vt 0.116712 0.490041
vt 0.729209 0.593406
vt 0.723782 0.597333
vt 0.726128 0.595699
vt 0.115194 0.492653
vt 0.850784 0.443186
vt 0.850124 0.446888
vt 0.852601 0.445790
vt 0.852601 0.440249
vt 0.735724 0.590607
vt 0.238120 0.964006
vt 0.222543 0.963568
vt 0.235692 0.950300
vt 0.237230 0.969486
vt 0.226424 0.970934
vt 0.240448 0.927628
vt 0.240924 0.944843
vt 0.235397 0.932839
vt 0.251396 0.919878
vt 0.247695 0.947570
vt 0.233955 0.944385
vt 0.246987 0.953505
vt 0.253922 0.903319
vt 0.246527 0.965435
vt 0.250236 0.976682
vt 0.238673 0.977358
vt 0.229962 0.983244
vt 0.249524 0.979764
vt 0.242853 0.982709
vt 0.250441 0.987487
vt 0.242014 0.997323
vt 0.248938 0.996606
vt 0.253536 0.990717
vt 0.230414 0.997120
vt 0.336499 0.272712
vt 0.343478 0.287503
vt 0.347301 0.269561
vt 0.339539 0.263652
vt 0.359613 0.251511
vt 0.351256 0.293333
vt 0.364118 0.262934
vt 0.341108 0.246781
vt 0.341440 0.252384
vt 0.348751 0.243451
vt 0.349275 0.235003
vt 0.369233 0.230000
vt 0.376375 0.252297
vt 0.384204 0.226898
vt 0.390398 0.257396
vt 0.389062 0.244974
vt 0.372685 0.226761
vt 0.368179 0.220332
vt 0.373721 0.221240
vt 0.377380 0.224974
vt 0.380182 0.226760
vt 0.389724 0.228631
vt 0.389005 0.223257
vt 0.393104 0.235820
vt 0.389203 0.240800
vt 0.405635 0.247419
vt 0.342914 0.293640
vt 0.363096 0.276893
vt 0.374502 0.270319
vt 0.373679 0.287892
vt 0.380452 0.277188
vt 0.385426 0.268461
vt 0.386205 0.281053
vt 0.395147 0.283431
vt 0.398886 0.268723
vt 0.398313 0.294191
vt 0.409669 0.273527
vt 0.405177 0.282785
vt 0.407372 0.289663
vt 0.409661 0.283134
vt 0.410013 0.258540
vt 0.428427 0.275970
vt 0.415663 0.282385
vt 0.414586 0.261875
vt 0.429560 0.282108
vt 0.434545 0.283658
vt 0.428565 0.264934
vt 0.409026 0.242870
vt 0.214451 0.706072
vt 0.225021 0.705906
vt 0.221255 0.712248
vt 0.406012 0.251333
vt 0.407065 0.254924
vt 0.407363 0.253976
vt 0.208546 0.702521
vt 0.211787 0.685077
vt 0.904624 0.522019
vt 0.901705 0.547656
vt 0.898672 0.532655
vt 0.899625 0.520893
vt 0.410017 0.243541
vt 0.889855 0.529083
vt 0.897554 0.519087
vt 0.892154 0.536935
vt 0.208094 0.675228
vt 0.204377 0.691152
vt 0.214208 0.676994
vt 0.897478 0.554772
vt 0.891669 0.542853
vt 0.441189 0.276026
vt 0.448834 0.261476
vt 0.220053 0.662656
vt 0.446373 0.257074
vt 0.225021 0.663078
vt 0.456268 0.264376
vt 0.448700 0.251765
vt 0.457449 0.234878
vt 0.466799 0.237118
vt 0.463016 0.253850
vt 0.474401 0.220332
vt 0.544149 0.064651
vt 0.550909 0.051091
vt 0.536123 0.066998
vt 0.530967 0.059625
vt 0.523627 0.064559
vt 0.529941 0.068361
vt 0.516582 0.067992
vt 0.516435 0.052102
vt 0.511292 0.055461
vt 0.506763 0.069565
vt 0.504042 0.060980
vt 0.508526 0.047256
vt 0.553318 0.056597
vt 0.537358 0.040435
vt 0.542953 0.039922
vt 0.514881 0.045552
vt 0.603220 0.214523
vt 0.595789 0.214523
vt 0.596029 0.221162
vt 0.556152 0.040528
vt 0.552355 0.028631
vt 0.547101 0.036497
vt 0.537633 0.039066
vt 0.533787 0.038897
vt 0.533042 0.038373
vt 0.523565 0.035723
vt 0.517154 0.035189
vt 0.512819 0.038085
vt 0.506346 0.037798
vt 0.232746 0.720387
vt 0.236242 0.718288
vt 0.236455 0.714452
vt 0.222161 0.717245
vt 0.505083 0.036996
vt 0.232815 0.722824
vt 0.242769 0.718284
vt 0.242983 0.708299
vt 0.492408 0.057636
vt 0.485336 0.063063
vt 0.487146 0.067114
vt 0.492658 0.047353
vt 0.489716 0.052015
vt 0.478545 0.046799
vt 0.500262 0.038197
vt 0.472581 0.040697
vt 0.470168 0.039556
vt 0.466969 0.042024
vt 0.218174 0.720992
vt 0.216064 0.716773
vt 0.216552 0.720973
vt 0.492748 0.030344
vt 0.488824 0.028631
vt 0.216405 0.720281
vt 0.213011 0.718806
vt 0.212154 0.712376
vt 0.208702 0.718011
vt 0.207993 0.708299
vt 0.475971 0.029936
vt 0.471340 0.029475
vt 0.535491 0.791229
vt 0.547023 0.792162
vt 0.537863 0.800151
vt 0.549074 0.744813
vt 0.548777 0.758420
vt 0.544933 0.748532
vt 0.538822 0.751845
vt 0.535212 0.759659
vt 0.542903 0.773903
vt 0.487424 0.419217
vt 0.492229 0.425812
vt 0.484310 0.413824
vt 0.499823 0.419955
vt 0.487465 0.403178
vt 0.484589 0.405030
vt 0.488317 0.407997
vt 0.491768 0.402075
vt 0.503074 0.409036
vt 0.545200 0.777928
vt 0.549546 0.781212
vt 0.539237 0.781507
vt 0.504774 0.416903
vt 0.534552 0.755067
vt 0.530981 0.756333
vt 0.535442 0.773733
vt 0.531764 0.781621
vt 0.541450 0.800415
vt 0.502710 0.422045
vt 0.505915 0.437102
vt 0.507898 0.436831
vt 0.512865 0.405943
vt 0.514940 0.418884
vt 0.521419 0.405476
vt 0.512763 0.432777
vt 0.519921 0.427092
vt 0.513462 0.441079
vt 0.516643 0.435025
vt 0.520697 0.434738
vt 0.486788 0.991286
vt 0.487830 0.989627
vt 0.489265 0.991286
vt 0.524394 0.412283
vt 0.523865 0.417714
vt 0.519011 0.424993
vt 0.523868 0.425690
vt 0.054546 0.287964
vt 0.047770 0.283990
vt 0.044288 0.298126
vt 0.042527 0.294935
vt 0.058293 0.298340
vt 0.061554 0.291611
vt 0.067300 0.288213
vt 0.060840 0.283728
vt 0.621173 0.364131
vt 0.633138 0.354860
vt 0.620505 0.358255
vt 0.618084 0.355729
vt 0.621430 0.345643
vt 0.644724 0.354798
vt 0.639042 0.365976
vt 0.636466 0.350719
vt 0.632336 0.346018
vt 0.640557 0.348404
vt 0.644970 0.372621
vt 0.650441 0.380395
vt 0.657005 0.372300
vt 0.650534 0.361257
vt 0.659143 0.382208
vt 0.659588 0.377251
vt 0.681668 0.388497
vt 0.679546 0.385623
vt 0.672582 0.387799
vt 0.667149 0.388562
vt 0.666592 0.394575
vt 0.681668 0.393925
vt 0.672486 0.368743
vt 0.660904 0.361297
vt 0.674880 0.363035
vt 0.666953 0.351491
vt 0.660198 0.392772
vt 0.660742 0.395525
vt 0.677473 0.348904
vt 0.687473 0.352973
vt 0.688274 0.359703
vt 0.682017 0.349193
vt 0.025722 0.826925
vt 0.020396 0.825831
vt 0.025368 0.815698
vt 0.014841 0.828079
vt 0.008443 0.823069
vt 0.007019 0.817358
vt 0.017504 0.808653
vt 0.025722 0.806224
vt 0.183060 0.118688
vt 0.191898 0.130463
vt 0.189033 0.118021
vt 0.182907 0.138771
vt 0.194720 0.147239
vt 0.200547 0.136997
vt 0.197128 0.126305
vt 0.202111 0.146984
vt 0.202778 0.157921
vt 0.216781 0.139504
vt 0.208571 0.127912
vt 0.192541 0.118130
vt 0.199161 0.113415
vt 0.191275 0.112673
vt 0.208148 0.102771
vt 0.208517 0.115519
vt 0.215483 0.102559
vt 0.223775 0.112670
vt 0.223985 0.106003
vt 0.195306 0.120416
vt 0.200859 0.123435
vt 0.208058 0.118751
vt 0.212983 0.128341
vt 0.050784 0.163177
vt 0.053262 0.157261
vt 0.053262 0.168050
vt 0.213404 0.115593
vt 0.218814 0.118880
vt 0.223803 0.117253
vt 0.221438 0.134440
vt 0.022709 0.657574
vt 0.020827 0.650938
vt 0.015827 0.658497
vt 0.224757 0.120973
vt 0.009190 0.649378
vt 0.232973 0.131681
vt 0.234872 0.114635
vt 0.230540 0.115581
vt 0.009282 0.655789
vt 0.002890 0.654808
vt 0.878741 0.824894
vt 0.886458 0.833453
vt 0.876477 0.835270
vt 0.882569 0.824300
vt 0.886458 0.819502
vt 0.205669 0.147519
vt 0.212126 0.153666
vt 0.210434 0.138909
vt 0.219004 0.149296
vt 0.226647 0.144632
vt 0.229208 0.140549
vt 0.231039 0.146915
vt 0.209335 0.152414
vt 0.211303 0.155720
vt 0.599092 0.075934
vt 0.601850 0.079253
vt 0.602395 0.075934
vt 0.235452 0.153765
vt 0.241621 0.158667
vt 0.240993 0.146557
vt 0.238728 0.137030
vt 0.039007 0.246704
vt 0.039412 0.260706
vt 0.044189 0.221878
vt 0.242175 0.117223
vt 0.246042 0.134600
vt 0.255383 0.133134
vt 0.243592 0.116742
vt 0.252973 0.111051
vt 0.258114 0.110943
vt 0.252650 0.146044
vt 0.251947 0.140120
vt 0.253323 0.141631
vt 0.800578 0.995436
vt 0.793146 0.994350
vt 0.800578 0.993776
vt 0.067343 0.236119
vt 0.188980 0.116544
vt 0.185099 0.101378
vt 0.218834 0.092531
vt 0.223591 0.095096
vt 0.247507 0.107265
vt 0.240432 0.107705
vt 0.844001 0.007884
vt 0.841866 0.012643
vt 0.846475 0.016203
vt 0.854038 0.019602
vt 0.872962 0.014009
vt 0.862592 0.008916
vt 0.867844 0.018954
vt 0.857647 0.022822
vt 0.873161 0.017914
vt 0.870510 0.018713
vt 0.868216 0.021512
vt 0.047985 0.212863
vt 0.049029 0.217258
vt 0.059922 0.214672
vt 0.259559 0.107591
vt 0.262357 0.109746
vt 0.267326 0.114482
vt 0.265064 0.103428
vt 0.273524 0.106429
vt 0.270573 0.092897
vt 0.275705 0.098337
vt 0.277044 0.093357
vt 0.226310 0.162241
vt 0.241018 0.159817
vt 0.251310 0.156774
vt 0.251052 0.159781
vt 0.037572 0.260771
vt 0.039139 0.264296
vt 0.252826 0.160269
vt 0.060780 0.266290
vt 0.043200 0.279052
vt 0.058104 0.281743
vt 0.081307 0.267695
vt 0.099955 0.240721
vt 0.099217 0.229537
vt 0.087729 0.260568
vt 0.105426 0.257881
vt 0.091924 0.220661
vt 0.110772 0.228420
vt 0.122747 0.244848
vt 0.152884 0.230900
vt 0.124995 0.219184
vt 0.176591 0.217438
vt 0.177900 0.225624
vt 0.158091 0.212874
vt 0.181255 0.222089
vt 0.872322 0.021180
vt 0.522491 0.961735
vt 0.519700 0.958477
vt 0.513138 0.942310
vt 0.516794 0.951612
vt 0.527993 0.955935
vt 0.524226 0.957763
vt 0.524420 0.948428
vt 0.519459 0.942794
vt 0.520666 0.937069
vt 0.519343 0.937957
vt 0.521816 0.933135
vt 0.513910 0.936429
vt 0.516999 0.930771
vt 0.524263 0.929053
vt 0.518113 0.927350
vt 0.522630 0.927506
vt 0.520193 0.923555
vt 0.511539 0.931199
vt 0.508756 0.928291
vt 0.512303 0.925247
vt 0.511131 0.922258
vt 0.512720 0.919354
vt 0.513925 0.918841
vt 0.508585 0.932252
vt 0.498780 0.937587
vt 0.510823 0.936563
vt 0.510306 0.938125
vt 0.494668 0.933518
vt 0.493891 0.927952
vt 0.494526 0.924700
vt 0.500955 0.914778
vt 0.512970 0.916304
vt 0.500682 0.911404
vt 0.518570 0.912812
vt 0.506590 0.910018
vt 0.489233 0.931763
vt 0.487462 0.925481
vt 0.483469 0.929100
vt 0.486787 0.913402
vt 0.469945 0.908426
vt 0.480389 0.907616
vt 0.461189 0.907906
vt 0.501782 0.895725
vt 0.495521 0.852217
vt 0.511159 0.866075
vt 0.517433 0.856264
vt 0.514087 0.833698
vt 0.502316 0.814156
vt 0.493076 0.822005
vt 0.522554 0.806043
vt 0.503743 0.798062
vt 0.528076 0.759770
vt 0.511620 0.767099
vt 0.496105 0.796628
vt 0.526066 0.722120
vt 0.517253 0.726401
vt 0.520129 0.712448
vt 0.523949 0.712550
vt 0.526964 0.713779
vt 0.300954 0.799590
vt 0.301424 0.808687
vt 0.290716 0.810582
vt 0.302875 0.803353
vt 0.300953 0.812165
vt 0.299633 0.816803
vt 0.287263 0.817948
vt 0.305120 0.821724
vt 0.291488 0.831950
vt 0.978889 0.063880
vt 0.996284 0.063486
vt 0.972155 0.077344
vt 0.991368 0.068304
vt 0.989466 0.103127
vt 0.980071 0.099536
vt 0.985808 0.097422
vt 0.993130 0.109671
vt 0.991853 0.116574
vt 0.986020 0.108128
vt 0.958120 0.082503
vt 0.955627 0.092500
vt 0.964596 0.098053
vt 0.971532 0.093965
vt 0.968042 0.103426
vt 0.969216 0.111341
vt 0.952129 0.108971
vt 0.966947 0.108709
vt 0.979281 0.108074
vt 0.981157 0.116602
vt 0.978227 0.121893
vt 0.979558 0.121959
vt 0.984168 0.124047
vt 0.959611 0.116313
vt 0.957695 0.111506
vt 0.951909 0.109788
vt 0.951717 0.119066
vt 0.955262 0.122432
vt 0.964671 0.122452
vt 0.960600 0.125407
vt 0.974796 0.124694
vt 0.978185 0.126475
vt 0.947784 0.113948
vt 0.947564 0.122158
vt 0.951489 0.126385
vt 0.963556 0.125807
vt 0.813940 0.933549
vt 0.804825 0.939206
vt 0.809262 0.942842
vt 0.796665 0.946944
vt 0.807947 0.947561
vt 0.793183 0.951131
vt 0.797025 0.940284
vt 0.799714 0.937301
vt 0.792619 0.933903
vt 0.785990 0.935408
vt 0.810138 0.953254
vt 0.804539 0.954091
vt 0.794232 0.955620
vt 0.802880 0.957242
vt 0.796166 0.960256
vt 0.789860 0.965028
vt 0.796099 0.958933
vt 0.769157 0.949811
vt 0.778018 0.936199
vt 0.773084 0.954370
vt 0.769891 0.934367
vt 0.765441 0.939850
vt 0.760995 0.933808
vt 0.753147 0.932728
vt 0.764084 0.935838
vt 0.757586 0.942488
vt 0.756803 0.945455
vt 0.757370 0.950923
vt 0.750078 0.932365
vt 0.753144 0.945018
vt 0.754356 0.948300
vt 0.770235 0.959295
vt 0.765159 0.961560
vt 0.768557 0.968244
vt 0.770668 0.954764
vt 0.767067 0.955478
vt 0.754653 0.967070
vt 0.734364 0.962224
vt 0.714341 0.966309
vt 0.718840 0.958328
vt 0.661850 0.956937
vt 0.670226 0.013461
vt 0.682035 0.019502
vt 0.686622 0.008332
vt 0.674812 0.008028
vt 0.691678 0.014753
vt 0.700130 0.010790
vt 0.705615 0.017357
vt 0.254748 0.600401
vt 0.250475 0.592344
vt 0.254748 0.586863
vt 0.251752 0.579321
vt 0.233111 0.595505
vt 0.225264 0.585889
vt 0.240315 0.586954
vt 0.225021 0.577443
vt 0.243525 0.600586
vt 0.247382 0.589545
vt 0.239519 0.582636
vt 0.238857 0.576884
vt 0.238758 0.575424
vt 0.124116 0.864315
vt 0.110751 0.869452
vt 0.118762 0.869450
vt 0.137770 0.864315
vt 0.125359 0.872614
vt 0.145349 0.870500
vt 0.280745 0.121241
vt 0.281998 0.146758
vt 0.273741 0.135927
vt 0.276234 0.127380
vt 0.276517 0.120160
vt 0.276383 0.158091
vt 0.614781 0.017892
vt 0.622305 0.024227
vt 0.626505 0.022730
vt 0.628850 0.028333
vt 0.639306 0.027706
vt 0.635707 0.027125
vt 0.647057 0.028346
vt 0.644291 0.028021
vt 0.650251 0.036259
vt 0.279950 0.107469
vt 0.277407 0.109994
vt 0.676713 0.032857
vt 0.667337 0.027474
vt 0.670933 0.028220
vt 0.670234 0.017892
vt 0.665206 0.036929
vt 0.672670 0.024656
vt 0.674602 0.024198
vt 0.676400 0.028689
vt 0.381652 0.403030
vt 0.406915 0.433480
vt 0.447481 0.394296
vt 0.414518 0.440100
vt 0.433285 0.429906
vt 0.443850 0.418513
vt 0.429494 0.435194
vt 0.040050 0.765782
vt 0.041841 0.756317
vt 0.047928 0.763640
vt 0.055813 0.729104
vt 0.062170 0.726446
vt 0.052857 0.735550
vt 0.074198 0.725753
vt 0.074842 0.728228
vt 0.071969 0.726917
vt 0.069912 0.736630
vt 0.048561 0.776032
vt 0.053346 0.781093
vt 0.055599 0.787725
vt 0.054991 0.773116
vt 0.060838 0.793776
vt 0.070333 0.780875
vt 0.059563 0.746895
vt 0.046338 0.744696
vt 0.051418 0.745197
vt 0.055290 0.743457
vt 0.050708 0.744706
vt 0.068595 0.752549
vt 0.050852 0.767483
vt 0.078035 0.732195
vt 0.377375 0.395105
vt 0.391743 0.384322
vt 0.373875 0.383744
vt 0.047428 0.769168
vt 0.043670 0.773824
vt 0.941752 0.565027
vt 0.932700 0.562241
vt 0.937339 0.565560
vt 0.064121 0.765365
vt 0.069890 0.756292
vt 0.050428 0.767039
vt 0.063126 0.779421
vt 0.076560 0.770948
vt 0.078035 0.775791
vt 0.441530 0.366246
vt 0.380685 0.365060
vt 0.367052 0.358609
vt 0.409137 0.357147
vt 0.441273 0.387980
vt 0.466577 0.371705
vt 0.464077 0.400184
vt 0.459735 0.413769
vt 0.464999 0.408233
vt 0.475844 0.389662
vt 0.453230 0.357030
vt 0.472720 0.409264
vt 0.482011 0.402456
vt 0.489576 0.389871
vt 0.475189 0.358839
vt 0.517779 0.374536
vt 0.524030 0.364200
vt 0.492348 0.356153
vt 0.517912 0.360763
vt 0.512041 0.353981
vt 0.525599 0.357369
vt 0.789843 0.012806
vt 0.801645 0.019796
vt 0.797916 0.008357
vt 0.791392 0.009010
vt 0.790214 0.008217
vt 0.832783 0.937092
vt 0.839400 0.936125
vt 0.843381 0.935584
vt 0.844344 0.939004
vt 0.806072 0.011772
vt 0.803441 0.008900
vt 0.196455 0.212117
vt 0.196603 0.221162
vt 0.193642 0.211203
vt 0.195345 0.220463
vt 0.809163 0.020572
vt 0.200248 0.211203
vt 0.820348 0.011749
vt 0.807129 0.001245
vt 0.817339 0.009058
vt 0.821090 0.025179
vt 0.826796 0.028953
vt 0.822789 0.018575
vt 0.826242 0.014635
vt 0.826253 0.010722
vt 0.831433 0.019768
vt 0.830313 0.008278
vt 0.833253 0.008387
vt 0.838467 0.027936
vt 0.841037 0.018711
vt 0.839932 0.001245
vt 0.837968 0.001677
vt 0.829904 0.036917
vt 0.838488 0.036614
vt 0.599092 0.065444
vt 0.606524 0.060162
vt 0.604290 0.063373
vt 0.601250 0.073549
vt 0.606524 0.075104
vt 0.032009 0.042018
vt 0.035921 0.037759
vt 0.031370 0.039048
vt 0.031503 0.040399
vt 0.020668 0.044009
vt 0.024239 0.044539
vt 0.019351 0.045019
vt 0.011148 0.037759
vt 0.014443 0.038920
vt 0.014867 0.038992
vt 0.016400 0.039534
vt 0.784889 0.870124
vt 0.789017 0.870124
vt 0.785795 0.870404
vt 0.244013 0.381481
vt 0.246373 0.369710
vt 0.247260 0.387137
vt 0.993807 0.510788
vt 0.993807 0.509129
vt 0.991329 0.510570
vt 0.864800 0.550326
vt 0.854253 0.549386
vt 0.864988 0.548133
vt 0.617819 0.335552
vt 0.616404 0.344813
vt 0.623180 0.342314
vt 0.629645 0.605127
vt 0.628899 0.603734
vt 0.623061 0.612257
vt 0.615993 0.610907
vt 0.603220 0.339666
vt 0.632154 0.334855
vt 0.629744 0.343505
vt 0.607967 0.613277
vt 0.601718 0.611083
vt 0.596943 0.610187
vt 0.639728 0.340123
vt 0.595599 0.603734
vt 0.593311 0.605725
vt 0.593648 0.604250
vt 0.298676 0.626315
vt 0.303048 0.610711
vt 0.302233 0.618248
vt 0.308755 0.613375
vt 0.305949 0.614270
vt 0.309249 0.608466
vt 0.294385 0.611833
vt 0.302094 0.600415
vt 0.309249 0.629351
vt 0.272385 0.889212
vt 0.272283 0.893876
vt 0.269102 0.889722
vt 0.288301 0.903864
vt 0.275016 0.904746
vt 0.279176 0.889273
vt 0.284293 0.898042
vt 0.288172 0.901707
vt 0.264703 0.916534
vt 0.267731 0.917357
vt 0.265828 0.920957
vt 0.266427 0.914696
vt 0.269795 0.913722
vt 0.283636 0.928180
vt 0.276843 0.927345
vt 0.264627 0.933177
vt 0.270548 0.942244
vt 0.278392 0.950718
vt 0.263216 0.941100
vt 0.285324 0.946463
vt 0.291880 0.936606
vt 0.291375 0.944878
vt 0.265891 0.944974
vt 0.271374 0.957261
vt 0.291367 0.923034
vt 0.290395 0.925541
vt 0.747729 0.250450
vt 0.745520 0.254357
vt 0.735839 0.248711
vt 0.746929 0.242792
vt 0.703715 0.244862
vt 0.702675 0.225376
vt 0.745836 0.219919
vt 0.704223 0.210738
vt 0.694312 0.212976
vt 0.694019 0.250511
vt 0.683779 0.245560
vt 0.687230 0.229727
vt 0.667861 0.224089
vt 0.672405 0.213897
vt 0.671884 0.233629
vt 0.641476 0.219027
vt 0.745334 0.204945
vt 0.730765 0.201991
vt 0.747729 0.192946
vt 0.693586 0.199638
vt 0.672887 0.202960
vt 0.652516 0.207074
vt 0.625262 0.213837
vt 0.621667 0.217695
vt 0.616559 0.211900
vt 0.615527 0.218045
vt 0.613955 0.216558
vt 0.614675 0.211666
vt 0.656069 0.989415
vt 0.646869 0.989579
vt 0.650246 0.974705
vt 0.628773 0.983886
vt 0.646258 0.938432
vt 0.624592 0.942548
vt 0.651882 0.968391
vt 0.653514 0.953047
vt 0.640565 0.924602
vt 0.646265 0.930858
vt 0.652678 0.926113
vt 0.642072 0.913224
vt 0.645133 0.867992
vt 0.648322 0.900003
vt 0.641891 0.860431
vt 0.647091 0.856425
vt 0.604992 0.979301
vt 0.594608 0.980038
vt 0.598928 0.937317
vt 0.613946 0.941950
vt 0.618859 0.923182
vt 0.606799 0.923502
vt 0.578803 0.979132
vt 0.567231 0.975292
vt 0.552271 0.969357
vt 0.572605 0.935857
vt 0.558109 0.955245
vt 0.581319 0.929239
vt 0.588345 0.913829
vt 0.608868 0.903346
vt 0.634261 0.906547
vt 0.624110 0.906203
vt 0.628642 0.883659
vt 0.601706 0.901352
vt 0.623290 0.869380
vt 0.610782 0.891512
vt 0.635249 0.855976
vt 0.936636 0.697510
vt 0.938682 0.703429
vt 0.932222 0.702846
vt 0.934392 0.709554
vt 0.640603 0.853629
vt 0.942609 0.708045
vt 0.840215 0.162241
vt 0.832424 0.194702
vt 0.831397 0.185407
vt 0.835920 0.198855
vt 0.827002 0.188091
vt 0.779934 0.261248
vt 0.769469 0.263426
vt 0.775156 0.254357
vt 0.836945 0.213826
vt 0.779484 0.280944
vt 0.840215 0.214523
vt 0.770014 0.271203
vt 0.763802 0.289366
vt 0.760759 0.267155
vt 0.754675 0.279223
vt 0.753336 0.274453
vt 0.777852 0.293887
vt 0.757474 0.301706
vt 0.791607 0.973707
vt 0.768944 0.975809
vt 0.793972 0.976013
vt 0.781249 0.979668
vt 0.738044 0.976349
vt 0.708918 0.971667
vt 0.768324 0.362474
vt 0.757174 0.323074
vt 0.778713 0.336444
vt 0.758026 0.336377
vt 0.778831 0.365572
vt 0.775830 0.383167
vt 0.757526 0.367311
vt 0.757177 0.395987
vt 0.777178 0.401664
vt 0.759144 0.406293
vt 0.774134 0.404322
vt 0.779934 0.417669
vt 0.769721 0.409579
vt 0.779879 0.423651
vt 0.056847 0.953729
vt 0.059535 0.954030
vt 0.059634 0.953513
vt 0.063171 0.951814
vt 0.056715 0.950622
vt 0.061230 0.955602
vt 0.759146 0.882573
vt 0.759146 0.887552
vt 0.757888 0.886493
vt 0.992709 0.444291
vt 0.985353 0.445220
vt 0.997936 0.442319
vt 0.986911 0.440513
vt 0.994100 0.419179
vt 0.987179 0.426111
vt 0.972633 0.421126
vt 0.985378 0.413021
vt 0.992448 0.406232
vt 0.997762 0.408207
vt 0.993167 0.386403
vt 0.969391 0.441444
vt 0.979309 0.447084
vt 0.963046 0.421235
vt 0.962143 0.447718
vt 0.955880 0.441922
vt 0.942910 0.447117
vt 0.950735 0.422516
vt 0.942102 0.438005
vt 0.913578 0.977220
vt 0.908710 0.960563
vt 0.918138 0.977533
vt 0.931704 0.977713
vt 0.919805 0.943400
vt 0.949484 0.976937
vt 0.943919 0.978008
vt 0.952519 0.970281
vt 0.946609 0.968325
vt 0.940465 0.948141
vt 0.946784 0.441714
vt 0.940084 0.417638
vt 0.963831 0.406991
vt 0.961548 0.387519
vt 0.946215 0.410760
vt 0.949540 0.407479
vt 0.942300 0.387841
vt 0.948429 0.903992
vt 0.933378 0.913586
vt 0.941339 0.907181
vt 0.904175 0.947481
vt 0.899670 0.936896
vt 0.901521 0.935764
vt 0.908980 0.926318
vt 0.927099 0.923131
vt 0.906415 0.927279
vt 0.911672 0.922556
vt 0.937655 0.411012
vt 0.945371 0.940664
vt 0.936692 0.942266
vt 0.948662 0.937230
vt 0.934557 0.939612
vt 0.939808 0.919005
vt 0.159089 0.739940
vt 0.146348 0.739834
vt 0.152405 0.743018
vt 0.210565 0.328123
vt 0.204311 0.326726
vt 0.203516 0.330102
vt 0.148536 0.759569
vt 0.141618 0.773009
vt 0.154676 0.770443
vt 0.190602 0.333195
vt 0.871594 0.387137
vt 0.863961 0.388436
vt 0.858615 0.398317
vt 0.846171 0.400785
vt 0.168464 0.742882
vt 0.177242 0.739834
vt 0.146332 0.749230
vt 0.172362 0.764600
vt 0.175573 0.749212
vt 0.180246 0.745522
vt 0.180667 0.740377
vt 0.186210 0.751418
vt 0.183459 0.327457
vt 0.171246 0.769598
vt 0.173950 0.333037
vt 0.113543 0.136515
vt 0.122182 0.139530
vt 0.134416 0.136515
vt 0.120845 0.156977
vt 0.140840 0.159247
vt 0.125386 0.149055
vt 0.179672 0.769560
vt 0.165566 0.325726
vt 0.165585 0.331475
vt 0.145747 0.138292
vt 0.115170 0.160077
vt 0.835418 0.408620
vt 0.829851 0.403876
vt 0.823723 0.403939
vt 0.818692 0.407380
vt 0.809663 0.398169
vt 0.793507 0.387137
vt 0.791495 0.387293
vt 0.624188 0.788689
vt 0.619181 0.784928
vt 0.627182 0.780238
vt 0.625473 0.767476
vt 0.632056 0.778558
vt 0.663974 0.789409
vt 0.630796 0.784414
vt 0.619049 0.771646
vt 0.618580 0.760252
vt 0.630378 0.754812
vt 0.618188 0.752902
vt 0.621771 0.751438
vt 0.587531 0.716000
vt 0.589521 0.714548
vt 0.589555 0.716502
vt 0.590215 0.713285
vt 0.599036 0.718287
vt 0.603590 0.723661
vt 0.640812 0.712207
vt 0.616764 0.708706
vt 0.625529 0.733352
vt 0.667630 0.767227
vt 0.666075 0.787357
vt 0.666490 0.730011
vt 0.664658 0.712018
vt 0.390132 0.956432
vt 0.391240 0.958921
vt 0.388522 0.957461
vt 0.587974 0.710099
vt 0.600071 0.709951
vt 0.602483 0.703951
vt 0.619848 0.675863
vt 0.611703 0.684891
vt 0.616241 0.663797
vt 0.616126 0.666610
vt 0.631204 0.661498
vt 0.655916 0.684985
vt 0.616910 0.643824
vt 0.617975 0.650438
vt 0.621504 0.632760
vt 0.626368 0.631738
vt 0.656033 0.636292
vt 0.651639 0.701641
vt 0.655326 0.664078
vt 0.661462 0.631701
vt 0.666293 0.649850
vt 0.667023 0.679033
vt 0.042833 0.939004
vt 0.035921 0.939004
vt 0.043353 0.940575
vt 0.036055 0.940651
vt 0.837050 0.425670
vt 0.836145 0.441163
vt 0.828463 0.444742
vt 0.826378 0.423684
vt 0.787803 0.412863
vt 0.801036 0.413177
vt 0.780439 0.435842
vt 0.809766 0.413394
vt 0.798858 0.439405
vt 0.818185 0.443309
vt 0.834706 0.421188
vt 0.835519 0.416242
vt 0.844344 0.451130
vt 0.833104 0.453457
vt 0.826350 0.449853
vt 0.825878 0.479269
vt 0.832530 0.485039
vt 0.823468 0.486519
vt 0.819915 0.478006
vt 0.836223 0.474581
vt 0.819568 0.471506
vt 0.775388 0.451214
vt 0.786085 0.465019
vt 0.775797 0.452288
vt 0.776413 0.453798
vt 0.800582 0.464253
vt 0.787839 0.465940
vt 0.784972 0.480853
vt 0.812229 0.450106
vt 0.792593 0.485528
vt 0.805533 0.474084
vt 0.824289 0.491068
vt 0.796660 0.525503
vt 0.842008 0.490778
vt 0.839673 0.524516
vt 0.823833 0.526866
vt 0.777602 0.480533
vt 0.785264 0.523982
vt 0.774979 0.466846
vt 0.782621 0.525417
vt 0.282092 0.185876
vt 0.282184 0.190959
vt 0.277066 0.185876
vt 0.277201 0.192116
vt 0.027327 0.836929
vt 0.028489 0.841577
vt 0.027327 0.841909
vt 0.178850 0.523234
vt 0.179720 0.517918
vt 0.182964 0.524896
vt 0.185384 0.518943
vt 0.935178 0.771178
vt 0.939192 0.772025
vt 0.941784 0.771178
vt 0.362088 0.179668
vt 0.362088 0.184647
vt 0.360446 0.180008
vt 0.062721 0.153942
vt 0.064822 0.152282
vt 0.058216 0.152282
vt 0.083815 0.061562
vt 0.098533 0.067735
vt 0.099955 0.058800
vt 0.112634 0.069115
vt 0.129506 0.073201
vt 0.132716 0.047151
vt 0.111631 0.033457
vt 0.149157 0.073968
vt 0.166523 0.045055
vt 0.160040 0.030290
vt 0.135876 0.031153
vt 0.161235 0.074274
vt 0.169472 0.073100
vt 0.164314 0.069262
vt 0.084633 0.314751
vt 0.088467 0.287503
vt 0.080427 0.309906
vt 0.093650 0.316840
vt 0.114553 0.296644
vt 0.094681 0.274274
vt 0.117545 0.319681
vt 0.133130 0.322359
vt 0.122104 0.277775
vt 0.160554 0.323878
vt 0.168295 0.030369
vt 0.179169 0.295366
vt 0.181938 0.323255
vt 0.205443 0.321220
vt 0.203250 0.279454
vt 0.199778 0.323627
vt 0.161344 0.280490
vt 0.170702 0.279845
vt 0.230280 0.320147
vt 0.251306 0.315057
vt 0.238188 0.301572
vt 0.231538 0.288959
vt 0.240024 0.298516
vt 0.219102 0.277470
vt 0.226511 0.277505
vt 0.239552 0.274274
vt 0.054601 0.653241
vt 0.063488 0.646362
vt 0.073691 0.649590
vt 0.059730 0.635682
vt 0.078476 0.632206
vt 0.065457 0.624240
vt 0.082244 0.645561
vt 0.088046 0.626192
vt 0.083305 0.627710
vt 0.092192 0.606536
vt 0.044237 0.611821
vt 0.041446 0.601492
vt 0.054279 0.595857
vt 0.052764 0.602138
vt 0.043298 0.590780
vt 0.727614 0.727248
vt 0.724067 0.718356
vt 0.715548 0.724481
vt 0.716473 0.721319
vt 0.732040 0.718433
vt 0.040122 0.588561
vt 0.043876 0.572447
vt 0.048061 0.588944
vt 0.052266 0.563126
vt 0.053287 0.621921
vt 0.052267 0.619498
vt 0.060540 0.616597
vt 0.063977 0.615120
vt 0.068066 0.623096
vt 0.071974 0.609629
vt 0.076160 0.601565
vt 0.062987 0.608617
vt 0.441220 0.302490
vt 0.429148 0.297120
vt 0.431915 0.301981
vt 0.443022 0.292531
vt 0.090383 0.601690
vt 0.056439 0.587853
vt 0.067504 0.592820
vt 0.070309 0.584175
vt 0.099608 0.599811
vt 0.091371 0.597872
vt 0.090089 0.592356
vt 0.080963 0.589774
vt 0.171957 0.982158
vt 0.172001 0.992116
vt 0.177422 0.987432
vt 0.086775 0.586026
vt 0.084985 0.580480
vt 0.055531 0.591664
vt 0.715254 0.716597
vt 0.065132 0.581875
vt 0.072279 0.567723
vt 0.048302 0.553072
vt 0.056859 0.561942
vt 0.467795 0.990456
vt 0.453448 0.996248
vt 0.466807 0.999585
vt 0.192323 0.089622
vt 0.196119 0.083422
vt 0.196119 0.090042
vt 0.074241 0.578855
vt 0.080225 0.575389
vt 0.074278 0.557631
vt 0.068500 0.551882
vt 0.097777 0.643185
vt 0.100372 0.633530
vt 0.090177 0.630610
vt 0.097981 0.624339
vt 0.133087 0.630373
vt 0.101537 0.615125
vt 0.110225 0.621574
vt 0.498348 0.723433
vt 0.504955 0.713278
vt 0.504237 0.730202
vt 0.934827 0.813693
vt 0.940132 0.803734
vt 0.923617 0.805618
vt 0.812820 0.986050
vt 0.818297 0.989642
vt 0.812139 0.982988
vt 0.097065 0.594848
vt 0.188687 0.982158
vt 0.094622 0.575845
vt 0.181943 0.991019
vt 0.113612 0.595935
vt 0.132656 0.626687
vt 0.124255 0.623327
vt 0.470273 0.412033
vt 0.471136 0.416183
vt 0.481833 0.412033
vt 0.020844 0.846211
vt 0.024783 0.837759
vt 0.006396 0.837759
vt 0.136520 0.610814
vt 0.116803 0.593207
vt 0.136475 0.602322
vt 0.143319 0.627581
vt 0.175460 0.613513
vt 0.151482 0.597099
vt 0.826380 0.992935
vt 0.108317 0.596031
vt 0.829692 0.990317
vt 0.912678 0.803734
vt 0.917836 0.802075
vt 0.908753 0.802075
vt 0.846121 0.998008
vt 0.124809 0.574987
vt 0.104979 0.590756
vt 0.109001 0.575426
vt 0.838035 0.992667
vt 0.123444 0.582711
vt 0.130262 0.557625
vt 0.100392 0.573444
vt 0.106566 0.561401
vt 0.917011 0.982988
vt 0.892936 0.989155
vt 0.888725 0.992998
vt 0.101872 0.564080
vt 0.106602 0.561195
vt 0.097075 0.542796
vt 0.882269 0.989606
vt 0.116689 0.556696
vt 0.577622 0.644398
vt 0.572120 0.644398
vt 0.566887 0.645607
vt 0.091247 0.734855
vt 0.091247 0.756432
vt 0.083815 0.742288
vt 0.118672 0.531002
vt 0.109281 0.551640
vt 0.140394 0.571817
vt 0.890679 0.995811
vt 0.137595 0.555670
vt 0.165316 0.573708
vt 0.895937 0.998274
vt 0.171100 0.569477
vt 0.860092 0.568880
vt 0.868291 0.574515
vt 0.860059 0.578877
vt 0.131296 0.546047
vt 0.519906 0.220714
vt 0.522296 0.209544
vt 0.521638 0.239419
vt 0.859622 0.993776
vt 0.874199 0.990415
vt 0.119511 0.554016
vt 0.111594 0.559175
vt 0.710570 0.603734
vt 0.710570 0.613693
vt 0.708093 0.611936
vt 0.119183 0.556685
vt 0.125958 0.554575
vt 0.867050 0.990564
vt 0.123352 0.547522
vt 0.511989 0.232208
vt 0.813396 0.542324
vt 0.788192 0.542324
vt 0.806818 0.552269
vt 0.788863 0.549982
vt 0.796226 0.555073
vt 0.127716 0.539991
vt 0.131200 0.521424
vt 0.138142 0.538132
vt 0.043773 0.556109
vt 0.045021 0.544996
vt 0.058112 0.541576
vt 0.059329 0.549217
vt 0.056863 0.524374
vt 0.445673 0.994732
vt 0.179784 0.422533
vt 0.183425 0.416854
vt 0.186210 0.427801
vt 0.068364 0.543080
vt 0.178778 0.413582
vt 0.063607 0.525285
vt 0.047056 0.524242
vt 0.054635 0.509989
vt 0.072419 0.546815
vt 0.070952 0.520914
vt 0.343827 0.157837
vt 0.342084 0.164742
vt 0.340693 0.149793
vt 0.067827 0.496680
vt 0.057682 0.498995
vt 0.086885 0.501572
vt 0.105609 0.511907
vt 0.122402 0.517110
vt 0.168043 0.245228
vt 0.156650 0.249777
vt 0.159808 0.256846
vt 0.112974 0.512250
vt 0.112935 0.496713
vt 0.144922 0.247194
vt 0.150026 0.252671
vt 0.125226 0.508059
vt 0.115099 0.519101
vt 0.182241 0.610016
vt 0.186262 0.589368
vt 0.196970 0.599273
vt 0.207457 0.595716
vt 0.175185 0.567689
vt 0.149549 0.569686
vt 0.151375 0.552008
vt 0.141779 0.538274
vt 0.868291 0.588797
vt 0.905098 0.993848
vt 0.900079 0.998011
vt 0.178106 0.567030
vt 0.168048 0.555475
vt 0.901860 0.592531
vt 0.911230 0.592251
vt 0.901143 0.606174
vt 0.196351 0.562815
vt 0.169694 0.546598
vt 0.197251 0.541811
vt 0.842784 0.986187
vt 0.831169 0.985751
vt 0.147861 0.544223
vt 0.846634 0.991599
vt 0.835492 0.988359
vt 0.831131 0.982988
vt 0.158712 0.539269
vt 0.163828 0.532686
vt 0.157696 0.519092
vt 0.170536 0.529672
vt 0.909590 0.610373
vt 0.911230 0.604316
vt 0.163528 0.546590
vt 0.168102 0.544286
vt 0.920767 0.992819
vt 0.928530 0.987826
vt 0.938481 0.982988
vt 0.205694 0.557149
vt 0.213460 0.557075
vt 0.913708 0.187604
vt 0.910296 0.205318
vt 0.911265 0.186307
vt 0.174745 0.531986
vt 0.197935 0.537472
vt 0.909902 0.228392
vt 0.906276 0.216229
vt 0.173656 0.515771
vt 0.168619 0.515754
vt 0.175201 0.530242
vt 0.177252 0.521454
vt 0.906928 0.232151
vt 0.213460 0.533911
vt 0.913708 0.242739
vt 0.950041 0.793848
vt 0.941259 0.787822
vt 0.950041 0.783817
vt 0.940132 0.794606
vt 0.131252 0.512236
vt 0.358866 0.668029
vt 0.351266 0.666614
vt 0.353723 0.673070
vt 0.322208 0.691750
vt 0.353974 0.643613
vt 0.347713 0.637864
vt 0.343554 0.646693
vt 0.347561 0.630290
vt 0.316684 0.632036
vt 0.338576 0.630776
vt 0.310281 0.652963
vt 0.329239 0.651340
vt 0.298579 0.631992
vt 0.330734 0.659258
vt 0.320230 0.681390
vt 0.340094 0.669967
vt 0.313881 0.655831
vt 0.304304 0.670532
vt 0.315924 0.691783
vt 0.275004 0.658786
vt 0.272348 0.656875
vt 0.273766 0.631262
vt 0.246451 0.655046
vt 0.252243 0.631231
vt 0.660198 0.074274
vt 0.661250 0.078399
vt 0.699148 0.086335
vt 0.692394 0.088728
vt 0.286248 0.691101
vt 0.718103 0.088327
vt 0.226712 0.656403
vt 0.217445 0.632538
vt 0.728732 0.091701
vt 0.262906 0.686866
vt 0.247581 0.670775
vt 0.241167 0.662974
vt 0.257391 0.657891
vt 0.332493 0.697833
vt 0.316183 0.719685
vt 0.325342 0.716973
vt 0.327067 0.695636
vt 0.308381 0.712281
vt 0.303394 0.728143
vt 0.846376 0.542186
vt 0.849504 0.534025
vt 0.846421 0.535509
vt 0.273296 0.720243
vt 0.844153 0.537293
vt 0.836872 0.541593
vt 0.831502 0.536666
vt 0.828070 0.545643
vt 0.820396 0.537598
vt 0.822751 0.534025
vt 0.279488 0.723271
vt 0.294531 0.731804
vt 0.286621 0.729837
vt 0.283927 0.732169
vt 0.277571 0.727921
vt 0.529738 0.836033
vt 0.524820 0.846888
vt 0.530553 0.844015
vt 0.271247 0.728020
vt 0.273479 0.733326
vt 0.278823 0.741591
vt 0.256751 0.713948
vt 0.266983 0.719679
vt 0.521643 0.831521
vt 0.293413 0.747036
vt 0.291472 0.739781
vt 0.289558 0.757261
vt 0.285479 0.743044
vt 0.290578 0.734374
vt 0.288714 0.737153
vt 0.279234 0.750320
vt 0.257585 0.744307
vt 0.270390 0.746569
vt 0.520275 0.838831
vt 0.236923 0.683272
vt 0.249210 0.713674
vt 0.528578 0.828868
vt 0.522068 0.825104
vt 0.530553 0.815711
vt 0.267314 0.723687
vt 0.260994 0.728115
vt 0.523753 0.812033
vt 0.528544 0.812502
vt 0.255822 0.732894
vt 0.253861 0.725963
vt 0.250871 0.730078
vt 0.252014 0.743253
vt 0.157317 0.648321
vt 0.190273 0.659264
vt 0.166156 0.631700
vt 0.749638 0.082320
vt 0.227866 0.662417
vt 0.239815 0.673885
vt 0.756103 0.086152
vt 0.133361 0.632356
vt 0.148496 0.635556
vt 0.145015 0.650518
vt 0.776989 0.077573
vt 0.165960 0.659457
vt 0.773890 0.082292
vt 0.784889 0.074274
vt 0.228403 0.689912
vt 0.624396 0.006990
vt 0.593242 0.007613
vt 0.604157 0.011144
vt 0.617122 0.006187
vt 0.587551 0.011203
vt 0.205656 0.071787
vt 0.204522 0.080272
vt 0.206338 0.096400
vt 0.566887 0.005701
vt 0.570116 0.002905
vt 0.206472 0.109129
vt 0.206854 0.102570
vt 0.846821 0.734025
vt 0.843909 0.739197
vt 0.842639 0.734075
vt 0.834316 0.749582
vt 0.001021 0.607716
vt 0.002890 0.611744
vt 0.001175 0.601245
vt 0.838542 0.748304
vt 0.001919 0.647718
vt 0.828512 0.782410
vt 0.825039 0.775567
vt 0.825453 0.791414
vt 0.820555 0.814662
vt 0.823470 0.824332
vt 0.822904 0.838673
vt 0.826548 0.840356
vt 0.846821 0.875104
vt 0.840389 0.871245
vt 0.835271 0.859268
vt 0.830995 0.857180
vt 0.310177 0.059859
vt 0.314569 0.058182
vt 0.317092 0.064893
vt 0.306771 0.061701
vt 0.307031 0.065688
vt 0.356360 0.204746
vt 0.345168 0.203924
vt 0.352131 0.211141
vt 0.334021 0.205190
vt 0.339845 0.208691
vt 0.348378 0.212928
vt 0.411908 0.942324
vt 0.409984 0.945688
vt 0.417184 0.950418
vt 0.423858 0.950204
vt 0.421290 0.958265
vt 0.434388 0.955793
vt 0.434062 0.951750
vt 0.442052 0.960156
vt 0.454144 0.948761
vt 0.365343 0.205556
vt 0.364021 0.208943
vt 0.334847 0.046888
vt 0.330410 0.050439
vt 0.329740 0.048374
vt 0.367052 0.204103
vt 0.329821 0.062770
vt 0.334847 0.075104
vt 0.348268 0.214360
vt 0.344214 0.215007
vt 0.411593 0.951794
vt 0.407590 0.950083
vt 0.409250 0.954849
vt 0.412400 0.957921
vt 0.456851 0.955146
vt 0.452654 0.959376
vt 0.463362 0.959306
vt 0.470373 0.955825
vt 0.475923 0.965560
vt 0.480569 0.950829
vt 0.478615 0.956005
vt 0.480322 0.942324
vt 0.225213 0.753942
vt 0.231114 0.751508
vt 0.219879 0.750993
vt 0.240710 0.744075
vt 0.223689 0.741494
vt 0.214286 0.748668
vt 0.215490 0.741964
vt 0.208216 0.581160
vt 0.204377 0.577077
vt 0.208216 0.572664
vt 0.206337 0.582988
vt 0.206771 0.571369
vt 0.707334 0.546473
vt 0.713966 0.553364
vt 0.721305 0.546473
vt 0.707267 0.548531
vt 0.710654 0.554772
vt 0.515537 0.334510
vt 0.498348 0.335530
vt 0.509857 0.338420
vt 0.519609 0.334165
vt 0.535599 0.335277
vt 0.535749 0.339834
vt 0.293375 0.075710
vt 0.274370 0.054854
vt 0.285564 0.071257
vt 0.293571 0.059174
vt 0.289729 0.050569
vt 0.541014 0.334692
vt 0.294385 0.047718
vt 0.288876 0.049660
vt 0.546525 0.336017
vt 0.556705 0.337318
vt 0.300422 0.376349
vt 0.323853 0.358410
vt 0.285203 0.374654
vt 0.316253 0.346762
vt 0.283612 0.080484
vt 0.267553 0.056458
vt 0.280366 0.085826
vt 0.273392 0.084237
vt 0.265174 0.086824
vt 0.261108 0.076350
vt 0.256882 0.087114
vt 0.254686 0.076026
vt 0.245099 0.085878
vt 0.276498 0.355344
vt 0.272484 0.344136
vt 0.567713 0.333195
vt 0.319609 0.314393
vt 0.273792 0.334437
vt 0.363147 0.338373
vt 0.383382 0.329781
vt 0.397630 0.320468
vt 0.391082 0.309977
vt 0.351546 0.312041
vt 0.415703 0.312069
vt 0.408974 0.305685
vt 0.426507 0.303808
vt 0.352584 0.325294
vt 0.220478 0.058926
vt 0.211624 0.057034
vt 0.215683 0.072339
vt 0.240136 0.057275
vt 0.212948 0.047718
vt 0.208798 0.067400
vt 0.254224 0.091701
vt 0.237117 0.091481
vt 0.235463 0.074420
vt 0.232543 0.084033
vt 0.233583 0.080331
vt 0.223801 0.081251
vt 0.222260 0.086828
vt 0.217055 0.078905
vt 0.268863 0.325346
vt 0.270358 0.316789
vt 0.305000 0.296258
vt 0.269714 0.299079
vt 0.405413 0.298704
vt 0.378135 0.300191
vt 0.421773 0.298987
vt 0.334732 0.299983
vt 0.349761 0.295958
vt 0.186824 0.061182
vt 0.187861 0.059383
vt 0.170520 0.060763
vt 0.182266 0.065145
vt 0.186222 0.062355
vt 0.437536 0.978318
vt 0.451280 0.976133
vt 0.436416 0.974049
vt 0.743113 0.810373
vt 0.731868 0.826002
vt 0.721164 0.832227
vt 0.716625 0.839665
vt 0.725055 0.838600
vt 0.718759 0.856176
vt 0.712633 0.849403
vt 0.716120 0.867504
vt 0.719787 0.885611
vt 0.720896 0.904191
vt 0.709518 0.877167
vt 0.727400 0.903052
vt 0.729003 0.913350
vt 0.739857 0.918559
vt 0.740920 0.927386
vt 0.745252 0.927230
vt 0.709049 0.862008
vt 0.152452 0.968050
vt 0.094825 0.922123
vt 0.104983 0.947326
vt 0.165563 0.941962
vt 0.167013 0.928860
vt 0.139797 0.934274
vt 0.162238 0.951990
vt 0.117773 0.906219
vt 0.095831 0.908199
vt 0.088022 0.930301
vt 0.072661 0.918479
vt 0.078772 0.931046
vt 0.069773 0.923262
vt 0.049459 0.913673
vt 0.049111 0.903510
vt 0.024675 0.901370
vt 0.033856 0.900409
vt 0.017754 0.895217
vt 0.018267 0.892317
vt 0.169478 0.913686
vt 0.171315 0.884232
vt 0.156500 0.886801
vt 0.124882 0.887825
vt 0.088501 0.896220
vt 0.089147 0.886898
vt 0.069669 0.889507
vt 0.038095 0.891701
vt 0.772502 0.029461
vt 0.774755 0.034833
vt 0.785262 0.037897
vt 0.790951 0.041934
vt 0.791295 0.049203
vt 0.809600 0.053810
vt 0.874071 0.029461
vt 0.859214 0.036962
vt 0.873654 0.033590
vt 0.845674 0.042783
vt 0.817547 0.047952
vt 0.841920 0.051941
vt 0.856866 0.044551
vt 0.817581 0.056846
vt 0.834922 0.054541
vt 0.324028 0.018998
vt 0.331763 0.010527
vt 0.318263 0.007292
vt 0.312430 0.004242
vt 0.309132 0.009489
vt 0.302642 0.002952
vt 0.348144 0.042646
vt 0.354666 0.042739
vt 0.338866 0.033093
vt 0.343034 0.022651
vt 0.333295 0.028887
vt 0.338251 0.009019
vt 0.321477 0.028502
vt 0.310643 0.016624
vt 0.108375 0.371309
vt 0.103398 0.365560
vt 0.092709 0.385913
vt 0.086692 0.369145
vt 0.072887 0.367978
vt 0.068039 0.367702
vt 0.072226 0.369771
vt 0.087469 0.385575
vt 0.069157 0.378219
vt 0.049993 0.370940
vt 0.058292 0.388052
vt 0.058247 0.378909
vt 0.639554 0.207884
vt 0.631296 0.202988
vt 0.639554 0.202075
vt 0.063181 0.381074
vt 0.061894 0.391188
vt 0.072611 0.394427
vt 0.107633 0.390425
vt 0.114936 0.386724
vt 0.131551 0.409450
vt 0.130175 0.418507
vt 0.120792 0.395584
vt 0.110384 0.406617
vt 0.125676 0.416043
vt 0.105687 0.405299
vt 0.105360 0.406170
vt 0.054088 0.504979
vt 0.042977 0.504979
vt 0.042527 0.513278
vt 0.096741 0.398357
vt 0.092843 0.405884
vt 0.075916 0.409014
vt 0.083397 0.407185
vt 0.940958 0.207054
vt 0.931875 0.207054
vt 0.940667 0.208714
vt 0.091065 0.874274
vt 0.096946 0.870124
vt 0.085184 0.873731
vt 0.097915 0.424781
vt 0.092343 0.424167
vt 0.115131 0.433032
vt 0.077395 0.421718
vt 0.109548 0.438328
vt 0.139967 0.426290
vt 0.133052 0.423024
vt 0.093882 0.493230
vt 0.098231 0.495021
vt 0.096714 0.479019
vt 0.106240 0.473629
vt 0.120441 0.461590
vt 0.114591 0.462191
vt 0.117455 0.466460
vt 0.115825 0.453140
vt 0.088063 0.467588
vt 0.107336 0.448952
vt 0.628901 0.596392
vt 0.633774 0.592116
vt 0.627993 0.592116
vt 0.632739 0.599585
vt 0.112503 0.446963
vt 0.119102 0.448507
vt 0.111896 0.452815
vt 0.345394 0.002952
vt 0.341730 0.003369
vt 0.015712 0.459051
vt 0.016700 0.456657
vt 0.012201 0.460265
vt 0.057735 0.412825
vt 0.062857 0.410922
vt 0.019045 0.378464
vt 0.016730 0.402117
vt 0.031071 0.394398
vt 0.015330 0.421637
vt 0.017982 0.405846
vt 0.017669 0.413480
vt 0.027945 0.408368
vt 0.035794 0.396415
vt 0.543765 0.345643
vt 0.531379 0.353514
vt 0.542217 0.352522
vt 0.362097 0.391286
vt 0.369064 0.397997
vt 0.372832 0.391286
vt 0.363761 0.398755
vt 0.788192 0.895514
vt 0.781769 0.893162
vt 0.779360 0.904951
vt 0.019832 0.426650
vt 0.775130 0.900107
vt 0.767672 0.905078
vt 0.935178 0.751040
vt 0.934352 0.757261
vt 0.934352 0.750622
vt 0.368263 0.418977
vt 0.368089 0.406515
vt 0.358775 0.413154
vt 0.037444 0.402768
vt 0.047170 0.420451
vt 0.033712 0.418003
vt 0.023108 0.413882
vt 0.852601 0.295021
vt 0.863919 0.301660
vt 0.864162 0.295021
vt 0.020230 0.426009
vt 0.031121 0.423781
vt 0.023480 0.433319
vt 0.773235 0.909238
vt 0.770263 0.914401
vt 0.335627 0.005688
vt 0.340448 0.434881
vt 0.334886 0.427337
vt 0.331664 0.435761
vt 0.348274 0.419002
vt 0.325388 0.444304
vt 0.327045 0.439373
vt 0.323110 0.445881
vt 0.308927 0.427646
vt 0.332864 0.423830
vt 0.766016 0.895590
vt 0.757972 0.890871
vt 0.746281 0.899828
vt 0.751682 0.905182
vt 0.362464 0.424083
vt 0.756436 0.918641
vt 0.746078 0.910633
vt 0.762206 0.914485
vt 0.339760 0.412669
vt 0.346692 0.411915
vt 0.769244 0.918405
vt 0.338441 0.387211
vt 0.338218 0.379668
vt 0.322177 0.396685
vt 0.337037 0.403996
vt 0.257030 0.396460
vt 0.302950 0.382519
vt 0.312808 0.407556
vt 0.251719 0.415344
vt 0.016777 0.366711
vt 0.001239 0.372791
vt 0.023184 0.365560
vt 0.027098 0.386811
vt 0.037217 0.391623
vt 0.900153 0.195436
vt 0.896652 0.187059
vt 0.902973 0.183817
vt 0.035743 0.470103
vt 0.358932 0.435709
vt 0.365293 0.437257
vt 0.042697 0.451588
vt 0.023942 0.437707
vt 0.058364 0.460918
vt 0.053695 0.449778
vt 0.053647 0.471017
vt 0.063347 0.420935
vt 0.069359 0.413776
vt 0.056572 0.425705
vt 0.047570 0.434409
vt 0.066344 0.438220
vt 0.072674 0.438900
vt 0.100330 0.874175
vt 0.398431 0.168050
vt 0.399076 0.172714
vt 0.408340 0.172542
vt 0.067806 0.424825
vt 0.023599 0.435148
vt 0.045982 0.442856
vt 0.749381 0.468465
vt 0.735343 0.468465
vt 0.743690 0.478423
vt 0.148009 0.150622
vt 0.152343 0.158921
vt 0.158960 0.150622
vt 0.073886 0.458751
vt 0.351544 0.438249
vt 0.974814 0.530325
vt 0.982631 0.528539
vt 0.976890 0.543154
vt 0.985776 0.535730
vt 0.975177 0.520941
vt 0.988026 0.528872
vt 0.987703 0.535704
vt 0.976606 0.514938
vt 0.986061 0.519208
vt 0.258226 0.386638
vt 0.228803 0.387440
vt 0.228829 0.401669
vt 0.313284 0.460996
vt 0.300967 0.452676
vt 0.278789 0.444034
vt 0.267897 0.442586
vt 0.254490 0.432216
vt 0.236404 0.428312
vt 0.223524 0.423806
vt 0.201530 0.409824
vt 0.200441 0.390628
vt 0.184409 0.402211
vt 0.183433 0.393925
vt 0.272948 0.380982
vt 0.915963 0.693361
vt 0.914259 0.685565
vt 0.924317 0.682976
vt 0.907686 0.672464
vt 0.919172 0.670599
vt 0.931171 0.673144
vt 0.918751 0.661093
vt 0.907226 0.655498
vt 0.924068 0.665209
vt 0.945912 0.666521
vt 0.942141 0.659383
vt 0.943418 0.655259
vt 0.911397 0.625731
vt 0.917233 0.622189
vt 0.927092 0.618784
vt 0.916485 0.616914
vt 0.915795 0.609153
vt 0.918779 0.615079
vt 0.915226 0.604910
vt 0.920851 0.603537
vt 0.940523 0.637693
vt 0.925240 0.631123
vt 0.940924 0.619212
vt 0.913726 0.632438
vt 0.926330 0.612452
vt 0.926710 0.602497
vt 0.939761 0.606613
vt 0.945912 0.600844
vt 0.912526 0.646673
vt 0.907993 0.640080
vt 0.645360 0.467002
vt 0.643168 0.457988
vt 0.646560 0.462468
vt 0.595897 0.468360
vt 0.597396 0.459327
vt 0.606553 0.454053
vt 0.586196 0.463282
vt 0.582239 0.449246
vt 0.550246 0.407774
vt 0.563931 0.412879
vt 0.554118 0.417824
vt 0.575412 0.421799
vt 0.607437 0.420198
vt 0.573175 0.427015
vt 0.564052 0.421968
vt 0.573525 0.413337
vt 0.567982 0.404406
vt 0.587568 0.404467
vt 0.540493 0.365599
vt 0.539637 0.360214
vt 0.549751 0.364955
vt 0.542189 0.372906
vt 0.546455 0.388671
vt 0.561882 0.381108
vt 0.558849 0.372132
vt 0.569865 0.371618
vt 0.570463 0.385581
vt 0.581047 0.386911
vt 0.612131 0.394741
vt 0.599017 0.380530
vt 0.573731 0.367819
vt 0.582600 0.367151
vt 0.566629 0.360246
vt 0.576603 0.349014
vt 0.566213 0.369480
vt 0.575939 0.341997
vt 0.564299 0.341888
vt 0.644599 0.425996
vt 0.645677 0.440514
vt 0.622505 0.407325
vt 0.619099 0.386409
vt 0.654418 0.410620
vt 0.647875 0.415729
vt 0.653221 0.392199
vt 0.611443 0.443114
vt 0.606018 0.363678
vt 0.617682 0.367059
vt 0.633862 0.370597
vt 0.598174 0.339834
vt 0.610769 0.350039
vt 0.594935 0.345190
vt 0.898018 0.150344
vt 0.887435 0.165378
vt 0.893108 0.148963
vt 0.533848 0.906918
vt 0.536212 0.900481
vt 0.543177 0.899880
vt 0.541049 0.892238
vt 0.533510 0.893339
vt 0.529402 0.887591
vt 0.531619 0.873635
vt 0.538162 0.875838
vt 0.540818 0.887638
vt 0.546188 0.877416
vt 0.541443 0.906102
vt 0.529943 0.900298
vt 0.890996 0.171784
vt 0.890543 0.186391
vt 0.885295 0.179811
vt 0.541153 0.907540
vt 0.889803 0.204320
vt 0.897645 0.221800
vt 0.890300 0.207783
vt 0.883864 0.193734
vt 0.890401 0.196899
vt 0.879942 0.199602
vt 0.887392 0.207737
vt 0.880873 0.212159
vt 0.898018 0.224481
vt 0.895010 0.223349
vt 0.565639 0.909958
vt 0.563148 0.904423
vt 0.570538 0.903138
vt 0.567487 0.909188
vt 0.891106 0.131688
vt 0.891106 0.147303
vt 0.883607 0.136088
vt 0.883250 0.140194
vt 0.574605 0.909760
vt 0.547071 0.902319
vt 0.547856 0.896192
vt 0.555419 0.906357
vt 0.549932 0.898228
vt 0.556011 0.901548
vt 0.553659 0.895531
vt 0.555701 0.883987
vt 0.561756 0.881882
vt 0.568785 0.886257
vt 0.545750 0.875552
vt 0.532146 0.870241
vt 0.535274 0.868230
vt 0.565474 0.879919
vt 0.560243 0.852086
vt 0.875723 0.208783
vt 0.573660 0.890487
vt 0.573990 0.900981
vt 0.575913 0.904855
vt 0.584056 0.884623
vt 0.599503 0.869462
vt 0.596872 0.884826
vt 0.577514 0.827930
vt 0.879979 0.173074
vt 0.879276 0.187966
vt 0.552520 0.890436
vt 0.552823 0.891650
vt 0.692314 0.633517
vt 0.691380 0.638419
vt 0.690792 0.631950
vt 0.688274 0.646799
vt 0.692314 0.652697
vt 0.571970 0.790158
vt 0.590590 0.774106
vt 0.592923 0.796864
vt 0.540874 0.845056
vt 0.541312 0.824681
vt 0.552764 0.800645
vt 0.598722 0.836006
vt 0.575672 0.719674
vt 0.588220 0.736070
vt 0.562927 0.759617
vt 0.582384 0.711849
vt 0.577596 0.709129
vt 0.579747 0.710264
vt 0.335673 0.485062
vt 0.336995 0.487297
vt 0.340628 0.485062
vt 0.340037 0.487552
vt 0.912642 0.003078
vt 0.908194 0.007926
vt 0.927042 0.008857
vt 0.931907 0.000415
vt 0.934007 0.003229
vt 0.938481 0.008504
vt 0.347378 0.057510
vt 0.349312 0.057604
vt 0.341217 0.056838
vt 0.342104 0.065398
vt 0.351299 0.057596
vt 0.353840 0.056349
vt 0.333671 0.056349
vt 0.333952 0.060262
vt 0.340625 0.056290
vt 0.337933 0.065049
vt 0.879132 0.000415
vt 0.875759 0.008110
vt 0.892456 0.007857
vt 0.885087 0.014523
vt 0.898749 0.014305
vt 0.916778 0.013317
vt 0.425681 0.006252
vt 0.443666 0.009552
vt 0.436817 0.004030
vt 0.432777 0.028950
vt 0.445206 0.034440
vt 0.451799 0.014975
vt 0.451142 0.002905
vt 0.431928 0.012956
vt 0.456174 0.033138
vt 0.465384 0.003635
vt 0.467292 0.011167
vt 0.471924 0.004827
vt 0.465270 0.029895
vt 0.755739 0.399675
vt 0.755778 0.444389
vt 0.740320 0.410180
vt 0.728792 0.428684
vt 0.736126 0.459074
vt 0.751485 0.391351
vt 0.750196 0.380533
vt 0.755979 0.383692
vt 0.731582 0.380745
vt 0.733813 0.391242
vt 0.729723 0.410717
vt 0.752931 0.370737
vt 0.746565 0.375718
vt 0.745848 0.363071
vt 0.812468 0.384418
vt 0.817655 0.381375
vt 0.807922 0.380576
vt 0.732245 0.462880
vt 0.723365 0.436685
vt 0.711135 0.439309
vt 0.707373 0.462226
vt 0.702312 0.433069
vt 0.715358 0.469295
vt 0.725079 0.416063
vt 0.720595 0.423918
vt 0.720444 0.419526
vt 0.821247 0.385477
vt 0.850124 0.380272
vt 0.827292 0.381810
vt 0.848696 0.377747
vt 0.809303 0.379772
vt 0.719750 0.403864
vt 0.719806 0.390360
vt 0.073906 0.860996
vt 0.082227 0.864542
vt 0.074528 0.868353
vt 0.721680 0.408754
vt 0.088631 0.864452
vt 0.721865 0.385459
vt 0.088952 0.480083
vt 0.085308 0.489717
vt 0.076235 0.483646
vt 0.086054 0.495021
vt 0.070663 0.494617
vt 0.086874 0.867365
vt 0.802230 0.380218
vt 0.091063 0.860996
vt 0.065648 0.483181
vt 0.066820 0.492784
vt 0.756813 0.458426
vt 0.005831 0.330754
vt 0.031412 0.331045
vt 0.008334 0.348300
vt 0.004833 0.310901
vt 0.018549 0.315400
vt 0.002890 0.290871
vt 0.004379 0.299551
vt 0.007749 0.295502
vt 0.006980 0.303046
vt 0.365145 0.679253
vt 0.353840 0.681165
vt 0.368367 0.683592
vt 0.356621 0.679253
vt 0.372007 0.679973
vt 0.011312 0.292466
vt 0.017138 0.291003
vt 0.056222 0.314918
vt 0.062868 0.309789
vt 0.062284 0.330697
vt 0.039734 0.330074
vt 0.036754 0.363884
vt 0.058379 0.338421
vt 0.051236 0.365311
vt 0.032774 0.317254
vt 0.040554 0.319622
vt 0.044790 0.315373
vt 0.062868 0.355066
vt 0.061102 0.302756
vt 0.041901 0.310073
vt 0.007914 0.358157
vt 0.008232 0.363162
vt 0.714699 0.727386
vt 0.714699 0.733032
vt 0.713519 0.735685
vt 0.948220 0.694272
vt 0.951529 0.688239
vt 0.949968 0.702490
vt 0.949037 0.684972
vt 0.946738 0.676407
vt 0.951693 0.666805
vt 0.953580 0.248818
vt 0.955905 0.245646
vt 0.953189 0.269681
vt 0.972409 0.238642
vt 0.970646 0.271541
vt 0.979174 0.236409
vt 0.989534 0.238707
vt 0.987692 0.243861
vt 0.992382 0.265589
vt 0.994704 0.257795
vt 0.995987 0.231120
vt 0.957074 0.293525
vt 0.957884 0.292079
vt 0.959620 0.293638
vt 0.960195 0.289548
vt 0.955802 0.274025
vt 0.967088 0.298970
vt 0.970633 0.296332
vt 0.973094 0.300000
vt 0.984302 0.294082
vt 0.985572 0.271558
vt 0.996912 0.269288
vt 0.997936 0.290763
vt 0.995768 0.271916
vt 0.988343 0.296584
vt 0.993141 0.297055
vt 0.428159 0.485892
vt 0.425752 0.469833
vt 0.427838 0.480766
vt 0.428159 0.461826
vt 0.629645 0.242951
vt 0.609001 0.227689
vt 0.629645 0.233822
vt 0.621647 0.226470
vt 0.612977 0.244833
vt 0.609607 0.240570
vt 0.625220 0.248750
vt 0.351753 0.014701
vt 0.369759 0.015313
vt 0.371003 0.011074
vt 0.351956 0.018550
vt 0.353559 0.030963
vt 0.359487 0.033545
vt 0.368816 0.033004
vt 0.366592 0.020666
vt 0.383450 0.018662
vt 0.377864 0.033610
vt 0.626825 0.255187
vt 0.176301 0.880913
vt 0.165274 0.881786
vt 0.164425 0.883276
vt 0.155212 0.883348
vt 0.146573 0.880913
vt 0.388862 0.032054
vt 0.355077 0.008898
vt 0.347234 0.015417
vt 0.385617 0.012284
vt 0.387378 0.009567
vt 0.398115 0.008593
vt 0.406474 0.007884
vt 0.404931 0.026989
vt 0.155656 0.860996
vt 0.163088 0.864275
vt 0.157187 0.869529
vt 0.161244 0.873774
vt 0.155776 0.880083
vt 0.450480 0.097894
vt 0.458314 0.101660
vt 0.460847 0.097373
vt 0.823138 0.705704
vt 0.828282 0.708696
vt 0.823777 0.694440
vt 0.468914 0.100799
vt 0.844233 0.698821
vt 0.827158 0.711728
vt 0.840129 0.711689
vt 0.834884 0.709335
vt 0.474574 0.099924
vt 0.854941 0.703422
vt 0.836445 0.693630
vt 0.867956 0.693987
vt 0.845006 0.719357
vt 0.487645 0.099008
vt 0.485049 0.095763
vt 0.850492 0.718981
vt 0.850750 0.715905
vt 0.863737 0.695919
vt 0.859295 0.732217
vt 0.863089 0.730185
vt 0.496697 0.095021
vt 0.859564 0.723096
vt 0.865467 0.709444
vt 0.869079 0.734023
vt 0.874071 0.723030
vt 0.862572 0.738174
vt 0.793146 0.921743
vt 0.790270 0.929875
vt 0.791684 0.917427
vt 0.956756 0.359188
vt 0.955962 0.345106
vt 0.943318 0.366375
vt 0.952962 0.343787
vt 0.928586 0.363417
vt 0.929904 0.348603
vt 0.940180 0.369236
vt 0.923258 0.368537
vt 0.949642 0.342324
vt 0.933143 0.343436
vt 0.917011 0.351175
vt 0.923127 0.342324
vt 0.341627 0.929626
vt 0.337410 0.925726
vt 0.339272 0.942690
vt 0.343931 0.948222
vt 0.341762 0.959032
vt 0.338566 0.955857
vt 0.335433 0.969517
vt 0.330845 0.969569
vt 0.327702 0.979405
vt 0.317431 0.985739
vt 0.314133 0.980847
vt 0.259050 0.925726
vt 0.252995 0.938293
vt 0.254816 0.943851
vt 0.250619 0.952228
vt 0.254506 0.959827
vt 0.252634 0.963438
vt 0.258368 0.967099
vt 0.259486 0.969717
vt 0.262018 0.977478
vt 0.275799 0.981514
vt 0.304212 0.989834
vt 0.293542 0.985421
vt 0.284377 0.989290
vt 0.276436 0.986600
vt 0.393576 0.075166
vt 0.399647 0.075821
vt 0.391182 0.068465
vt 0.406331 0.079775
vt 0.422850 0.087265
vt 0.421843 0.082742
vt 0.429885 0.082494
vt 0.431376 0.086868
vt 0.448060 0.082248
vt 0.432226 0.082259
vt 0.443608 0.078120
vt 0.459538 0.068465
vt 0.092617 0.165217
vt 0.091071 0.175492
vt 0.095627 0.154772
vt 0.100534 0.156577
vt 0.112658 0.161540
vt 0.100534 0.181158
vt 0.075822 0.197740
vt 0.127443 0.165964
vt 0.106641 0.188967
vt 0.138668 0.208821
vt 0.141328 0.176203
vt 0.146326 0.174676
vt 0.147591 0.166719
vt 0.074421 0.184285
vt 0.087851 0.201733
vt 0.112546 0.207161
vt 0.551186 0.088382
vt 0.552023 0.095089
vt 0.550566 0.103872
vt 0.191635 0.154772
vt 0.178039 0.161962
vt 0.178886 0.167495
vt 0.163023 0.170560
vt 0.166382 0.176280
vt 0.168653 0.163783
vt 0.179684 0.172621
vt 0.552023 0.113525
vt 0.185493 0.206023
vt 0.158225 0.209544
vt 0.196945 0.197290
vt 0.195247 0.204181
vt 0.367052 0.657352
vt 0.385400 0.662606
vt 0.370577 0.656409
vt 0.372567 0.641229
vt 0.386895 0.643405
vt 0.394059 0.640249
vt 0.398860 0.662492
vt 0.963258 0.699520
vt 0.951889 0.708540
vt 0.956188 0.701502
vt 0.939374 0.725052
vt 0.396937 0.665145
vt 0.946016 0.721542
vt 0.946643 0.740700
vt 0.848917 0.312030
vt 0.847923 0.305723
vt 0.850124 0.293389
vt 0.842088 0.309908
vt 0.824490 0.307858
vt 0.838346 0.302142
vt 0.826132 0.297075
vt 0.820491 0.295222
vt 0.829890 0.287809
vt 0.818004 0.277818
vt 0.841735 0.287225
vt 0.846834 0.268727
vt 0.816012 0.248954
vt 0.960473 0.762142
vt 0.953113 0.756209
vt 0.414073 0.661574
vt 0.412425 0.642092
vt 0.938823 0.718760
vt 0.935958 0.720287
vt 0.935710 0.735361
vt 0.431860 0.641684
vt 0.437743 0.657185
vt 0.437407 0.664516
vt 0.465482 0.641230
vt 0.944861 0.756958
vt 0.957557 0.770542
vt 0.953174 0.777255
vt 0.817616 0.314108
vt 0.810333 0.308411
vt 0.813514 0.293882
vt 0.804806 0.284512
vt 0.802634 0.286757
vt 0.803559 0.274586
vt 0.808173 0.275070
vt 0.810036 0.267555
vt 0.802912 0.266330
vt 0.786214 0.274791
vt 0.785076 0.266661
vt 0.785315 0.254771
vt 0.784063 0.291057
vt 0.784075 0.279003
vt 0.496697 0.753112
vt 0.494129 0.748775
vt 0.495831 0.748960
vt 0.492568 0.733376
vt 0.494852 0.736863
vt 0.850124 0.197925
vt 0.847255 0.210617
vt 0.843863 0.207973
vt 0.846086 0.198640
vt 0.808605 0.230810
vt 0.814632 0.218973
vt 0.842289 0.233345
vt 0.847132 0.240246
vt 0.840978 0.216615
vt 0.496467 0.708299
vt 0.482659 0.653903
vt 0.480299 0.640909
vt 0.459460 0.663084
vt 0.964079 0.794606
vt 0.805284 0.240439
vt 0.786027 0.241142
vt 0.787960 0.221685
vt 0.807438 0.217551
vt 0.793133 0.215500
vt 0.802642 0.767784
vt 0.795762 0.786496
vt 0.798144 0.762241
vt 0.930865 0.689446
vt 0.920943 0.703582
vt 0.927682 0.686999
vt 0.817093 0.770749
vt 0.816748 0.789100
vt 0.813222 0.793530
vt 0.921889 0.734328
vt 0.917149 0.717977
vt 0.916511 0.707022
vt 0.793821 0.805311
vt 0.799327 0.819535
vt 0.815635 0.804364
vt 0.793408 0.830787
vt 0.790669 0.819726
vt 0.918077 0.759134
vt 0.925402 0.772907
vt 0.815466 0.845820
vt 0.813581 0.919917
vt 0.806918 0.909309
vt 0.816053 0.905283
vt 0.795365 0.914992
vt 0.791584 0.900279
vt 0.797181 0.910115
vt 0.793920 0.896078
vt 0.815730 0.892891
vt 0.933526 0.802905
vt 0.926254 0.789462
vt 0.815310 0.877506
vt 0.811226 0.865285
vt 0.794479 0.884260
vt 0.792425 0.856531
vt 0.802170 0.914527
vt 0.894823 0.450652
vt 0.884791 0.435170
vt 0.898844 0.452697
vt 0.886310 0.428824
vt 0.880928 0.416247
vt 0.883032 0.404490
vt 0.879851 0.382894
vt 0.889009 0.357549
vt 0.886217 0.355856
vt 0.526765 0.523506
vt 0.541444 0.524210
vt 0.554593 0.522158
vt 0.894429 0.337986
vt 0.898844 0.334025
vt 0.589730 0.526625
vt 0.574203 0.520854
vt 0.594073 0.536831
vt 0.584880 0.541093
vt 0.580732 0.544425
vt 0.561406 0.532586
vt 0.571772 0.540586
vt 0.558677 0.544076
vt 0.543877 0.536780
vt 0.561011 0.548963
vt 0.542082 0.545706
vt 0.591100 0.544136
vt 0.521470 0.548211
vt 0.594137 0.521412
vt 0.840894 0.089698
vt 0.833609 0.095485
vt 0.837842 0.086722
vt 0.840894 0.108178
vt 0.348059 0.935304
vt 0.356252 0.937161
vt 0.352733 0.930620
vt 0.833648 0.104198
vt 0.369074 0.938859
vt 0.366972 0.917852
vt 0.352180 0.915372
vt 0.375531 0.920867
vt 0.390925 0.915714
vt 0.375213 0.910493
vt 0.416730 0.908549
vt 0.834969 0.117607
vt 0.839648 0.124066
vt 0.375818 0.942324
vt 0.380665 0.934505
vt 0.395683 0.939765
vt 0.407360 0.938046
vt 0.405720 0.905504
vt 0.392018 0.897725
vt 0.396921 0.903617
vt 0.389475 0.908936
vt 0.399177 0.896845
vt 0.394498 0.885771
vt 0.404498 0.877681
vt 0.378823 0.881748
vt 0.378858 0.879533
vt 0.374577 0.881305
vt 0.387262 0.878501
vt 0.433761 0.935052
vt 0.435741 0.911333
vt 0.448310 0.938789
vt 0.453250 0.933082
vt 0.453089 0.938878
vt 0.457000 0.929631
vt 0.452992 0.910486
vt 0.460409 0.932729
vt 0.421572 0.877950
vt 0.440396 0.877904
vt 0.457104 0.903412
vt 0.452050 0.878763
vt 0.467795 0.880500
vt 0.458729 0.880916
vt 0.748984 0.049049
vt 0.755494 0.068851
vt 0.763316 0.049837
vt 0.750681 0.044531
vt 0.745486 0.036929
vt 0.733654 0.039418
vt 0.728722 0.046423
vt 0.765896 0.059527
vt 0.756966 0.074005
vt 0.737265 0.079062
vt 0.607349 0.622822
vt 0.604633 0.642640
vt 0.602395 0.636423
vt 0.607349 0.663485
vt 0.708697 0.045794
vt 0.715167 0.040166
vt 0.692438 0.043232
vt 0.687464 0.036929
vt 0.684443 0.046675
vt 0.686939 0.059106
vt 0.703345 0.069097
vt 0.696212 0.081743
vt 0.680017 0.080148
vt 0.248830 0.533763
vt 0.231360 0.545778
vt 0.250619 0.529876
vt 0.232012 0.541131
vt 0.228916 0.547890
vt 0.224577 0.547943
vt 0.221091 0.561615
vt 0.219934 0.552126
vt 0.215864 0.564332
vt 0.219086 0.581876
vt 0.214836 0.579676
vt 0.218660 0.594674
vt 0.250619 0.628631
vt 0.235881 0.619628
vt 0.238372 0.615344
vt 0.223976 0.605054
vt 0.222421 0.592748
vt 0.362797 0.058348
vt 0.367288 0.059302
vt 0.362841 0.039299
vt 0.358794 0.050768
vt 0.371520 0.041225
vt 0.381235 0.038589
vt 0.402258 0.040768
vt 0.391333 0.066378
vt 0.422807 0.062775
vt 0.420595 0.072614
vt 0.437454 0.057262
vt 0.437120 0.072006
vt 0.432085 0.041052
vt 0.444140 0.063084
vt 0.455409 0.064956
vt 0.439130 0.041439
vt 0.443125 0.046537
vt 0.454483 0.038589
vt 0.475064 0.068098
vt 0.472750 0.070483
vt 0.477685 0.075505
vt 0.500475 0.079959
vt 0.476835 0.066805
vt 0.531753 0.078862
vt 0.514050 0.082918
vt 0.533614 0.082789
vt 0.559777 0.078784
vt 0.564414 0.074046
vt 0.589010 0.069625
vt 0.590008 0.066805
vt 0.906980 0.779876
vt 0.904915 0.782309
vt 0.905545 0.772390
vt 0.902922 0.776639
vt 0.901780 0.770632
vt 0.898844 0.756963
vt 0.903280 0.754946
vt 0.902129 0.737760
vt 0.802718 0.626667
vt 0.801885 0.649046
vt 0.796998 0.615611
vt 0.812745 0.613043
vt 0.820028 0.636351
vt 0.810963 0.626513
vt 0.773037 0.611203
vt 0.774529 0.628896
vt 0.770629 0.637579
vt 0.777495 0.653069
vt 0.780814 0.644779
vt 0.901310 0.723170
vt 0.352624 0.391286
vt 0.348124 0.375042
vt 0.352492 0.381192
vt 0.780929 0.625379
vt 0.792423 0.628542
vt 0.795738 0.640814
vt 0.360446 0.374682
vt 0.355057 0.363043
vt 0.345582 0.361069
vt 0.789063 0.653112
vt 0.354192 0.350782
vt 0.360446 0.350622
vt 0.794877 0.655578
vt 0.783836 0.664502
vt 0.903545 0.723555
vt 0.804649 0.667373
vt 0.805926 0.648685
vt 0.908753 0.704979
vt 0.904396 0.708624
vt 0.806244 0.663196
vt 0.806974 0.666378
vt 0.767882 0.667355
vt 0.931471 0.590456
vt 0.923617 0.595380
vt 0.931875 0.596073
vt 0.782417 0.653089
vt 0.302171 0.785477
vt 0.308423 0.785604
vt 0.303516 0.797199
vt 0.765896 0.669208
vt 0.765070 0.685845
vt 0.778546 0.682547
vt 0.788156 0.683171
vt 0.567611 0.464315
vt 0.580099 0.453527
vt 0.571747 0.459372
vt 0.808077 0.698729
vt 0.805902 0.653563
vt 0.819613 0.640294
vt 0.819416 0.659768
vt 0.591552 0.077420
vt 0.581751 0.079896
vt 0.594880 0.072133
vt 0.819346 0.693860
vt 0.810254 0.690471
vt 0.971201 0.722407
vt 0.968921 0.740923
vt 0.968045 0.727819
vt 0.971511 0.786307
vt 0.966557 0.774461
vt 0.967259 0.752793
vt 0.263608 0.194224
vt 0.261337 0.188797
vt 0.248968 0.195086
vt 0.796541 0.739536
vt 0.804914 0.727789
vt 0.808673 0.741992
vt 0.776556 0.735954
vt 0.792933 0.734437
vt 0.793954 0.742295
vt 0.267135 0.194474
vt 0.554500 0.453527
vt 0.560150 0.455751
vt 0.765597 0.706852
vt 0.773989 0.711170
vt 0.773236 0.719341
vt 0.770753 0.724767
vt 0.766102 0.688851
vt 0.776609 0.700170
vt 0.913672 0.559751
vt 0.902147 0.559751
vt 0.914533 0.567220
vt 0.787243 0.693764
vt 0.291082 0.136826
vt 0.299339 0.129876
vt 0.299339 0.143154
vt 0.765402 0.700761
vt 0.777801 0.706063
vt 0.291835 0.142908
vt 0.786421 0.706712
vt 0.781179 0.710813
vt 0.799887 0.711423
vt 0.271263 0.621946
vt 0.278486 0.626141
vt 0.282824 0.620332
vt 0.090135 0.416103
vt 0.084641 0.417945
vt 0.095077 0.418911
vt 0.812965 0.707345
vt 0.810196 0.708839
vt 0.814604 0.715070
vt 0.816756 0.727233
vt 0.820385 0.739940
vt 0.820124 0.709999
vt 0.102930 0.413693
vt 0.811273 0.702670
vt 0.700511 0.104424
vt 0.712274 0.111697
vt 0.699963 0.097510
vt 0.715244 0.103653
vt 0.707268 0.111560
vt 0.712096 0.115420
vt 0.719370 0.105934
vt 0.728918 0.112145
vt 0.725336 0.107884
vt 0.729706 0.109119
vt 0.727322 0.118744
vt 0.722184 0.122106
vt 0.738837 0.114474
vt 0.743660 0.111120
vt 0.722273 0.133436
vt 0.729457 0.131123
vt 0.732545 0.124491
vt 0.737366 0.123112
vt 0.741911 0.122957
vt 0.735769 0.133398
vt 0.729863 0.137344
vt 0.749797 0.115869
vt 0.746762 0.123105
vt 0.751007 0.123518
vt 0.760691 0.112533
vt 0.749688 0.129625
vt 0.756149 0.120486
vt 0.762055 0.124295
vt 0.771854 0.128252
vt 0.770505 0.112392
vt 0.777269 0.122410
vt 0.785240 0.122151
vt 0.800982 0.103837
vt 0.819571 0.098023
vt 0.816257 0.097510
vt 0.793444 0.112949
vt 0.796166 0.119107
vt 0.798052 0.124092
vt 0.814109 0.128698
vt 0.805626 0.112915
vt 0.812229 0.113911
vt 0.067300 0.354658
vt 0.071675 0.356100
vt 0.073234 0.345792
vt 0.084960 0.345742
vt 0.076259 0.356191
vt 0.114043 0.355866
vt 0.120557 0.345136
vt 0.111295 0.334947
vt 0.118090 0.323276
vt 0.123979 0.327565
vt 0.125839 0.358205
vt 0.126381 0.350833
vt 0.128710 0.338144
vt 0.132928 0.349875
vt 0.133053 0.330710
vt 0.134230 0.342424
vt 0.137622 0.350657
vt 0.145090 0.336222
vt 0.144629 0.342926
vt 0.139422 0.360293
vt 0.149285 0.364110
vt 0.146075 0.355367
vt 0.152282 0.356660
vt 0.154238 0.341529
vt 0.162368 0.352610
vt 0.155914 0.367004
vt 0.149445 0.338835
vt 0.164816 0.348433
vt 0.168442 0.351273
vt 0.166456 0.343089
vt 0.164749 0.375285
vt 0.166085 0.374606
vt 0.983075 0.504979
vt 0.966524 0.500236
vt 0.992155 0.495534
vt 0.979902 0.489205
vt 0.981245 0.479450
vt 0.972947 0.484454
vt 0.976926 0.480332
vt 0.191792 0.344279
vt 0.194453 0.356978
vt 0.196444 0.350197
vt 0.969943 0.485794
vt 0.204746 0.342290
vt 0.211259 0.353800
vt 0.212008 0.341356
vt 0.213908 0.330813
vt 0.223343 0.368616
vt 0.226588 0.361996
vt 0.222676 0.358171
vt 0.226307 0.354631
vt 0.225866 0.345650
vt 0.219500 0.353447
vt 0.964624 0.469814
vt 0.982428 0.463335
vt 0.979749 0.455632
vt 0.987292 0.460384
vt 0.003345 0.451867
vt 0.002323 0.431893
vt 0.006617 0.435304
vt 0.963253 0.467162
vt 0.225647 0.322615
vt 0.233543 0.338537
vt 0.009184 0.423293
vt 0.011148 0.439245
vt 0.228734 0.322407
vt 0.004759 0.415783
vt 0.413424 0.328216
vt 0.413448 0.324597
vt 0.397605 0.324603
vt 0.431462 0.325337
vt 0.169919 0.362628
vt 0.171927 0.372701
vt 0.177784 0.349060
vt 0.177866 0.366918
vt 0.185192 0.382988
vt 0.185040 0.372161
vt 0.191631 0.371930
vt 0.201818 0.363821
vt 0.992155 0.457930
vt 0.987629 0.454004
vt 0.982878 0.451475
vt 0.008806 0.451002
vt 0.229625 0.364801
vt 0.227915 0.376504
vt 0.231005 0.379570
vt 0.224707 0.372565
vt 0.235499 0.376848
vt 0.229174 0.361924
vt 0.229909 0.350231
vt 0.232349 0.359303
vt 0.239315 0.346570
vt 0.005809 0.405689
vt 0.009103 0.405104
vt 0.007385 0.402905
vt 0.236956 0.370909
vt 0.242556 0.362451
vt 0.236381 0.362679
vt 0.243028 0.364670
vt 0.240150 0.350254
vt 0.243104 0.356202
vt 0.246491 0.358078
vt 0.235731 0.348443
vt 0.241184 0.349329
vt 0.170520 0.007010
vt 0.165335 0.005394
vt 0.167940 0.012682
vt 0.159255 0.017286
vt 0.151710 0.015212
vt 0.144001 0.006973
vt 0.148801 0.021867
vt 0.131455 0.025403
vt 0.125996 0.017945
vt 0.124211 0.007261
vt 0.117671 0.026365
vt 0.231627 0.626117
vt 0.230539 0.619756
vt 0.223639 0.620337
vt 0.221622 0.626401
vt 0.217593 0.622089
vt 0.213414 0.625683
vt 0.213052 0.620225
vt 0.209289 0.627015
vt 0.208988 0.622362
vt 0.201532 0.622525
vt 0.201073 0.628172
vt 0.204664 0.618672
vt 0.521470 0.919582
vt 0.523237 0.923455
vt 0.522303 0.918089
vt 0.533391 0.918465
vt 0.537295 0.929827
vt 0.537512 0.932253
vt 0.565342 0.918299
vt 0.571016 0.934565
vt 0.562172 0.935685
vt 0.885650 0.978008
vt 0.887307 0.967476
vt 0.892072 0.975911
vt 0.888640 0.967220
vt 0.860033 0.262656
vt 0.865813 0.262904
vt 0.862114 0.269224
vt 0.961217 0.145318
vt 0.961578 0.137583
vt 0.967595 0.146473
vt 0.865813 0.269295
vt 0.966464 0.140389
vt 0.968038 0.140427
vt 0.967595 0.137653
vt 0.715956 0.008714
vt 0.719653 0.012881
vt 0.711396 0.014862
vt 0.716917 0.018432
vt 0.257943 0.364730
vt 0.259814 0.366431
vt 0.252271 0.367681
vt 0.254922 0.369617
vt 0.262080 0.369813
vt 0.263006 0.371189
vt 0.253570 0.371253
vt 0.415751 0.472848
vt 0.417091 0.462919
vt 0.392820 0.478303
vt 0.263006 0.368741
vt 0.715329 0.033807
vt 0.402586 0.478795
vt 0.397580 0.463755
vt 0.394211 0.470278
vt 0.391953 0.469730
vt 0.386294 0.475178
vt 0.378981 0.486185
vt 0.368062 0.477973
vt 0.382764 0.466887
vt 0.380630 0.459146
vt 0.367792 0.464063
vt 0.364959 0.465353
vt 0.360287 0.461283
vt 0.360178 0.462504
vt 0.368940 0.487552
vt 0.399065 0.455369
vt 0.394932 0.455295
vt 0.394319 0.449104
vt 0.355439 0.461396
vt 0.360332 0.470808
vt 0.356081 0.473987
vt 0.359857 0.480284
vt 0.355481 0.482766
vt 0.350048 0.468391
vt 0.338682 0.463374
vt 0.345787 0.479168
vt 0.342913 0.475340
vt 0.335873 0.473917
vt 0.338944 0.453481
vt 0.335713 0.448548
vt 0.329360 0.455797
vt 0.331327 0.474426
vt 0.327536 0.470297
vt 0.323941 0.466512
vt 0.320802 0.463020
vt 0.710258 0.190545
vt 0.732037 0.188809
vt 0.706441 0.183255
vt 0.726977 0.179858
vt 0.682888 0.659721
vt 0.668272 0.640576
vt 0.703555 0.670954
vt 0.672334 0.636072
vt 0.717366 0.178943
vt 0.732040 0.184265
vt 0.672652 0.624133
vt 0.676630 0.630722
vt 0.663973 0.621700
vt 0.648447 0.614388
vt 0.657254 0.607793
vt 0.663206 0.600581
vt 0.684600 0.612137
vt 0.650704 0.604012
vt 0.640631 0.608747
vt 0.643113 0.601022
vt 0.627896 0.615978
vt 0.636404 0.609616
vt 0.638220 0.593219
vt 0.640410 0.589903
vt 0.635996 0.589179
vt 0.637712 0.582709
vt 0.631997 0.584205
vt 0.631590 0.580076
vt 0.637774 0.576856
vt 0.627002 0.572382
vt 0.623720 0.582093
vt 0.620774 0.575471
vt 0.635134 0.557163
vt 0.642010 0.566492
vt 0.626740 0.562605
vt 0.622996 0.555525
vt 0.626419 0.552429
vt 0.704789 0.610664
vt 0.695196 0.616501
vt 0.698559 0.621668
vt 0.691223 0.625040
vt 0.683412 0.615806
vt 0.701489 0.597510
vt 0.696052 0.587763
vt 0.665694 0.597473
vt 0.695874 0.579731
vt 0.681651 0.556117
vt 0.654279 0.599651
vt 0.658527 0.600542
vt 0.652755 0.586125
vt 0.660790 0.575620
vt 0.649567 0.577284
vt 0.659171 0.569322
vt 0.644111 0.571285
vt 0.654060 0.566657
vt 0.641542 0.560826
vt 0.643622 0.552258
vt 0.690314 0.568595
vt 0.695752 0.546364
vt 0.683188 0.542576
vt 0.679418 0.531639
vt 0.704580 0.534966
vt 0.701242 0.526454
vt 0.661841 0.529394
vt 0.657771 0.518348
vt 0.620562 0.539093
vt 0.641189 0.515768
vt 0.627379 0.526124
vt 0.727911 0.362578
vt 0.726090 0.370008
vt 0.721597 0.363919
vt 0.722062 0.371369
vt 0.847647 0.133875
vt 0.814356 0.134444
vt 0.842945 0.136057
vt 0.825637 0.137696
vt 0.806422 0.144287
vt 0.817526 0.147373
vt 0.803022 0.169910
vt 0.823435 0.154198
vt 0.815841 0.163491
vt 0.818720 0.169276
vt 0.780764 0.173008
vt 0.796142 0.172723
vt 0.782900 0.135198
vt 0.783002 0.158244
vt 0.764749 0.139484
vt 0.747255 0.136096
vt 0.754150 0.183464
vt 0.822826 0.181911
vt 0.818869 0.169357
vt 0.812390 0.189627
vt 0.788183 0.188543
vt 0.764373 0.187129
vt 0.547155 0.983948
vt 0.527250 0.980498
vt 0.543875 0.986841
vt 0.735765 0.140426
vt 0.742092 0.144828
vt 0.727911 0.139361
vt 0.744635 0.157533
vt 0.740871 0.171504
vt 0.582406 0.983209
vt 0.571379 0.988772
vt 0.560302 0.989627
vt 0.591660 0.980498
vt 0.588258 0.984570
vt 0.827002 0.058431
vt 0.802306 0.057709
vt 0.782717 0.059205
vt 0.744361 0.180479
vt 0.748720 0.188583
vt 0.786111 0.057676
vt 0.736013 0.185174
vt 0.739483 0.181460
vt 0.780760 0.057709
vt 0.908005 0.370038
vt 0.912882 0.368050
vt 0.906276 0.368050
vt 0.498807 0.340095
vt 0.495861 0.341185
vt 0.500826 0.345657
vt 0.483030 0.350119
vt 0.498880 0.348571
vt 0.467254 0.350125
vt 0.470950 0.342961
vt 0.429479 0.343150
vt 0.704205 0.141086
vt 0.703383 0.145987
vt 0.691893 0.137059
vt 0.007019 0.137039
vt 0.016930 0.135845
vt 0.025186 0.135685
vt 0.269612 0.289980
vt 0.273386 0.289212
vt 0.282824 0.289212
vt 0.689663 0.146176
vt 0.704229 0.154708
vt 0.704867 0.158321
vt 0.704136 0.175685
vt 0.693964 0.165506
vt 0.705615 0.189190
vt 0.695629 0.176549
vt 0.263006 0.899170
vt 0.252271 0.901913
vt 0.257359 0.899170
vt 0.429474 0.329046
vt 0.420193 0.335201
vt 0.705615 0.116720
vt 0.704870 0.123236
vt 0.694581 0.119836
vt 0.425629 0.348348
vt 0.411391 0.349516
vt 0.403548 0.341315
vt 0.402442 0.345847
vt 0.403616 0.329046
vt 0.390595 0.335979
vt 0.394189 0.329046
vt 0.704738 0.195436
vt 0.698370 0.185204
vt 0.955530 0.315055
vt 0.955822 0.317460
vt 0.948440 0.296847
vt 0.947625 0.319827
vt 0.356988 0.125555
vt 0.374061 0.144160
vt 0.358454 0.120834
vt 0.938541 0.295845
vt 0.383969 0.123568
vt 0.381927 0.135219
vt 0.352546 0.152813
vt 0.372004 0.153557
vt 0.356020 0.157812
vt 0.368499 0.162702
vt 0.378615 0.155313
vt 0.935221 0.263067
vt 0.945596 0.262848
vt 0.408312 0.136802
vt 0.416987 0.121931
vt 0.392176 0.157329
vt 0.386211 0.163088
vt 0.410311 0.157920
vt 0.398613 0.158614
vt 0.412422 0.168880
vt 0.955822 0.227104
vt 0.947500 0.246621
vt 0.946071 0.229123
vt 0.935813 0.250159
vt 0.939367 0.233631
vt 0.430468 0.121771
vt 0.436921 0.134369
vt 0.447736 0.122704
vt 0.426329 0.150388
vt 0.423881 0.162840
vt 0.437223 0.167494
vt 0.439457 0.146013
vt 0.443003 0.164490
vt 0.944670 0.221690
vt 0.455442 0.128867
vt 0.461418 0.123783
vt 0.946396 0.217842
vt 0.466144 0.130604
vt 0.446626 0.145909
vt 0.933327 0.378103
vt 0.932506 0.394072
vt 0.927510 0.376113
vt 0.920681 0.395498
vt 0.913440 0.375001
vt 0.932834 0.409862
vt 0.904374 0.393809
vt 0.890087 0.378791
vt 0.901435 0.373859
vt 0.892820 0.388874
vt 0.896248 0.401876
vt 0.893339 0.393965
vt 0.888935 0.391238
vt 0.889794 0.400536
vt 0.902568 0.408094
vt 0.893936 0.405799
vt 0.922893 0.433929
vt 0.934672 0.448570
vt 0.913836 0.428237
vt 0.902448 0.416196
vt 0.891213 0.426408
vt 0.894768 0.416768
vt 0.892644 0.434555
vt 0.928742 0.450592
vt 0.916597 0.459319
vt 0.903831 0.455021
vt 0.921058 0.463105
vt 0.914936 0.464315
vt 0.749538 0.313459
vt 0.747923 0.318220
vt 0.756813 0.327581
vt 0.738116 0.323859
vt 0.750772 0.325526
vt 0.730710 0.339879
vt 0.721273 0.336762
vt 0.740991 0.360581
vt 0.736579 0.328858
vt 0.732812 0.322183
vt 0.726298 0.326852
vt 0.738056 0.339334
vt 0.722025 0.329805
vt 0.715674 0.329237
vt 0.717614 0.344093
vt 0.710937 0.345045
vt 0.699461 0.334594
vt 0.695162 0.339102
vt 0.752896 0.261688
vt 0.743132 0.256846
vt 0.750527 0.278114
vt 0.727405 0.262869
vt 0.740443 0.290722
vt 0.700422 0.288675
vt 0.718758 0.263880
vt 0.694639 0.268038
vt 0.747575 0.290607
vt 0.736512 0.293471
vt 0.734655 0.311636
vt 0.723175 0.307044
vt 0.717716 0.309165
vt 0.695389 0.325397
vt 0.711324 0.316566
vt 0.688840 0.287957
vt 0.681932 0.266298
vt 0.705744 0.326893
vt 0.710501 0.327738
vt 0.684301 0.345416
vt 0.671412 0.340655
vt 0.669725 0.256846
vt 0.660988 0.269195
vt 0.672667 0.285173
vt 0.643961 0.273572
vt 0.651793 0.300962
vt 0.646272 0.273011
vt 0.676270 0.302114
vt 0.662579 0.303191
vt 0.648729 0.316458
vt 0.663113 0.326887
vt 0.917091 0.240708
vt 0.913381 0.250547
vt 0.908855 0.244233
vt 0.927746 0.254686
vt 0.921506 0.244004
vt 0.917301 0.262192
vt 0.890773 0.246455
vt 0.904663 0.251098
vt 0.890230 0.252870
vt 0.906299 0.267852
vt 0.901140 0.260140
vt 0.893789 0.259388
vt 0.911644 0.268399
vt 0.909705 0.269991
vt 0.911492 0.279911
vt 0.891168 0.285854
vt 0.887371 0.257940
vt 0.882966 0.261969
vt 0.895186 0.272152
vt 0.883129 0.269041
vt 0.887937 0.277264
vt 0.880381 0.280643
vt 0.916041 0.278655
vt 0.908545 0.285569
vt 0.918653 0.281168
vt 0.913414 0.291997
vt 0.912787 0.286162
vt 0.322714 0.778008
vt 0.316876 0.768641
vt 0.322771 0.766487
vt 0.315970 0.761415
vt 0.903378 0.302418
vt 0.897639 0.309707
vt 0.338150 0.770520
vt 0.312108 0.748516
vt 0.324495 0.750610
vt 0.327664 0.753163
vt 0.320874 0.742505
vt 0.324107 0.742208
vt 0.336146 0.758699
vt 0.319306 0.733316
vt 0.322318 0.728216
vt 0.315524 0.728387
vt 0.891148 0.305465
vt 0.889074 0.308071
vt 0.904070 0.317502
vt 0.892739 0.321769
vt 0.915820 0.322977
vt 0.904543 0.323325
vt 0.335286 0.742753
vt 0.330750 0.747564
vt 0.348059 0.714016
vt 0.338838 0.706048
vt 0.345895 0.704979
vt 0.338150 0.740246
vt 0.340665 0.727169
vt 0.337985 0.730212
vt 0.335673 0.719602
vt 0.330533 0.730974
vt 0.060919 0.039707
vt 0.063481 0.029461
vt 0.061644 0.057355
vt 0.066141 0.033029
vt 0.067739 0.051646
vt 0.057391 0.051020
vt 0.922474 0.329529
vt 0.921135 0.340664
vt 0.927746 0.335602
vt 0.068816 0.064971
vt 0.064132 0.068297
vt 0.779641 0.880913
vt 0.766321 0.878635
vt 0.782411 0.878101
vt 0.749169 0.870274
vt 0.777662 0.836486
vt 0.877994 0.287371
vt 0.880291 0.296376
vt 0.875866 0.296679
vt 0.875596 0.303611
vt 0.875468 0.309273
vt 0.344896 0.748963
vt 0.340015 0.747194
vt 0.340030 0.741959
vt 0.344348 0.741402
vt 0.346077 0.747402
vt 0.348059 0.737332
vt 0.744823 0.869417
vt 0.733070 0.864204
vt 0.733403 0.860432
vt 0.732482 0.840910
vt 0.752379 0.808592
vt 0.765499 0.812532
vt 0.346142 0.729791
vt 0.782411 0.854943
vt 0.066278 0.079253
vt 0.780455 0.812543
vt 0.755977 0.787241
vt 0.759848 0.766683
vt 0.766734 0.775011
vt 0.776826 0.776047
vt 0.764364 0.739153
vt 0.774839 0.741757
vt 0.771391 0.734025
vt 0.981707 0.021850
vt 0.982008 0.007884
vt 0.997936 0.012667
vt 0.994800 0.023096
vt 0.986730 0.027611
vt 0.993475 0.018934
vt 0.995668 0.026969
vt 0.995524 0.025962
vt 0.997936 0.034440
vt 0.659836 0.951443
vt 0.668456 0.951292
vt 0.667037 0.951645
vt 0.163288 0.502082
vt 0.153702 0.503096
vt 0.147399 0.500486
vt 0.148546 0.508299
vt 0.148179 0.489472
vt 0.160466 0.488801
vt 0.159102 0.494354
vt 0.163304 0.498285
vt 0.160612 0.477866
vt 0.897192 0.943983
vt 0.890863 0.943673
vt 0.895964 0.938294
vt 0.886458 0.937522
vt 0.894542 0.930552
vt 0.896052 0.919087
vt 0.994339 0.305286
vt 0.985818 0.310174
vt 0.976138 0.308675
vt 0.045088 0.182714
vt 0.043974 0.182176
vt 0.046713 0.177025
vt 0.968675 0.320665
vt 0.964894 0.318561
vt 0.049133 0.169379
vt 0.045237 0.167389
vt 0.995151 0.314279
vt 0.978459 0.320916
vt 0.998761 0.317441
vt 0.986665 0.325148
vt 0.997524 0.324280
vt 0.991554 0.329806
vt 0.048244 0.158921
vt 0.040050 0.166762
vt 0.043566 0.159557
vt 0.970462 0.332784
vt 0.966419 0.332242
vt 0.980880 0.333722
vt 0.987232 0.335631
vt 0.964468 0.348154
vt 0.971709 0.352813
vt 0.959688 0.357710
vt 0.982440 0.362797
vt 0.980814 0.370214
vt 0.966603 0.366971
vt 0.998761 0.378008
vt 0.990851 0.373237
vt 0.620562 0.063625
vt 0.635040 0.064960
vt 0.623245 0.060996
vt 0.627965 0.077593
vt 0.632500 0.076413
vt 0.635619 0.074537
vt 0.623617 0.069438
vt 0.637851 0.074656
vt 0.651418 0.073227
vt 0.651957 0.065094
vt 0.667630 0.067440
vt 0.898865 0.065975
vt 0.898844 0.062060
vt 0.900181 0.064950
vt 0.900683 0.055674
vt 0.902147 0.055333
vt 0.804707 0.969436
vt 0.809083 0.974870
vt 0.809374 0.965602
vt 0.806865 0.959519
vt 0.815058 0.956432
vt 0.821729 0.965149
vt 0.808344 0.978548
vt 0.812690 0.977562
vt 0.824955 0.978838
vt 0.823912 0.960971
vt 0.829060 0.962963
vt 0.829266 0.970196
vt 0.834915 0.975000
vt 0.835605 0.957254
vt 0.833773 0.970355
vt 0.844026 0.956432
vt 0.850231 0.970043
vt 0.657721 0.986016
vt 0.665477 0.974160
vt 0.665638 0.983540
vt 0.673489 0.973687
vt 0.678909 0.974728
vt 0.666373 0.992183
vt 0.732311 0.878423
vt 0.733691 0.891552
vt 0.728211 0.889378
vt 0.728046 0.879958
vt 0.730315 0.900000
vt 0.669802 0.982615
vt 0.678007 0.977739
vt 0.679359 0.988372
vt 0.685483 0.983434
vt 0.694568 0.974953
vt 0.688648 0.977913
vt 0.678424 0.994678
vt 0.683146 0.994887
vt 0.692577 0.981047
vt 0.693846 0.986106
vt 0.732025 0.952889
vt 0.738646 0.950921
vt 0.734483 0.955602
vt 0.729981 0.947582
vt 0.732966 0.940841
vt 0.737787 0.946261
vt 0.726645 0.932963
vt 0.731807 0.930654
vt 0.738232 0.930249
vt 0.683595 0.156165
vt 0.659380 0.147786
vt 0.665124 0.164598
vt 0.684145 0.158468
vt 0.683469 0.172949
vt 0.675524 0.182546
vt 0.682360 0.184382
vt 0.678827 0.193369
vt 0.672761 0.195498
vt 0.660595 0.188894
vt 0.653318 0.174032
vt 0.680839 0.199013
vt 0.997240 0.685960
vt 0.992783 0.680488
vt 0.991418 0.688997
vt 0.974505 0.686003
vt 0.996900 0.665731
vt 0.985630 0.657908
vt 0.965346 0.688392
vt 0.964900 0.682749
vt 0.974230 0.658958
vt 0.958788 0.660060
vt 0.962235 0.679442
vt 0.654508 0.155468
vt 0.647743 0.142324
vt 0.646140 0.146338
vt 0.636645 0.152346
vt 0.636032 0.165528
vt 0.634744 0.152295
vt 0.619303 0.149044
vt 0.633818 0.156021
vt 0.619780 0.174745
vt 0.653472 0.187596
vt 0.648292 0.190211
vt 0.630493 0.180338
vt 0.632835 0.190736
vt 0.632000 0.171318
vt 0.600390 0.164903
vt 0.618069 0.177873
vt 0.631064 0.185940
vt 0.609349 0.189898
vt 0.611844 0.194542
vt 0.582020 0.181019
vt 0.997270 0.657754
vt 0.994113 0.651831
vt 0.985548 0.630309
vt 0.993305 0.634507
vt 0.962863 0.652495
vt 0.969926 0.629461
vt 0.961163 0.629951
vt 0.998478 0.632053
vt 0.607558 0.200415
vt 0.957732 0.688425
vt 0.957576 0.682184
vt 0.568364 0.143126
vt 0.576222 0.158676
vt 0.565235 0.156733
vt 0.572785 0.173752
vt 0.996032 0.884967
vt 0.980578 0.887149
vt 0.997110 0.879719
vt 0.989093 0.891655
vt 0.978919 0.892731
vt 0.972564 0.890567
vt 0.989786 0.866233
vt 0.980313 0.862885
vt 0.969097 0.861495
vt 0.955878 0.890450
vt 0.950233 0.865047
vt 0.974927 0.893323
vt 0.964109 0.891779
vt 0.955273 0.804441
vt 0.952499 0.801433
vt 0.958299 0.792946
vt 0.992334 0.853471
vt 0.982869 0.833610
vt 0.994839 0.834545
vt 0.980629 0.853663
vt 0.029315 0.288382
vt 0.025186 0.303356
vt 0.026523 0.303602
vt 0.029315 0.315768
vt 0.992544 0.858657
vt 0.951723 0.813152
vt 0.987779 0.855094
vt 0.958299 0.826141
vt 0.978860 0.837594
vt 0.966236 0.857434
vt 0.950184 0.856368
vt 0.965538 0.834933
vt 0.948309 0.836155
vt 0.937395 0.861465
vt 0.947615 0.841421
vt 0.939821 0.837809
vt 0.657223 0.833869
vt 0.645526 0.822444
vt 0.656269 0.824418
vt 0.632021 0.838562
vt 0.621874 0.831671
vt 0.659372 0.829856
vt 0.658782 0.809426
vt 0.659372 0.798120
vt 0.649435 0.798213
vt 0.654811 0.791286
vt 0.638331 0.792017
vt 0.624617 0.858083
vt 0.614619 0.858253
vt 0.623299 0.844359
vt 0.612240 0.842076
vt 0.611478 0.827852
vt 0.616100 0.792041
vt 0.895612 0.818849
vt 0.910113 0.815353
vt 0.892804 0.829846
vt 0.931613 0.845931
vt 0.920287 0.863043
vt 0.933526 0.821497
vt 0.504654 0.128048
vt 0.485347 0.127248
vt 0.504209 0.131535
vt 0.527608 0.129241
vt 0.890772 0.882931
vt 0.898472 0.888846
vt 0.890740 0.906670
vt 0.923786 0.908435
vt 0.932815 0.892918
vt 0.899319 0.919087
vt 0.893255 0.914108
vt 0.912244 0.917216
vt 0.546243 0.124066
vt 0.931203 0.856996
vt 0.932980 0.902601
vt 0.933526 0.907700
vt 0.886458 0.860332
vt 0.890183 0.838433
vt 0.888764 0.863689
vt 0.482659 0.124066
vt 0.548353 0.937577
vt 0.540341 0.940470
vt 0.541860 0.937221
vt 0.552023 0.946220
vt 0.537985 0.946141
vt 0.543276 0.951972
vt 0.544760 0.962241
vt 0.761608 0.236100
vt 0.756813 0.223465
vt 0.770025 0.229591
vt 0.757962 0.207502
vt 0.766027 0.208119
vt 0.768386 0.222243
vt 0.919142 0.488502
vt 0.921965 0.477593
vt 0.915357 0.483038
vt 0.911951 0.488230
vt 0.916881 0.490871
vt 0.018580 0.742745
vt 0.024475 0.742953
vt 0.018969 0.736983
vt 0.029315 0.735685
vt 0.897192 0.480246
vt 0.903722 0.487421
vt 0.901334 0.477593
vt 0.907990 0.483477
s 1
usemtl Material_0
f 8/1/1 3/2/2 6/3/3
f 9/4/4 8/1/1 7/5/5
f 6/3/3 7/5/5 8/1/1
f 6/3/3 2/6/6 1/7/7
f 8/1/1 12/8/8 3/2/2
f 3/2/2 12/8/8 13/9/9
f 8/1/1 9/4/4 12/8/8
f 3/2/2 2/6/6 6/3/3
f 9/4/4 23/10/10 12/8/8
f 13/9/9 12/8/8 14/11/11
f 7/5/5 5/12/12 4/13/13
f 5/12/12 7/5/5 6/3/3
f 12/8/8 23/10/10 10/14/14
f 12/8/8 10/14/14 14/11/11
f 23/10/10 30/15/15 20/16/16
f 23/10/10 20/16/16 10/14/14
f 16/17/17 14/11/11 10/14/14
f 20/16/16 25/18/18 10/14/14
f 25/18/18 26/19/19 10/14/14
f 16/17/17 10/14/14 11/20/20
f 11/20/20 15/21/21 16/17/17
f 26/19/19 18/22/22 10/14/14
f 10/14/14 18/22/22 11/20/20
f 15/21/21 11/20/20 19/23/23
f 19/23/23 11/20/20 17/24/24
f 18/22/22 21/25/25 17/24/24
f 11/20/20 18/22/22 17/24/24
f 21/25/25 28/26/26 17/24/24
f 17/24/24 28/26/26 22/27/27
f 21/25/25 29/28/28 28/26/26
f 17/24/24 22/27/27 24/29/29
f 22/27/27 28/26/26 27/30/30
f 46/31/31 31/32/32 40/33/33
f 46/31/31 42/34/34 31/32/32
f 31/32/32 45/35/35 41/36/36
f 42/34/34 45/35/35 31/32/32
f 41/36/36 38/37/37 31/32/32
f 50/38/38 42/34/34 46/31/31
f 31/32/32 38/37/37 33/39/39
f 40/33/33 31/32/32 43/40/40
f 38/37/37 39/41/41 33/39/39
f 31/32/32 33/39/39 43/40/40
f 40/33/33 43/40/40 49/42/42
f 33/39/39 35/43/43 43/40/40
f 43/40/40 35/43/43 32/44/44
f 43/40/40 32/44/44 37/45/45
f 32/44/44 47/46/46 37/45/45
f 32/44/44 35/43/43 34/47/47
f 32/44/44 34/47/47 36/48/48
f 47/46/46 32/44/44 44/49/49
f 47/46/46 44/49/49 48/50/50
f 71/51/51 92/52/52 69/53/53
f 69/53/53 92/52/52 70/54/54
f 93/55/55 94/56/56 92/52/52
f 93/55/55 92/52/52 71/51/51
f 92/52/52 94/56/56 87/57/57
f 92/52/52 87/57/57 85/58/58
f 92/52/52 85/58/58 125/59/59
f 85/58/58 87/57/57 88/60/60
f 85/58/58 88/60/60 84/61/61
f 92/52/52 125/59/59 120/62/62
f 120/62/62 125/59/59 85/58/58
f 113/63/63 85/58/58 115/64/64
f 85/58/58 113/63/63 120/62/62
f 115/64/64 85/58/58 118/65/65
f 113/63/63 115/64/64 114/66/66
f 70/54/54 92/52/52 121/67/67
s 0
f 52/68/68 53/69/68 51/70/68
s 1
f 92/52/52 120/62/62 121/67/67
f 113/63/63 114/66/66 116/71/69
f 120/62/62 113/63/63 116/71/69
f 124/72/70 120/62/62 117/73/71
f 120/62/62 116/71/69 117/73/71
f 121/67/67 120/62/62 70/54/54
f 120/62/62 124/72/70 123/74/72
f 84/61/61 86/75/73 85/58/58
f 86/75/73 119/76/74 85/58/58
f 82/77/75 86/75/73 84/61/61
f 85/58/58 119/76/74 118/65/65
f 86/75/73 82/77/75 83/78/76
f 86/75/73 83/78/76 80/79/77
f 119/76/74 116/71/69 118/65/65
f 116/71/69 119/76/74 117/73/71
f 86/75/73 89/80/78 119/76/74
f 86/75/73 80/79/77 89/80/78
f 124/72/70 117/73/71 91/81/79
f 91/81/79 117/73/71 90/82/80
f 117/73/71 119/76/74 90/82/80
f 119/76/74 89/80/78 90/82/80
f 77/83/81 80/79/77 78/84/82
f 79/85/83 80/79/77 77/83/81
f 89/80/78 80/79/77 81/86/84
f 80/79/77 79/85/83 81/86/84
f 57/87/85 54/88/86 56/89/87
f 56/89/87 54/88/86 58/90/88
f 73/91/89 70/54/54 72/92/90
f 72/92/90 70/54/54 122/93/91
f 128/94/92 127/95/93 126/96/92
f 120/62/62 123/74/72 70/54/54
f 70/54/54 123/74/72 111/97/94
f 123/74/72 67/98/95 111/97/94
f 67/98/95 123/74/72 124/72/70
f 124/72/70 63/99/96 67/98/95
f 67/98/95 63/99/96 66/100/97
f 66/100/97 63/99/96 60/101/98
f 111/97/94 67/98/95 66/100/97
f 111/97/94 66/100/97 61/102/99
f 66/100/97 60/101/98 61/102/99
f 111/97/94 61/102/99 112/103/100
f 61/102/99 59/104/101 112/103/100
f 61/102/99 60/101/98 59/104/101
f 70/54/54 112/103/100 122/93/91
f 70/54/54 111/97/94 112/103/100
f 122/93/91 112/103/100 105/105/102
f 112/103/100 59/104/101 62/106/103
f 112/103/100 62/106/103 109/107/104
f 112/103/100 109/107/104 105/105/102
f 109/107/104 98/108/105 110/109/106
f 128/94/92 126/96/92 129/110/107
f 101/111/108 122/93/91 100/112/109
f 122/93/91 105/105/102 102/113/110
f 122/93/91 102/113/110 100/112/109
f 109/107/104 110/109/106 105/105/102
f 105/105/102 110/109/106 107/114/111
f 105/105/102 107/114/111 102/113/110
f 124/72/70 64/115/112 63/99/96
f 124/72/70 91/81/79 64/115/112
f 63/99/96 64/115/112 60/101/98
f 64/115/112 68/116/113 60/101/98
f 64/115/112 91/81/79 68/116/113
f 68/116/113 91/81/79 90/82/80
f 59/104/101 60/101/98 65/117/114
f 68/116/113 65/117/114 60/101/98
f 90/82/80 89/80/78 68/116/113
f 65/117/114 68/116/113 89/80/78
f 59/104/101 65/117/114 62/106/103
f 62/106/103 65/117/114 97/118/115
f 65/117/114 96/119/116 97/118/115
f 109/107/104 62/106/103 98/108/105
f 62/106/103 97/118/115 98/108/105
f 97/118/115 96/119/116 98/108/105
f 110/109/106 98/108/105 108/120/117
f 96/119/116 65/117/114 104/121/118
f 96/119/116 104/121/118 99/122/119
f 65/117/114 89/80/78 104/121/118
f 54/88/86 55/123/120 58/90/88
f 81/86/84 75/124/121 74/125/122
f 81/86/84 74/125/122 89/80/78
f 74/125/122 76/126/123 89/80/78
f 108/120/117 98/108/105 96/119/116
f 96/119/116 99/122/119 108/120/117
f 107/114/111 110/109/106 108/120/117
f 108/120/117 99/122/119 104/121/118
f 107/114/111 108/120/117 106/127/124
f 102/113/110 107/114/111 106/127/124
f 102/113/110 106/127/124 103/128/125
f 108/120/117 104/121/118 106/127/124
f 106/127/124 104/121/118 103/128/125
f 104/121/118 89/80/78 103/128/125
f 95/129/126 89/80/78 76/126/123
f 103/128/125 89/80/78 95/129/126
f 186/130/127 142/131/128 140/132/129
f 192/133/130 187/134/131 191/135/132
f 191/135/132 187/134/131 139/136/133
f 191/135/132 139/136/133 183/137/134
f 187/134/131 140/132/129 139/136/133
f 187/134/131 186/130/127 140/132/129
f 140/132/129 143/138/135 139/136/133
f 143/138/135 195/139/136 139/136/133
f 195/139/136 137/140/137 139/136/133
f 195/139/136 196/141/138 137/140/137
f 142/131/128 143/138/135 140/132/129
f 143/138/135 133/142/139 195/139/136
f 133/142/139 135/143/140 195/139/136
f 205/144/141 203/145/141 204/146/142
f 195/139/136 135/143/140 193/147/143
f 205/144/141 202/148/144 203/145/141
f 195/139/136 193/147/143 194/149/145
f 199/150/146 200/151/147 201/152/148
f 200/151/147 199/150/146 197/153/149
f 199/150/146 198/154/150 197/153/149
f 135/143/140 133/142/139 134/155/151
f 142/131/128 144/156/152 143/138/135
f 143/138/135 144/156/152 154/157/153
f 133/142/139 143/138/135 153/158/154
f 143/138/135 154/157/153 145/159/155
f 143/138/135 145/159/155 153/158/154
f 139/136/133 138/160/156 183/137/134
f 139/136/133 149/161/157 138/160/156
f 130/162/158 139/136/133 137/140/137
f 130/162/158 149/161/157 139/136/133
f 183/137/134 147/163/159 150/164/160
f 138/160/156 147/163/159 183/137/134
f 138/160/156 149/161/157 147/163/159
f 131/165/161 188/166/162 134/155/151
f 188/166/162 136/167/163 134/155/151
f 131/165/161 149/161/157 130/162/158
f 131/165/161 134/155/151 149/161/157
f 132/168/164 149/161/157 134/155/151
f 134/155/151 133/142/139 132/168/164
f 149/161/157 132/168/164 147/163/159
f 147/163/159 132/168/164 153/158/154
f 147/163/159 153/158/154 151/169/165
f 153/158/154 152/170/166 151/169/165
f 133/142/139 153/158/154 132/168/164
f 153/158/154 145/159/155 162/171/167
f 156/172/168 152/170/166 153/158/154
f 142/131/128 185/173/169 182/174/170
f 154/157/153 181/175/171 145/159/155
f 154/157/153 144/156/152 181/175/171
f 144/156/152 179/176/172 181/175/171
f 145/159/155 181/175/171 180/177/173
f 181/175/171 179/176/172 180/177/173
f 180/177/173 179/176/172 165/178/174
f 144/156/152 178/179/175 179/176/172
f 179/176/172 178/179/175 165/178/174
f 144/156/152 166/180/176 178/179/175
f 178/179/175 166/180/176 170/181/177
f 182/174/170 146/182/178 142/131/128
f 142/131/128 155/183/179 144/156/152
f 144/156/152 155/183/179 167/184/180
f 146/182/178 155/183/179 142/131/128
f 144/156/152 167/184/180 166/180/176
f 166/180/176 167/184/180 170/181/177
f 155/183/179 175/185/181 167/184/180
f 167/184/180 175/185/181 174/186/182
f 167/184/180 174/186/182 173/187/183
f 174/186/182 175/185/181 173/187/183
f 146/182/178 163/188/184 155/183/179
f 182/174/170 163/188/184 146/182/178
f 163/188/184 141/189/185 155/183/179
f 155/183/179 141/189/185 164/190/186
f 164/190/186 177/191/187 155/183/179
f 164/190/186 141/189/185 160/192/188
f 155/183/179 177/191/187 175/185/181
f 164/190/186 160/192/188 177/191/187
f 145/159/155 180/177/173 162/171/167
f 180/177/173 165/178/174 162/171/167
f 162/171/167 156/172/168 153/158/154
f 165/178/174 156/172/168 162/171/167
f 170/181/177 165/178/174 178/179/175
f 165/178/174 170/181/177 169/193/189
f 169/193/189 168/194/190 165/178/174
f 170/181/177 168/194/190 169/193/189
f 165/178/174 168/194/190 156/172/168
f 156/172/168 148/195/191 152/170/166
f 170/181/177 167/184/180 168/194/190
f 167/184/180 172/196/192 168/194/190
f 172/196/192 171/197/193 168/194/190
f 167/184/180 173/187/183 172/196/192
f 172/196/192 173/187/183 171/197/193
f 173/187/183 176/198/194 171/197/193
f 176/198/194 184/199/195 171/197/193
f 171/197/193 159/200/196 168/194/190
f 184/199/195 161/201/197 171/197/193
f 171/197/193 161/201/197 159/200/196
f 168/194/190 159/200/196 156/172/168
f 156/172/168 159/200/196 148/195/191
f 159/200/196 161/201/197 148/195/191
f 148/195/191 161/201/197 158/202/198
f 148/195/191 189/203/199 190/204/200
f 148/195/191 190/204/200 152/170/166
f 173/187/183 175/185/181 176/198/194
f 184/199/195 176/198/194 161/201/197
f 161/201/197 176/198/194 157/205/201
f 177/191/187 157/205/201 175/185/181
f 175/185/181 157/205/201 176/198/194
f 160/192/188 157/205/201 177/191/187
f 160/192/188 158/202/198 157/205/201
f 161/201/197 157/205/201 158/202/198
f 158/202/198 189/203/199 148/195/191
f 222/206/202 224/207/203 223/208/204
f 223/208/204 219/209/205 222/206/202
f 222/206/202 219/209/205 221/210/206
f 246/211/207 247/212/208 245/213/209
f 219/209/205 220/214/210 221/210/206
f 243/215/211 242/216/212 244/217/213
f 241/218/214 238/219/215 224/207/203
f 241/218/214 224/207/203 222/206/202
f 224/207/203 225/220/216 223/208/204
f 246/211/207 250/221/217 247/212/208
f 232/222/218 224/207/203 238/219/215
f 224/207/203 228/223/219 225/220/216
f 224/207/203 232/222/218 228/223/219
f 249/224/220 265/225/221 250/221/217
f 250/221/217 265/225/221 248/226/222
f 250/221/217 248/226/222 247/212/208
f 243/215/211 248/226/222 267/227/223
f 248/226/222 265/225/221 267/227/223
f 215/228/224 211/229/225 216/230/226
f 292/231/227 293/232/228 291/233/229
f 249/224/220 271/234/230 265/225/221
f 216/230/226 211/229/225 217/235/231
f 216/230/226 217/235/231 218/236/232
f 291/233/229 293/232/228 290/237/233
f 293/232/228 294/238/234 290/237/233
f 230/239/235 228/223/219 232/222/218
f 266/240/236 263/241/237 255/242/238
f 228/223/219 231/243/239 229/244/240
f 230/239/235 231/243/239 228/223/219
f 232/222/218 240/245/241 230/239/235
f 228/223/219 227/246/242 225/220/216
f 225/220/216 227/246/242 226/247/243
f 255/242/238 263/241/237 251/248/244
f 240/245/241 231/243/239 230/239/235
f 264/249/245 251/248/244 263/241/237
f 255/242/238 251/248/244 249/224/220
f 249/224/220 251/248/244 271/234/230
f 211/229/225 209/250/246 217/235/231
f 312/251/247 298/252/248 293/232/228
f 209/250/246 206/253/249 212/254/250
f 217/235/231 209/250/246 212/254/250
f 293/232/228 298/252/248 294/238/234
f 294/238/234 316/255/251 314/256/252
f 298/252/248 316/255/251 294/238/234
f 271/234/230 251/248/244 254/257/253
f 251/248/244 252/258/254 254/257/253
f 243/215/211 267/227/223 242/216/212
f 294/238/234 295/259/255 297/260/256
f 294/238/234 296/261/257 295/259/255
f 294/238/234 314/256/252 296/261/257
f 296/261/257 314/256/252 308/262/258
s 0
f 272/263/259 273/264/259 274/265/259
f 332/266/260 333/267/260 334/268/260
s 1
f 304/269/261 314/256/262 303/270/263
s 0
f 327/271/264 325/272/264 326/273/264
s 1
f 314/256/262 302/274/265 303/270/263
f 302/274/265 316/255/251 317/275/266
f 317/275/266 316/255/251 318/276/267
f 302/274/265 317/275/266 303/270/263
f 303/270/263 317/275/266 306/277/268
f 310/278/269 317/275/266 309/279/270
f 317/275/266 280/280/271 309/279/270
f 329/281/272 328/282/273 331/283/272
f 331/283/272 330/284/274 329/281/272
f 264/249/245 253/285/275 251/248/244
f 240/245/241 235/286/276 233/287/277
f 240/245/241 233/287/277 231/243/239
f 264/249/245 256/288/278 253/285/275
f 264/249/245 269/289/279 256/288/278
f 251/248/244 253/285/275 252/258/254
f 235/286/276 234/290/280 233/287/277
f 256/288/278 269/289/279 257/291/281
f 206/253/249 214/292/282 212/254/250
f 252/258/254 260/293/283 254/257/253
f 206/253/249 207/294/284 214/292/282
f 298/252/248 289/295/285 316/255/251
f 289/295/285 318/276/267 316/255/251
f 298/252/248 283/296/286 289/295/285
f 206/253/249 213/297/287 207/294/284
f 252/258/254 261/298/288 260/293/283
f 213/297/287 208/299/289 207/294/284
f 307/300/290 283/296/286 311/301/291
f 283/296/286 288/302/292 289/295/285
f 283/296/286 286/303/293 288/302/292
f 233/287/277 234/290/280 236/304/294
f 233/287/277 236/304/294 237/305/295
f 269/289/279 268/306/296 259/307/297
f 236/304/294 239/308/298 237/305/295
f 257/291/281 269/289/279 259/307/297
f 258/309/299 257/291/281 259/307/297
f 213/297/287 210/310/300 208/299/289
f 307/300/290 284/311/301 283/296/286
f 260/293/283 262/312/302 270/313/303
f 260/293/283 261/298/288 262/312/302
s 0
f 275/314/304 276/315/304 277/316/304
s 1
f 283/296/286 284/311/301 286/303/293
f 286/303/293 284/311/301 285/317/305
f 318/276/267 300/318/306 280/280/271
f 318/276/267 299/319/307 300/318/306
f 318/276/267 280/280/271 317/275/266
f 289/295/285 288/302/292 318/276/267
s 0
f 321/320/308 319/321/308 320/322/308
s 1
f 288/302/292 287/323/309 315/324/310
f 282/325/311 318/276/267 315/324/310
f 288/302/292 286/303/293 287/323/309
f 300/318/306 299/319/307 301/326/312
f 299/319/307 318/276/267 281/327/313
s 0
f 322/328/314 323/329/314 324/330/314
s 1
f 281/327/313 318/276/267 282/325/311
f 315/324/310 278/331/315 282/325/311
f 315/324/310 287/323/309 305/332/316
f 278/331/315 315/324/310 279/333/317
f 287/323/309 286/303/293 305/332/316
f 305/332/316 286/303/293 313/334/318
f 305/332/316 279/333/317 315/324/310
f 372/335/319 374/336/320 370/337/321
f 368/338/322 366/339/323 367/340/324
f 371/341/325 365/342/326 368/338/322
f 372/335/319 370/337/321 366/339/323
f 366/339/323 370/337/321 367/340/324
f 368/338/322 365/342/326 366/339/323
f 368/338/322 367/340/324 369/343/327
f 369/343/327 367/340/324 359/344/328
f 359/344/328 367/340/324 358/345/329
f 358/345/329 367/340/324 373/346/330
f 356/347/331 359/344/328 358/345/329
f 358/345/329 373/346/330 362/348/332
f 355/349/333 358/345/329 362/348/332
f 356/347/331 358/345/329 355/349/333
f 356/347/331 355/349/333 357/350/334
f 357/350/334 355/349/333 360/351/335
f 364/352/336 360/351/335 361/353/337
f 354/354/338 353/355/339 352/356/340
f 357/350/334 360/351/335 364/352/336
f 360/351/335 363/357/341 361/353/337
f 353/355/339 351/358/342 348/359/343
f 353/355/339 348/359/343 352/356/340
f 348/359/343 338/360/344 352/356/340
f 338/360/344 348/359/343 339/361/345
f 352/356/340 338/360/344 344/362/346
f 344/362/346 342/363/347 345/364/348
f 344/362/346 338/360/344 342/363/347
f 339/361/345 337/365/349 338/360/344
f 338/360/344 337/365/349 336/366/350
f 338/360/344 336/366/350 342/363/347
f 342/363/347 336/366/350 335/367/351
f 342/363/347 335/367/351 343/368/352
f 343/368/352 335/367/351 347/369/353
f 335/367/351 340/370/354 347/369/353
f 347/369/353 346/371/355 350/372/356
f 347/369/353 340/370/354 346/371/355
f 340/370/354 341/373/357 346/371/355
f 346/371/355 341/373/357 349/374/358
f 449/375/359 443/376/360 450/377/361
f 447/378/362 444/379/363 449/375/359
f 444/379/363 443/376/360 449/375/359
f 444/379/363 445/380/364 443/376/360
f 443/376/360 446/381/365 450/377/361
f 446/381/365 443/376/360 442/382/366
f 383/383/367 380/384/368 382/385/369
f 446/381/365 442/382/366 448/386/370
f 442/382/366 441/387/371 448/386/370
f 441/387/371 440/388/372 448/386/370
f 451/389/373 439/390/374 434/391/375
f 435/392/376 434/391/375 436/393/377
f 451/389/373 448/386/370 439/390/374
f 448/386/370 440/388/372 439/390/374
f 434/391/375 439/390/374 436/393/377
f 406/394/378 405/395/379 399/396/380
f 407/397/381 400/398/382 405/395/379
f 400/398/382 399/396/380 405/395/379
f 435/392/376 436/393/377 437/399/383
f 400/398/382 398/400/384 399/396/380
f 438/401/385 435/392/376 437/399/383
f 399/396/380 398/400/384 410/402/386
f 399/396/380 410/402/386 411/403/387
f 398/400/384 396/404/388 410/402/386
f 386/405/389 409/406/390 396/404/388
f 392/407/391 389/408/392 390/409/393
f 389/408/392 382/385/369 390/409/393
f 386/405/389 388/410/394 387/411/395
f 388/410/394 394/412/396 387/411/395
f 396/404/388 409/406/390 410/402/386
f 387/411/395 409/406/390 386/405/389
f 387/411/395 394/412/396 409/406/390
f 417/413/397 418/414/398 416/415/399
f 416/415/399 418/414/398 415/416/400
f 418/414/398 414/417/401 415/416/400
f 415/416/400 414/417/401 420/418/402
f 414/417/401 419/419/403 420/418/402
f 422/420/404 420/418/402 421/421/405
f 420/418/402 419/419/403 413/422/406
f 420/418/402 413/422/406 421/421/405
f 421/421/405 413/422/406 423/423/407
f 423/423/407 413/422/406 424/424/408
f 424/424/408 413/422/406 412/425/409
f 380/384/368 384/426/410 382/385/369
f 382/385/369 384/426/410 385/427/411
f 382/385/369 381/428/412 390/409/393
f 382/385/369 385/427/411 381/428/412
f 390/409/393 381/428/412 388/410/394
f 388/410/394 381/428/412 394/412/396
f 391/429/413 395/430/414 381/428/412
f 381/428/412 395/430/414 394/412/396
f 395/430/414 391/429/413 379/431/415
f 379/431/415 376/432/416 395/430/414
f 402/433/417 376/432/416 379/431/415
f 402/433/417 401/434/418 376/432/416
f 394/412/396 393/435/419 408/436/420
f 409/406/390 394/412/396 408/436/420
f 394/412/396 395/430/414 393/435/419
f 376/432/416 375/437/421 393/435/419
f 376/432/416 378/438/422 375/437/421
f 393/435/419 395/430/414 376/432/416
f 431/439/423 432/440/424 433/441/425
f 431/439/423 433/441/425 426/442/426
f 426/442/426 428/443/427 430/444/428
f 431/439/423 426/442/426 430/444/428
f 403/445/429 401/434/418 402/433/417
f 403/445/429 404/446/430 401/434/418
f 425/447/431 426/442/426 427/448/432
f 424/424/408 426/442/426 425/447/431
f 401/434/418 377/449/433 376/432/416
f 376/432/416 377/449/433 378/438/422
f 401/434/418 397/450/434 377/449/433
f 424/424/408 429/451/435 426/442/426
f 429/451/435 428/443/427 426/442/426
f 429/451/435 412/425/409 428/443/427
f 424/424/408 412/425/409 429/451/435
f 452/452/436 458/453/437 456/454/438
f 458/453/437 452/452/436 455/455/439
f 458/453/437 455/455/439 457/456/440
f 520/457/441 505/458/442 518/459/443
f 518/459/443 505/458/442 506/460/444
f 520/457/441 517/461/445 505/458/442
f 517/461/445 504/462/446 505/458/442
f 518/459/443 506/460/444 508/463/447
f 452/452/436 453/464/448 455/455/439
f 452/452/436 454/465/449 453/464/448
f 522/466/450 507/467/451 517/461/445
f 517/461/445 507/467/451 504/462/446
f 504/462/446 507/467/451 503/468/452
f 480/469/453 479/470/454 522/466/450
f 476/471/455 475/472/456 474/473/456
f 473/474/457 474/473/456 475/472/456
f 522/466/450 479/470/454 507/467/451
f 479/470/454 495/475/458 507/467/451
f 507/467/451 495/475/458 493/476/459
f 495/475/458 492/477/460 493/476/459
f 495/475/458 509/478/461 492/477/460
f 492/477/460 509/478/461 524/479/462
f 503/468/452 507/467/451 493/476/459
f 503/468/452 493/476/459 502/480/463
f 502/480/463 493/476/459 521/481/464
f 493/476/459 491/482/465 521/481/464
f 493/476/459 489/483/466 491/482/465
f 493/476/459 492/477/460 489/483/466
f 492/477/460 494/484/467 489/483/466
f 489/483/466 490/485/468 491/482/465
f 490/485/468 482/486/469 481/487/470
f 490/485/468 489/483/466 482/486/469
f 478/488/471 477/489/472 479/470/454
f 479/470/454 509/478/461 495/475/458
f 479/470/454 519/490/473 509/478/461
f 509/478/461 525/491/474 524/479/462
f 525/491/474 523/492/475 524/479/462
f 509/478/461 519/490/473 525/491/474
f 525/491/474 519/490/473 526/493/476
f 525/491/474 526/493/476 523/492/475
f 519/490/473 496/494/477 526/493/476
f 479/470/454 487/495/478 519/490/473
f 519/490/473 487/495/478 510/496/479
f 519/490/473 510/496/479 496/494/477
f 477/489/472 487/495/478 479/470/454
f 477/489/472 486/497/480 487/495/478
f 487/495/478 501/498/481 510/496/479
f 486/497/480 484/499/482 487/495/478
f 486/497/480 483/500/483 484/499/482
f 501/498/481 487/495/478 512/501/484
f 487/495/478 513/502/485 512/501/484
f 528/503/486 529/504/487 532/505/488
f 487/495/478 484/499/482 513/502/485
f 529/504/487 533/506/489 532/505/488
f 524/479/462 523/492/475 492/477/460
f 523/492/475 494/484/467 492/477/460
f 523/492/475 526/493/476 496/494/477
f 523/492/475 496/494/477 494/484/467
f 497/507/490 489/483/466 494/484/467
f 494/484/467 500/508/491 497/507/490
f 496/494/477 500/508/491 494/484/467
f 510/496/479 511/509/492 496/494/477
f 511/509/492 500/508/491 496/494/477
f 489/483/466 497/507/490 498/510/493
f 497/507/490 499/511/494 489/483/466
f 510/496/479 501/498/481 511/509/492
f 541/512/495 543/513/496 542/514/497
f 501/498/481 512/501/484 511/509/492
f 511/509/492 512/501/484 527/515/498
s 0
f 555/516/499 556/517/499 557/518/499
s 1
f 528/503/486 541/512/495 542/514/497
f 540/519/500 541/512/495 539/520/501
f 540/519/500 545/521/502 550/522/503
f 554/523/504 540/519/500 550/522/503
f 528/503/486 532/505/488 541/512/495
f 541/512/495 532/505/488 539/520/501
f 539/520/501 545/521/502 540/519/500
f 539/520/501 535/524/505 545/521/502
f 539/520/501 532/505/488 535/524/505
f 553/525/506 554/523/504 550/522/503
f 550/522/503 545/521/502 549/526/507
f 545/521/502 544/527/508 549/526/507
f 535/524/505 544/527/508 545/521/502
f 535/524/505 551/528/509 544/527/508
f 549/526/507 544/527/508 546/529/510
f 549/526/507 547/530/511 552/531/512
f 549/526/507 546/529/510 547/530/511
f 483/500/483 485/532/513 484/499/482
f 533/506/489 530/533/514 532/505/488
f 484/499/482 515/534/515 513/502/485
f 532/505/488 530/533/514 534/535/516
f 488/536/517 515/534/515 484/499/482
f 533/506/489 531/537/518 530/533/514
f 532/505/488 534/535/516 537/538/519
f 532/505/488 536/539/520 535/524/505
f 532/505/488 537/538/519 536/539/520
f 536/539/520 551/528/509 535/524/505
f 515/534/515 488/536/517 514/540/521
f 488/536/517 516/541/522 514/540/521
f 536/539/520 537/538/519 538/542/523
f 544/527/508 551/528/509 546/529/510
f 551/528/509 536/539/520 538/542/523
f 546/529/510 551/528/509 548/543/524
f 466/544/525 464/545/526 465/546/527
f 467/547/528 462/548/529 464/545/526
f 464/545/526 463/549/530 465/546/527
f 467/547/528 470/550/531 462/548/529
f 462/548/529 461/551/532 464/545/526
f 464/545/526 461/551/532 463/549/530
f 470/550/531 469/552/533 462/548/529
f 469/552/533 461/551/532 462/548/529
f 465/546/527 463/549/530 471/553/534
f 471/553/534 463/549/530 472/554/535
f 463/549/530 461/551/532 460/555/536
f 460/555/536 468/556/537 463/549/530
f 459/557/538 460/555/536 461/551/532
f 463/549/530 468/556/537 472/554/535
f 588/558/539 589/559/540 587/560/541
f 588/558/539 587/560/541 586/561/542
f 586/561/542 587/560/541 584/562/543
f 586/561/542 584/562/543 583/563/544
f 583/563/544 584/562/543 578/564/545
f 583/563/544 578/564/545 576/565/546
f 561/566/547 562/567/548 559/568/549
f 580/569/550 576/565/546 565/570/551
f 580/569/550 565/570/551 567/571/552
f 578/564/545 565/570/551 576/565/546
f 563/572/553 564/573/554 565/570/551
f 561/566/547 582/574/555 585/575/556
f 582/574/555 561/566/547 560/576/557
f 585/575/556 582/574/555 563/572/553
f 563/572/553 582/574/555 577/577/558
f 577/577/558 582/574/555 581/578/559
f 582/574/555 560/576/557 581/578/559
f 565/570/551 564/573/554 567/571/552
f 567/571/552 564/573/554 566/579/560
f 563/572/553 577/577/558 564/573/554
f 579/580/561 580/569/550 569/581/562
f 567/571/552 568/582/563 580/569/550
f 568/582/563 570/583/564 580/569/550
f 580/569/550 570/583/564 569/581/562
f 569/581/562 570/583/564 571/584/565
f 561/566/547 559/568/549 560/576/557
f 562/567/548 558/585/566 559/568/549
f 579/580/561 569/581/562 575/586/567
f 575/586/567 569/581/562 572/587/568
f 575/586/567 572/587/568 573/588/569
f 572/587/568 574/589/570 573/588/569
f 678/590/571 679/591/572 674/592/573
f 679/591/572 639/593/574 637/594/575
f 679/591/572 637/594/575 636/595/576
f 679/591/572 636/595/576 674/592/573
f 674/592/573 636/595/576 649/596/577
f 649/596/577 636/595/576 635/597/578
f 639/593/574 650/598/579 637/594/575
f 674/592/573 649/596/577 676/599/580
f 676/599/580 649/596/577 671/600/581
f 671/600/581 649/596/577 634/601/582
f 671/600/581 634/601/582 633/602/583
f 649/596/577 635/597/578 632/603/584
f 649/596/577 632/603/584 634/601/582
f 633/602/583 634/601/582 629/604/585
f 632/603/584 631/605/586 634/601/582
f 634/601/582 631/605/586 667/606/587
f 629/604/585 634/601/582 648/607/588
f 634/601/582 667/606/587 648/607/588
f 662/608/589 673/609/590 631/605/586
f 631/605/586 673/609/590 667/606/587
f 613/610/591 614/611/592 615/612/593
f 615/612/593 614/611/592 612/613/594
f 613/610/591 620/614/595 614/611/592
f 614/611/592 611/615/596 612/613/594
f 626/616/597 611/615/596 627/617/598
f 612/613/594 611/615/596 609/618/599
f 609/618/599 611/615/596 603/619/600
f 603/619/600 611/615/596 626/616/597
f 626/616/597 624/620/601 603/619/600
f 609/618/599 603/619/600 607/621/602
f 603/619/600 599/622/603 607/621/602
f 666/623/604 607/621/602 599/622/603
f 666/623/604 599/622/603 600/624/605
f 651/625/606 666/623/604 600/624/605
f 644/626/607 651/625/606 602/627/608
f 644/626/607 602/627/608 661/628/609
f 651/625/606 600/624/605 602/627/608
f 624/620/601 599/622/603 603/619/600
f 624/620/601 625/629/610 599/622/603
s 0
f 591/630/611 590/631/611 592/632/611
s 1
f 599/622/603 598/633/612 600/624/605
f 671/600/581 633/602/583 663/634/613
f 633/602/583 665/635/614 663/634/613
f 663/634/613 665/635/614 664/636/615
f 670/637/616 668/638/617 669/639/618
f 647/640/619 653/641/620 646/642/621
f 640/643/622 646/642/621 638/644/623
f 638/644/623 646/642/621 642/645/624
f 638/644/623 642/645/624 654/646/625
f 654/646/625 642/645/624 641/647/626
f 654/646/625 641/647/626 660/648/627
f 655/649/628 654/646/625 660/648/627
f 655/649/628 656/650/629 658/651/630
f 655/649/628 660/648/627 656/650/629
f 672/652/631 648/607/588 668/638/617
f 669/639/618 668/638/617 643/653/632
f 668/638/617 648/607/588 643/653/632
f 643/653/632 648/607/588 628/654/633
f 653/641/620 670/637/616 643/653/632
f 670/637/616 669/639/618 643/653/632
f 653/641/620 643/653/632 646/642/621
f 646/642/621 643/653/632 642/645/624
f 643/653/632 628/654/633 642/645/624
f 628/654/633 648/607/588 677/655/634
f 648/607/588 667/606/587 677/655/634
f 667/606/587 675/656/635 630/657/636
f 667/606/587 630/657/636 677/655/634
f 628/654/633 677/655/634 642/645/624
f 658/651/630 656/650/629 659/658/637
f 658/651/630 659/658/637 657/659/638
f 619/660/639 621/661/640 618/662/641
f 630/657/636 675/656/635 644/626/607
f 644/626/607 645/663/642 630/657/636
f 644/626/607 661/628/609 645/663/642
f 602/627/608 600/624/605 601/664/643
f 661/628/609 602/627/608 601/664/643
f 661/628/609 601/664/643 652/665/644
f 652/665/644 601/664/643 605/666/645
f 605/666/645 601/664/643 595/667/646
f 605/666/645 595/667/646 608/668/647
f 608/668/647 595/667/646 606/669/648
f 610/670/649 606/669/648 595/667/646
f 610/670/649 595/667/646 604/671/650
f 600/624/605 598/633/612 597/672/651
f 600/624/605 597/672/651 593/673/652
f 600/624/605 593/673/652 601/664/643
f 593/673/652 594/674/653 595/667/646
f 595/667/646 594/674/653 596/675/654
f 593/673/652 595/667/646 601/664/643
f 621/661/640 617/676/655 618/662/641
f 617/676/655 622/677/656 618/662/641
f 617/676/655 616/678/657 622/677/656
f 616/678/657 617/676/655 610/670/649
f 616/678/657 610/670/649 623/679/658
f 610/670/649 604/671/650 623/679/658
f 686/680/659 699/681/660 687/682/661
f 686/680/659 696/683/662 681/684/663
f 699/681/660 698/685/664 687/682/661
f 696/683/662 682/686/665 681/684/663
f 696/683/662 697/687/666 682/686/665
f 693/688/667 691/689/668 692/690/669
f 691/689/668 685/691/670 692/690/669
f 692/690/669 685/691/670 690/692/671
f 680/693/672 681/684/663 683/694/673
f 681/684/663 689/695/674 683/694/673
f 689/695/674 681/684/663 688/696/675
f 685/691/670 680/693/672 694/697/676
f 690/692/671 685/691/670 694/697/676
f 680/693/672 683/694/673 694/697/676
f 694/697/676 683/694/673 689/695/674
f 689/695/674 695/698/677 694/697/676
f 691/689/668 699/681/660 685/691/670
f 685/691/670 699/681/660 686/680/659
f 686/680/659 680/693/672 685/691/670
f 686/680/659 681/684/663 680/693/672
f 681/684/663 684/699/678 688/696/675
f 702/700/679 700/701/680 701/702/681
f 701/702/681 707/703/682 702/700/679
f 702/700/679 707/703/682 703/704/683
f 754/705/684 753/706/685 755/707/686
f 752/708/687 751/709/688 753/706/685
f 756/710/689 750/711/690 751/709/688
f 750/711/690 766/712/691 751/709/688
f 702/700/679 703/704/683 706/713/692
f 706/713/692 703/704/683 704/714/693
f 753/706/685 769/715/694 755/707/686
f 751/709/688 766/712/691 753/706/685
f 706/713/692 704/714/693 705/716/695
f 719/717/696 717/718/697 718/719/698
f 775/720/699 769/715/694 746/721/700
f 717/718/697 713/722/701 718/719/698
f 753/706/685 763/723/702 769/715/694
f 750/711/690 749/724/703 766/712/691
f 753/706/685 766/712/691 763/723/702
f 766/712/691 749/724/703 768/725/704
f 746/721/700 769/715/694 763/723/702
f 718/719/698 713/722/701 714/726/705
f 713/722/701 715/727/706 714/726/705
f 746/721/700 763/723/702 764/728/707
f 780/729/708 779/730/709 781/731/710
f 763/723/702 766/712/691 768/725/704
f 781/731/710 782/732/711 780/729/708
f 758/733/712 768/725/704 764/728/707
f 768/725/704 773/734/713 764/728/707
f 768/725/704 749/724/703 772/735/714
f 768/725/704 772/735/714 773/734/713
f 715/727/706 713/722/701 716/736/715
f 746/721/700 764/728/707 744/737/716
f 764/728/707 773/734/713 744/737/716
f 744/737/716 773/734/713 745/738/717
f 773/734/713 772/735/714 741/739/718
f 786/740/719 783/741/720 784/742/719
f 740/743/721 773/734/713 741/739/718
f 786/740/719 784/742/719 785/744/722
f 748/745/723 740/743/721 739/746/724
s 0
f 787/747/725 789/748/725 788/749/725
s 1
f 748/745/723 739/746/724 747/750/726
f 748/745/723 747/750/726 729/751/727
f 739/746/724 741/739/718 747/750/726
f 750/711/690 757/752/728 749/724/703
f 757/752/728 771/753/729 749/724/703
f 771/753/729 770/754/730 749/724/703
f 749/724/703 770/754/730 772/735/714
s 0
f 776/755/731 777/756/731 778/757/731
s 1
f 732/758/732 765/759/733 720/760/734
f 720/760/734 765/759/733 721/761/735
f 772/735/714 721/761/735 765/759/733
f 767/762/736 760/763/737 726/764/738
f 774/765/739 767/762/736 765/759/733
f 765/759/733 767/762/736 728/766/740
f 772/735/714 765/759/733 741/739/718
f 765/759/733 728/766/740 741/739/718
f 741/739/718 728/766/740 743/767/741
f 726/764/738 727/768/742 767/762/736
f 767/762/736 727/768/742 728/766/740
f 728/766/740 727/768/742 743/767/741
s 0
f 791/769/743 790/770/743 792/771/743
s 1
f 743/767/741 742/772/744 722/773/745
f 747/750/726 743/767/741 722/773/745
f 743/767/741 727/768/742 742/772/744
f 742/772/744 727/768/742 725/774/746
f 722/773/745 742/772/744 759/775/747
s 0
f 793/776/748 794/777/748 795/778/748
s 1
f 759/775/747 725/774/746 730/779/749
f 737/780/750 738/781/751 735/782/752
f 737/780/750 735/782/752 734/783/753
f 727/768/742 733/784/754 725/774/746
f 725/774/746 733/784/754 730/779/749
f 710/785/755 711/786/756 709/787/757
f 729/751/727 723/788/758 731/789/759
f 729/751/727 747/750/726 723/788/758
f 723/788/758 747/750/726 724/790/760
f 711/786/756 708/791/761 709/787/757
f 709/787/757 708/791/761 712/792/762
f 747/750/726 722/773/745 724/790/760
f 722/773/745 759/775/747 761/793/763
f 796/794/764 797/795/765 799/796/766
f 797/795/765 798/797/767 799/796/766
f 722/773/745 761/793/763 762/798/768
f 735/782/752 736/799/769 734/783/753
f 734/783/753 736/799/769 733/784/754
f 730/779/749 733/784/754 736/799/769
f 812/800/770 813/801/771 815/802/772
f 812/800/770 815/802/772 814/803/773
f 803/804/774 800/805/775 804/806/776
f 800/805/775 811/807/777 804/806/776
f 804/806/776 811/807/777 818/808/778
f 800/805/775 802/809/779 811/807/777
f 811/807/777 802/809/779 808/810/780
f 805/811/781 803/804/774 820/812/782
f 820/812/782 803/804/774 813/801/771
f 805/811/781 800/805/775 803/804/774
f 820/812/782 810/813/783 805/811/781
f 812/800/770 820/812/782 813/801/771
f 800/805/775 805/811/781 801/814/784
f 805/811/781 809/815/785 801/814/784
f 801/814/784 809/815/785 807/816/786
f 801/814/784 806/817/787 802/809/779
f 800/805/775 801/814/784 802/809/779
f 817/818/788 802/809/779 816/819/789
f 809/815/785 819/820/790 807/816/786
f 801/814/784 807/816/786 806/817/787
f 857/821/791 855/822/792 854/823/793
f 854/823/793 855/822/792 850/824/794
f 850/824/794 847/825/795 844/826/796
f 847/825/795 845/827/797 844/826/796
f 845/827/797 848/828/798 844/826/796
f 854/823/793 850/824/794 846/829/799
f 806/817/787 816/819/789 802/809/779
f 854/823/793 846/829/799 856/830/800
f 850/824/794 844/826/796 846/829/799
f 849/831/801 848/828/798 845/827/797
f 878/832/802 877/833/803 876/834/804
f 877/833/803 879/835/805 876/834/804
f 880/836/806 879/835/805 877/833/803
f 844/826/796 848/828/798 842/837/807
f 848/828/798 841/838/808 842/837/807
f 841/838/808 840/839/809 842/837/807
f 882/840/810 881/841/811 877/833/803
f 882/840/810 877/833/803 878/832/802
f 828/842/812 830/843/813 829/844/814
f 882/840/810 878/832/802 883/845/815
f 823/846/816 827/847/817 824/848/818
f 878/832/802 875/849/819 872/850/820
f 878/832/802 876/834/804 875/849/819
f 862/851/821 860/852/822 865/853/823
f 814/803/773 821/854/824 822/855/825
f 814/803/773 815/802/772 821/854/824
f 846/829/799 844/826/796 851/856/826
f 844/826/796 843/857/827 851/856/826
f 846/829/799 851/856/826 853/858/828
f 846/829/799 853/858/828 852/859/829
f 833/860/830 831/861/831 832/862/832
f 833/860/830 830/843/813 831/861/831
f 872/850/820 875/849/819 874/863/833
f 872/850/820 874/863/833 873/864/834
f 825/865/835 824/848/818 826/866/836
f 872/850/820 873/864/834 870/867/837
f 873/864/834 871/868/838 870/867/837
f 865/853/823 859/869/839 858/870/840
f 865/853/823 858/870/840 864/871/841
f 858/870/840 861/872/842 864/871/841
s 0
f 835/873/843 836/874/843 834/875/843
s 1
f 863/876/844 864/871/841 861/872/842
f 844/826/796 842/837/807 843/857/827
f 830/843/813 833/860/830 829/844/814
f 823/846/816 824/848/818 825/865/835
f 865/853/823 860/852/822 859/869/839
s 0
f 837/877/845 838/878/845 839/879/845
s 1
f 861/872/842 867/880/846 863/876/844
f 863/876/844 867/880/846 866/881/847
f 867/880/846 868/882/848 866/881/847
f 869/883/849 866/881/847 868/882/848
f 896/884/850 891/885/851 884/886/852
f 891/885/851 885/887/853 884/886/852
f 891/885/851 893/888/854 885/887/853
f 884/886/852 885/887/853 886/889/855
f 886/889/855 885/887/853 887/890/856
f 886/889/855 887/890/856 890/891/857
f 888/892/858 886/889/855 890/891/857
f 887/890/856 889/893/859 890/891/857
f 898/894/860 903/895/861 899/896/862
f 915/897/863 909/898/864 911/899/865
f 897/900/866 899/896/862 900/901/867
f 900/901/867 899/896/862 902/902/868
f 900/901/867 902/902/868 901/903/869
f 915/897/863 901/903/869 909/898/864
f 901/903/869 907/904/870 909/898/864
f 897/900/866 898/894/860 899/896/862
f 899/896/862 903/895/861 902/902/868
f 902/902/868 907/904/870 901/903/869
f 903/895/861 904/905/871 902/902/868
f 907/904/870 908/906/872 917/907/873
f 902/902/868 908/906/872 907/904/870
f 902/902/868 910/908/874 908/906/872
f 911/899/865 909/898/864 912/909/875
f 909/898/864 917/907/873 912/909/875
f 907/904/870 917/907/873 909/898/864
f 911/899/865 912/909/875 914/910/876
f 917/907/873 913/911/877 912/909/875
f 912/909/875 913/911/877 916/912/878
f 893/888/854 892/913/879 885/887/853
f 892/913/879 893/888/854 894/914/880
f 893/888/854 895/915/881 894/914/880
f 904/905/871 906/916/882 905/917/883
f 902/902/868 904/905/871 910/908/874
f 904/905/871 905/917/883 910/908/874
f 910/908/874 918/918/884 908/906/872
f 952/919/885 947/920/886 953/921/887
f 947/920/886 946/922/888 945/923/889
f 947/920/886 945/923/889 953/921/887
f 968/924/890 964/925/891 961/926/892
f 964/925/891 960/927/893 961/926/892
f 964/925/891 940/928/894 941/929/895
s 0
f 980/930/896 979/931/896 978/932/896
s 1
f 960/927/893 941/929/895 942/933/897
f 961/926/892 960/927/893 942/933/897
f 945/923/889 929/934/898 940/928/894
f 940/928/894 929/934/898 941/929/895
f 941/929/895 929/934/898 954/935/899
f 942/933/897 941/929/895 928/936/900
f 941/929/895 954/935/899 928/936/900
f 946/922/888 929/934/898 945/923/889
f 946/922/888 948/937/901 929/934/898
f 928/936/900 954/935/899 927/938/902
f 939/939/903 955/940/904 929/934/898
f 929/934/898 955/940/904 954/935/899
f 955/940/904 927/938/902 954/935/899
f 927/938/902 955/940/904 925/941/905
f 939/939/903 949/942/906 955/940/904
f 949/942/906 958/943/907 955/940/904
f 955/940/904 958/943/907 962/944/908
f 949/942/906 965/945/909 958/943/907
f 958/943/907 965/945/909 962/944/908
f 943/946/910 942/933/897 928/936/900
f 943/946/910 928/936/900 944/947/911
f 983/948/912 981/949/913 982/950/913
f 927/938/902 925/941/905 926/951/914
f 926/951/914 925/941/905 924/952/915
f 981/949/913 984/953/916 982/950/913
f 959/954/917 935/955/918 957/956/919
f 937/957/920 936/958/921 959/954/917
f 959/954/917 934/959/922 935/955/918
f 919/960/923 920/961/924 923/962/925
f 923/962/925 920/961/924 922/963/926
f 922/963/926 920/961/924 921/964/927
f 969/965/928 974/966/929 970/967/930
f 969/965/928 970/967/930 972/968/931
f 938/969/932 936/958/921 937/957/920
f 970/967/930 973/970/933 971/971/934
f 970/967/930 974/966/929 973/970/933
f 962/944/908 930/972/935 955/940/904
f 930/972/935 962/944/908 936/958/921
f 936/958/921 962/944/908 959/954/917
f 959/954/917 962/944/908 934/959/922
f 934/959/922 962/944/908 967/973/936
f 951/974/937 931/975/938 962/944/908
f 962/944/908 931/975/938 967/973/936
s 0
f 976/976/939 977/977/939 975/978/939
s 1
f 931/975/938 956/979/940 967/973/936
f 956/979/940 950/980/941 967/973/936
f 965/945/909 932/981/942 962/944/908
f 965/945/909 966/982/943 932/981/942
f 962/944/908 932/981/942 951/974/937
f 951/974/937 932/981/942 956/979/940
f 932/981/942 963/983/944 956/979/940
f 932/981/942 933/984/945 963/983/944
f 956/979/940 963/983/944 950/980/941
f 1006/985/946 989/986/947 1003/987/948
f 1003/987/948 1014/988/949 1006/985/946
f 1003/987/948 989/986/947 988/989/950
f 986/990/951 1009/991/952 990/992/953
f 986/990/951 987/993/954 989/986/947
f 986/990/951 990/992/953 987/993/954
f 998/994/955 1003/987/948 988/989/950
f 989/986/947 987/993/954 988/989/950
f 988/989/950 997/995/956 998/994/955
f 988/989/950 987/993/954 985/996/957
f 988/989/950 985/996/957 997/995/956
f 985/996/957 996/997/958 997/995/956
f 997/995/956 1000/998/959 991/999/960
f 997/995/956 991/999/960 1004/1000/961
f 997/995/956 996/997/958 1001/1001/962
f 997/995/956 1001/1001/962 1000/998/959
f 1004/1000/961 991/999/960 1007/1002/963
f 991/999/960 1000/998/959 1007/1002/963
f 987/993/954 1011/1003/964 985/996/957
f 1011/1003/964 1012/1004/965 985/996/957
f 985/996/957 995/1005/966 992/1006/967
f 985/996/957 992/1006/967 996/997/958
f 992/1006/967 994/1007/968 996/997/958
f 992/1006/967 993/1008/969 994/1007/968
f 996/997/958 999/1009/970 1001/1001/962
f 994/1007/968 1005/1010/971 996/997/958
f 996/997/958 1005/1010/971 1002/1011/972
f 1002/1011/972 1013/1012/973 1008/1013/974
f 1002/1011/972 1005/1010/971 1013/1012/973
f 1005/1010/971 1010/1014/975 1013/1012/973
f 1018/1015/976 1015/1016/977 1016/1017/978
f 1015/1016/977 1017/1018/979 1016/1017/978
f 1019/1019/980 1020/1020/981 1021/1021/982
f 1021/1021/982 1020/1020/981 1022/1022/983
f 1026/1023/984 1024/1024/985 1025/1025/986
f 1024/1024/985 1023/1026/987 1025/1025/986
f 1027/1027/988 1028/1028/989 1029/1029/989
f 1028/1028/989 1030/1030/990 1029/1029/989
f 1031/1031/991 1032/1032/992 1034/1033/993
f 1031/1031/991 1034/1033/993 1033/1034/994
f 1035/1035/995 1037/1036/996 1036/1037/996
f 1037/1036/996 1038/1038/997 1036/1037/996
f 1044/1039/998 1047/1040/999 1045/1041/1000
f 1047/1040/999 1046/1042/1001 1045/1041/1000
f 1039/1043/1002 1043/1044/1003 1040/1045/1004
f 1041/1046/1005 1040/1045/1004 1043/1044/1003
f 1043/1044/1003 1042/1047/1006 1041/1046/1005
f 1048/1048/1007 1049/1049/1008 1054/1050/1009
f 1051/1051/1010 1049/1049/1008 1050/1052/1011
f 1050/1052/1011 1049/1049/1008 1048/1048/1007
s 0
f 1055/1053/1012 1056/1054/1012 1057/1055/1012
s 1
f 1050/1052/1011 1052/1056/1013 1051/1051/1010
f 1051/1051/1010 1052/1056/1013 1053/1057/1014
f 1062/1058/1015 1061/1059/1016 1064/1060/1017
f 1062/1058/1015 1064/1060/1017 1063/1061/1018
s 0
f 1058/1062/1019 1059/1063/1019 1060/1064/1019
s 1
f 1068/1065/1020 1066/1066/1021 1069/1067/1022
f 1066/1066/1021 1070/1068/1023 1069/1067/1022
f 1068/1065/1020 1069/1067/1022 1067/1069/1024
f 1070/1068/1023 1065/1070/1025 1069/1067/1022
f 1069/1067/1022 1065/1070/1025 1067/1069/1024
f 1086/1071/1026 1080/1072/1027 1072/1073/1028
f 1078/1074/1029 1074/1075/1030 1077/1076/1031
f 1071/1077/1032 1083/1078/1033 1073/1079/1034
f 1074/1075/1030 1071/1077/1032 1073/1079/1034
f 1075/1080/1035 1072/1073/1028 1071/1077/1032
f 1071/1077/1032 1072/1073/1028 1080/1072/1027
f 1075/1080/1035 1071/1077/1032 1074/1075/1030
f 1075/1080/1035 1084/1081/1036 1072/1073/1028
f 1071/1077/1032 1080/1072/1027 1083/1078/1033
f 1074/1075/1030 1073/1079/1034 1076/1082/1037
f 1073/1079/1034 1083/1078/1033 1076/1082/1037
f 1084/1081/1036 1085/1083/1038 1088/1084/1039
f 1084/1081/1036 1087/1085/1040 1072/1073/1028
f 1087/1085/1040 1086/1071/1026 1072/1073/1028
f 1084/1081/1036 1088/1084/1039 1087/1085/1040
f 1087/1085/1040 1088/1084/1039 1089/1086/1041
f 1088/1084/1039 1085/1083/1038 1090/1087/1042
f 1079/1088/1043 1078/1074/1029 1077/1076/1031
f 1077/1076/1031 1074/1075/1030 1076/1082/1037
f 1077/1076/1031 1076/1082/1037 1082/1089/1044
f 1076/1082/1037 1081/1090/1045 1082/1089/1044
f 1094/1091/1046 1103/1092/1047 1095/1093/1048
f 1103/1092/1047 1094/1091/1046 1093/1094/1049
f 1095/1093/1048 1100/1095/1050 1096/1096/1051
f 1095/1093/1048 1096/1096/1051 1094/1091/1046
f 1100/1095/1050 1097/1097/1052 1098/1098/1053
f 1100/1095/1050 1098/1098/1053 1096/1096/1051
f 1097/1097/1052 1099/1099/1054 1098/1098/1053
f 1103/1092/1047 1093/1094/1049 1102/1100/1055
f 1102/1100/1055 1093/1094/1049 1101/1101/1056
f 1093/1094/1049 1092/1102/1057 1101/1101/1056
f 1101/1101/1056 1092/1102/1057 1091/1103/1058
f 1113/1104/1059 1112/1105/1060 1104/1106/1061
f 1118/1107/1062 1112/1105/1060 1114/1108/1063
f 1112/1105/1060 1113/1104/1059 1114/1108/1063
f 1118/1107/1062 1114/1108/1063 1115/1109/1064
f 1112/1105/1060 1106/1110/1065 1104/1106/1061
f 1106/1110/1065 1105/1111/1066 1104/1106/1061
f 1104/1106/1061 1105/1111/1066 1107/1112/1067
f 1105/1111/1066 1116/1113/1068 1107/1112/1067
f 1107/1112/1067 1116/1113/1068 1117/1114/1069
f 1117/1114/1069 1116/1113/1068 1108/1115/1070
f 1116/1113/1068 1120/1116/1071 1108/1115/1070
f 1108/1115/1070 1120/1116/1071 1109/1117/1072
f 1111/1118/1073 1109/1117/1072 1120/1116/1071
f 1111/1118/1073 1120/1116/1071 1110/1119/1074
f 1119/1120/1075 1111/1118/1073 1110/1119/1074
f 1121/1121/1076 1111/1118/1073 1119/1120/1075
f 1133/1122/1077 1122/1123/1078 1128/1124/1079
f 1122/1123/1078 1125/1125/1080 1128/1124/1079
f 1129/1126/1081 1128/1124/1079 1131/1127/1082
f 1128/1124/1079 1129/1126/1081 1135/1128/1083
f 1135/1128/1083 1133/1122/1077 1128/1124/1079
f 1122/1123/1078 1132/1129/1084 1134/1130/1085
f 1133/1122/1077 1132/1129/1084 1122/1123/1078
f 1125/1125/1080 1122/1123/1078 1126/1131/1086
f 1122/1123/1078 1123/1132/1087 1126/1131/1086
f 1122/1123/1078 1124/1133/1088 1123/1132/1087
f 1130/1134/1089 1126/1131/1086 1127/1135/1090
f 1123/1132/1087 1127/1135/1090 1126/1131/1086
f 1122/1123/1078 1136/1136/1091 1124/1133/1088
f 1134/1130/1085 1137/1137/1092 1136/1136/1091
f 1136/1136/1091 1122/1123/1078 1134/1130/1085
f 1155/1138/1093 1159/1139/1094 1162/1140/1095
f 1152/1141/1096 1154/1142/1097 1151/1143/1098
f 1149/1144/1099 1144/1145/1100 1156/1146/1101
f 1156/1146/1101 1151/1143/1098 1154/1142/1097
f 1156/1146/1101 1144/1145/1100 1151/1143/1098
f 1162/1140/1095 1156/1146/1101 1154/1142/1097
f 1158/1147/1102 1156/1146/1101 1162/1140/1095
f 1162/1140/1095 1154/1142/1097 1155/1138/1093
f 1159/1139/1094 1163/1148/1103 1162/1140/1095
f 1155/1138/1093 1154/1142/1097 1159/1139/1094
f 1159/1139/1094 1154/1142/1097 1161/1149/1104
f 1153/1150/1105 1161/1149/1104 1154/1142/1097
f 1154/1142/1097 1152/1141/1096 1153/1150/1105
f 1151/1143/1098 1157/1151/1106 1152/1141/1096
f 1159/1139/1094 1161/1149/1104 1160/1152/1107
f 1164/1153/1108 1160/1152/1107 1161/1149/1104
f 1144/1145/1100 1145/1154/1109 1151/1143/1098
f 1149/1144/1099 1143/1155/1110 1144/1145/1100
f 1149/1144/1099 1148/1156/1111 1143/1155/1110
f 1148/1156/1111 1141/1157/1112 1143/1155/1110
f 1144/1145/1100 1142/1158/1113 1145/1154/1109
f 1144/1145/1100 1143/1155/1110 1142/1158/1113
f 1148/1156/1111 1150/1159/1114 1141/1157/1112
f 1143/1155/1110 1141/1157/1112 1142/1158/1113
f 1141/1157/1112 1140/1160/1115 1142/1158/1113
f 1141/1157/1112 1138/1161/1116 1140/1160/1115
f 1138/1161/1116 1139/1162/1117 1140/1160/1115
f 1151/1143/1098 1145/1154/1109 1157/1151/1106
f 1145/1154/1109 1146/1163/1118 1157/1151/1106
f 1145/1154/1109 1142/1158/1113 1146/1163/1118
f 1142/1158/1113 1140/1160/1115 1146/1163/1118
f 1146/1163/1118 1140/1160/1115 1147/1164/1119
f 1182/1165/1120 1181/1166/1121 1174/1167/1122
f 1175/1168/1123 1174/1167/1122 1171/1169/1124
f 1174/1167/1122 1178/1170/1125 1169/1171/1126
f 1186/1172/1127 1185/1173/1128 1187/1174/1129
f 1185/1173/1128 1184/1175/1130 1188/1176/1131
f 1181/1166/1121 1180/1177/1132 1178/1170/1125
f 1181/1166/1121 1178/1170/1125 1174/1167/1122
f 1185/1173/1128 1186/1172/1127 1184/1175/1130
f 1178/1170/1125 1177/1178/1133 1176/1179/1134
f 1169/1171/1126 1178/1170/1125 1176/1179/1134
f 1171/1169/1124 1174/1167/1122 1170/1180/1135
f 1170/1180/1135 1174/1167/1122 1166/1181/1136
f 1174/1167/1122 1169/1171/1126 1166/1181/1136
f 1171/1169/1124 1170/1180/1135 1173/1182/1137
f 1173/1182/1137 1170/1180/1135 1165/1183/1138
f 1166/1181/1136 1165/1183/1138 1170/1180/1135
f 1173/1182/1137 1165/1183/1138 1172/1184/1139
f 1189/1185/1140 1190/1186/1141 1194/1187/1142
f 1189/1185/1140 1194/1187/1142 1191/1188/1143
f 1165/1183/1138 1168/1189/1144 1172/1184/1139
f 1194/1187/1142 1193/1190/1145 1191/1188/1143
f 1194/1187/1142 1200/1191/1146 1193/1190/1145
f 1193/1190/1145 1200/1191/1146 1198/1192/1147
f 1191/1188/1143 1193/1190/1145 1196/1193/1148
f 1191/1188/1143 1196/1193/1148 1192/1194/1149
f 1193/1190/1145 1198/1192/1147 1196/1193/1148
f 1198/1192/1147 1195/1195/1150 1196/1193/1148
f 1196/1193/1148 1195/1195/1150 1197/1196/1151
f 1169/1171/1126 1176/1179/1134 1166/1181/1136
f 1176/1179/1134 1183/1197/1152 1166/1181/1136
f 1165/1183/1138 1166/1181/1136 1183/1197/1152
f 1165/1183/1138 1179/1198/1153 1167/1199/1154
f 1183/1197/1152 1179/1198/1153 1165/1183/1138
f 1201/1200/1155 1200/1191/1146 1202/1201/1156
f 1201/1200/1155 1198/1192/1147 1200/1191/1146
f 1201/1200/1155 1203/1202/1157 1199/1203/1158
f 1201/1200/1155 1199/1203/1158 1198/1192/1147
f 1210/1204/1159 1213/1205/1160 1211/1206/1159
f 1210/1204/1159 1211/1206/1159 1212/1207/1161
f 1204/1208/1162 1207/1209/1163 1208/1210/1164
f 1204/1208/1162 1205/1211/1165 1207/1209/1163
f 1205/1211/1165 1206/1212/1166 1207/1209/1163
f 1208/1210/1164 1207/1209/1163 1209/1213/1167
s 0
f 1216/1214/1168 1214/1215/1168 1215/1216/1168
s 1
f 1218/1217/1169 1220/1218/1170 1219/1219/1169
f 1218/1217/1169 1219/1219/1169 1217/1220/1171
f 1223/1221/1172 1224/1222/1173 1221/1223/1174
s 0
f 1227/1224/1175 1225/1225/1175 1226/1226/1175
s 1
f 1223/1221/1172 1221/1223/1174 1222/1227/1176
f 1228/1228/1177 1229/1229/1178 1230/1230/1178
f 1230/1230/1178 1229/1229/1178 1231/1231/1179
s 0
f 1233/1232/1180 1234/1233/1180 1232/1234/1180
s 1
f 1257/1235/1181 1244/1236/1182 1245/1237/1183
f 1245/1237/1183 1254/1238/1184 1257/1235/1181
f 1244/1236/1182 1237/1239/1185 1245/1237/1183
f 1237/1239/1185 1235/1240/1186 1245/1237/1183
f 1245/1237/1183 1235/1240/1186 1238/1241/1187
f 1237/1239/1185 1236/1242/1188 1235/1240/1186
f 1236/1242/1188 1240/1243/1189 1235/1240/1186
f 1248/1244/1190 1242/1245/1191 1240/1243/1189
f 1235/1240/1186 1240/1243/1189 1242/1245/1191
f 1249/1246/1192 1242/1245/1191 1248/1244/1190
f 1249/1246/1192 1250/1247/1193 1242/1245/1191
f 1242/1245/1191 1250/1247/1193 1246/1248/1194
f 1242/1245/1191 1246/1248/1194 1243/1249/1195
f 1245/1237/1183 1238/1241/1187 1255/1250/1196
f 1255/1250/1196 1238/1241/1187 1241/1251/1197
f 1255/1250/1196 1241/1251/1197 1256/1252/1198
f 1238/1241/1187 1235/1240/1186 1239/1253/1199
f 1242/1245/1191 1239/1253/1199 1235/1240/1186
f 1261/1254/1200 1262/1255/1201 1258/1256/1202
f 1246/1248/1194 1252/1257/1203 1247/1258/1204
f 1243/1249/1195 1246/1248/1194 1247/1258/1204
f 1242/1245/1191 1251/1259/1205 1239/1253/1199
f 1261/1254/1200 1258/1256/1202 1260/1260/1206
f 1259/1261/1207 1260/1260/1206 1258/1256/1202
f 1252/1257/1203 1253/1262/1208 1247/1258/1204
f 1283/1263/1209 1286/1264/1210 1278/1265/1211
f 1286/1264/1210 1276/1266/1212 1278/1265/1211
f 1286/1264/1210 1285/1267/1213 1276/1266/1212
f 1278/1265/1211 1276/1266/1212 1280/1268/1214
f 1272/1269/1215 1271/1270/1216 1276/1266/1212
f 1280/1268/1214 1276/1266/1212 1274/1271/1217
f 1274/1271/1217 1265/1272/1218 1263/1273/1219
f 1280/1268/1214 1274/1271/1217 1273/1274/1220
f 1273/1274/1220 1274/1271/1217 1263/1273/1219
f 1273/1274/1220 1282/1275/1221 1267/1276/1222
f 1273/1274/1220 1263/1273/1219 1282/1275/1221
f 1284/1277/1223 1281/1278/1224 1285/1267/1213
f 1276/1266/1212 1285/1267/1213 1272/1269/1215
f 1281/1278/1224 1272/1269/1215 1285/1267/1213
f 1276/1266/1212 1271/1270/1216 1274/1271/1217
f 1271/1270/1216 1266/1279/1225 1265/1272/1218
f 1274/1271/1217 1271/1270/1216 1265/1272/1218
f 1275/1280/1226 1269/1281/1227 1277/1282/1228
f 1277/1282/1228 1269/1281/1227 1279/1283/1229
f 1267/1276/1222 1269/1281/1227 1275/1280/1226
f 1297/1284/1230 1292/1285/1231 1295/1286/1232
f 1295/1286/1232 1291/1287/1233 1294/1288/1234
f 1295/1286/1232 1292/1285/1231 1291/1287/1233
f 1294/1288/1234 1291/1287/1233 1301/1289/1235
f 1291/1287/1233 1302/1290/1236 1301/1289/1235
f 1263/1273/1219 1264/1291/1237 1282/1275/1221
f 1287/1292/1238 1290/1293/1239 1289/1294/1240
f 1292/1285/1231 1297/1284/1230 1290/1293/1239
f 1290/1293/1239 1288/1295/1241 1289/1294/1240
f 1297/1284/1230 1288/1295/1241 1290/1293/1239
f 1295/1286/1232 1300/1296/1242 1297/1284/1230
f 1295/1286/1232 1299/1297/1243 1300/1296/1242
f 1293/1298/1244 1296/1299/1245 1295/1286/1232
f 1296/1299/1245 1299/1297/1243 1295/1286/1232
f 1294/1288/1234 1293/1298/1244 1295/1286/1232
f 1299/1297/1243 1296/1299/1245 1298/1300/1246
f 1267/1276/1222 1282/1275/1221 1269/1281/1227
f 1269/1281/1227 1282/1275/1221 1270/1301/1247
f 1264/1291/1237 1268/1302/1248 1282/1275/1221
f 1304/1303/1249 1307/1304/1250 1306/1305/1251
f 1304/1303/1249 1305/1306/1252 1307/1304/1250
f 1304/1303/1249 1303/1307/1253 1305/1306/1252
f 1303/1307/1253 1309/1308/1254 1305/1306/1252
s 0
f 1313/1309/1255 1315/1310/1255 1314/1311/1255
s 1
f 1320/1312/1256 1322/1313/1257 1321/1314/1258
f 1303/1307/1253 1310/1315/1259 1309/1308/1254
f 1320/1312/1256 1317/1316/1260 1322/1313/1257
f 1303/1307/1253 1312/1317/1261 1310/1315/1259
f 1317/1316/1260 1316/1318/1262 1322/1313/1257
f 1317/1316/1260 1319/1319/1263 1316/1318/1262
f 1310/1315/1259 1308/1320/1264 1311/1321/1265
f 1310/1315/1259 1312/1317/1261 1308/1320/1264
f 1319/1319/1263 1318/1322/1266 1316/1318/1262
f 1332/1323/1267 1331/1324/1268 1336/1325/1269
f 1332/1323/1267 1336/1325/1269 1337/1326/1270
f 1335/1327/1271 1336/1325/1269 1331/1324/1268
f 1337/1326/1270 1334/1328/1272 1333/1329/1273
f 1332/1323/1267 1337/1326/1270 1333/1329/1273
f 1337/1326/1270 1338/1330/1274 1334/1328/1272
f 1382/1331/1275 1384/1332/1276 1381/1333/1277
f 1380/1334/1278 1383/1335/1279 1384/1332/1276
f 1384/1332/1276 1383/1335/1279 1381/1333/1277
f 1334/1328/1272 1338/1330/1274 1340/1336/1280
f 1383/1335/1279 1380/1334/1278 1360/1337/1281
f 1338/1330/1274 1339/1338/1282 1340/1336/1280
f 1383/1335/1279 1360/1337/1281 1367/1339/1283
f 1360/1337/1281 1359/1340/1284 1361/1341/1285
f 1360/1337/1281 1361/1341/1285 1368/1342/1286
f 1371/1343/1287 1370/1344/1288 1369/1345/1289
f 1358/1346/1290 1355/1347/1291 1357/1348/1292
f 1369/1345/1289 1370/1344/1288 1368/1342/1286
f 1370/1344/1288 1367/1339/1283 1368/1342/1286
f 1360/1337/1281 1368/1342/1286 1367/1339/1283
f 1362/1349/1293 1366/1350/1294 1361/1341/1285
f 1366/1350/1294 1362/1349/1293 1379/1351/1295
f 1361/1341/1285 1365/1352/1296 1368/1342/1286
f 1366/1350/1294 1364/1353/1297 1361/1341/1285
f 1364/1353/1297 1365/1352/1296 1361/1341/1285
f 1385/1354/1298 1387/1355/1298 1386/1356/1298
f 1366/1350/1294 1363/1357/1299 1364/1353/1297
f 1326/1358/1300 1325/1359/1301 1323/1360/1302
f 1330/1361/1303 1326/1358/1300 1323/1360/1302
f 1364/1353/1297 1363/1357/1299 1372/1362/1304
f 1363/1357/1299 1375/1363/1305 1372/1362/1304
f 1323/1360/1302 1324/1364/1306 1330/1361/1303
f 1324/1364/1306 1329/1365/1307 1330/1361/1303
f 1372/1362/1304 1375/1363/1305 1373/1366/1308
f 1357/1348/1292 1355/1347/1291 1356/1367/1309
f 1355/1347/1291 1354/1368/1310 1353/1369/1311
f 1355/1347/1291 1353/1369/1311 1356/1367/1309
f 1368/1342/1286 1365/1352/1296 1378/1370/1312
f 1356/1367/1309 1353/1369/1311 1352/1371/1313
f 1356/1367/1309 1352/1371/1313 1342/1372/1314
f 1356/1367/1309 1342/1372/1314 1343/1373/1315
f 1343/1373/1315 1342/1372/1314 1341/1374/1316
f 1329/1365/1307 1324/1364/1306 1328/1375/1317
f 1375/1363/1305 1374/1376/1318 1373/1366/1308
f 1324/1364/1306 1327/1377/1319 1328/1375/1317
f 1373/1366/1308 1374/1376/1318 1377/1378/1320
f 1374/1376/1318 1376/1379/1321 1377/1378/1320
f 1341/1374/1316 1342/1372/1314 1344/1380/1322
f 1344/1380/1322 1342/1372/1314 1345/1381/1323
f 1342/1372/1314 1346/1382/1324 1345/1381/1323
f 1345/1381/1323 1346/1382/1324 1351/1383/1325
f 1346/1382/1324 1347/1384/1326 1351/1383/1325
f 1351/1383/1325 1347/1384/1326 1348/1385/1327
f 1348/1385/1327 1347/1384/1326 1350/1386/1328
f 1347/1384/1326 1349/1387/1329 1350/1386/1328
f 1408/1388/1330 1406/1389/1331 1402/1390/1332
f 1441/1391/1333 1437/1392/1334 1449/1393/1335
f 1449/1393/1335 1434/1394/1336 1435/1395/1337
s 0
f 1488/1396/1338 1490/1397/1338 1489/1398/1338
s 1
f 1492/1399/1339 1493/1400/1339 1491/1401/1339
f 1449/1393/1335 1435/1395/1337 1446/1402/1340
f 1446/1402/1340 1435/1395/1337 1447/1403/1341
f 1436/1404/1342 1447/1403/1341 1435/1395/1337
f 1400/1405/1343 1407/1406/1344 1404/1407/1345
f 1407/1406/1344 1402/1390/1332 1404/1407/1345
f 1403/1408/1346 1402/1390/1332 1409/1409/1347
f 1404/1407/1345 1402/1390/1332 1403/1408/1346
f 1401/1410/1348 1399/1411/1349 1398/1412/1350
f 1400/1405/1343 1404/1407/1345 1399/1411/1349
f 1404/1407/1345 1403/1408/1346 1399/1411/1349
f 1403/1408/1346 1409/1409/1347 1397/1413/1351
f 1415/1414/1352 1413/1415/1353 1414/1416/1354
f 1399/1411/1349 1403/1408/1346 1389/1417/1355
f 1399/1411/1349 1389/1417/1355 1398/1412/1350
f 1403/1408/1346 1397/1413/1351 1389/1417/1355
f 1407/1406/1344 1408/1388/1330 1402/1390/1332
f 1441/1391/1333 1454/1418/1356 1437/1392/1334
f 1454/1418/1356 1441/1391/1333 1464/1419/1357
f 1416/1420/1358 1417/1421/1359 1415/1414/1352
f 1402/1390/1332 1405/1422/1360 1409/1409/1347
f 1402/1390/1332 1406/1389/1331 1405/1422/1360
f 1417/1421/1359 1416/1420/1358 1418/1423/1361
f 1415/1414/1352 1414/1416/1354 1416/1420/1358
f 1466/1424/1362 1454/1418/1356 1456/1425/1363
f 1466/1424/1362 1456/1425/1363 1460/1426/1364
f 1460/1426/1364 1456/1425/1363 1455/1427/1365
f 1414/1416/1354 1413/1415/1353 1412/1428/1366
f 1497/1429/1367 1494/1430/1368 1496/1431/1369
f 1494/1430/1368 1495/1432/1370 1496/1431/1369
f 1467/1433/1371 1441/1391/1333 1446/1402/1340
f 1446/1402/1340 1465/1434/1372 1467/1433/1371
f 1442/1435/1373 1452/1436/1374 1465/1434/1372
f 1464/1419/1357 1441/1391/1333 1467/1433/1371
f 1467/1433/1371 1454/1418/1356 1464/1419/1357
f 1442/1435/1373 1461/1437/1375 1452/1436/1374
f 1457/1438/1376 1458/1439/1377 1459/1440/1378
f 1454/1418/1356 1467/1433/1371 1456/1425/1363
f 1467/1433/1371 1457/1438/1376 1456/1425/1363
f 1457/1438/1376 1459/1440/1378 1456/1425/1363
f 1465/1434/1372 1446/1402/1340 1442/1435/1373
f 1433/1441/1379 1430/1442/1380 1463/1443/1381
f 1433/1441/1379 1450/1444/1382 1430/1442/1380
f 1433/1441/1379 1440/1445/1383 1439/1446/1384
f 1439/1446/1384 1450/1444/1382 1433/1441/1379
s 0
f 1503/1447/1385 1505/1448/1385 1504/1449/1385
s 1
f 1450/1444/1382 1438/1450/1386 1432/1451/1387
f 1434/1394/1336 1432/1451/1387 1445/1452/1388
f 1470/1453/1389 1472/1454/1390 1471/1455/1391
f 1430/1442/1380 1450/1444/1382 1432/1451/1387
f 1430/1442/1380 1432/1451/1387 1431/1456/1392
f 1437/1392/1334 1432/1451/1387 1449/1393/1335
f 1417/1421/1359 1418/1423/1361 1419/1457/1393
f 1449/1393/1335 1432/1451/1387 1434/1394/1336
f 1432/1451/1387 1438/1450/1386 1444/1458/1394
f 1438/1450/1386 1450/1444/1382 1451/1459/1395
f 1445/1452/1388 1432/1451/1387 1453/1460/1396
f 1453/1460/1396 1432/1451/1387 1444/1458/1394
f 1472/1454/1390 1474/1461/1397 1475/1462/1398
f 1502/1463/1399 1500/1464/1400 1501/1465/1401
f 1501/1465/1401 1500/1464/1400 1499/1466/1402
f 1475/1462/1398 1474/1461/1397 1473/1467/1403
f 1443/1468/1404 1422/1469/1405 1423/1470/1406
f 1422/1469/1405 1424/1471/1407 1423/1470/1406
f 1450/1444/1382 1443/1468/1404 1451/1459/1395
f 1451/1459/1395 1443/1468/1404 1420/1472/1408
f 1420/1472/1408 1421/1473/1409 1469/1474/1410
f 1421/1473/1409 1468/1475/1411 1469/1474/1410
f 1420/1472/1408 1469/1474/1410 1451/1459/1395
f 1453/1460/1412 1462/1476/1413 1427/1477/1414
f 1462/1476/1413 1453/1460/1412 1469/1474/1410
f 1499/1466/1402 1500/1464/1400 1498/1478/1415
f 1468/1475/1411 1462/1476/1413 1469/1474/1410
f 1468/1475/1411 1429/1479/1416 1462/1476/1413
f 1443/1468/1404 1423/1470/1406 1420/1472/1408
f 1479/1480/1417 1477/1481/1418 1476/1482/1419
f 1477/1481/1418 1475/1462/1398 1476/1482/1419
f 1447/1403/1341 1436/1404/1342 1448/1483/1420
f 1478/1484/1421 1475/1462/1398 1477/1481/1418
f 1471/1455/1391 1475/1462/1398 1478/1484/1421
f 1472/1454/1390 1475/1462/1398 1471/1455/1391
f 1476/1482/1419 1480/1485/1422 1479/1480/1417
f 1480/1485/1422 1476/1482/1419 1481/1486/1423
f 1480/1485/1422 1481/1486/1423 1482/1487/1424
f 1481/1486/1423 1486/1488/1425 1483/1489/1426
f 1482/1487/1424 1481/1486/1423 1487/1490/1427
f 1481/1486/1423 1483/1489/1426 1487/1490/1427
f 1427/1477/1414 1462/1476/1413 1426/1491/1428
f 1426/1491/1428 1462/1476/1413 1425/1492/1429
f 1429/1479/1416 1428/1493/1430 1462/1476/1413
f 1483/1489/1426 1486/1488/1425 1485/1494/1431
f 1485/1494/1431 1484/1495/1432 1483/1489/1426
f 1398/1412/1350 1389/1417/1355 1388/1496/1433
f 1396/1497/1434 1398/1412/1350 1388/1496/1433
f 1388/1496/1433 1389/1417/1355 1397/1413/1351
f 1388/1496/1433 1397/1413/1351 1390/1498/1435
f 1396/1497/1434 1388/1496/1433 1393/1499/1436
f 1393/1499/1436 1388/1496/1433 1390/1498/1435
f 1396/1497/1434 1393/1499/1436 1395/1500/1437
f 1393/1499/1436 1390/1498/1435 1392/1501/1438
f 1394/1502/1439 1393/1499/1436 1392/1501/1438
f 1414/1416/1354 1412/1428/1366 1410/1503/1440
f 1410/1503/1440 1412/1428/1366 1411/1504/1441
f 1390/1498/1435 1391/1505/1442 1392/1501/1438
f 1527/1506/1443 1526/1507/1444 1524/1508/1445
f 1524/1508/1445 1520/1509/1446 1527/1506/1443
f 1524/1508/1445 1521/1510/1447 1520/1509/1446
f 1520/1509/1446 1521/1510/1447 1523/1511/1448
f 1532/1512/1449 1538/1513/1450 1530/1514/1451
f 1532/1512/1449 1535/1515/1452 1538/1513/1450
f 1528/1516/1453 1529/1517/1454 1521/1510/1447
s 0
f 1506/1518/1455 1507/1519/1455 1508/1520/1455
s 1
f 1528/1516/1453 1521/1510/1447 1524/1508/1445
f 1528/1516/1453 1524/1508/1445 1526/1507/1444
f 1532/1512/1449 1525/1521/1456 1539/1522/1457
f 1532/1512/1449 1523/1511/1448 1525/1521/1456
f 1525/1521/1456 1546/1523/1458 1539/1522/1457
f 1532/1512/1449 1539/1522/1457 1537/1524/1459
f 1537/1524/1459 1544/1525/1460 1545/1526/1461
f 1532/1512/1449 1537/1524/1459 1535/1515/1452
f 1535/1515/1452 1537/1524/1459 1545/1526/1461
f 1535/1515/1452 1534/1527/1462 1538/1513/1450
f 1527/1506/1443 1520/1509/1446 1519/1528/1463
f 1527/1506/1443 1519/1528/1463 1517/1529/1464
f 1517/1529/1464 1519/1528/1463 1518/1530/1465
f 1520/1509/1446 1522/1531/1466 1519/1528/1463
f 1520/1509/1446 1523/1511/1448 1522/1531/1466
f 1523/1511/1448 1532/1512/1449 1522/1531/1466
f 1519/1528/1463 1522/1531/1466 1543/1532/1467
f 1530/1514/1451 1543/1532/1467 1522/1531/1466
f 1530/1514/1451 1522/1531/1466 1532/1512/1449
f 1517/1529/1464 1518/1530/1465 1516/1533/1468
f 1518/1530/1465 1515/1534/1469 1516/1533/1468
f 1518/1530/1465 1512/1535/1470 1515/1534/1469
f 1519/1528/1463 1543/1532/1467 1518/1530/1465
f 1530/1514/1451 1536/1536/1471 1543/1532/1467
f 1536/1536/1471 1530/1514/1451 1542/1537/1472
f 1543/1532/1467 1536/1536/1471 1541/1538/1473
f 1518/1530/1465 1543/1532/1467 1512/1535/1470
f 1515/1534/1469 1512/1535/1470 1511/1539/1474
f 1538/1513/1450 1531/1540/1475 1530/1514/1451
f 1530/1514/1451 1531/1540/1475 1533/1541/1476
f 1530/1514/1451 1533/1541/1476 1542/1537/1472
f 1541/1538/1473 1536/1536/1471 1540/1542/1477
f 1536/1536/1471 1542/1537/1472 1540/1542/1477
f 1509/1543/1478 1511/1539/1474 1510/1544/1479
f 1511/1539/1474 1512/1535/1470 1510/1544/1479
f 1512/1535/1470 1513/1545/1480 1510/1544/1479
f 1510/1544/1479 1513/1545/1480 1514/1546/1481
f 1552/1547/1482 1550/1548/1483 1549/1549/1484
f 1552/1547/1482 1547/1550/1485 1551/1551/1486
f 1547/1550/1485 1552/1547/1482 1549/1549/1484
f 1549/1549/1484 1548/1552/1487 1547/1550/1485
f 1567/1553/1488 1581/1554/1489 1597/1555/1490
f 1597/1555/1490 1591/1556/1491 1567/1553/1488
f 1602/1557/1492 1598/1558/1493 1578/1559/1494
f 1578/1559/1494 1598/1558/1493 1567/1553/1488
f 1598/1558/1493 1581/1554/1489 1567/1553/1488
f 1598/1558/1493 1604/1560/1495 1581/1554/1489
f 1610/1561/1496 1611/1562/1497 1602/1557/1492
f 1611/1562/1497 1600/1563/1498 1602/1557/1492
f 1602/1557/1492 1600/1563/1498 1598/1558/1493
f 1598/1558/1493 1600/1563/1498 1601/1564/1499
f 1599/1565/1500 1601/1564/1499 1600/1563/1498
f 1608/1566/1501 1599/1565/1500 1600/1563/1498
f 1606/1567/1502 1608/1566/1501 1609/1568/1503
f 1608/1566/1501 1606/1567/1502 1599/1565/1500
f 1599/1565/1500 1607/1569/1504 1601/1564/1499
f 1599/1565/1500 1606/1567/1502 1607/1569/1504
f 1598/1558/1493 1603/1570/1505 1604/1560/1495
f 1601/1564/1499 1603/1570/1505 1598/1558/1493
f 1606/1567/1502 1605/1571/1506 1607/1569/1504
f 1567/1553/1488 1564/1572/1507 1566/1573/1508
f 1564/1572/1507 1562/1574/1509 1566/1573/1508
f 1564/1572/1507 1563/1575/1510 1562/1574/1509
f 1567/1553/1488 1591/1556/1491 1564/1572/1507
f 1591/1556/1491 1589/1576/1511 1564/1572/1507
f 1564/1572/1507 1565/1577/1512 1563/1575/1510
f 1589/1576/1511 1580/1578/1513 1564/1572/1507
f 1589/1576/1511 1595/1579/1514 1580/1578/1513
f 1565/1577/1512 1564/1572/1507 1614/1580/1515
f 1580/1578/1513 1615/1581/1516 1564/1572/1507
f 1564/1572/1507 1615/1581/1516 1614/1580/1515
f 1580/1578/1513 1584/1582/1517 1615/1581/1516
f 1584/1582/1517 1556/1583/1518 1615/1581/1516
s 0
f 1553/1584/1519 1554/1585/1519 1555/1586/1519
s 1
f 1556/1583/1518 1613/1587/1520 1615/1581/1516
f 1584/1582/1517 1569/1588/1521 1556/1583/1518
f 1556/1583/1518 1612/1589/1522 1613/1587/1520
f 1569/1588/1521 1558/1590/1523 1556/1583/1518
f 1558/1590/1523 1557/1591/1524 1556/1583/1518
f 1588/1592/1525 1606/1567/1502 1609/1568/1503
f 1588/1592/1525 1572/1593/1526 1605/1571/1506
f 1588/1592/1525 1605/1571/1506 1606/1567/1502
f 1572/1593/1526 1577/1594/1527 1605/1571/1506
f 1572/1593/1526 1574/1595/1528 1577/1594/1527
f 1572/1593/1526 1573/1596/1529 1574/1595/1528
f 1574/1595/1528 1573/1596/1529 1571/1597/1530
f 1605/1571/1506 1577/1594/1527 1596/1598/1531
f 1573/1596/1529 1579/1599/1532 1571/1597/1530
f 1579/1599/1532 1576/1600/1533 1571/1597/1530
f 1579/1599/1532 1575/1601/1534 1576/1600/1533
f 1576/1600/1533 1583/1602/1535 1593/1603/1536
f 1576/1600/1533 1575/1601/1534 1583/1602/1535
f 1570/1604/1537 1558/1590/1523 1569/1588/1521
f 1557/1591/1524 1558/1590/1523 1560/1605/1538
f 1570/1604/1537 1568/1606/1539 1558/1590/1523
f 1558/1590/1523 1561/1607/1540 1560/1605/1538
f 1585/1608/1541 1558/1590/1523 1568/1606/1539
f 1558/1590/1523 1559/1609/1542 1561/1607/1540
f 1594/1610/1543 1582/1611/1544 1585/1608/1541
f 1590/1612/1545 1586/1613/1546 1582/1611/1544
f 1594/1610/1543 1590/1612/1545 1582/1611/1544
f 1582/1611/1544 1587/1614/1547 1559/1609/1542
f 1593/1603/1536 1583/1602/1535 1586/1613/1546
f 1586/1613/1546 1583/1602/1535 1587/1614/1547
f 1583/1602/1535 1592/1615/1548 1587/1614/1547
f 1586/1613/1546 1587/1614/1547 1582/1611/1544
f 1585/1608/1541 1582/1611/1544 1558/1590/1523
f 1582/1611/1544 1559/1609/1542 1558/1590/1523
f 1680/1616/1549 1665/1617/1550 1637/1618/1551
f 1679/1619/1552 1680/1616/1549 1637/1618/1551
f 1679/1619/1552 1637/1618/1551 1639/1620/1553
f 1637/1618/1551 1665/1617/1550 1664/1621/1554
f 1656/1622/1555 1679/1619/1552 1653/1623/1556
f 1679/1619/1552 1639/1620/1553 1653/1623/1556
f 1653/1623/1556 1639/1620/1553 1669/1624/1557
f 1653/1623/1556 1636/1625/1558 1662/1626/1559
f 1636/1625/1558 1653/1623/1556 1668/1627/1560
f 1636/1625/1558 1668/1627/1560 1667/1628/1561
f 1682/1629/1562 1636/1625/1558 1674/1630/1563
f 1682/1629/1562 1674/1630/1563 1681/1631/1564
f 1636/1625/1558 1667/1628/1561 1658/1632/1565
f 1636/1625/1558 1658/1632/1565 1674/1630/1563
f 1653/1623/1556 1669/1624/1557 1668/1627/1560
f 1658/1632/1565 1673/1633/1566 1674/1630/1563
f 1620/1634/1567 1618/1635/1568 1619/1636/1569
f 1618/1635/1568 1617/1637/1570 1619/1636/1569
f 1637/1618/1551 1664/1621/1554 1654/1638/1571
f 1654/1638/1571 1638/1639/1572 1637/1618/1551
f 1621/1640/1573 1619/1636/1569 1617/1637/1570
f 1617/1637/1570 1616/1641/1574 1621/1640/1573
f 1654/1638/1571 1626/1642/1575 1638/1639/1572
f 1625/1643/1576 1626/1642/1575 1654/1638/1571
f 1638/1639/1572 1626/1642/1575 1640/1644/1577
f 1626/1642/1575 1625/1643/1576 1624/1645/1578
f 1640/1644/1577 1626/1642/1575 1660/1646/1579
f 1626/1642/1575 1623/1647/1580 1660/1646/1579
f 1626/1642/1575 1624/1645/1578 1622/1648/1581
f 1626/1642/1575 1622/1648/1581 1623/1647/1580
f 1623/1647/1580 1622/1648/1581 1627/1649/1582
f 1671/1650/1583 1657/1651/1584 1648/1652/1585
f 1660/1646/1579 1623/1647/1580 1666/1653/1586
f 1623/1647/1580 1641/1654/1587 1666/1653/1586
f 1623/1647/1580 1627/1649/1582 1628/1655/1588
f 1666/1653/1586 1641/1654/1587 1657/1651/1584
f 1623/1647/1580 1628/1655/1588 1641/1654/1587
f 1641/1654/1587 1628/1655/1588 1629/1656/1589
f 1657/1651/1584 1641/1654/1587 1659/1657/1590
f 1648/1652/1585 1657/1651/1584 1659/1657/1590
f 1641/1654/1587 1633/1658/1591 1659/1657/1590
f 1641/1654/1587 1629/1656/1589 1633/1658/1591
f 1676/1659/1592 1674/1630/1563 1672/1660/1593
f 1672/1660/1593 1674/1630/1563 1670/1661/1594
f 1674/1630/1563 1673/1633/1566 1670/1661/1594
f 1670/1661/1594 1652/1662/1595 1672/1660/1593
f 1650/1663/1596 1672/1660/1593 1655/1664/1597
f 1655/1664/1597 1672/1660/1593 1652/1662/1595
f 1655/1664/1597 1645/1665/1598 1650/1663/1596
f 1650/1663/1596 1645/1665/1598 1661/1666/1599
f 1661/1666/1599 1645/1665/1598 1677/1667/1600
f 1677/1667/1600 1645/1665/1598 1646/1668/1601
f 1677/1667/1600 1646/1668/1601 1678/1669/1602
f 1645/1665/1598 1647/1670/1603 1644/1671/1604
f 1645/1665/1598 1644/1671/1604 1646/1668/1601
f 1678/1669/1602 1646/1668/1601 1683/1672/1605
f 1644/1671/1604 1643/1673/1606 1646/1668/1601
f 1646/1668/1601 1643/1673/1606 1663/1674/1607
f 1646/1668/1601 1663/1674/1607 1683/1672/1605
f 1659/1657/1590 1633/1658/1591 1642/1675/1608
f 1629/1656/1589 1630/1676/1609 1633/1658/1591
f 1642/1675/1608 1633/1658/1591 1649/1677/1610
f 1634/1678/1611 1633/1658/1591 1632/1679/1612
f 1649/1677/1610 1633/1658/1591 1634/1678/1611
f 1633/1658/1591 1630/1676/1609 1631/1680/1613
f 1633/1658/1591 1631/1680/1613 1632/1679/1612
f 1663/1674/1607 1651/1681/1614 1635/1682/1615
f 1651/1681/1614 1675/1683/1616 1635/1682/1615
f 1675/1683/1616 1634/1678/1611 1635/1682/1615
f 1643/1673/1606 1651/1681/1614 1663/1674/1607
f 1675/1683/1616 1649/1677/1610 1634/1678/1611
f 1699/1684/1617 1729/1685/1618 1733/1686/1619
f 1700/1687/1620 1698/1688/1621 1699/1684/1617
f 1729/1685/1618 1731/1689/1622 1733/1686/1619
f 1731/1689/1622 1722/1690/1623 1721/1691/1624
f 1722/1690/1623 1723/1692/1625 1721/1691/1624
f 1722/1690/1623 1724/1693/1626 1723/1692/1625
f 1729/1685/1618 1728/1694/1627 1731/1689/1622
f 1699/1684/1617 1698/1688/1621 1729/1685/1618
f 1729/1685/1618 1730/1695/1628 1728/1694/1627
f 1698/1688/1621 1730/1695/1628 1729/1685/1618
f 1698/1688/1621 1701/1696/1629 1730/1695/1628
f 1731/1689/1622 1728/1694/1627 1727/1697/1630
f 1731/1689/1622 1727/1697/1630 1722/1690/1623
f 1722/1690/1623 1727/1697/1630 1724/1693/1626
f 1724/1693/1626 1727/1697/1630 1725/1698/1631
f 1725/1698/1631 1726/1699/1632 1724/1693/1626
f 1732/1700/1633 1733/1686/1619 1720/1701/1634
f 1721/1691/1624 1719/1702/1635 1715/1703/1636
f 1731/1689/1622 1721/1691/1624 1720/1701/1634
f 1733/1686/1619 1731/1689/1622 1720/1701/1634
f 1721/1691/1624 1715/1703/1636 1720/1701/1634
f 1720/1701/1634 1715/1703/1636 1709/1704/1637
f 1715/1703/1636 1702/1705/1638 1709/1704/1637
f 1720/1701/1634 1734/1706/1639 1732/1700/1633
f 1734/1706/1639 1720/1701/1634 1707/1707/1640
f 1720/1701/1634 1709/1704/1637 1707/1707/1640
f 1734/1706/1639 1707/1707/1640 1718/1708/1641
f 1707/1707/1640 1706/1709/1642 1718/1708/1641
f 1697/1710/1643 1694/1711/1644 1696/1712/1645
f 1706/1709/1642 1707/1707/1640 1705/1713/1646
f 1697/1710/1643 1685/1714/1647 1694/1711/1644
f 1705/1713/1646 1708/1715/1648 1706/1709/1642
f 1694/1711/1644 1684/1716/1649 1690/1717/1650
f 1685/1714/1647 1684/1716/1649 1694/1711/1644
f 1690/1717/1650 1684/1716/1649 1688/1718/1651
f 1702/1705/1638 1703/1719/1652 1709/1704/1637
f 1709/1704/1637 1703/1719/1652 1705/1713/1646
f 1707/1707/1640 1709/1704/1637 1705/1713/1646
f 1705/1713/1646 1703/1719/1652 1704/1720/1653
f 1704/1720/1653 1710/1721/1654 1711/1722/1655
f 1705/1713/1646 1704/1720/1653 1711/1722/1655
f 1685/1714/1647 1686/1723/1656 1687/1724/1657
f 1685/1714/1647 1687/1724/1657 1684/1716/1649
f 1705/1713/1646 1711/1722/1655 1708/1715/1648
f 1712/1725/1658 1711/1722/1655 1710/1721/1654
f 1712/1725/1658 1713/1726/1659 1714/1727/1660
f 1686/1723/1656 1691/1728/1661 1687/1724/1657
f 1687/1724/1657 1691/1728/1661 1689/1729/1662
f 1691/1728/1661 1693/1730/1663 1689/1729/1662
f 1693/1730/1663 1692/1731/1664 1689/1729/1662
f 1712/1725/1658 1714/1727/1660 1711/1722/1655
f 1714/1727/1660 1716/1732/1665 1711/1722/1655
f 1714/1727/1660 1717/1733/1666 1716/1732/1665
f 1693/1730/1663 1695/1734/1667 1692/1731/1664
f 1786/1735/1668 1787/1736/1669 1797/1737/1670
f 1787/1736/1669 1790/1738/1671 1789/1739/1672
f 1787/1736/1669 1789/1739/1672 1797/1737/1670
f 1823/1740/1673 1814/1741/1674 1824/1742/1675
f 1959/1743/1676 1960/1744/1677 1958/1745/1678
f 1960/1744/1677 1961/1746/1679 1958/1745/1678
f 1791/1747/1680 1793/1748/1681 1788/1749/1682
f 1788/1749/1682 1790/1738/1671 1787/1736/1669
f 1788/1749/1682 1793/1748/1681 1790/1738/1671
f 1789/1739/1672 1792/1750/1683 1797/1737/1670
f 1894/1751/1684 1823/1740/1673 1824/1742/1675
f 1797/1737/1670 1792/1750/1683 1796/1752/1685
f 1880/1753/1686 1882/1754/1687 1879/1755/1688
f 1882/1754/1687 1881/1756/1689 1908/1757/1690
f 1882/1754/1687 1908/1757/1690 1879/1755/1688
f 1908/1757/1690 1878/1758/1691 1879/1755/1688
f 1878/1758/1691 1900/1759/1692 1879/1755/1688
s 0
f 1953/1760/1693 1954/1761/1693 1952/1762/1693
s 1
f 1908/1757/1690 1877/1763/1694 1878/1758/1691
f 1878/1758/1691 1877/1763/1694 1900/1759/1692
f 1900/1759/1692 1877/1763/1694 1883/1764/1695
f 1855/1765/1696 1853/1766/1697 1854/1767/1698
f 1853/1766/1697 1865/1768/1699 1854/1767/1698
f 1903/1769/1700 1904/1770/1701 1849/1771/1702
f 1849/1771/1702 1904/1770/1701 1847/1772/1703
f 1921/1773/1704 1919/1774/1705 1920/1775/1706
f 1921/1773/1704 1925/1776/1707 1919/1774/1705
f 1917/1777/1708 1918/1778/1709 1922/1779/1710
f 1922/1779/1710 1926/1780/1711 1917/1777/1708
f 1817/1781/1712 1858/1782/1713 1898/1783/1714
f 1821/1784/1715 1826/1785/1716 1817/1781/1712
f 1817/1781/1712 1815/1786/1717 1858/1782/1713
f 1818/1787/1718 1867/1788/1719 1896/1789/1720
f 1918/1778/1709 1919/1774/1705 1925/1776/1707
f 1925/1776/1707 1922/1779/1710 1918/1778/1709
f 1849/1771/1702 1847/1772/1703 1848/1790/1721
f 1847/1772/1703 1907/1791/1722 1848/1790/1721
f 1926/1780/1711 1922/1779/1710 1916/1792/1723
f 1826/1785/1716 1816/1793/1724 1817/1781/1712
f 1817/1781/1712 1816/1793/1724 1815/1786/1717
f 1815/1786/1717 1805/1794/1725 1806/1795/1726
f 1926/1780/1711 1923/1796/1727 1924/1797/1728
f 1926/1780/1711 1916/1792/1723 1923/1796/1727
f 1816/1793/1724 1805/1794/1725 1815/1786/1717
f 1866/1798/1729 1806/1795/1726 1867/1788/1719
f 1867/1788/1719 1806/1795/1726 1820/1799/1730
f 1950/1800/1731 1948/1801/1732 1951/1802/1733
f 1951/1802/1733 1948/1801/1732 1947/1803/1734
f 1854/1767/1698 1865/1768/1699 1863/1804/1735
s 0
f 1940/1805/1736 1939/1806/1736 1938/1807/1736
s 1
f 1777/1808/1737 1773/1809/1738 1776/1810/1739
f 1853/1766/1697 1852/1811/1740 1865/1768/1699
f 1865/1768/1699 1852/1811/1740 1901/1812/1741
f 1773/1809/1738 1769/1813/1742 1776/1810/1739
f 1948/1801/1732 1949/1814/1743 1947/1803/1734
f 1884/1815/1744 1900/1759/1692 1883/1764/1695
f 1773/1809/1738 1772/1816/1745 1769/1813/1742
f 1901/1812/1741 1852/1811/1740 1851/1817/1746
f 1831/1818/1747 1901/1812/1741 1851/1817/1746
f 1851/1817/1746 1859/1819/1748 1831/1818/1747
f 1831/1818/1747 1859/1819/1748 1809/1820/1749
f 1847/1772/1703 1846/1821/1750 1907/1791/1722
f 1907/1791/1722 1846/1821/1750 1809/1820/1749
f 1907/1791/1722 1809/1820/1749 1805/1794/1725
f 1805/1794/1725 1809/1820/1749 1841/1822/1751
f 1806/1795/1726 1805/1794/1725 1841/1822/1751
f 1841/1822/1751 1829/1823/1752 1842/1824/1753
f 1806/1795/1726 1841/1822/1751 1842/1824/1753
f 1846/1821/1750 1831/1818/1747 1809/1820/1749
f 1841/1822/1751 1809/1820/1749 1803/1825/1754
f 1803/1825/1754 1830/1826/1755 1841/1822/1751
f 1814/1741/1674 1843/1827/1756 1824/1742/1675
f 1825/1828/1757 1843/1827/1756 1814/1741/1674
f 1797/1737/1670 1796/1752/1685 1798/1829/1758
f 1792/1750/1683 1795/1830/1759 1796/1752/1685
f 1792/1750/1683 1794/1831/1760 1795/1830/1759
f 1825/1828/1757 1896/1789/1720 1843/1827/1756
f 1825/1828/1757 1818/1787/1718 1896/1789/1720
f 1896/1789/1720 1844/1832/1761 1843/1827/1756
f 1867/1788/1719 1820/1799/1730 1896/1789/1720
f 1822/1833/1762 1820/1799/1730 1819/1834/1763
f 1820/1799/1730 1806/1795/1726 1819/1834/1763
f 1806/1795/1726 1842/1824/1753 1819/1834/1763
f 1842/1824/1753 1829/1823/1752 1819/1834/1763
f 1829/1823/1752 1841/1822/1751 1830/1826/1755
f 1822/1833/1762 1819/1834/1763 1850/1835/1764
f 1908/1757/1690 1888/1836/1765 1877/1763/1694
s 0
f 1957/1837/1766 1956/1838/1766 1955/1839/1766
s 1
f 1877/1763/1694 1888/1836/1765 1887/1840/1767
f 1888/1836/1765 1876/1841/1768 1887/1840/1767
f 1883/1764/1695 1887/1840/1767 1885/1842/1769
f 1876/1841/1768 1839/1843/1770 1887/1840/1767
f 1839/1843/1770 1876/1841/1768 1838/1844/1771
f 1876/1841/1768 1836/1845/1772 1838/1844/1771
f 1837/1846/1773 1906/1847/1774 1836/1845/1772
f 1937/1848/1775 1935/1849/1775 1936/1850/1775
f 1892/1851/1776 1875/1852/1777 1906/1847/1774
f 1875/1852/1777 1895/1853/1778 1906/1847/1774
f 1884/1815/1744 1883/1764/1695 1886/1854/1779
f 1947/1803/1734 1946/1855/1780 1951/1802/1733
f 1951/1802/1733 1946/1855/1780 1944/1856/1781
f 1772/1816/1745 1770/1857/1782 1769/1813/1742
f 1886/1854/1779 1883/1764/1695 1885/1842/1769
f 1946/1855/1780 1945/1858/1783 1944/1856/1781
f 1772/1816/1745 1771/1859/1784 1770/1857/1782
s 0
f 1942/1860/1785 1943/1861/1785 1941/1862/1785
s 1
f 1859/1819/1748 1862/1863/1786 1861/1864/1787
f 1887/1840/1767 1839/1843/1770 1885/1842/1769
f 1772/1816/1745 1774/1865/1788 1771/1859/1784
f 1772/1816/1745 1775/1866/1789 1774/1865/1788
f 1928/1867/1790 1929/1868/1791 1930/1869/1792
f 1838/1844/1771 1836/1845/1772 1835/1870/1793
f 1928/1867/1790 1927/1871/1794 1929/1868/1791
f 1931/1872/1795 1928/1867/1790 1930/1869/1792
f 1861/1864/1787 1860/1873/1796 1859/1819/1748
f 1859/1819/1748 1860/1873/1796 1832/1874/1797
f 1809/1820/1749 1802/1875/1798 1845/1876/1799
f 1809/1820/1749 1859/1819/1748 1868/1877/1800
f 1802/1875/1798 1809/1820/1749 1868/1877/1800
f 1809/1820/1749 1845/1876/1799 1803/1825/1754
s 0
f 1909/1878/1801 1910/1879/1801 1911/1880/1801
s 1
f 1803/1825/1754 1845/1876/1799 1840/1881/1802
f 1803/1825/1754 1840/1881/1802 1804/1882/1803
f 1912/1883/1804 1913/1884/1805 1914/1885/1804
f 1912/1883/1804 1914/1885/1804 1915/1886/1806
f 1840/1881/1807 1802/1875/1798 1868/1877/1800
f 1859/1819/1748 1832/1874/1797 1868/1877/1800
f 1840/1881/1807 1868/1877/1800 1807/1887/1808
f 1840/1881/1807 1807/1887/1808 1808/1888/1809
f 1808/1888/1809 1807/1887/1808 1810/1889/1810
f 1868/1877/1800 1856/1890/1811 1807/1887/1808
f 1836/1845/1772 1906/1847/1774 1835/1870/1793
f 1906/1847/1774 1895/1853/1778 1835/1870/1793
f 1838/1844/1771 1835/1870/1793 1905/1891/1812
f 1835/1870/1793 1834/1892/1813 1905/1891/1812
f 1905/1891/1812 1834/1892/1813 1860/1873/1796
f 1834/1892/1813 1833/1893/1814 1860/1873/1796
f 1835/1870/1793 1893/1894/1815 1834/1892/1813
f 1860/1873/1796 1833/1893/1814 1832/1874/1797
f 1747/1895/1816 1749/1896/1817 1756/1897/1818
f 1835/1870/1793 1895/1853/1778 1893/1894/1815
f 1754/1898/1819 1749/1896/1817 1747/1895/1816
f 1756/1897/1818 1749/1896/1817 1745/1899/1820
f 1748/1900/1821 1745/1899/1820 1749/1896/1817
f 1875/1852/1777 1899/1901/1822 1895/1853/1778
s 0
f 1933/1902/1823 1934/1903/1823 1932/1904/1823
s 1
f 1834/1892/1813 1893/1894/1815 1870/1905/1824
f 1893/1894/1815 1899/1901/1822 1870/1905/1824
f 1868/1877/1800 1832/1874/1797 1813/1906/1825
f 1756/1897/1818 1745/1899/1820 1746/1907/1826
f 1746/1907/1826 1744/1908/1827 1755/1909/1828
f 1744/1908/1827 1739/1910/1829 1735/1911/1830
f 1735/1911/1830 1737/1912/1831 1736/1913/1832
f 1856/1890/1811 1868/1877/1800 1864/1914/1833
f 1780/1915/1834 1778/1916/1835 1779/1917/1836
f 1780/1915/1834 1781/1918/1837 1778/1916/1835
f 1857/1919/1838 1807/1887/1808 1856/1890/1811
s 0
f 1799/1920/1839 1801/1921/1839 1800/1922/1839
s 1
f 1735/1911/1830 1738/1923/1840 1737/1912/1831
f 1778/1916/1835 1781/1918/1837 1785/1924/1841
f 1746/1907/1826 1745/1899/1820 1744/1908/1827
f 1744/1908/1827 1745/1899/1820 1739/1910/1829
f 1745/1899/1820 1740/1925/1842 1739/1910/1829
f 1735/1911/1830 1739/1910/1829 1738/1923/1840
f 1781/1918/1837 1782/1926/1843 1784/1927/1844
f 1781/1918/1837 1784/1927/1844 1785/1924/1841
f 1782/1926/1843 1783/1928/1845 1784/1927/1844
f 1743/1929/1846 1740/1925/1842 1742/1930/1847
f 1890/1931/1848 1891/1932/1849 1889/1933/1850
f 1875/1852/1777 1869/1934/1851 1899/1901/1822
f 1875/1852/1777 1874/1935/1852 1869/1934/1851
f 1750/1936/1853 1745/1899/1820 1748/1900/1821
f 1740/1925/1842 1745/1899/1820 1741/1937/1854
f 1745/1899/1820 1750/1936/1853 1741/1937/1854
f 1740/1925/1842 1741/1937/1854 1742/1930/1847
f 1742/1930/1847 1741/1937/1854 1753/1938/1855
f 1742/1930/1847 1753/1938/1855 1752/1939/1856
f 1741/1937/1854 1750/1936/1853 1751/1940/1857
f 1751/1940/1857 1753/1938/1855 1741/1937/1854
f 1751/1940/1857 1767/1941/1858 1765/1942/1859
f 1899/1901/1822 1869/1934/1851 1871/1943/1860
f 1870/1905/1824 1899/1901/1822 1872/1944/1861
f 1899/1901/1822 1871/1943/1860 1872/1944/1861
f 1869/1934/1851 1873/1945/1862 1871/1943/1860
f 1759/1946/1863 1758/1947/1864 1757/1948/1865
f 1757/1948/1865 1768/1949/1866 1766/1950/1867
f 1759/1946/1863 1757/1948/1865 1751/1940/1857
f 1757/1948/1865 1766/1950/1867 1751/1940/1857
f 1751/1940/1857 1766/1950/1867 1767/1941/1858
f 1760/1951/1868 1753/1938/1855 1764/1952/1869
f 1751/1940/1857 1765/1942/1859 1753/1938/1855
f 1753/1938/1855 1765/1942/1859 1764/1952/1869
f 1810/1889/1810 1807/1887/1808 1827/1953/1870
f 1807/1887/1808 1897/1954/1871 1828/1955/1872
f 1807/1887/1808 1828/1955/1872 1827/1953/1870
f 1897/1954/1871 1889/1933/1850 1812/1956/1873
f 1897/1954/1871 1812/1956/1873 1828/1955/1872
f 1828/1955/1872 1812/1956/1873 1811/1957/1874
f 1897/1954/1871 1890/1931/1848 1889/1933/1850
f 1891/1932/1849 1902/1958/1875 1889/1933/1850
f 1761/1959/1876 1760/1951/1868 1763/1960/1877
f 1761/1959/1876 1763/1960/1877 1762/1961/1878
f 1760/1951/1868 1764/1952/1869 1763/1960/1877
f 1980/1962/1879 1975/1963/1880 1965/1964/1881
f 1964/1965/1882 1965/1964/1881 1975/1963/1880
f 1980/1962/1879 1965/1964/1881 1973/1966/1883
f 1973/1966/1883 1965/1964/1881 1966/1967/1884
f 1973/1966/1883 1969/1968/1885 1972/1969/1886
f 1973/1966/1883 1966/1967/1884 1969/1968/1885
f 1967/1970/1887 1966/1967/1884 1965/1964/1881
f 1966/1967/1884 1971/1971/1888 1970/1972/1889
f 1970/1972/1889 1968/1973/1890 1966/1967/1884
f 1966/1967/1884 1968/1973/1890 1969/1968/1885
f 1969/1968/1885 1974/1974/1891 1972/1969/1886
f 1967/1970/1887 1965/1964/1881 1964/1965/1882
f 1964/1965/1882 1979/1975/1892 1967/1970/1887
f 1964/1965/1882 1962/1976/1893 1979/1975/1892
f 1979/1975/1892 1962/1976/1893 1963/1977/1894
f 1967/1970/1887 1971/1971/1888 1966/1967/1884
f 1971/1971/1888 1978/1978/1895 1970/1972/1889
f 1979/1975/1892 1976/1979/1896 1967/1970/1887
f 1970/1972/1889 1978/1978/1895 1977/1980/1897
f 2014/1981/1898 2010/1982/1899 2013/1983/1900
f 2014/1981/1898 2013/1983/1900 2019/1984/1901
f 2031/1985/1902 2018/1986/1903 2033/1987/1904
f 2015/1988/1905 2014/1981/1898 2019/1984/1901
f 2019/1984/1901 2013/1983/1900 2011/1989/1906
f 2019/1984/1901 2011/1989/1906 2018/1986/1903
f 2018/1986/1903 2011/1989/1906 2035/1990/1907
f 2011/1989/1906 2017/1991/1908 2035/1990/1907
f 2018/1986/1903 2035/1990/1907 2033/1987/1904
f 2033/1987/1904 2035/1990/1907 2034/1992/1909
f 2008/1993/1910 2004/1994/1911 2005/1995/1912
f 2008/1993/1910 2006/1996/1913 2007/1997/1914
f 2008/1993/1910 2013/1983/1900 2004/1994/1911
f 2004/1994/1911 2013/1983/1900 2010/1982/1899
f 2004/1994/1911 2010/1982/1899 2012/1998/1915
f 2008/1993/1910 2011/1989/1906 2013/1983/1900
f 2008/1993/1910 2007/1997/1914 2011/1989/1906
f 2007/1997/1914 2009/1999/1916 2011/1989/1906
f 1985/2000/1917 1986/2001/1918 1984/2002/1919
f 1986/2001/1918 1981/2003/1920 1984/2002/1919
f 2011/1989/1906 2021/2004/1921 2017/1991/1908
f 1984/2002/1919 1981/2003/1920 1982/2005/1922
f 2040/2006/1923 2154/2007/1924 2173/2008/1925
f 2040/2006/1923 2041/2009/1926 2154/2007/1924
f 2173/2008/1925 2154/2007/1924 2042/2010/1927
f 2154/2007/1924 2167/2011/1928 2042/2010/1927
s 0
f 2217/2012/1929 2215/2013/1929 2216/2014/1929
s 1
f 2042/2010/1927 2167/2011/1928 2047/2015/1930
f 2016/2016/1931 2025/2017/1932 2030/2018/1933
f 2016/2016/1931 2023/2019/1934 2025/2017/1932
f 2016/2016/1931 2015/1988/1905 2023/2019/1934
f 2019/1984/1901 2023/2019/1934 2015/1988/1905
f 2023/2019/1934 2022/2020/1935 2029/2021/1936
f 2105/2022/1937 2104/2023/1938 2205/2024/1939
f 2105/2022/1937 2205/2024/1939 2106/2025/1940
f 2029/2021/1936 2022/2020/1935 2028/2026/1941
f 2028/2026/1941 2022/2020/1935 2026/2027/1942
f 2115/2028/1943 2114/2029/1944 2116/2030/1945
f 2100/2031/1946 2203/2032/1947 2114/2029/1944
f 2100/2031/1946 2152/2033/1948 2205/2024/1939
f 2114/2029/1944 2152/2033/1948 2100/2031/1946
f 2114/2029/1944 2095/2034/1949 2152/2033/1948
f 2114/2029/1944 2120/2035/1950 2095/2034/1949
f 2104/2023/1938 2100/2031/1946 2205/2024/1939
f 2023/2019/1934 2019/1984/1901 2022/2020/1935
f 2019/1984/1901 2020/2036/1951 2022/2020/1935
f 2026/2027/1942 2020/2036/1951 2027/2037/1952
f 2022/2020/1935 2020/2036/1951 2026/2027/1942
f 1991/2038/1953 1989/2039/1954 1990/2040/1955
f 2020/2036/1951 2019/1984/1901 2018/1986/1903
f 2020/2036/1951 2018/1986/1903 2032/2041/1956
f 2018/1986/1903 2031/1985/1902 2032/2041/1956
f 2020/2036/1951 2032/2041/1956 2024/2042/1957
f 2175/2043/1958 2083/2044/1959 2084/2045/1960
f 2084/2045/1960 2083/2044/1959 2082/2046/1961
f 1989/2039/1954 1987/2047/1962 1990/2040/1955
f 1990/2040/1955 1987/2047/1962 1988/2048/1963
f 2115/2028/1943 2113/2049/1964 2098/2050/1965
f 2115/2028/1943 2098/2050/1965 2114/2029/1944
f 2114/2029/1944 2098/2050/1965 2120/2035/1950
f 2098/2050/1965 2099/2051/1966 2097/2052/1967
f 2099/2051/1966 2207/2053/1968 2097/2052/1967
f 2176/2054/1969 2177/2055/1970 2099/2051/1966
f 2099/2051/1966 2177/2055/1970 2207/2053/1968
f 2254/2056/1971 2255/2057/1972 2253/2058/1973
f 2252/2059/1974 2248/2060/1975 2250/2061/1976
f 2252/2059/1974 2254/2056/1971 2248/2060/1975
f 2084/2045/1960 2082/2046/1961 2081/2062/1977
f 2082/2046/1961 2085/2063/1978 2081/2062/1977
f 2254/2056/1971 2253/2058/1973 2248/2060/1975
f 2081/2062/1977 2089/2064/1979 2112/2065/1980
f 2081/2062/1977 2085/2063/1978 2089/2064/1979
s 0
f 2266/2066/1981 2267/2067/1981 2268/2068/1981
s 1
f 2152/2033/1948 2096/2069/1982 2205/2024/1939
f 2205/2024/1939 2096/2069/1982 2204/2070/1983
f 2152/2033/1948 2095/2034/1949 2096/2069/1982
f 2095/2034/1949 2119/2071/1984 2096/2069/1982
f 2095/2034/1949 2120/2035/1950 2119/2071/1984
f 2041/2009/1926 2048/2072/1985 2154/2007/1924
f 2154/2007/1924 2048/2072/1985 2167/2011/1928
f 2096/2069/1982 2119/2071/1984 2204/2070/1983
s 0
f 2260/2073/1986 2262/2074/1986 2261/2075/1986
s 1
f 2204/2070/1983 2119/2071/1984 2118/2076/1987
f 2098/2050/1965 2097/2052/1967 2120/2035/1950
f 2097/2052/1967 2101/2077/1988 2120/2035/1950
f 2251/2078/1989 2250/2061/1976 2247/2079/1990
f 2247/2079/1990 2250/2061/1976 2248/2060/1975
f 2248/2060/1975 2246/2080/1991 2247/2079/1990
f 2248/2060/1975 2249/2081/1992 2246/2080/1991
f 2120/2035/1950 2093/2082/1993 2119/2071/1984
f 2093/2082/1993 2111/2083/1994 2172/2084/1995
f 2093/2082/1993 2172/2084/1995 2119/2071/1984
f 2089/2064/1979 2080/2085/1996 2111/2083/1994
f 2111/2083/1994 2080/2085/1996 2079/2086/1997
f 2172/2084/1995 2111/2083/1994 2060/2087/1998
f 2111/2083/1994 2079/2086/1997 2060/2087/1998
f 2034/1992/1909 2035/1990/1907 2036/2088/1999
f 1982/2005/1922 1981/2003/1920 1983/2089/2000
f 2037/2090/2001 2034/1992/1909 2038/2091/2002
f 2034/1992/1909 2036/2088/1999 2038/2091/2002
f 2083/2044/1959 2085/2063/1978 2082/2046/1961
f 2083/2044/1959 2086/2092/2003 2085/2063/1978
f 2085/2063/1978 2088/2093/2004 2089/2064/1979
f 2088/2093/2004 2080/2085/1996 2089/2064/1979
f 2088/2093/2004 2087/2094/2005 2080/2085/1996
f 2091/2095/2006 2169/2096/2007 2079/2086/1997
f 2079/2086/1997 2169/2096/2007 2090/2097/2008
f 2090/2097/2008 2169/2096/2007 2168/2098/2009
f 2091/2095/2006 2170/2099/2010 2169/2096/2007
f 2170/2099/2010 2166/2100/2011 2169/2096/2007
f 2274/2101/2012 2275/2102/2013 2273/2103/2012
f 2166/2100/2011 2143/2104/2014 2142/2105/2015
f 2164/2106/2016 2121/2107/2017 2125/2108/2018
f 2164/2106/2016 2123/2109/2019 2121/2107/2017
f 2125/2108/2018 2121/2107/2017 2170/2099/2010
f 2170/2099/2010 2121/2107/2017 2163/2110/2020
f 2163/2110/2020 2121/2107/2017 2122/2111/2021
f 2123/2109/2019 2124/2112/2022 2121/2107/2017
f 2143/2104/2014 2161/2113/2023 2142/2105/2015
f 2163/2110/2020 2143/2104/2014 2170/2099/2010
f 2170/2099/2010 2143/2104/2014 2166/2100/2011
f 2163/2110/2020 2153/2114/2024 2143/2104/2014
f 2143/2104/2014 2144/2115/2025 2161/2113/2023
f 2137/2116/2026 2126/2117/2027 2140/2118/2028
f 2137/2116/2026 2138/2119/2029 2141/2120/2030
f 2139/2121/2031 2141/2120/2030 2138/2119/2029
f 2040/2006/1923 2173/2008/1925 2044/2122/2032
f 2173/2008/1925 2047/2015/1930 2202/2123/2033
f 2173/2008/1925 2202/2123/2033 2044/2122/2032
f 2044/2122/2032 2202/2123/2033 2174/2124/2034
f 2047/2015/1930 2046/2125/2035 2202/2123/2033
f 2044/2122/2032 2174/2124/2034 2043/2126/2036
f 2202/2123/2033 2046/2125/2035 2174/2124/2034
f 2174/2124/2034 2046/2125/2035 2043/2126/2036
f 2137/2116/2026 2141/2120/2030 2126/2117/2027
s 0
f 2230/2127/2037 2231/2128/2037 2232/2129/2037
s 1
f 2141/2120/2030 2051/2130/2038 2126/2117/2027
f 2044/2122/2032 2043/2126/2036 2052/2131/2039
f 2052/2131/2039 2043/2126/2036 2050/2132/2040
f 2046/2125/2035 2211/2133/2041 2043/2126/2036
f 2052/2131/2039 2050/2132/2040 2051/2130/2038
f 2051/2130/2038 2050/2132/2040 2126/2117/2027
f 2219/2134/2042 2218/2135/2043 2220/2136/2044
f 2220/2136/2044 2229/2137/2045 2219/2134/2042
f 2050/2132/2040 2165/2138/2046 2107/2139/2047
f 2126/2117/2027 2127/2140/2048 2140/2118/2028
f 2127/2140/2048 2136/2141/2049 2131/2142/2050
f 2127/2140/2048 2131/2142/2050 2128/2143/2051
f 2126/2117/2027 2136/2141/2049 2127/2140/2048
f 2107/2139/2047 2165/2138/2046 2053/2144/2052
f 2126/2117/2027 2155/2145/2053 2136/2141/2049
f 2219/2134/2042 2229/2137/2045 2221/2146/2054
f 2219/2134/2042 2221/2146/2054 2222/2147/2055
f 2136/2141/2049 2155/2145/2053 2130/2148/2056
f 2131/2142/2050 2136/2141/2049 2130/2148/2056
f 2130/2148/2056 2129/2149/2057 2131/2142/2050
f 2223/2150/2058 2222/2147/2055 2228/2151/2059
f 2222/2147/2055 2226/2152/2060 2228/2151/2059
f 2222/2147/2055 2221/2146/2054 2226/2152/2060
f 2053/2144/2052 2055/2153/2061 2058/2154/2062
f 2053/2144/2052 2109/2155/2063 2055/2153/2061
f 2055/2153/2061 2109/2155/2063 2057/2156/2064
f 2047/2015/1930 2167/2011/1928 2046/2125/2035
f 2167/2011/1928 2049/2157/2065 2046/2125/2035
f 2167/2011/1928 2048/2072/1985 2049/2157/2065
f 2048/2072/1985 2045/2158/2066 2049/2157/2065
s 0
f 2212/2159/2067 2214/2160/2067 2213/2161/2067
s 1
f 2160/2162/2068 2118/2076/1987 2110/2163/2069
f 2118/2076/1987 2119/2071/1984 2102/2164/2070
f 2049/2157/2065 2211/2133/2041 2046/2125/2035
f 2043/2126/2036 2211/2133/2041 2039/2165/2071
f 2043/2126/2036 2039/2165/2071 2050/2132/2040
f 2118/2076/1987 2102/2164/2070 2110/2163/2069
f 2050/2132/2040 2039/2165/2071 2165/2138/2046
f 2263/2166/2072 2264/2167/2072 2265/2168/2072
f 2245/2169/2073 2242/2170/2074 2244/2171/2075
f 2102/2164/2070 2103/2172/2076 2110/2163/2069
f 2119/2071/1984 2117/2173/2077 2102/2164/2070
f 2119/2071/1984 2172/2084/1995 2117/2173/2077
f 2172/2084/1995 2062/2174/2078 2117/2173/2077
f 2079/2086/1997 2090/2097/2008 2060/2087/1998
f 2172/2084/1995 2060/2087/1998 2062/2174/2078
f 2060/2087/1998 2061/2175/2079 2062/2174/2078
f 2102/2164/2070 2117/2173/2077 2059/2176/2080
f 2059/2176/2080 2117/2173/2077 2094/2177/2081
s 0
f 2233/2178/2082 2234/2179/2082 2235/2180/2082
s 1
f 2117/2173/2077 2062/2174/2078 2063/2181/2083
f 2240/2182/2084 2241/2183/2085 2242/2170/2074
f 2094/2177/2086 2063/2181/2083 2064/2184/2087
f 2064/2184/2087 2063/2181/2083 2069/2185/2088
f 2062/2174/2078 2078/2186/2089 2063/2181/2083
f 2062/2174/2078 2061/2175/2079 2078/2186/2089
f 2110/2163/2069 2108/2187/2090 2109/2155/2063
f 2165/2138/2046 2110/2163/2069 2109/2155/2063
f 2110/2163/2069 2103/2172/2076 2108/2187/2090
f 2256/2188/2091 2259/2189/2092 2258/2190/2093
f 2256/2188/2091 2257/2191/2094 2259/2189/2092
f 2242/2170/2074 2243/2192/2095 2244/2171/2075
f 2103/2172/2076 2066/2193/2096 2068/2194/2097
f 2068/2194/2097 2066/2193/2096 2067/2195/2098
f 2068/2194/2097 2182/2196/2099 2181/2197/2100
f 2181/2197/2100 2182/2196/2099 2180/2198/2101
f 2067/2195/2098 2182/2196/2099 2068/2194/2097
f 2108/2187/2090 2054/2199/2102 2109/2155/2063
f 2182/2196/2099 2183/2200/2103 2180/2198/2101
f 2180/2198/2101 2183/2200/2103 2200/2201/2104
f 2182/2196/2099 2206/2202/2105 2183/2200/2103
f 2206/2202/2105 2185/2203/2106 2183/2200/2103
f 2183/2200/2103 2184/2204/2107 2200/2201/2104
f 2053/2144/2052 2165/2138/2046 2109/2155/2063
f 2057/2156/2064 2109/2155/2063 2056/2205/2108
f 2242/2170/2074 2241/2183/2085 2243/2192/2095
f 2066/2193/2096 2064/2184/2087 2065/2206/2109
f 2064/2184/2087 2069/2185/2088 2065/2206/2109
f 2066/2193/2096 2065/2206/2109 2067/2195/2098
f 2069/2185/2088 2078/2186/2089 2145/2207/2110
f 2186/2208/2111 2188/2209/2112 2185/2203/2106
f 2186/2208/2111 2210/2210/2113 2188/2209/2112
f 2185/2203/2106 2188/2209/2112 2184/2204/2107
f 2063/2181/2083 2078/2186/2089 2069/2185/2088
f 2078/2186/2089 2178/2211/2114 2073/2212/2115
f 2073/2212/2115 2178/2211/2114 2074/2213/2116
f 2185/2203/2106 2184/2204/2107 2183/2200/2103
f 2187/2214/2117 2189/2215/2118 2188/2209/2112
f 2188/2209/2112 2189/2215/2118 2184/2204/2107
f 2189/2215/2118 2199/2216/2119 2184/2204/2107
f 2201/2217/2120 2193/2218/2121 2189/2215/2118
f 2193/2218/2121 2191/2219/2122 2189/2215/2118
f 2192/2220/2123 2191/2219/2122 2193/2218/2121
f 2238/2221/2124 2237/2222/2125 2236/2223/2125
f 2239/2224/2126 2236/2223/2125 2237/2222/2125
s 0
f 2282/2225/2127 2283/2226/2127 2284/2227/2127
s 1
f 2128/2143/2051 2132/2228/2128 2135/2229/2129
f 2129/2149/2057 2134/2230/2130 2131/2142/2050
f 2228/2151/2059 2226/2152/2060 2227/2231/2131
f 2131/2142/2050 2134/2230/2130 2128/2143/2051
f 2054/2199/2102 2157/2232/2132 2109/2155/2063
f 2109/2155/2063 2157/2232/2132 2156/2233/2133
f 2184/2204/2107 2199/2216/2119 2200/2201/2104
f 2191/2219/2122 2190/2234/2134 2189/2215/2118
s 0
f 2281/2235/2135 2279/2236/2135 2280/2237/2135
s 1
f 2189/2215/2118 2190/2234/2134 2199/2216/2119
f 2199/2216/2119 2190/2234/2134 2195/2238/2136
f 2195/2238/2136 2190/2234/2134 2194/2239/2137
f 2197/2240/2138 2199/2216/2119 2198/2241/2139
f 2199/2216/2119 2195/2238/2136 2198/2241/2139
f 2195/2238/2136 2196/2242/2140 2198/2241/2139
f 2128/2143/2051 2134/2230/2130 2132/2228/2128
f 2227/2231/2131 2224/2243/2141 2225/2244/2142
f 2226/2152/2060 2224/2243/2141 2227/2231/2131
f 2134/2230/2130 2133/2245/2143 2132/2228/2128
f 2157/2232/2132 2158/2246/2144 2156/2233/2133
f 1999/2247/2145 1998/2248/2146 1992/2249/2147
f 1996/2250/2148 1998/2248/2146 1999/2247/2145
f 2156/2233/2133 2158/2246/2144 2159/2251/2149
f 1998/2248/2146 1993/2252/2150 1992/2249/2147
f 1995/2253/2151 2001/2254/2152 2002/2255/2153
f 1993/2252/2150 1998/2248/2146 2000/2256/2154
f 1998/2248/2146 1997/2257/2155 2000/2256/2154
f 1995/2253/2151 2003/2258/2156 1994/2259/2157
f 1995/2253/2151 2002/2255/2153 2003/2258/2156
f 1997/2257/2155 1995/2253/2151 2000/2256/2154
f 1995/2253/2151 1994/2259/2157 2000/2256/2154
f 2090/2097/2008 2168/2098/2009 2092/2260/2158
s 0
f 2269/2261/2159 2271/2262/2159 2270/2263/2159
s 1
f 2150/2264/2160 2146/2265/2161 2147/2266/2162
f 2274/2101/2012 2273/2103/2012 2272/2267/2163
f 2168/2098/2164 2171/2268/2165 2146/2265/2161
f 2168/2098/2164 2142/2105/2015 2161/2113/2023
f 2161/2113/2023 2171/2268/2165 2168/2098/2164
f 2146/2265/2161 2171/2268/2165 2147/2266/2162
f 2061/2175/2079 2076/2269/2166 2075/2270/2167
f 2061/2175/2079 2075/2270/2167 2078/2186/2089
f 2078/2186/2089 2075/2270/2167 2178/2211/2114
s 0
f 2276/2271/2168 2277/2272/2168 2278/2273/2168
s 1
f 2161/2113/2023 2144/2115/2025 2162/2274/2169
f 2171/2268/2165 2148/2275/2170 2147/2266/2162
f 2171/2268/2165 2149/2276/2171 2148/2275/2170
f 2171/2268/2165 2162/2274/2169 2179/2277/2172
f 2171/2268/2165 2179/2277/2172 2149/2276/2171
f 2144/2115/2025 2179/2277/2172 2162/2274/2169
f 2149/2276/2171 2151/2278/2173 2148/2275/2170
f 2075/2270/2167 2072/2279/2174 2178/2211/2114
f 2075/2270/2167 2071/2280/2175 2072/2279/2174
f 2071/2280/2175 2070/2281/2176 2072/2279/2174
f 2178/2211/2114 2072/2279/2174 2077/2282/2177
f 2077/2282/2177 2209/2283/2178 2178/2211/2114
f 2077/2282/2177 2208/2284/2179 2209/2283/2178
f 2301/2285/2180 2303/2286/2181 2296/2287/2182
f 2301/2285/2180 2296/2287/2182 2300/2288/2183
f 2300/2288/2183 2296/2287/2182 2298/2289/2184
f 2296/2287/2182 2295/2290/2185 2297/2291/2186
f 2297/2291/2186 2298/2289/2184 2296/2287/2182
f 2302/2292/2187 2300/2288/2183 2298/2289/2184
f 2302/2292/2187 2298/2289/2184 2299/2293/2188
f 2294/2294/2189 2293/2295/2190 2291/2296/2191
f 2294/2294/2189 2291/2296/2191 2290/2297/2192
f 2291/2296/2191 2292/2298/2193 2290/2297/2192
f 2294/2294/2189 2290/2297/2192 2288/2299/2194
f 2290/2297/2192 2286/2300/2195 2288/2299/2194
f 2289/2301/2196 2288/2299/2194 2285/2302/2197
f 2285/2302/2197 2288/2299/2194 2286/2300/2195
f 2285/2302/2197 2286/2300/2195 2287/2303/2198
f 2312/2304/2199 2311/2305/2200 2313/2306/2201
f 2308/2307/2202 2305/2308/2203 2311/2305/2200
f 2311/2305/2200 2305/2308/2203 2313/2306/2201
f 2305/2308/2203 2304/2309/2204 2313/2306/2201
f 2311/2305/2200 2306/2310/2205 2308/2307/2202
f 2306/2310/2205 2307/2311/2206 2308/2307/2202
f 2307/2311/2206 2309/2312/2207 2308/2307/2202
f 2307/2311/2206 2310/2313/2208 2309/2312/2207
f 2418/2314/2209 2419/2315/2210 2414/2316/2211
f 2370/2317/2212 2385/2318/2213 2372/2319/2214
f 2427/2320/2215 2423/2321/2216 2425/2322/2217
f 2341/2323/2218 2388/2324/2219 2340/2325/2220
f 2338/2326/2221 2340/2325/2220 2388/2324/2219
f 2342/2327/2222 2340/2325/2220 2339/2328/2223
f 2383/2329/2224 2342/2327/2222 2339/2328/2223
f 2423/2321/2216 2424/2330/2225 2425/2322/2217
f 2345/2331/2226 2344/2332/2227 2343/2333/2228
f 2356/2334/2229 2381/2335/2230 2344/2332/2227
f 2341/2323/2218 2387/2336/2231 2388/2324/2219
f 2341/2323/2218 2343/2333/2228 2387/2336/2231
f 2370/2317/2212 2372/2319/2214 2368/2337/2232
f 2369/2338/2233 2370/2317/2212 2368/2337/2232
f 2369/2338/2233 2368/2337/2232 2371/2339/2234
s 0
f 2431/2340/2235 2432/2341/2235 2433/2342/2235
s 1
f 2419/2315/2210 2416/2343/2236 2417/2344/2237
f 2419/2315/2210 2417/2344/2237 2414/2316/2211
f 2416/2343/2236 2410/2345/2238 2417/2344/2237
f 2410/2345/2238 2409/2346/2239 2417/2344/2237
f 2417/2344/2237 2409/2346/2239 2407/2347/2240
f 2374/2348/2241 2349/2349/2242 2348/2350/2243
f 2338/2326/2221 2388/2324/2219 2324/2351/2244
f 2340/2325/2220 2338/2326/2221 2339/2328/2223
f 2343/2333/2228 2344/2332/2227 2377/2352/2245
f 2377/2352/2245 2344/2332/2227 2381/2335/2230
f 2395/2353/2246 2397/2354/2246 2396/2355/2246
f 2421/2356/2247 2422/2357/2247 2420/2358/2247
f 2343/2333/2228 2377/2352/2245 2387/2336/2231
f 2387/2336/2231 2377/2352/2245 2380/2359/2248
f 2388/2324/2219 2387/2336/2231 2324/2351/2244
f 2387/2336/2231 2380/2359/2248 2324/2351/2244
f 2377/2352/2245 2319/2360/2249 2380/2359/2248
f 2380/2359/2248 2319/2360/2249 2318/2361/2250
f 2319/2360/2249 2381/2335/2230 2366/2362/2251
f 2318/2361/2250 2319/2360/2249 2314/2363/2252
f 2319/2360/2249 2366/2362/2251 2317/2364/2253
f 2314/2363/2252 2319/2360/2249 2317/2364/2253
f 2317/2364/2253 2366/2362/2251 2390/2365/2254
f 2368/2337/2232 2372/2319/2214 2379/2366/2255
f 2411/2367/2256 2412/2368/2257 2410/2345/2238
f 2412/2368/2257 2413/2369/2258 2410/2345/2238
f 2368/2337/2232 2379/2366/2255 2367/2370/2259
f 2425/2322/2217 2424/2330/2225 2426/2371/2260
f 2339/2328/2223 2338/2326/2221 2379/2366/2255
f 2338/2326/2221 2382/2372/2261 2379/2366/2255
f 2338/2326/2221 2324/2351/2244 2382/2372/2261
f 2379/2366/2255 2373/2373/2262 2367/2370/2259
f 2379/2366/2255 2382/2372/2261 2373/2373/2262
f 2333/2374/2263 2332/2375/2264 2384/2376/2265
f 2332/2375/2264 2331/2377/2266 2337/2378/2267
f 2410/2345/2238 2413/2369/2258 2409/2346/2239
f 2409/2346/2239 2408/2379/2268 2407/2347/2240
f 2332/2375/2264 2350/2380/2269 2331/2377/2266
s 0
f 2406/2381/2270 2405/2382/2270 2404/2383/2270
s 1
f 2354/2384/2271 2350/2380/2272 2375/2385/2273
f 2324/2351/2244 2325/2386/2274 2326/2387/2275
f 2324/2351/2244 2380/2359/2248 2325/2386/2274
f 2380/2359/2248 2318/2361/2250 2378/2388/2276
s 0
f 2435/2389/2277 2436/2390/2277 2434/2391/2277
s 1
f 2382/2372/2261 2324/2351/2244 2326/2387/2275
f 2382/2372/2261 2326/2387/2275 2373/2373/2262
f 2390/2365/2254 2320/2392/2278 2317/2364/2253
f 2373/2373/2262 2326/2387/2275 2394/2393/2279
f 2373/2373/2262 2394/2393/2279 2376/2394/2280
f 2394/2393/2279 2326/2387/2275 2327/2395/2281
s 0
f 2428/2396/2282 2429/2397/2282 2430/2398/2282
s 1
f 2350/2380/2272 2373/2373/2262 2375/2385/2273
f 2373/2373/2262 2376/2394/2280 2375/2385/2273
f 2320/2392/2278 2390/2365/2254 2358/2399/2283
f 2358/2399/2283 2322/2400/2284 2320/2392/2278
f 2320/2392/2278 2322/2400/2284 2321/2401/2285
f 2322/2400/2284 2365/2402/2286 2321/2401/2285
f 2375/2385/2273 2321/2401/2285 2365/2402/2286
s 0
f 2399/2403/2287 2398/2404/2287 2400/2405/2287
s 1
f 2322/2400/2284 2362/2406/2288 2364/2407/2289
f 2362/2406/2288 2389/2408/2290 2364/2407/2289
f 2348/2350/2243 2349/2349/2242 2347/2409/2291
f 2349/2349/2242 2384/2376/2265 2347/2409/2291
f 2347/2409/2291 2384/2376/2265 2346/2410/2292
f 2414/2316/2211 2417/2344/2237 2415/2411/2293
f 2332/2375/2264 2337/2378/2267 2384/2376/2265
f 2384/2376/2265 2337/2378/2267 2346/2410/2292
f 2346/2410/2292 2337/2378/2267 2336/2412/2294
f 2331/2377/2266 2354/2384/2271 2337/2378/2267
f 2337/2378/2267 2354/2384/2271 2375/2385/2273
f 2337/2378/2267 2375/2385/2273 2329/2413/2295
f 2337/2378/2267 2329/2413/2295 2336/2412/2294
f 2346/2410/2292 2336/2412/2294 2360/2414/2296
f 2360/2414/2296 2336/2412/2294 2334/2415/2297
f 2335/2416/2298 2336/2412/2294 2330/2417/2299
f 2336/2412/2294 2329/2413/2295 2330/2417/2299
f 2375/2385/2273 2328/2418/2300 2329/2413/2295
f 2328/2418/2300 2375/2385/2273 2365/2402/2286
s 0
f 2401/2419/2301 2402/2420/2301 2403/2421/2301
s 1
f 2323/2422/2302 2365/2402/2286 2364/2407/2289
f 2365/2402/2286 2322/2400/2284 2364/2407/2289
f 2357/2423/2303 2315/2424/2304 2381/2335/2230
f 2315/2424/2304 2316/2425/2305 2381/2335/2230
f 2315/2424/2304 2386/2426/2306 2316/2425/2305
f 2381/2335/2230 2316/2425/2305 2366/2362/2251
f 2390/2365/2254 2366/2362/2251 2352/2427/2307
f 2366/2362/2251 2316/2425/2305 2352/2427/2307
f 2316/2425/2305 2386/2426/2306 2351/2428/2308
f 2352/2427/2307 2316/2425/2305 2351/2428/2308
f 2390/2365/2254 2352/2427/2307 2359/2429/2309
f 2351/2428/2308 2353/2430/2310 2352/2427/2307
f 2390/2365/2254 2359/2429/2309 2358/2399/2283
f 2358/2399/2283 2359/2429/2309 2362/2406/2288
f 2352/2427/2307 2353/2430/2310 2359/2429/2309
f 2362/2406/2288 2359/2429/2309 2389/2408/2290
f 2364/2407/2289 2389/2408/2290 2391/2431/2311
f 2389/2408/2290 2359/2429/2309 2391/2431/2311
f 2359/2429/2309 2353/2430/2310 2391/2431/2311
f 2391/2431/2311 2353/2430/2310 2363/2432/2312
f 2353/2430/2310 2355/2433/2313 2363/2432/2312
f 2391/2431/2311 2361/2434/2314 2364/2407/2289
f 2363/2432/2312 2392/2435/2315 2391/2431/2311
f 2363/2432/2312 2393/2436/2316 2392/2435/2315
f 2438/2437/2317 2437/2438/2318 2442/2439/2319
f 2440/2440/2320 2437/2438/2318 2438/2437/2317
f 2439/2441/2321 2443/2442/2322 2440/2440/2320
f 2440/2440/2320 2443/2442/2322 2437/2438/2318
f 2443/2442/2322 2441/2443/2323 2437/2438/2318
f 2437/2438/2318 2441/2443/2323 2442/2439/2319
f 2445/2444/2324 2450/2445/2325 2449/2446/2326
f 2445/2444/2324 2447/2447/2327 2450/2445/2325
f 2445/2444/2324 2446/2448/2328 2447/2447/2327
f 2445/2444/2324 2444/2449/2329 2446/2448/2328
f 2445/2444/2324 2448/2450/2330 2444/2449/2329
f 2472/2451/2331 2465/2452/2332 2469/2453/2333
f 2472/2451/2331 2473/2454/2334 2465/2452/2332
f 2454/2455/2335 2465/2452/2332 2453/2456/2336
f 2473/2454/2334 2466/2457/2337 2465/2452/2332
f 2466/2457/2337 2453/2456/2336 2465/2452/2332
f 2453/2456/2336 2466/2457/2337 2467/2458/2338
f 2469/2453/2333 2465/2452/2332 2470/2459/2339
f 2470/2459/2339 2465/2452/2332 2468/2460/2340
f 2470/2459/2339 2468/2460/2340 2471/2461/2341
f 2465/2452/2332 2454/2455/2335 2468/2460/2340
f 2459/2462/2342 2456/2463/2343 2460/2464/2344
f 2455/2465/2345 2454/2455/2335 2453/2456/2336
f 2453/2456/2336 2456/2463/2343 2455/2465/2345
f 2455/2465/2345 2456/2463/2343 2459/2462/2342
f 2455/2465/2345 2459/2462/2342 2461/2466/2346
f 2473/2454/2334 2474/2467/2347 2466/2457/2337
f 2453/2456/2336 2467/2458/2338 2464/2468/2348
f 2453/2456/2336 2451/2469/2349 2456/2463/2343
f 2464/2468/2348 2451/2469/2349 2453/2456/2336
f 2456/2463/2343 2451/2469/2349 2458/2470/2350
f 2456/2463/2343 2458/2470/2350 2457/2471/2351
f 2457/2471/2351 2458/2470/2350 2462/2472/2352
f 2464/2468/2348 2452/2473/2353 2451/2469/2349
f 2464/2468/2348 2463/2474/2354 2452/2473/2353
f 2484/2475/2355 2485/2476/2356 2476/2477/2357
f 2484/2475/2355 2476/2477/2357 2481/2478/2358
f 2476/2477/2357 2487/2479/2359 2475/2480/2360
f 2481/2478/2358 2476/2477/2357 2480/2481/2361
f 2480/2481/2361 2476/2477/2357 2490/2482/2362
f 2485/2476/2356 2486/2483/2363 2476/2477/2357
f 2487/2479/2359 2476/2477/2357 2486/2483/2363
f 2493/2484/2364 2494/2485/2365 2501/2486/2366
f 2500/2487/2367 2493/2484/2364 2501/2486/2366
f 2476/2477/2357 2475/2480/2360 2490/2482/2362
f 2484/2475/2355 2481/2478/2358 2492/2488/2368
f 2506/2489/2369 2505/2490/2370 2504/2491/2371
f 2506/2489/2369 2504/2491/2371 2503/2492/2372
f 2475/2480/2360 2487/2479/2359 2477/2493/2373
f 2477/2493/2373 2487/2479/2359 2488/2494/2374
f 2478/2495/2375 2477/2493/2373 2483/2496/2376
f 2501/2486/2366 2494/2485/2365 2502/2497/2377
f 2498/2498/2378 2501/2486/2366 2502/2497/2377
f 2490/2482/2362 2475/2480/2360 2479/2499/2379
f 2498/2498/2378 2502/2497/2377 2496/2500/2380
f 2475/2480/2360 2477/2493/2373 2478/2495/2375
f 2475/2480/2360 2478/2495/2375 2479/2499/2379
f 2488/2494/2374 2483/2496/2376 2477/2493/2373
f 2478/2495/2375 2483/2496/2376 2482/2501/2381
f 2483/2496/2376 2488/2494/2374 2491/2502/2382
f 2482/2501/2381 2483/2496/2376 2489/2503/2383
f 2498/2498/2378 2496/2500/2380 2495/2504/2384
f 2495/2504/2384 2497/2505/2385 2499/2506/2386
f 2496/2500/2380 2497/2505/2385 2495/2504/2384
f 2536/2507/2387 2538/2508/2388 2534/2509/2389
f 2538/2508/2388 2528/2510/2390 2534/2509/2389
f 2528/2510/2390 2535/2511/2391 2534/2509/2389
f 2528/2510/2390 2533/2512/2392 2535/2511/2391
f 2536/2507/2387 2534/2509/2389 2537/2513/2393
f 2543/2514/2394 2534/2509/2389 2544/2515/2395
f 2537/2513/2393 2534/2509/2389 2539/2516/2396
f 2539/2516/2396 2534/2509/2389 2543/2514/2394
f 2543/2514/2394 2544/2515/2395 2542/2517/2397
f 2534/2509/2389 2535/2511/2391 2544/2515/2395
f 2544/2515/2395 2535/2511/2391 2541/2518/2398
f 2535/2511/2391 2533/2512/2392 2541/2518/2398
f 2528/2510/2390 2526/2519/2399 2525/2520/2400
f 2528/2510/2390 2525/2520/2400 2529/2521/2401
f 2528/2510/2390 2538/2508/2388 2526/2519/2399
f 2528/2510/2390 2531/2522/2402 2533/2512/2392
f 2528/2510/2390 2530/2523/2403 2531/2522/2402
f 2531/2522/2402 2540/2524/2404 2533/2512/2392
f 2531/2522/2402 2530/2523/2403 2532/2525/2405
f 2528/2510/2390 2529/2521/2401 2530/2523/2403
f 2530/2523/2403 2510/2526/2406 2520/2527/2407
f 2530/2523/2403 2520/2527/2407 2532/2525/2405
f 2525/2520/2400 2524/2528/2408 2529/2521/2401
f 2529/2521/2401 2527/2529/2409 2530/2523/2403
f 2529/2521/2401 2524/2528/2408 2527/2529/2409
f 2527/2529/2409 2510/2526/2406 2530/2523/2403
f 2527/2529/2409 2511/2530/2410 2510/2526/2406
f 2524/2528/2408 2512/2531/2411 2527/2529/2409
f 2527/2529/2409 2512/2531/2411 2511/2530/2410
f 2524/2528/2408 2523/2532/2412 2512/2531/2411
f 2523/2532/2412 2522/2533/2413 2512/2531/2411
f 2512/2531/2411 2513/2534/2414 2511/2530/2410
f 2513/2534/2414 2518/2535/2415 2516/2536/2416
f 2512/2531/2411 2515/2537/2417 2513/2534/2414
f 2512/2531/2411 2522/2533/2413 2515/2537/2417
f 2521/2538/2418 2519/2539/2419 2509/2540/2420
f 2513/2534/2414 2515/2537/2417 2514/2541/2421
f 2513/2534/2414 2514/2541/2421 2518/2535/2415
f 2514/2541/2421 2517/2542/2422 2518/2535/2415
f 2519/2539/2419 2518/2535/2415 2508/2543/2423
f 2518/2535/2415 2517/2542/2422 2508/2543/2423
f 2519/2539/2419 2508/2543/2423 2509/2540/2420
f 2509/2540/2420 2508/2543/2423 2507/2544/2424
f 2561/2545/2425 2557/2546/2426 2563/2547/2427
f 2563/2547/2427 2557/2546/2426 2562/2548/2428
f 2557/2546/2426 2561/2545/2425 2556/2549/2429
f 2557/2546/2426 2566/2550/2430 2562/2548/2428
f 2561/2545/2425 2558/2551/2431 2556/2549/2429
f 2565/2552/2432 2566/2550/2430 2559/2553/2433
f 2557/2546/2426 2564/2554/2434 2566/2550/2430
f 2566/2550/2430 2564/2554/2434 2559/2553/2433
f 2559/2553/2433 2564/2554/2434 2560/2555/2435
f 2555/2556/2436 2554/2557/2437 2552/2558/2438
f 2552/2558/2438 2554/2557/2437 2551/2559/2439
f 2565/2552/2432 2559/2553/2433 2567/2560/2440
f 2553/2561/2441 2552/2558/2438 2551/2559/2439
f 2559/2553/2433 2568/2562/2442 2567/2560/2440
f 2553/2561/2441 2551/2559/2439 2547/2563/2443
f 2553/2561/2441 2547/2563/2443 2550/2564/2444
f 2550/2564/2444 2547/2563/2443 2548/2565/2445
f 2548/2565/2445 2547/2563/2443 2549/2566/2446
f 2548/2565/2445 2549/2566/2446 2546/2567/2447
f 2548/2565/2445 2546/2567/2447 2545/2568/2448
f 2633/2569/2449 2630/2570/2450 2632/2571/2451
f 2581/2572/2452 2580/2573/2453 2582/2574/2454
f 2649/2575/2455 2652/2576/2456 2650/2577/2457
f 2654/2578/2458 2649/2575/2455 2653/2579/2459
f 2649/2575/2455 2651/2580/2460 2647/2581/2461
f 2649/2575/2455 2647/2581/2461 2653/2579/2459
f 2588/2582/2462 2614/2583/2463 2586/2584/2464
f 2588/2582/2462 2586/2584/2464 2587/2585/2465
f 2649/2575/2455 2650/2577/2457 2651/2580/2460
f 2633/2569/2449 2634/2586/2466 2624/2587/2467
f 2633/2569/2449 2624/2587/2467 2630/2570/2450
f 2652/2576/2456 2655/2588/2468 2650/2577/2457
f 2580/2573/2453 2629/2589/2469 2602/2590/2470
f 2630/2570/2450 2625/2591/2471 2580/2573/2453
f 2630/2570/2450 2580/2573/2453 2581/2572/2452
f 2614/2583/2463 2589/2592/2472 2586/2584/2464
f 2602/2590/2470 2629/2589/2469 2603/2593/2473
f 2603/2593/2473 2629/2589/2469 2601/2594/2474
f 2601/2594/2474 2629/2589/2469 2614/2583/2475
f 2651/2580/2460 2648/2595/2476 2647/2581/2461
f 2639/2596/2477 2637/2597/2478 2638/2598/2479
f 2614/2583/2475 2629/2589/2469 2583/2599/2480
f 2583/2599/2480 2596/2600/2481 2631/2601/2482
f 2638/2598/2479 2637/2597/2478 2635/2602/2483
f 2635/2602/2483 2637/2597/2478 2636/2603/2484
f 2637/2597/2478 2640/2604/2485 2636/2603/2484
f 2584/2605/2486 2585/2606/2487 2590/2607/2488
f 2590/2607/2488 2585/2606/2487 2620/2608/2489
f 2624/2587/2467 2625/2591/2471 2630/2570/2450
f 2625/2591/2471 2628/2609/2490 2580/2573/2453
f 2580/2573/2453 2598/2610/2491 2629/2589/2469
f 2580/2573/2453 2628/2609/2490 2598/2610/2491
f 2571/2611/2492 2621/2612/2493 2600/2613/2494
f 2572/2614/2495 2621/2612/2493 2571/2611/2492
f 2659/2615/2496 2660/2616/2497 2662/2617/2498
f 2628/2609/2490 2572/2614/2495 2571/2611/2492
f 2659/2615/2496 2661/2618/2499 2660/2616/2497
f 2598/2610/2491 2600/2613/2500 2579/2619/2501
f 2600/2613/2500 2578/2620/2502 2579/2619/2501
s 0
f 2657/2621/2503 2658/2622/2503 2656/2623/2503
s 1
f 2621/2612/2493 2594/2624/2504 2578/2620/2502
f 2598/2610/2491 2579/2619/2501 2629/2589/2469
f 2629/2589/2469 2579/2619/2501 2596/2600/2481
f 2629/2589/2469 2596/2600/2481 2583/2599/2480
f 2592/2625/2505 2596/2600/2481 2579/2619/2501
f 2592/2625/2505 2631/2601/2482 2596/2600/2481
f 2631/2601/2482 2592/2625/2505 2593/2626/2506
f 2631/2601/2482 2593/2626/2506 2591/2627/2507
f 2593/2626/2506 2612/2628/2508 2591/2627/2507
f 2631/2601/2482 2591/2627/2507 2584/2605/2486
f 2666/2629/2509 2667/2630/2510 2669/2631/2511
f 2578/2620/2502 2595/2632/2512 2579/2619/2501
f 2612/2628/2513 2579/2619/2501 2595/2632/2512
f 2667/2630/2510 2666/2629/2509 2668/2633/2514
s 0
f 2665/2634/2515 2664/2635/2515 2663/2636/2515
s 1
f 2585/2606/2487 2611/2637/2516 2620/2608/2489
f 2585/2606/2487 2584/2605/2486 2616/2638/2517
f 2584/2605/2486 2591/2627/2507 2616/2638/2517
f 2585/2606/2487 2616/2638/2517 2611/2637/2516
f 2591/2627/2507 2595/2632/2518 2613/2639/2519
f 2595/2632/2512 2578/2620/2502 2577/2640/2520
f 2578/2620/2502 2594/2624/2504 2577/2640/2520
f 2646/2641/2521 2645/2642/2522 2642/2643/2523
f 2645/2642/2522 2643/2644/2524 2642/2643/2523
f 2577/2640/2520 2594/2624/2504 2597/2645/2525
f 2591/2627/2507 2613/2639/2519 2616/2638/2517
f 2616/2638/2517 2609/2646/2526 2610/2647/2527
f 2616/2638/2517 2610/2647/2527 2611/2637/2516
f 2642/2643/2523 2643/2644/2524 2641/2648/2528
f 2641/2648/2528 2643/2644/2524 2644/2649/2529
f 2619/2650/2530 2623/2651/2531 2573/2652/2532
f 2626/2653/2533 2627/2654/2534 2623/2651/2531
f 2623/2651/2531 2627/2654/2534 2573/2652/2532
f 2618/2655/2535 2619/2650/2530 2572/2614/2495
f 2619/2650/2530 2573/2652/2532 2572/2614/2495
f 2621/2612/2493 2572/2614/2495 2573/2652/2532
f 2573/2652/2532 2575/2656/2536 2621/2612/2493
f 2575/2656/2536 2594/2624/2504 2621/2612/2493
f 2575/2656/2536 2573/2652/2532 2574/2657/2537
f 2574/2657/2537 2573/2652/2532 2570/2658/2538
f 2570/2658/2538 2569/2659/2539 2574/2657/2537
f 2594/2624/2504 2575/2656/2536 2576/2660/2540
f 2586/2584/2464 2589/2592/2472 2604/2661/2541
f 2590/2607/2488 2620/2608/2489 2589/2592/2472
f 2589/2592/2472 2620/2608/2489 2604/2661/2541
f 2604/2661/2541 2620/2608/2489 2599/2662/2542
f 2611/2637/2516 2607/2663/2543 2620/2608/2489
f 2620/2608/2489 2605/2664/2544 2599/2662/2542
f 2620/2608/2489 2607/2663/2543 2605/2664/2544
f 2607/2663/2543 2606/2665/2545 2605/2664/2544
f 2611/2637/2516 2617/2666/2546 2607/2663/2543
f 2611/2637/2516 2610/2647/2527 2617/2666/2546
f 2607/2663/2543 2615/2667/2547 2606/2665/2545
f 2617/2666/2546 2615/2667/2547 2607/2663/2543
f 2615/2667/2547 2608/2668/2548 2606/2665/2545
f 2617/2666/2546 2622/2669/2549 2615/2667/2547
f 2673/2670/2550 2677/2671/2551 2675/2672/2552
f 2673/2670/2550 2670/2673/2553 2677/2671/2551
f 2670/2673/2553 2672/2674/2554 2677/2671/2551
f 2672/2674/2554 2676/2675/2555 2677/2671/2551
f 2670/2673/2553 2671/2676/2556 2672/2674/2554
f 2671/2676/2556 2674/2677/2557 2672/2674/2554
f 2684/2678/2558 2686/2679/2559 2687/2680/2560
f 2686/2679/2559 2684/2678/2558 2688/2681/2561
f 2685/2682/2562 2678/2683/2563 2683/2684/2564
f 2684/2678/2558 2683/2684/2564 2688/2681/2561
f 2688/2681/2561 2683/2684/2564 2682/2685/2565
f 2683/2684/2564 2678/2683/2563 2682/2685/2565
f 2678/2683/2563 2679/2686/2566 2682/2685/2565
f 2679/2686/2566 2681/2687/2567 2682/2685/2565
f 2679/2686/2566 2680/2688/2568 2681/2687/2567
f 2696/2689/2569 2693/2690/2570 2698/2691/2571
f 2698/2691/2571 2693/2690/2570 2692/2692/2572
f 2689/2693/2573 2698/2691/2571 2692/2692/2572
f 2689/2693/2573 2692/2692/2572 2691/2694/2574
f 2689/2693/2573 2691/2694/2574 2690/2695/2575
f 2690/2695/2575 2691/2694/2574 2694/2696/2576
f 2690/2695/2575 2694/2696/2576 2697/2697/2577
f 2697/2697/2577 2694/2696/2576 2695/2698/2578
f 2701/2699/2579 2700/2700/2580 2702/2701/2581
f 2713/2702/2582 2720/2703/2583 2719/2704/2584
f 2709/2705/2585 2706/2706/2586 2707/2707/2587
f 2723/2708/2588 2707/2707/2587 2711/2709/2589
f 2700/2700/2580 2703/2710/2590 2709/2705/2585
f 2700/2700/2580 2709/2705/2585 2708/2711/2591
f 2709/2705/2585 2703/2710/2590 2704/2712/2592
f 2706/2706/2586 2709/2705/2585 2704/2712/2592
f 2705/2713/2593 2706/2706/2586 2704/2712/2592
f 2702/2701/2581 2700/2700/2580 2708/2711/2591
f 2700/2700/2580 2712/2714/2594 2699/2715/2595
f 2700/2700/2580 2701/2699/2579 2712/2714/2594
f 2723/2708/2588 2724/2716/2596 2722/2717/2597
f 2707/2707/2587 2723/2708/2588 2710/2718/2598
f 2723/2708/2588 2722/2717/2597 2710/2718/2598
f 2707/2707/2587 2710/2718/2598 2709/2705/2585
f 2725/2719/2599 2726/2720/2600 2720/2703/2583
f 2722/2717/2597 2724/2716/2596 2725/2719/2599
f 2724/2716/2596 2726/2720/2600 2725/2719/2599
f 2720/2703/2583 2713/2702/2582 2725/2719/2599
f 2713/2702/2582 2714/2721/2601 2716/2722/2602
f 2713/2702/2582 2719/2704/2584 2714/2721/2601
f 2720/2703/2583 2717/2723/2603 2719/2704/2584
f 2719/2704/2584 2717/2723/2603 2718/2724/2604
f 2714/2721/2601 2719/2704/2584 2721/2725/2605
f 2714/2721/2601 2721/2725/2605 2715/2726/2606
f 2734/2727/2607 2731/2728/2608 2730/2729/2609
f 2730/2729/2609 2731/2728/2608 2728/2730/2610
f 2731/2728/2608 2727/2731/2611 2728/2730/2610
f 2734/2727/2607 2736/2732/2612 2738/2733/2613
f 2734/2727/2607 2730/2729/2609 2736/2732/2612
f 2752/2734/2614 2734/2727/2607 2738/2733/2613
f 2731/2728/2608 2732/2735/2615 2727/2731/2611
f 2732/2735/2615 2739/2736/2616 2727/2731/2611
f 2732/2735/2615 2742/2737/2617 2739/2736/2616
f 2742/2737/2617 2744/2738/2618 2739/2736/2616
f 2739/2736/2616 2744/2738/2618 2745/2739/2619
f 2742/2737/2617 2743/2740/2620 2744/2738/2618
f 2744/2738/2618 2743/2740/2620 2746/2741/2621
f 2743/2740/2620 2747/2742/2622 2746/2741/2621
f 2747/2742/2622 2748/2743/2623 2746/2741/2621
f 2744/2738/2618 2746/2741/2621 2749/2744/2624
s 0
f 2753/2745/2625 2754/2746/2625 2755/2747/2625
s 1
f 2733/2748/2626 2728/2730/2610 2735/2749/2627
f 2730/2729/2609 2728/2730/2610 2733/2748/2626
f 2737/2750/2628 2733/2748/2626 2735/2749/2627
f 2736/2732/2612 2730/2729/2609 2733/2748/2626
f 2728/2730/2610 2727/2731/2611 2735/2749/2627
f 2735/2749/2627 2727/2731/2611 2729/2751/2629
f 2727/2731/2611 2739/2736/2616 2729/2751/2629
f 2739/2736/2616 2740/2752/2630 2729/2751/2629
f 2739/2736/2616 2745/2739/2619 2740/2752/2630
f 2745/2739/2619 2741/2753/2631 2740/2752/2630
f 2745/2739/2619 2751/2754/2632 2741/2753/2631
f 2741/2753/2631 2751/2754/2632 2750/2755/2633
f 2764/2756/2634 2756/2757/2635 2765/2758/2636
f 2767/2759/2637 2765/2758/2636 2766/2760/2638
f 2765/2758/2636 2756/2757/2635 2766/2760/2638
f 2763/2761/2639 2756/2757/2635 2764/2756/2634
f 2763/2761/2639 2762/2762/2640 2756/2757/2635
f 2756/2757/2635 2757/2763/2641 2766/2760/2638
f 2756/2757/2635 2758/2764/2642 2757/2763/2641
f 2756/2757/2635 2762/2762/2640 2758/2764/2642
f 2762/2762/2640 2761/2765/2643 2758/2764/2642
f 2758/2764/2642 2761/2765/2643 2759/2766/2644
f 2761/2765/2643 2760/2767/2645 2759/2766/2644
f 2777/2768/2646 2773/2769/2647 2771/2770/2648
f 2771/2770/2648 2774/2771/2649 2776/2772/2650
f 2785/2773/2651 2784/2774/2652 2779/2775/2653
f 2775/2776/2654 2779/2775/2653 2773/2769/2647
f 2773/2769/2647 2779/2775/2653 2769/2777/2655
f 2774/2771/2649 2771/2770/2648 2770/2778/2656
f 2771/2770/2648 2773/2769/2647 2770/2778/2656
f 2773/2769/2647 2768/2779/2657 2770/2778/2656
f 2773/2769/2647 2769/2777/2655 2768/2779/2657
f 2779/2775/2653 2780/2780/2658 2769/2777/2655
f 2779/2775/2653 2784/2774/2652 2780/2780/2658
f 2780/2780/2658 2781/2781/2659 2769/2777/2655
f 2780/2780/2658 2782/2782/2660 2781/2781/2659
f 2780/2780/2658 2784/2774/2652 2782/2782/2660
f 2781/2781/2659 2782/2782/2660 2783/2783/2661
f 2793/2784/2662 2791/2785/2663 2794/2786/2664
f 2794/2786/2664 2791/2785/2663 2792/2787/2665
f 2791/2785/2663 2788/2788/2666 2792/2787/2665
f 2792/2787/2665 2788/2788/2666 2786/2789/2667
f 2786/2789/2667 2788/2788/2666 2787/2790/2668
f 2788/2788/2666 2789/2791/2669 2787/2790/2668
f 2787/2790/2668 2789/2791/2669 2790/2792/2670
f 2774/2771/2649 2770/2778/2656 2772/2793/2671
f 2770/2778/2656 2768/2779/2657 2778/2794/2672
f 2794/2786/2664 2796/2795/2673 2793/2784/2662
f 2795/2796/2674 2796/2795/2673 2794/2786/2664
f 2908/2797/2675 2897/2798/2676 2878/2799/2677
f 2908/2797/2675 2896/2800/2678 2897/2798/2676
f 2902/2801/2679 2905/2802/2680 2896/2800/2678
f 2905/2802/2680 2899/2803/2681 2900/2804/2682
f 2900/2804/2682 2897/2798/2676 2896/2800/2678
f 2905/2802/2680 2900/2804/2682 2896/2800/2678
f 2878/2799/2677 2897/2798/2676 2877/2805/2683
f 2897/2798/2676 2903/2806/2684 2877/2805/2683
f 2897/2798/2676 2898/2807/2685 2903/2806/2684
f 2901/2808/2686 2878/2799/2677 2879/2809/2687
f 2880/2810/2688 2879/2809/2687 2878/2799/2677
f 2952/2811/2689 2953/2812/2690 2951/2813/2691
f 2904/2814/2692 2878/2799/2677 2876/2815/2693
f 2880/2810/2688 2878/2799/2677 2881/2816/2694
f 2952/2811/2689 2951/2813/2691 2949/2817/2695
f 2951/2813/2691 2950/2818/2696 2949/2817/2695
f 2881/2816/2694 2895/2819/2697 2880/2810/2688
f 2880/2810/2688 2895/2819/2697 2882/2820/2698
f 2904/2814/2699 2892/2821/2700 2893/2822/2701
f 2908/2797/2675 2878/2799/2677 2901/2808/2686
f 2878/2799/2677 2877/2805/2683 2876/2815/2693
f 2903/2806/2684 2872/2823/2702 2877/2805/2683
f 2877/2805/2683 2872/2823/2702 2876/2815/2693
f 2957/2824/2703 2961/2825/2704 2958/2826/2705
f 2895/2819/2697 2883/2827/2706 2882/2820/2698
f 2895/2819/2697 2889/2828/2707 2883/2827/2706
f 2893/2822/2701 2892/2821/2700 2895/2819/2697
f 2892/2821/2700 2891/2829/2708 2895/2819/2697
f 2961/2825/2704 2959/2830/2709 2958/2826/2705
f 2895/2819/2697 2891/2829/2708 2889/2828/2707
f 2962/2831/2710 2959/2830/2709 2960/2832/2711
f 2891/2829/2708 2894/2833/2712 2911/2834/2713
f 2962/2831/2710 2963/2835/2714 2965/2836/2715
f 2876/2815/2693 2872/2823/2702 2875/2837/2716
f 2962/2831/2710 2960/2832/2711 2963/2835/2714
f 2870/2838/2717 2875/2837/2716 2873/2839/2718
f 2870/2838/2717 2873/2839/2718 2871/2840/2719
f 2872/2823/2702 2873/2839/2718 2875/2837/2716
f 2962/2831/2710 2965/2836/2715 2964/2841/2720
f 2911/2834/2713 2913/2842/2721 2866/2843/2722
f 2907/2844/2723 2913/2842/2721 2911/2834/2713
f 2866/2843/2722 2918/2845/2724 2924/2846/2725
f 2924/2846/2725 2918/2845/2724 2914/2847/2726
f 2961/2825/2704 2960/2832/2711 2959/2830/2709
f 2891/2829/2708 2911/2834/2713 2890/2848/2727
f 2891/2829/2708 2890/2848/2727 2889/2828/2707
s 0
f 2947/2849/2728 2948/2850/2728 2946/2851/2728
s 1
f 2911/2834/2713 2866/2843/2722 2912/2852/2729
f 2866/2843/2722 2924/2846/2725 2912/2852/2729
f 2924/2846/2725 2914/2847/2726 2915/2853/2730
s 0
f 2969/2854/2731 2971/2855/2731 2970/2856/2731
s 1
f 2924/2846/2725 2915/2853/2730 2922/2857/2732
f 2915/2853/2730 2916/2858/2733 2922/2857/2732
f 2922/2857/2732 2916/2858/2733 2919/2859/2734
s 0
f 2944/2860/2735 2945/2861/2735 2943/2862/2735
s 1
f 2863/2863/2736 2856/2864/2737 2922/2857/2732
f 2884/2865/2738 2883/2827/2706 2885/2866/2739
f 2883/2827/2706 2887/2867/2740 2886/2868/2741
f 2883/2827/2706 2889/2828/2707 2921/2869/2742
f 2921/2869/2742 2887/2867/2740 2883/2827/2706
f 2860/2870/2743 2859/2871/2744 2921/2869/2745
f 2801/2872/2746 2802/2873/2747 2797/2874/2748
f 2797/2874/2748 2802/2873/2747 2798/2875/2749
f 2797/2874/2748 2798/2875/2749 2803/2876/2750
f 2921/2869/2742 2889/2828/2707 2888/2877/2751
s 0
f 2968/2878/2752 2966/2879/2752 2967/2880/2752
s 1
f 2859/2871/2744 2860/2870/2743 2861/2881/2753
f 2885/2866/2739 2883/2827/2706 2886/2868/2741
f 2827/2882/2754 2826/2883/2755 2835/2884/2756
f 2835/2884/2756 2824/2885/2757 2844/2886/2758
f 2835/2884/2756 2826/2883/2755 2824/2885/2757
f 2890/2848/2727 2912/2852/2729 2889/2828/2707
s 0
f 2940/2887/2759 2941/2888/2759 2942/2889/2759
s 1
f 2912/2852/2729 2924/2846/2725 2917/2890/2760
f 2917/2890/2760 2924/2846/2725 2865/2891/2761
f 2798/2875/2749 2802/2873/2747 2799/2892/2762
f 2861/2881/2753 2862/2893/2763 2859/2871/2744
f 2862/2893/2763 2861/2881/2753 2920/2894/2764
f 2798/2875/2749 2799/2892/2762 2800/2895/2765
f 2862/2893/2763 2920/2894/2764 2859/2871/2744
f 2859/2871/2744 2920/2894/2764 2858/2896/2766
s 0
f 2956/2897/2767 2955/2898/2767 2954/2899/2767
s 1
f 2845/2900/2768 2848/2901/2769 2846/2902/2770
f 2924/2846/2725 2922/2857/2732 2865/2891/2761
f 2922/2857/2732 2856/2864/2737 2865/2891/2761
f 2865/2891/2761 2856/2864/2737 2857/2903/2771
f 2923/2904/2772 2853/2905/2773 2856/2864/2737
f 2857/2903/2771 2856/2864/2737 2853/2905/2773
f 2920/2894/2764 2864/2906/2774 2858/2896/2766
f 2864/2906/2774 2920/2894/2764 2865/2891/2761
f 2865/2891/2761 2857/2903/2771 2864/2906/2774
f 2847/2907/2775 2846/2902/2770 2848/2901/2769
s 0
f 2972/2908/2776 2973/2909/2776 2974/2910/2776
s 1
f 2872/2823/2702 2874/2911/2777 2873/2839/2718
f 2907/2844/2723 2870/2838/2717 2906/2912/2778
f 2871/2840/2719 2906/2912/2778 2870/2838/2717
s 0
f 2818/2913/2779 2817/2914/2779 2816/2915/2779
s 1
f 2907/2844/2723 2906/2912/2778 2868/2916/2780
f 2906/2912/2778 2869/2917/2781 2868/2916/2780
f 2868/2916/2780 2867/2918/2782 2907/2844/2723
f 2907/2844/2723 2867/2918/2782 2913/2842/2721
f 2867/2918/2782 2910/2919/2783 2913/2842/2721
f 2867/2918/2782 2909/2920/2784 2910/2919/2783
f 2923/2904/2772 2855/2921/2785 2853/2905/2773
f 2847/2907/2775 2849/2922/2786 2846/2902/2770
f 2847/2907/2775 2853/2905/2773 2849/2922/2786
f 2849/2922/2786 2853/2905/2773 2850/2923/2787
f 2814/2924/2788 2812/2925/2789 2813/2926/2790
f 2814/2924/2788 2813/2926/2790 2815/2927/2791
f 2852/2928/2792 2853/2905/2773 2855/2921/2785
f 2852/2928/2792 2854/2929/2793 2850/2923/2787
f 2852/2928/2792 2850/2923/2787 2853/2905/2773
f 2808/2930/2794 2806/2931/2795 2805/2932/2796
f 2808/2930/2794 2805/2932/2796 2809/2933/2797
f 2812/2925/2789 2811/2934/2798 2810/2935/2799
f 2812/2925/2789 2810/2935/2799 2813/2926/2790
f 2807/2936/2800 2804/2937/2801 2806/2931/2795
f 2806/2931/2795 2804/2937/2801 2805/2932/2796
f 2850/2923/2787 2851/2938/2802 2849/2922/2786
f 2828/2939/2803 2840/2940/2804 2829/2941/2805
f 2829/2941/2805 2840/2940/2804 2834/2942/2806
f 2829/2941/2805 2834/2942/2806 2841/2943/2807
f 2830/2944/2808 2829/2941/2805 2832/2945/2809
f 2829/2941/2805 2841/2943/2807 2832/2945/2809
s 0
f 2938/2946/2810 2937/2947/2810 2939/2948/2810
s 1
f 2841/2943/2807 2842/2949/2811 2832/2945/2809
f 2832/2945/2809 2842/2949/2811 2833/2950/2812
f 2827/2882/2754 2840/2940/2804 2828/2939/2803
f 2840/2940/2804 2827/2882/2754 2835/2884/2756
f 2840/2940/2804 2835/2884/2756 2843/2951/2813
f 2843/2951/2813 2837/2952/2814 2840/2940/2804
s 0
f 2934/2953/2815 2935/2954/2815 2936/2955/2815
s 1
f 2840/2940/2804 2837/2952/2814 2836/2956/2816
f 2925/2957/2817 2926/2958/2818 2929/2959/2819
f 2840/2940/2804 2836/2956/2816 2842/2949/2811
f 2840/2940/2804 2842/2949/2811 2834/2942/2806
f 2933/2960/2820 2929/2959/2819 2928/2961/2821
f 2928/2961/2821 2929/2959/2819 2926/2958/2818
f 2842/2949/2811 2831/2962/2822 2833/2950/2812
f 2927/2963/2823 2925/2957/2817 2930/2964/2824
f 2930/2964/2824 2925/2957/2817 2932/2965/2825
f 2844/2886/2758 2825/2966/2826 2839/2967/2827
f 2839/2967/2827 2825/2966/2826 2838/2968/2828
f 2926/2958/2818 2925/2957/2817 2927/2963/2823
f 2932/2965/2825 2931/2969/2829 2930/2964/2824
f 2819/2970/2830 2822/2971/2831 2820/2972/2832
f 2819/2970/2830 2820/2972/2832 2821/2973/2833
f 2824/2885/2757 2825/2966/2826 2844/2886/2758
f 2824/2885/2757 2823/2974/2834 2825/2966/2826
f 2838/2968/2828 2848/2901/2769 2845/2900/2768
f 2848/2901/2769 2838/2968/2828 2823/2974/2834
f 2825/2966/2826 2823/2974/2834 2838/2968/2828
f 2975/2975/2835 2978/2976/2836 2976/2977/2837
f 2977/2978/2838 2979/2979/2839 2978/2976/2836
f 2977/2978/2838 2978/2976/2836 2975/2975/2835
f 2994/2980/2840 2992/2981/2841 2993/2982/2842
f 2996/2983/2843 2998/2984/2844 2994/2980/2840
f 2992/2981/2841 2976/2977/2837 2995/2985/2845
f 2992/2981/2841 2998/2984/2844 2976/2977/2837
f 2976/2977/2837 2998/2984/2844 2991/2986/2846
f 2994/2980/2840 2998/2984/2844 2992/2981/2841
f 2993/2982/2842 2992/2981/2841 2995/2985/2845
f 2997/2987/2847 2996/2983/2843 2994/2980/2840
f 2977/2978/2838 2986/2988/2848 2988/2989/2849
f 2976/2977/2837 2991/2986/2846 2986/2988/2848
f 2986/2988/2848 2975/2975/2835 2976/2977/2837
f 2980/2990/2850 2981/2991/2851 2979/2979/2839
f 2987/2992/2852 2983/2993/2853 2980/2990/2850
f 2987/2992/2852 2989/2994/2854 2983/2993/2853
f 2980/2990/2850 2977/2978/2838 2988/2989/2849
f 2980/2990/2850 2988/2989/2849 2987/2992/2852
f 2983/2993/2853 2981/2991/2851 2980/2990/2850
f 2983/2993/2853 2982/2995/2855 2981/2991/2851
f 2985/2996/2856 2982/2995/2855 2983/2993/2853
f 2983/2993/2853 2990/2997/2857 2985/2996/2856
f 2983/2993/2853 2989/2994/2854 2990/2997/2857
f 2981/2991/2851 2982/2995/2855 2984/2998/2858
f 2977/2978/2838 2980/2990/2850 2979/2979/2839
f 2977/2978/2838 2975/2975/2835 2986/2988/2848
f 3063/2999/2859 3058/3000/2860 3057/3001/2861
f 3068/3002/2862 3063/2999/2859 3057/3001/2861
f 3068/3002/2862 3057/3001/2861 3056/3003/2863
f 3057/3001/2861 3058/3000/2860 3062/3004/2864
f 3057/3001/2861 3062/3004/2864 3018/3005/2865
f 3065/3006/2866 3066/3007/2867 3064/3008/2868
f 3066/3007/2867 3068/3002/2862 3064/3008/2868
f 3064/3008/2868 3068/3002/2862 3056/3003/2863
f 3064/3008/2868 3056/3003/2863 3067/3009/2869
f 3067/3009/2869 3056/3003/2863 3020/3010/2870
f 3056/3003/2863 3016/3011/2871 3020/3010/2870
f 3057/3001/2861 3018/3005/2865 3056/3003/2863
f 3056/3003/2863 3018/3005/2865 3016/3011/2871
f 3020/3010/2870 3016/3011/2871 3013/3012/2872
f 3019/3013/2873 3028/3014/2874 3016/3011/2871
f 3020/3010/2870 3022/3015/2875 3025/3016/2876
f 3023/3017/2877 3022/3015/2875 3024/3018/2878
f 3022/3015/2875 3020/3010/2870 3024/3018/2878
f 3020/3010/2870 3014/3019/2879 3024/3018/2878
f 3020/3010/2870 3013/3012/2872 3014/3019/2879
f 3013/3012/2872 3030/3020/2880 3015/3021/2881
f 3013/3012/2872 3033/3022/2882 3030/3020/2880
f 3013/3012/2872 3016/3011/2871 3028/3014/2874
f 3013/3012/2872 3028/3014/2874 3027/3023/2883
f 3027/3023/2883 3033/3022/2882 3013/3012/2872
f 3027/3023/2883 3032/3024/2884 3033/3022/2882
f 3058/3000/2860 3060/3025/2885 3062/3004/2864
f 3059/3026/2886 3062/3004/2864 3021/3027/2887
f 3062/3004/2864 3061/3028/2888 3021/3027/2887
f 3018/3005/2865 3062/3004/2864 3059/3026/2886
f 3018/3005/2865 3059/3026/2886 3021/3027/2887
f 3021/3027/2887 3061/3028/2888 3050/3029/2889
f 3050/3029/2889 3017/3030/2890 3021/3027/2887
f 3018/3005/2865 3021/3027/2887 3016/3011/2871
f 3016/3011/2871 3021/3027/2887 3019/3013/2873
f 3021/3027/2887 3017/3030/2890 3019/3013/2873
f 3050/3029/2889 3051/3031/2891 3053/3032/2892
f 3017/3030/2890 3049/3033/2893 3019/3013/2873
f 3017/3030/2890 3050/3029/2889 3049/3033/2893
f 3050/3029/2889 3053/3032/2892 3049/3033/2893
f 3053/3032/2892 3052/3034/2894 3039/3035/2895
f 3053/3032/2892 3039/3035/2895 3049/3033/2893
f 3052/3034/2894 3054/3036/2896 3039/3035/2895
f 3054/3036/2896 3055/3037/2897 3037/3038/2898
f 3054/3036/2896 3037/3038/2898 3039/3035/2895
f 3049/3033/2893 3039/3035/2895 3046/3039/2899
f 3037/3038/2898 3035/3040/2900 3039/3035/2895
f 3037/3038/2898 3045/3041/2901 3035/3040/2900
f 3039/3035/2895 3035/3040/2900 3042/3042/2902
f 3045/3041/2901 3034/3043/2903 3035/3040/2900
f 3035/3040/2900 3044/3044/2904 3036/3045/2905
f 3027/3023/2883 3028/3014/2874 3032/3024/2884
f 3019/3013/2873 3032/3024/2884 3028/3014/2874
f 3033/3022/2882 3032/3024/2884 3029/3046/2906
f 3076/3047/2907 3077/3048/2908 3078/3049/2909
f 3019/3013/2873 3026/3050/2910 3032/3024/2884
f 3019/3013/2873 3049/3033/2893 3026/3050/2910
f 3047/3051/2911 3048/3052/2912 3026/3050/2910
f 3049/3033/2893 3047/3051/2911 3026/3050/2910
f 3049/3033/2893 3046/3039/2899 3047/3051/2911
f 3076/3047/2907 3075/3053/2913 3077/3048/2908
f 3075/3053/2913 3072/3054/2914 3077/3048/2908
f 3001/3055/2915 3006/3056/2916 2999/3057/2917
f 2999/3057/2917 3000/3058/2918 3001/3055/2915
f 3032/3024/2884 3031/3059/2919 3029/3046/2906
f 3000/3058/2918 3004/3060/2920 3002/3061/2921
f 3000/3058/2918 2999/3057/2917 3004/3060/2920
f 2999/3057/2917 3003/3062/2922 3004/3060/2920
f 3039/3035/2895 3042/3042/2902 3046/3039/2899
f 3042/3042/2902 3035/3040/2900 3036/3045/2905
f 3075/3053/2913 3074/3063/2923 3072/3054/2914
f 3075/3053/2913 3073/3064/2924 3074/3063/2923
f 2999/3057/2917 3006/3056/2916 3003/3062/2922
f 3074/3063/2923 3069/3065/2925 3072/3054/2914
f 3006/3056/2916 3007/3066/2926 3005/3067/2927
f 3006/3056/2916 3005/3067/2927 3003/3062/2922
f 3036/3045/2905 3044/3044/2904 3038/3068/2928
f 3036/3045/2905 3038/3068/2928 3040/3069/2929
f 3070/3070/2930 3069/3065/2925 3074/3063/2923
f 3036/3045/2905 3040/3069/2929 3041/3071/2931
f 3069/3065/2925 3070/3070/2930 3071/3072/2932
f 3040/3069/2929 3043/3073/2933 3041/3071/2931
f 3041/3071/2931 3043/3073/2933 3009/3074/2934
f 3008/3075/2935 3009/3074/2934 3012/3076/2936
f 3009/3074/2934 3010/3077/2937 3012/3076/2936
f 3009/3074/2934 3043/3073/2933 3010/3077/2937
f 3008/3075/2935 3012/3076/2936 3011/3078/2938
f 3085/3079/2939 3087/3080/2940 3084/3081/2941
f 3084/3081/2941 3087/3080/2940 3083/3082/2942
f 3089/3083/2943 3118/3084/2944 3083/3082/2942
f 3089/3083/2943 3083/3082/2942 3091/3085/2945
f 3083/3082/2942 3093/3086/2946 3091/3085/2945
f 3091/3085/2945 3093/3086/2946 3090/3087/2947
f 3110/3088/2948 3090/3087/2947 3094/3089/2949
f 3090/3087/2947 3111/3090/2950 3094/3089/2949
f 3093/3086/2946 3111/3090/2950 3090/3087/2947
f 3109/3091/2951 3087/3080/2940 3085/3079/2939
f 3087/3080/2940 3081/3092/2952 3083/3082/2942
f 3081/3092/2952 3087/3080/2940 3092/3093/2953
f 3093/3086/2946 3083/3082/2942 3086/3094/2954
s 0
f 3120/3095/2955 3121/3096/2955 3122/3097/2955
s 1
f 3088/3098/2956 3104/3099/2957 3087/3080/2940
f 3087/3080/2940 3104/3099/2957 3092/3093/2953
f 3079/3100/2958 3080/3101/2959 3081/3092/2952
f 3081/3092/2952 3080/3101/2959 3082/3102/2960
f 3083/3082/2942 3081/3092/2952 3082/3102/2960
f 3108/3103/2961 3119/3104/2962 3082/3102/2960
f 3083/3082/2942 3119/3104/2962 3086/3094/2954
f 3083/3082/2942 3082/3102/2960 3119/3104/2962
f 3086/3094/2954 3119/3104/2962 3106/3105/2963
f 3086/3094/2954 3106/3105/2963 3105/3106/2964
f 3111/3090/2950 3086/3094/2954 3112/3107/2965
f 3086/3094/2954 3105/3106/2964 3112/3107/2965
f 3126/3108/2966 3125/3109/2967 3124/3110/2968
f 3126/3108/2966 3124/3110/2968 3128/3111/2969
f 3105/3106/2964 3113/3112/2970 3112/3107/2965
f 3127/3113/2971 3126/3108/2966 3128/3111/2969
f 3125/3109/2967 3135/3114/2972 3124/3110/2968
f 3135/3114/2972 3123/3115/2973 3124/3110/2968
f 3114/3116/2974 3115/3117/2975 3116/3118/2976
f 3094/3089/2949 3111/3090/2950 3114/3116/2974
f 3111/3090/2950 3095/3119/2977 3114/3116/2974
f 3095/3119/2977 3117/3120/2978 3114/3116/2974
f 3114/3116/2974 3117/3120/2978 3115/3117/2975
f 3117/3120/2978 3095/3119/2977 3107/3121/2979
f 3111/3090/2950 3096/3122/2980 3095/3119/2977
f 3111/3090/2950 3112/3107/2965 3096/3122/2980
f 3107/3121/2979 3095/3119/2977 3098/3123/2981
f 3095/3119/2977 3099/3124/2982 3098/3123/2981
f 3100/3125/2983 3098/3123/2981 3099/3124/2982
f 3112/3107/2965 3113/3112/2970 3096/3122/2980
f 3127/3113/2971 3128/3111/2969 3131/3126/2984
f 3131/3126/2984 3128/3111/2969 3129/3127/2985
f 3131/3126/2984 3129/3127/2985 3130/3128/2986
f 3095/3119/2977 3096/3122/2980 3097/3129/2987
f 3097/3129/2987 3103/3130/2988 3095/3119/2977
f 3137/3131/2989 3129/3127/2985 3134/3132/2990
f 3129/3127/2985 3128/3111/2969 3132/3133/2991
f 3095/3119/2977 3103/3130/2988 3099/3124/2982
f 3134/3132/2990 3129/3127/2985 3133/3134/2992
f 3129/3127/2985 3136/3135/2993 3133/3134/2992
f 3129/3127/2985 3132/3133/2991 3136/3135/2993
f 3099/3124/2982 3103/3130/2988 3102/3136/2994
f 3099/3124/2982 3102/3136/2994 3101/3137/2995
f 3152/3138/2996 3151/3139/2997 3153/3140/2998
f 3146/3141/2999 3142/3142/3000 3143/3143/3001
f 3143/3143/3001 3142/3142/3000 3141/3144/3002
f 3142/3142/3000 3139/3145/3003 3141/3144/3002
f 3139/3145/3003 3142/3142/3000 3140/3146/3004
f 3169/3147/3005 3165/3148/3006 3172/3149/3007
f 3165/3148/3006 3157/3150/3008 3172/3149/3007
f 3161/3151/3009 3160/3152/3010 3159/3153/3011
f 3161/3151/3009 3159/3153/3011 3164/3154/3012
f 3159/3153/3011 3158/3155/3013 3164/3154/3012
f 3149/3156/3014 3150/3157/3015 3148/3158/3016
f 3149/3156/3014 3148/3158/3016 3140/3146/3004
f 3159/3153/3011 3157/3150/3008 3158/3155/3013
f 3157/3150/3008 3156/3159/3017 3158/3155/3013
f 3145/3160/3018 3139/3145/3003 3144/3161/3019
f 3139/3145/3003 3138/3162/3020 3144/3161/3019
f 3139/3145/3003 3140/3146/3004 3138/3162/3020
f 3152/3138/2996 3147/3163/3021 3148/3158/3016
f 3148/3158/3016 3147/3163/3021 3140/3146/3004
f 3140/3146/3004 3147/3163/3021 3138/3162/3020
f 3151/3139/2997 3148/3158/3016 3150/3157/3015
f 3151/3139/2997 3152/3138/2996 3148/3158/3016
f 3151/3139/2997 3154/3164/3022 3153/3140/2998
f 3165/3148/3006 3155/3165/3023 3157/3150/3008
f 3165/3148/3006 3162/3166/3024 3155/3165/3023
f 3155/3165/3023 3162/3166/3024 3163/3167/3025
f 3175/3168/3026 3158/3155/3013 3174/3169/3027
f 3158/3155/3013 3156/3159/3017 3174/3169/3027
f 3178/3170/3028 3175/3168/3026 3174/3169/3027
f 3157/3150/3008 3155/3165/3023 3156/3159/3017
f 3155/3165/3023 3166/3171/3029 3156/3159/3017
f 3156/3159/3017 3166/3171/3029 3174/3169/3027
f 3166/3171/3029 3171/3172/3030 3174/3169/3027
f 3168/3173/3031 3167/3174/3032 3166/3171/3029
f 3167/3174/3032 3170/3175/3033 3166/3171/3029
f 3166/3171/3029 3170/3175/3033 3171/3172/3030
s 0
f 3180/3176/3034 3181/3177/3034 3182/3178/3034
s 1
f 3174/3169/3027 3177/3179/3035 3178/3170/3028
f 3174/3169/3027 3176/3180/3036 3177/3179/3035
f 3174/3169/3027 3173/3181/3037 3176/3180/3036
f 3173/3181/3037 3179/3182/3038 3176/3180/3036
f 3183/3183/3039 3189/3184/3040 3187/3185/3041
f 3188/3186/3042 3187/3185/3041 3189/3184/3040
f 3183/3183/3039 3187/3185/3041 3186/3187/3043
f 3186/3187/3043 3184/3188/3044 3183/3183/3039
f 3190/3189/3045 3183/3183/3039 3184/3188/3044
f 3183/3183/3039 3190/3189/3045 3185/3190/3046
f 3228/3191/3047 3222/3192/3048 3226/3193/3049
f 3226/3193/3049 3222/3192/3048 3227/3194/3050
f 3227/3194/3050 3222/3192/3048 3223/3195/3051
f 3228/3191/3047 3220/3196/3052 3222/3192/3048
f 3228/3191/3047 3218/3197/3053 3220/3196/3052
f 3222/3192/3048 3220/3196/3052 3224/3198/3054
f 3223/3195/3051 3222/3192/3048 3221/3199/3055
f 3224/3198/3054 3221/3199/3055 3222/3192/3048
f 3224/3198/3054 3225/3200/3056 3221/3199/3055
f 3217/3201/3057 3213/3202/3058 3216/3203/3059
f 3217/3201/3057 3216/3203/3059 3219/3204/3060
f 3217/3201/3057 3219/3204/3060 3218/3197/3053
f 3218/3197/3053 3219/3204/3060 3220/3196/3052
f 3215/3205/3061 3216/3203/3059 3213/3202/3058
f 3215/3205/3061 3214/3206/3062 3216/3203/3059
f 3192/3207/3063 3193/3208/3064 3191/3209/3065
f 3191/3209/3065 3195/3210/3066 3196/3211/3067
f 3192/3207/3063 3191/3209/3065 3194/3212/3068
f 3191/3209/3065 3196/3211/3067 3194/3212/3068
f 3214/3206/3062 3230/3213/3069 3229/3214/3070
f 3229/3214/3070 3230/3213/3069 3208/3215/3071
f 3216/3203/3059 3214/3206/3062 3229/3214/3070
f 3216/3203/3059 3229/3214/3070 3219/3204/3060
f 3229/3214/3070 3208/3215/3071 3211/3216/3072
f 3195/3210/3066 3197/3217/3073 3196/3211/3067
f 3197/3217/3073 3198/3218/3074 3196/3211/3067
f 3208/3215/3071 3207/3219/3075 3211/3216/3072
f 3208/3215/3071 3210/3220/3076 3207/3219/3075
f 3208/3215/3071 3209/3221/3077 3210/3220/3076
f 3210/3220/3076 3212/3222/3078 3207/3219/3075
f 3206/3223/3079 3201/3224/3080 3203/3225/3081
f 3202/3226/3082 3200/3227/3083 3201/3224/3080
f 3199/3228/3084 3204/3229/3085 3200/3227/3083
f 3201/3224/3080 3200/3227/3083 3204/3229/3085
f 3201/3224/3080 3204/3229/3085 3203/3225/3081
f 3204/3229/3085 3205/3230/3086 3203/3225/3081
f 3305/3231/3087 3303/3232/3088 3306/3233/3089
f 3304/3234/3090 3307/3235/3091 3310/3236/3092
f 3304/3234/3090 3310/3236/3092 3303/3232/3088
f 3303/3232/3088 3309/3237/3093 3306/3233/3089
f 3310/3236/3092 3307/3235/3091 3308/3238/3094
f 3307/3235/3091 3327/3239/3095 3308/3238/3094
f 3303/3232/3088 3310/3236/3092 3309/3237/3093
f 3309/3237/3093 3325/3240/3096 3330/3241/3097
f 3291/3242/3098 3294/3243/3099 3293/3244/3100
f 3272/3245/3101 3273/3246/3102 3271/3247/3103
f 3270/3248/3104 3269/3249/3105 3271/3247/3103
f 3301/3250/3106 3330/3241/3097 3290/3251/3107
f 3290/3251/3107 3330/3241/3097 3289/3252/3108
f 3330/3241/3097 3276/3253/3109 3289/3252/3108
f 3330/3241/3097 3325/3240/3096 3276/3253/3109
s 0
f 3346/3254/3110 3347/3255/3110 3348/3256/3110
s 1
f 3294/3243/3099 3291/3242/3098 3290/3251/3107
f 3294/3243/3099 3290/3251/3107 3289/3252/3108
f 3289/3252/3108 3334/3257/3111 3273/3246/3102
f 3334/3257/3111 3281/3258/3112 3279/3259/3113
f 3276/3253/3109 3275/3260/3114 3334/3257/3111
f 3289/3252/3108 3276/3253/3109 3334/3257/3111
f 3334/3257/3111 3275/3260/3114 3281/3258/3112
f 3360/3261/3115 3357/3262/3116 3356/3263/3117
f 3281/3258/3112 3275/3260/3114 3274/3264/3118
f 3273/3246/3102 3334/3257/3111 3271/3247/3103
f 3334/3257/3111 3279/3259/3113 3270/3248/3104
f 3334/3257/3111 3270/3248/3104 3271/3247/3103
f 3356/3263/3117 3357/3262/3116 3355/3265/3119
f 3274/3264/3118 3332/3266/3120 3277/3267/3121
f 3270/3248/3104 3279/3259/3113 3280/3268/3122
f 3356/3263/3117 3355/3265/3119 3358/3269/3123
f 3358/3269/3123 3355/3265/3119 3359/3270/3124
f 3343/3271/3125 3341/3272/3126 3342/3273/3127
f 3341/3272/3126 3343/3271/3125 3344/3274/3128
f 3344/3274/3128 3343/3271/3125 3345/3275/3129
f 3324/3276/3130 3326/3277/3131 3302/3278/3132
f 3302/3278/3132 3326/3277/3131 3311/3279/3133
f 3310/3236/3092 3302/3278/3132 3309/3237/3093
f 3309/3237/3093 3302/3278/3132 3325/3240/3096
f 3325/3240/3096 3275/3260/3114 3276/3253/3109
f 3302/3278/3132 3311/3279/3133 3325/3240/3096
f 3325/3240/3096 3311/3279/3133 3312/3280/3134
f 3325/3240/3096 3312/3280/3134 3313/3281/3135
f 3313/3281/3135 3312/3280/3134 3314/3282/3136
f 3308/3238/3094 3327/3239/3095 3329/3283/3137
f 3327/3239/3095 3328/3284/3138 3329/3283/3137
s 0
f 3352/3285/3139 3353/3286/3139 3354/3287/3139
s 1
f 3324/3276/3130 3329/3283/3137 3326/3277/3131
f 3321/3288/3140 3319/3289/3141 3315/3290/3142
f 3275/3260/3114 3332/3266/3120 3274/3264/3118
f 3314/3282/3136 3323/3291/3143 3313/3281/3135
f 3314/3282/3136 3315/3290/3142 3323/3291/3143
f 3256/3292/3144 3235/3293/3145 3243/3294/3146
f 3277/3267/3121 3332/3266/3120 3278/3295/3147
f 3332/3266/3120 3282/3296/3148 3278/3295/3147
f 3278/3295/3147 3282/3296/3148 3283/3297/3149
f 3337/3298/3150 3278/3295/3147 3285/3299/3151
f 3278/3295/3147 3283/3297/3149 3286/3300/3152
f 3315/3290/3142 3340/3301/3153 3323/3291/3143
f 3323/3291/3143 3340/3301/3153 3331/3302/3154
f 3284/3303/3155 3283/3297/3149 3331/3302/3156
s 0
f 3349/3304/3157 3350/3305/3157 3351/3306/3157
s 1
f 3243/3294/3146 3235/3293/3145 3231/3307/3158
f 3282/3296/3148 3331/3302/3156 3283/3297/3149
f 3292/3308/3159 3291/3242/3098 3293/3244/3100
f 3293/3244/3100 3294/3243/3099 3295/3309/3160
f 3272/3245/3101 3271/3247/3103 3287/3310/3161
f 3287/3310/3161 3271/3247/3103 3288/3311/3162
f 3278/3295/3147 3338/3312/3163 3339/3313/3164
f 3266/3314/3165 3265/3315/3166 3257/3316/3167
f 3266/3314/3165 3257/3316/3167 3258/3317/3168
f 3268/3318/3169 3267/3319/3170 3260/3320/3171
f 3258/3317/3168 3257/3316/3167 3259/3321/3172
f 3268/3318/3169 3260/3320/3171 3263/3322/3173
f 3263/3322/3173 3260/3320/3171 3262/3323/3174
f 3260/3320/3171 3261/3324/3175 3262/3323/3174
f 3258/3317/3168 3259/3321/3172 3261/3324/3175
f 3258/3317/3168 3261/3324/3175 3260/3320/3171
f 3278/3295/3147 3337/3298/3150 3338/3312/3163
f 3285/3299/3151 3278/3295/3147 3286/3300/3152
f 3247/3325/3176 3243/3294/3146 3241/3326/3177
f 3241/3326/3177 3243/3294/3146 3245/3327/3178
f 3333/3328/3179 3286/3300/3152 3335/3329/3180
f 3335/3329/3180 3296/3330/3181 3297/3331/3182
f 3297/3331/3182 3296/3330/3181 3336/3332/3183
f 3333/3328/3179 3335/3329/3180 3297/3331/3182
f 3298/3333/3184 3297/3331/3182 3299/3334/3185
f 3297/3331/3182 3336/3332/3183 3299/3334/3185
f 3300/3335/3186 3298/3333/3184 3299/3334/3185
f 3286/3300/3152 3296/3330/3181 3335/3329/3180
f 3286/3300/3152 3283/3297/3149 3296/3330/3181
f 3320/3336/3187 3322/3337/3188 3321/3288/3140
f 3321/3288/3140 3322/3337/3188 3319/3289/3141
f 3315/3290/3142 3319/3289/3141 3340/3301/3153
f 3319/3289/3141 3317/3338/3189 3340/3301/3153
f 3319/3289/3141 3316/3339/3190 3317/3338/3189
f 3255/3340/3191 3238/3341/3192 3235/3293/3145
f 3317/3338/3189 3316/3339/3190 3318/3342/3193
f 3235/3293/3145 3236/3343/3194 3231/3307/3158
f 3238/3341/3192 3236/3343/3194 3235/3293/3145
f 3238/3341/3192 3249/3344/3195 3236/3343/3194
f 3249/3344/3195 3252/3345/3196 3236/3343/3194
f 3236/3343/3194 3252/3345/3196 3250/3346/3197
f 3245/3327/3178 3243/3294/3146 3231/3307/3158
f 3231/3307/3158 3232/3347/3198 3233/3348/3199
f 3236/3343/3194 3232/3347/3198 3231/3307/3158
f 3231/3307/3158 3233/3348/3199 3245/3327/3178
f 3250/3346/3197 3248/3349/3200 3236/3343/3194
f 3236/3343/3194 3248/3349/3200 3232/3347/3198
f 3248/3349/3200 3251/3350/3201 3232/3347/3198
f 3245/3327/3178 3233/3348/3199 3242/3351/3202
f 3233/3348/3199 3232/3347/3198 3234/3352/3203
f 3234/3352/3203 3237/3353/3204 3239/3354/3205
f 3232/3347/3198 3251/3350/3201 3237/3353/3204
f 3232/3347/3198 3237/3353/3204 3234/3352/3203
f 3244/3355/3206 3234/3352/3203 3239/3354/3205
f 3244/3355/3206 3239/3354/3205 3246/3356/3207
f 3246/3356/3207 3239/3354/3205 3240/3357/3208
f 3244/3355/3206 3246/3356/3207 3254/3358/3209
f 3246/3356/3207 3240/3357/3208 3253/3359/3210
f 3262/3323/3174 3264/3360/3211 3263/3322/3173
f 3409/3361/3212 3408/3362/3213 3406/3363/3214
f 3408/3362/3213 3407/3364/3215 3406/3363/3214
f 3411/3365/3216 3413/3366/3217 3410/3367/3218
f 3409/3361/3212 3406/3363/3214 3413/3366/3217
f 3413/3366/3217 3406/3363/3214 3410/3367/3218
f 3406/3363/3214 3412/3368/3219 3410/3367/3218
f 3415/3369/3220 3414/3370/3221 3416/3371/3222
f 3412/3368/3219 3401/3372/3223 3414/3370/3221
f 3412/3368/3219 3406/3363/3214 3401/3372/3223
f 3414/3370/3221 3401/3372/3223 3416/3371/3222
f 3401/3372/3223 3404/3373/3224 3416/3371/3222
f 3418/3374/3225 3405/3375/3226 3417/3376/3227
f 3416/3371/3222 3405/3375/3226 3418/3374/3225
f 3405/3375/3226 3419/3377/3228 3417/3376/3227
f 3404/3373/3224 3405/3375/3226 3416/3371/3222
f 3398/3378/3229 3371/3379/3230 3399/3380/3231
f 3399/3380/3231 3371/3379/3230 3395/3381/3232
f 3399/3380/3231 3395/3381/3232 3396/3382/3233
f 3399/3380/3231 3396/3382/3233 3397/3383/3234
f 3401/3372/3223 3372/3384/3235 3398/3378/3229
f 3402/3385/3236 3372/3384/3235 3400/3386/3237
f 3372/3384/3235 3371/3379/3230 3398/3378/3229
f 3406/3363/3214 3403/3387/3238 3401/3372/3223
f 3401/3372/3223 3403/3387/3238 3400/3386/3237
f 3401/3372/3223 3400/3386/3237 3372/3384/3235
f 3403/3387/3238 3402/3385/3236 3400/3386/3237
f 3402/3385/3236 3371/3379/3230 3372/3384/3235
f 3402/3385/3236 3364/3388/3239 3371/3379/3230
f 3364/3388/3239 3362/3389/3240 3371/3379/3230
f 3371/3379/3230 3363/3390/3241 3361/3391/3242
f 3371/3379/3230 3361/3391/3242 3366/3392/3243
f 3366/3392/3243 3361/3391/3242 3373/3393/3244
f 3366/3392/3243 3373/3393/3244 3367/3394/3245
f 3373/3393/3244 3368/3395/3246 3367/3394/3245
f 3364/3388/3239 3369/3396/3247 3362/3389/3240
f 3371/3379/3230 3362/3389/3240 3363/3390/3241
f 3362/3389/3240 3365/3397/3248 3363/3390/3241
f 3369/3396/3247 3392/3398/3249 3362/3389/3240
f 3392/3398/3249 3365/3397/3248 3362/3389/3240
f 3361/3391/3242 3370/3399/3250 3373/3393/3244
f 3391/3400/3251 3383/3401/3252 3373/3393/3244
f 3391/3400/3251 3393/3402/3253 3383/3401/3252
f 3368/3395/3246 3373/3393/3244 3374/3403/3254
f 3373/3393/3244 3383/3401/3252 3374/3403/3254
f 3383/3401/3252 3381/3404/3255 3375/3405/3256
f 3374/3403/3254 3383/3401/3252 3375/3405/3256
f 3376/3406/3257 3375/3405/3256 3377/3407/3258
f 3375/3405/3256 3381/3404/3255 3377/3407/3258
f 3381/3404/3255 3382/3408/3259 3377/3407/3258
f 3381/3404/3255 3386/3409/3260 3382/3408/3259
f 3377/3407/3258 3382/3408/3259 3378/3410/3261
f 3378/3410/3261 3382/3408/3259 3384/3411/3262
f 3378/3410/3261 3384/3411/3262 3379/3412/3263
f 3379/3412/3263 3384/3411/3262 3385/3413/3264
f 3384/3411/3262 3388/3414/3265 3385/3413/3264
f 3379/3412/3263 3385/3413/3264 3380/3415/3266
f 3385/3413/3264 3387/3416/3267 3380/3415/3266
f 3387/3416/3267 3394/3417/3268 3380/3415/3266
f 3380/3415/3266 3389/3418/3269 3390/3419/3270
f 3380/3415/3266 3394/3417/3268 3389/3418/3269
f 3421/3420/3271 3422/3421/3272 3423/3422/3273
f 3421/3420/3271 3420/3423/3274 3422/3421/3272
f 3423/3422/3273 3422/3421/3272 3425/3424/3275
f 3423/3422/3273 3425/3424/3275 3426/3425/3276
f 3423/3422/3273 3426/3425/3276 3424/3426/3277
f 3426/3425/3276 3427/3427/3278 3424/3426/3277
f 3424/3426/3277 3427/3427/3278 3428/3428/3279
f 3436/3429/3280 3435/3430/3281 3429/3431/3282
f 3435/3430/3281 3434/3432/3283 3429/3431/3282
f 3453/3433/3284 3440/3434/3285 3442/3435/3286
f 3452/3436/3287 3451/3437/3288 3450/3438/3289
f 3436/3429/3280 3429/3431/3282 3437/3439/3290
f 3437/3439/3290 3429/3431/3282 3432/3440/3291
f 3429/3431/3282 3430/3441/3292 3432/3440/3291
f 3441/3442/3293 3440/3434/3285 3431/3443/3294
f 3440/3434/3285 3438/3444/3295 3431/3443/3294
f 3432/3440/3291 3430/3441/3292 3433/3445/3296
f 3430/3441/3292 3431/3443/3294 3439/3446/3297
f 3431/3443/3294 3438/3444/3295 3439/3446/3297
f 3430/3441/3292 3439/3446/3297 3433/3445/3296
f 3440/3434/3285 3453/3433/3284 3449/3447/3298
f 3440/3434/3285 3449/3447/3298 3438/3444/3295
f 3449/3447/3298 3453/3433/3284 3450/3438/3289
f 3450/3438/3289 3446/3448/3299 3449/3447/3298
f 3446/3448/3299 3450/3438/3289 3451/3437/3288
f 3449/3447/3298 3447/3449/3300 3438/3444/3295
f 3449/3447/3298 3446/3448/3299 3447/3449/3300
f 3446/3448/3299 3443/3450/3301 3447/3449/3300
f 3446/3448/3299 3445/3451/3302 3443/3450/3301
f 3438/3444/3295 3454/3452/3303 3462/3453/3304
f 3461/3454/3305 3462/3453/3304 3458/3455/3306
f 3462/3453/3304 3454/3452/3303 3458/3455/3306
f 3454/3452/3303 3456/3456/3307 3458/3455/3306
f 3438/3444/3295 3457/3457/3308 3454/3452/3303
f 3454/3452/3303 3455/3458/3309 3456/3456/3307
f 3454/3452/3303 3457/3457/3308 3455/3458/3309
f 3447/3449/3300 3448/3459/3310 3438/3444/3295
f 3438/3444/3295 3448/3459/3310 3457/3457/3308
f 3445/3451/3302 3444/3460/3311 3443/3450/3301
f 3463/3461/3312 3461/3454/3305 3458/3455/3306
f 3464/3462/3313 3463/3461/3312 3458/3455/3306
f 3458/3455/3306 3456/3456/3307 3464/3462/3313
f 3464/3462/3313 3456/3456/3307 3459/3463/3314
f 3457/3457/3308 3460/3464/3315 3455/3458/3309
f 3492/3465/3316 3491/3466/3317 3475/3467/3318
f 3475/3467/3318 3469/3468/3319 3470/3469/3320
f 3475/3467/3318 3491/3466/3317 3469/3468/3319
f 3469/3468/3319 3467/3470/3321 3470/3469/3320
f 3491/3466/3317 3493/3471/3322 3469/3468/3319
f 3494/3472/3323 3495/3473/3324 3493/3471/3322
f 3493/3471/3322 3495/3473/3324 3469/3468/3319
f 3469/3468/3319 3474/3474/3325 3467/3470/3321
f 3474/3474/3325 3469/3468/3319 3495/3473/3324
f 3503/3475/3326 3470/3469/3320 3501/3476/3327
f 3470/3469/3320 3500/3477/3328 3501/3476/3327
f 3470/3469/3320 3467/3470/3321 3500/3477/3328
f 3481/3478/3329 3478/3479/3330 3476/3480/3331
f 3500/3477/3328 3467/3470/3321 3502/3481/3332
f 3502/3481/3332 3467/3470/3321 3478/3479/3330
f 3467/3470/3321 3474/3474/3325 3468/3482/3333
f 3468/3482/3333 3474/3474/3325 3471/3483/3334
f 3468/3482/3333 3466/3484/3335 3467/3470/3321
f 3471/3483/3334 3486/3485/3336 3485/3486/3337
f 3471/3483/3334 3485/3486/3337 3468/3482/3333
f 3488/3487/3338 3487/3488/3339 3489/3489/3340
f 3468/3482/3333 3485/3486/3337 3472/3490/3341
f 3486/3485/3336 3489/3489/3340 3485/3486/3337
f 3472/3490/3341 3473/3491/3342 3468/3482/3333
f 3468/3482/3333 3473/3491/3342 3497/3492/3343
f 3485/3486/3337 3489/3489/3340 3487/3488/3339
f 3485/3486/3337 3487/3488/3339 3472/3490/3341
f 3487/3488/3339 3504/3493/3344 3472/3490/3341
f 3504/3493/3344 3505/3494/3345 3472/3490/3341
f 3473/3491/3342 3472/3490/3341 3505/3494/3345
f 3473/3491/3342 3498/3495/3346 3497/3492/3343
f 3498/3495/3346 3473/3491/3342 3505/3494/3345
f 3467/3470/3321 3466/3484/3335 3465/3496/3347
f 3467/3470/3321 3465/3496/3347 3478/3479/3330
f 3478/3479/3330 3480/3497/3348 3477/3498/3349
f 3465/3496/3347 3480/3497/3348 3478/3479/3330
f 3476/3480/3331 3478/3479/3330 3477/3498/3349
f 3499/3499/3350 3466/3484/3335 3468/3482/3333
f 3468/3482/3333 3496/3500/3351 3499/3499/3350
f 3480/3497/3348 3479/3501/3352 3477/3498/3349
f 3496/3500/3351 3468/3482/3333 3497/3492/3343
f 3480/3497/3348 3482/3502/3353 3479/3501/3352
f 3482/3502/3353 3483/3503/3354 3479/3501/3352
f 3484/3504/3355 3483/3503/3354 3482/3502/3353
f 3484/3504/3355 3490/3505/3356 3483/3503/3354
f 3512/3506/3357 3506/3507/3358 3508/3508/3359
f 3512/3506/3357 3508/3508/3359 3511/3509/3360
f 3506/3507/3358 3507/3510/3361 3508/3508/3359
f 3507/3510/3361 3509/3511/3362 3508/3508/3359
f 3509/3511/3362 3507/3510/3361 3510/3512/3363
f 3522/3513/3364 3520/3514/3365 3524/3515/3366
f 3520/3514/3365 3525/3516/3367 3524/3515/3366
f 3521/3517/3368 3517/3518/3369 3516/3519/3370
f 3517/3518/3369 3518/3520/3371 3516/3519/3370
f 3523/3521/3372 3521/3517/3368 3522/3513/3364
f 3521/3517/3368 3520/3514/3365 3522/3513/3364
f 3520/3514/3365 3521/3517/3368 3519/3522/3373
f 3521/3517/3368 3516/3519/3370 3519/3522/3373
f 3519/3522/3373 3516/3519/3370 3514/3523/3374
f 3519/3522/3373 3514/3523/3374 3513/3524/3375
f 3514/3523/3374 3518/3520/3371 3513/3524/3375
f 3513/3524/3375 3518/3520/3371 3515/3525/3376
f 3516/3519/3370 3518/3520/3371 3514/3523/3374
f 3529/3526/3377 3530/3527/3378 3526/3528/3379
f 3528/3529/3380 3531/3530/3381 3527/3531/3382
f 3529/3526/3377 3526/3528/3379 3528/3529/3380
f 3528/3529/3380 3526/3528/3379 3531/3530/3381
f 3532/3532/3383 3537/3533/3384 3536/3534/3385
f 3532/3532/3383 3536/3534/3385 3534/3535/3386
f 3532/3532/3383 3534/3535/3386 3533/3536/3387
f 3537/3533/3384 3535/3537/3388 3536/3534/3385
f 3542/3538/3389 3540/3539/3390 3555/3540/3391
f 3541/3541/3392 3552/3542/3393 3554/3543/3394
f 3552/3542/3393 3551/3544/3395 3553/3545/3396
f 3552/3542/3393 3541/3541/3392 3556/3546/3397
f 3555/3540/3391 3541/3541/3392 3554/3543/3394
f 3540/3539/3390 3541/3541/3392 3555/3540/3391
f 3539/3547/3398 3533/3536/3387 3538/3548/3399
f 3539/3547/3398 3532/3532/3383 3533/3536/3387
f 3552/3542/3393 3556/3546/3397 3550/3549/3400
f 3552/3542/3393 3550/3549/3400 3551/3544/3395
f 3548/3550/3401 3547/3551/3402 3543/3552/3403
f 3550/3549/3400 3548/3550/3401 3551/3544/3395
f 3556/3546/3397 3549/3553/3404 3550/3549/3400
f 3543/3552/3403 3547/3551/3402 3544/3554/3405
f 3543/3552/3403 3544/3554/3405 3545/3555/3406
f 3547/3551/3402 3548/3550/3401 3546/3556/3407
f 3550/3549/3400 3546/3556/3407 3548/3550/3401
f 3558/3557/3408 3562/3558/3409 3559/3559/3410
f 3562/3558/3409 3567/3560/3411 3564/3561/3412
f 3562/3558/3409 3564/3561/3412 3559/3559/3410
f 3559/3559/3410 3564/3561/3412 3568/3562/3413
f 3567/3560/3411 3574/3563/3414 3564/3561/3412
f 3590/3564/3415 3588/3565/3416 3589/3566/3417
f 3618/3567/3418 3619/3568/3419 3596/3569/3420
f 3600/3570/3421 3598/3571/3422 3599/3572/3423
f 3619/3568/3419 3604/3573/3424 3596/3569/3420
f 3619/3568/3419 3599/3572/3423 3604/3573/3424
f 3609/3574/3425 3607/3575/3426 3608/3576/3427
f 3609/3574/3425 3617/3577/3428 3607/3575/3426
f 3611/3578/3429 3608/3576/3427 3606/3579/3430
f 3593/3580/3431 3603/3581/3432 3602/3582/3433
f 3589/3566/3417 3588/3565/3416 3593/3580/3431
f 3596/3569/3420 3595/3583/3434 3597/3584/3435
f 3602/3582/3433 3595/3583/3434 3593/3580/3431
f 3596/3569/3420 3604/3573/3424 3595/3583/3434
f 3593/3580/3431 3594/3585/3436 3616/3586/3437
f 3604/3573/3424 3594/3585/3436 3595/3583/3434
f 3593/3580/3431 3595/3583/3434 3594/3585/3436
f 3598/3571/3422 3604/3573/3424 3599/3572/3423
f 3601/3587/3438 3604/3573/3424 3598/3571/3422
f 3570/3588/3439 3569/3589/3440 3571/3590/3441
f 3590/3564/3415 3589/3566/3417 3591/3591/3442
f 3590/3564/3415 3591/3591/3442 3592/3592/3443
f 3589/3566/3417 3593/3580/3431 3616/3586/3437
s 0
f 3620/3593/3444 3622/3594/3444 3621/3595/3444
s 1
f 3617/3577/3428 3616/3586/3437 3615/3596/3445
f 3615/3596/3445 3616/3586/3437 3605/3597/3446
f 3594/3585/3436 3605/3597/3446 3616/3586/3437
f 3609/3574/3425 3610/3598/3447 3617/3577/3428
f 3615/3596/3445 3612/3599/3448 3617/3577/3428
f 3617/3577/3428 3612/3599/3448 3608/3576/3427
f 3607/3575/3426 3617/3577/3428 3608/3576/3427
f 3615/3596/3445 3605/3597/3446 3614/3600/3449
f 3608/3576/3427 3612/3599/3448 3606/3579/3430
f 3612/3599/3448 3615/3596/3445 3613/3601/3450
f 3612/3599/3448 3613/3601/3450 3606/3579/3430
f 3613/3601/3450 3615/3596/3445 3614/3600/3449
f 3571/3590/3441 3569/3589/3440 3572/3602/3451
f 3571/3590/3441 3572/3602/3451 3578/3603/3452
f 3584/3604/3453 3571/3590/3441 3578/3603/3452
f 3578/3603/3452 3572/3602/3451 3579/3605/3454
f 3558/3557/3408 3557/3606/3455 3570/3588/3439
f 3570/3588/3439 3557/3606/3455 3569/3589/3440
f 3558/3557/3408 3559/3559/3410 3557/3606/3455
f 3559/3559/3410 3561/3607/3456 3557/3606/3455
f 3569/3589/3440 3557/3606/3455 3572/3602/3451
f 3557/3606/3455 3561/3607/3456 3572/3602/3451
f 3568/3562/3413 3565/3608/3457 3559/3559/3410
f 3581/3609/3458 3565/3608/3457 3568/3562/3413
f 3582/3610/3459 3565/3608/3457 3581/3609/3458
f 3559/3559/3410 3563/3611/3460 3561/3607/3456
f 3572/3602/3451 3580/3612/3461 3579/3605/3454
f 3572/3602/3451 3561/3607/3456 3580/3612/3461
f 3559/3559/3410 3565/3608/3457 3563/3611/3460
f 3565/3608/3457 3587/3613/3462 3585/3614/3463
f 3585/3614/3463 3563/3611/3460 3565/3608/3457
f 3563/3611/3460 3585/3614/3463 3566/3615/3464
f 3561/3607/3456 3575/3616/3465 3580/3612/3461
f 3566/3615/3464 3583/3617/3466 3563/3611/3460
f 3583/3617/3466 3573/3618/3467 3563/3611/3460
f 3573/3618/3467 3561/3607/3456 3563/3611/3460
f 3575/3616/3465 3561/3607/3456 3577/3619/3468
f 3561/3607/3456 3573/3618/3467 3560/3620/3469
f 3561/3607/3456 3560/3620/3469 3577/3619/3468
f 3577/3619/3468 3560/3620/3469 3576/3621/3470
f 3560/3620/3469 3573/3618/3467 3586/3622/3471
f 3560/3620/3469 3586/3622/3471 3576/3621/3470
f 3640/3623/3472 3642/3624/3473 3643/3625/3474
f 3640/3623/3472 3639/3626/3475 3638/3627/3476
f 3640/3623/3472 3643/3625/3474 3639/3626/3475
f 3650/3628/3477 3648/3629/3478 3649/3630/3479
f 3648/3629/3478 3651/3631/3480 3649/3630/3479
f 3643/3625/3474 3644/3632/3481 3645/3633/3482
f 3652/3634/3483 3656/3635/3484 3653/3636/3485
f 3653/3636/3485 3656/3635/3484 3655/3637/3486
f 3642/3624/3473 3641/3638/3487 3643/3625/3474
f 3643/3625/3474 3641/3638/3487 3644/3632/3481
f 3652/3634/3483 3654/3639/3488 3656/3635/3484
f 3644/3632/3481 3641/3638/3487 3632/3640/3489
f 3644/3632/3481 3632/3640/3489 3646/3641/3490
f 3632/3640/3489 3647/3642/3491 3646/3641/3490
f 3630/3643/3492 3627/3644/3493 3629/3645/3494
f 3632/3640/3489 3641/3638/3487 3629/3645/3494
f 3629/3645/3494 3631/3646/3495 3632/3640/3489
f 3632/3640/3489 3637/3647/3496 3647/3642/3491
f 3627/3644/3493 3626/3648/3497 3629/3645/3494
f 3647/3642/3491 3637/3647/3496 3633/3649/3498
f 3633/3649/3498 3637/3647/3496 3634/3650/3499
f 3629/3645/3494 3626/3648/3497 3631/3646/3495
f 3627/3644/3493 3625/3651/3500 3628/3652/3501
f 3626/3648/3497 3627/3644/3493 3628/3652/3501
f 3633/3649/3498 3636/3653/3502 3635/3654/3503
f 3634/3650/3499 3636/3653/3502 3633/3649/3498
f 3627/3644/3493 3623/3655/3504 3625/3651/3500
f 3623/3655/3504 3624/3656/3505 3625/3651/3500
f 3658/3657/3506 3661/3658/3507 3660/3659/3508
f 3660/3659/3508 3657/3660/3509 3658/3657/3506
f 3660/3659/3508 3659/3661/3510 3657/3660/3509
f 3663/3662/3511 3667/3663/3512 3666/3664/3513
f 3663/3662/3511 3666/3664/3513 3665/3665/3514
f 3665/3665/3514 3662/3666/3515 3663/3662/3511
f 3663/3662/3511 3662/3666/3515 3664/3667/3516
f 3668/3668/3517 3664/3667/3516 3662/3666/3515
f 3668/3668/3517 3662/3666/3515 3670/3669/3518
f 3662/3666/3515 3669/3670/3519 3670/3669/3518
f 3662/3666/3515 3671/3671/3520 3669/3670/3519
f 3662/3666/3515 3672/3672/3521 3671/3671/3520
s 0
f 3673/3673/3522 3674/3674/3522 3675/3675/3522
s 1
f 3676/3676/3523 3678/3677/3523 3677/3678/3523
f 3682/3679/3524 3683/3680/3524 3684/3681/3524
s 0
f 3679/3682/3525 3681/3683/3525 3680/3684/3525
s 1
f 3687/3685/3526 3685/3686/3527 3686/3687/3528
f 3692/3688/3529 3693/3689/3530 3694/3690/3531
f 3694/3690/3531 3693/3689/3530 3696/3691/3532
f 3688/3692/3533 3685/3686/3527 3687/3685/3526
f 3687/3685/3526 3686/3687/3528 3689/3693/3534
f 3685/3686/3527 3690/3694/3535 3686/3687/3528
f 3686/3687/3528 3690/3694/3535 3689/3693/3534
f 3694/3690/3531 3696/3691/3532 3695/3695/3536
f 3695/3695/3536 3696/3691/3532 3697/3696/3537
f 3695/3695/3536 3697/3696/3537 3698/3697/3538
f 3689/3693/3534 3690/3694/3535 3691/3698/3539
f 3697/3696/3537 3701/3699/3540 3698/3697/3538
f 3698/3697/3538 3701/3699/3540 3699/3700/3541
f 3701/3699/3540 3700/3701/3542 3699/3700/3541
f 3706/3702/3543 3702/3703/3544 3704/3704/3545
f 3709/3705/3546 3710/3706/3547 3703/3707/3548
f 3702/3703/3544 3707/3708/3549 3703/3707/3548
f 3710/3706/3547 3702/3703/3544 3703/3707/3548
f 3702/3703/3544 3706/3702/3543 3707/3708/3549
f 3708/3709/3550 3703/3707/3548 3707/3708/3549
f 3705/3710/3551 3706/3702/3543 3704/3704/3545
f 3729/3711/3552 3735/3712/3553 3734/3713/3554
f 3735/3712/3553 3719/3714/3555 3718/3715/3556
f 3729/3711/3552 3728/3716/3557 3736/3717/3558
f 3729/3711/3552 3736/3717/3558 3735/3712/3553
f 3735/3712/3553 3736/3717/3558 3719/3714/3555
f 3736/3717/3558 3721/3718/3559 3719/3714/3555
f 3715/3719/3560 3713/3720/3561 3714/3721/3562
f 3720/3722/3563 3716/3723/3564 3713/3720/3561
f 3716/3723/3564 3718/3715/3556 3713/3720/3561
f 3713/3720/3561 3718/3715/3556 3712/3724/3565
f 3713/3720/3561 3712/3724/3565 3714/3721/3562
f 3714/3721/3562 3712/3724/3565 3711/3725/3566
f 3714/3721/3562 3711/3725/3566 3727/3726/3567
f 3722/3727/3568 3726/3728/3569 3724/3729/3570
f 3727/3726/3567 3711/3725/3566 3726/3728/3569
f 3727/3726/3567 3726/3728/3569 3722/3727/3568
f 3711/3725/3566 3733/3730/3571 3726/3728/3569
f 3712/3724/3565 3733/3730/3571 3711/3725/3566
f 3733/3730/3571 3712/3724/3565 3730/3731/3572
f 3730/3731/3572 3732/3732/3573 3733/3730/3571
f 3723/3733/3574 3726/3728/3569 3725/3734/3575
f 3724/3729/3570 3726/3728/3569 3723/3733/3574
f 3718/3715/3556 3719/3714/3555 3712/3724/3565
f 3712/3724/3565 3719/3714/3555 3717/3735/3576
f 3731/3736/3577 3730/3731/3572 3712/3724/3565
f 3753/3737/3578 3758/3738/3579 3757/3739/3580
f 3753/3737/3578 3757/3739/3580 3743/3740/3581
f 3757/3739/3580 3756/3741/3582 3743/3740/3581
f 3743/3740/3581 3756/3741/3582 3741/3742/3583
f 3743/3740/3581 3741/3742/3583 3742/3743/3584
f 3742/3743/3584 3741/3742/3583 3751/3744/3585
f 3751/3744/3585 3741/3742/3583 3745/3745/3586
f 3763/3746/3587 3762/3747/3588 3756/3741/3582
f 3756/3741/3582 3744/3748/3589 3741/3742/3583
f 3744/3748/3589 3756/3741/3582 3762/3747/3588
f 3744/3748/3589 3745/3745/3586 3741/3742/3583
f 3744/3748/3589 3746/3749/3590 3745/3745/3586
f 3745/3745/3586 3746/3749/3590 3748/3750/3591
f 3744/3748/3589 3762/3747/3588 3746/3749/3590
f 3755/3751/3592 3746/3749/3590 3762/3747/3588
f 3746/3749/3590 3755/3751/3592 3747/3752/3593
f 3752/3753/3594 3742/3743/3584 3759/3754/3595
f 3752/3753/3594 3759/3754/3595 3764/3755/3596
f 3742/3743/3584 3751/3744/3585 3759/3754/3595
f 3745/3745/3586 3760/3756/3597 3751/3744/3585
f 3759/3754/3595 3751/3744/3585 3760/3756/3597
f 3745/3745/3586 3748/3750/3591 3760/3756/3597
f 3748/3750/3591 3761/3757/3598 3760/3756/3597
f 3748/3750/3591 3746/3749/3590 3754/3758/3599
f 3748/3750/3591 3754/3758/3599 3761/3757/3598
f 3746/3749/3590 3747/3752/3593 3754/3758/3599
f 3754/3758/3599 3747/3752/3593 3749/3759/3600
f 3750/3760/3601 3749/3759/3600 3747/3752/3593
f 3750/3760/3601 3737/3761/3602 3749/3759/3600
f 3750/3760/3601 3740/3762/3603 3737/3761/3602
f 3740/3762/3603 3739/3763/3604 3738/3764/3605
f 3737/3761/3602 3740/3762/3603 3738/3764/3605
f 3800/3765/3606 3797/3766/3607 3799/3767/3608
f 3797/3766/3607 3789/3768/3609 3799/3767/3608
f 3789/3768/3609 3794/3769/3610 3799/3767/3608
f 3789/3768/3609 3787/3770/3611 3794/3769/3610
f 3798/3771/3612 3794/3769/3610 3801/3772/3613
f 3799/3767/3608 3794/3769/3610 3798/3771/3612
f 3794/3769/3610 3791/3773/3614 3795/3774/3615
f 3794/3769/3610 3787/3770/3611 3791/3773/3614
f 3795/3774/3615 3791/3773/3614 3802/3775/3616
f 3793/3776/3617 3790/3777/3618 3796/3778/3619
f 3790/3777/3618 3772/3779/3620 3792/3780/3621
f 3789/3768/3609 3769/3781/3622 3787/3770/3611
f 3773/3782/3623 3768/3783/3624 3769/3781/3622
f 3769/3781/3622 3766/3784/3625 3787/3770/3611
f 3791/3773/3614 3787/3770/3611 3765/3785/3626
f 3787/3770/3611 3766/3784/3625 3765/3785/3626
f 3769/3781/3622 3768/3783/3624 3766/3784/3625
f 3766/3784/3625 3768/3783/3624 3767/3786/3627
f 3773/3782/3623 3777/3787/3628 3768/3783/3624
f 3777/3787/3628 3776/3788/3629 3768/3783/3624
f 3776/3788/3629 3785/3789/3630 3783/3790/3631
f 3783/3790/3631 3785/3789/3630 3784/3791/3632
f 3779/3792/3633 3776/3788/3629 3783/3790/3631
f 3776/3788/3629 3779/3792/3633 3768/3783/3624
f 3766/3784/3625 3767/3786/3627 3765/3785/3626
f 3767/3786/3627 3782/3793/3634 3774/3794/3635
f 3779/3792/3633 3767/3786/3627 3768/3783/3624
f 3767/3786/3627 3779/3792/3633 3782/3793/3634
f 3793/3776/3617 3791/3773/3614 3788/3795/3636
f 3791/3773/3614 3765/3785/3626 3788/3795/3636
f 3788/3795/3636 3765/3785/3626 3771/3796/3637
f 3788/3795/3636 3771/3796/3637 3770/3797/3638
f 3765/3785/3626 3767/3786/3627 3771/3796/3637
f 3767/3786/3627 3774/3794/3635 3771/3796/3637
f 3782/3793/3634 3781/3798/3639 3774/3794/3635
f 3771/3796/3637 3774/3794/3635 3770/3797/3638
f 3770/3797/3638 3774/3794/3635 3778/3799/3640
f 3781/3798/3639 3780/3800/3641 3774/3794/3635
f 3788/3795/3636 3790/3777/3618 3793/3776/3617
f 3788/3795/3636 3770/3797/3638 3790/3777/3618
f 3774/3794/3635 3780/3800/3641 3778/3799/3640
f 3770/3797/3638 3778/3799/3640 3775/3801/3642
f 3770/3797/3638 3772/3779/3620 3790/3777/3618
f 3772/3779/3620 3770/3797/3638 3775/3801/3642
f 3807/3802/3643 3805/3803/3644 3804/3804/3645
f 3805/3803/3644 3803/3805/3646 3804/3804/3645
f 3772/3779/3620 3786/3806/3647 3792/3780/3621
f 3775/3801/3642 3786/3806/3647 3772/3779/3620
f 3806/3807/3648 3803/3805/3646 3805/3803/3644
f 3839/3808/3649 3840/3809/3650 3844/3810/3651
f 3840/3809/3650 3839/3808/3649 3841/3811/3652
f 3844/3810/3651 3840/3809/3650 3845/3812/3653
f 3830/3813/3654 3827/3814/3655 3832/3815/3656
f 3840/3809/3650 3841/3811/3652 3842/3816/3657
f 3830/3813/3654 3823/3817/3658 3827/3814/3655
f 3841/3811/3652 3843/3818/3659 3842/3816/3657
f 3827/3814/3655 3823/3817/3658 3822/3819/3660
f 3823/3817/3658 3810/3820/3661 3822/3819/3660
f 3822/3819/3660 3810/3820/3661 3825/3821/3662
f 3825/3821/3662 3810/3820/3661 3826/3822/3663
f 3825/3821/3662 3826/3822/3663 3831/3823/3664
f 3823/3817/3658 3819/3824/3665 3810/3820/3661
f 3810/3820/3661 3809/3825/3666 3826/3822/3663
f 3834/3826/3667 3833/3827/3668 3836/3828/3669
f 3836/3828/3669 3833/3827/3668 3837/3829/3670
f 3833/3827/3668 3835/3830/3671 3837/3829/3670
f 3810/3820/3661 3819/3824/3665 3809/3825/3666
f 3833/3827/3668 3838/3831/3672 3835/3830/3671
f 3809/3825/3666 3819/3824/3665 3808/3832/3673
f 3809/3825/3666 3808/3832/3673 3813/3833/3674
f 3819/3824/3665 3820/3834/3675 3808/3832/3673
f 3808/3832/3673 3812/3835/3676 3813/3833/3674
f 3820/3834/3675 3824/3836/3677 3808/3832/3673
f 3824/3836/3677 3811/3837/3678 3808/3832/3673
f 3812/3835/3676 3808/3832/3673 3816/3838/3679
f 3808/3832/3673 3815/3839/3680 3816/3838/3679
f 3824/3836/3677 3821/3840/3681 3811/3837/3678
f 3811/3837/3678 3814/3841/3682 3815/3839/3680
f 3811/3837/3678 3815/3839/3680 3808/3832/3673
f 3821/3840/3681 3817/3842/3683 3811/3837/3678
f 3811/3837/3678 3817/3842/3683 3814/3841/3682
f 3821/3840/3681 3828/3843/3684 3817/3842/3683
f 3814/3841/3682 3817/3842/3683 3818/3844/3685
f 3828/3843/3684 3829/3845/3686 3817/3842/3683
f 3849/3846/3687 3848/3847/3688 3850/3848/3689
f 3849/3846/3687 3850/3848/3689 3846/3849/3690
f 3849/3846/3687 3846/3849/3690 3847/3850/3691
f 3851/3851/3692 3850/3848/3689 3848/3847/3688
f 3851/3851/3692 3846/3849/3690 3850/3848/3689
s 0
f 3852/3852/3693 3854/3853/3693 3853/3854/3693
s 1
f 3879/3855/3694 3881/3856/3695 3880/3857/3696
f 3881/3856/3695 3874/3858/3697 3880/3857/3696
f 3876/3859/3698 3872/3860/3699 3865/3861/3700
f 3870/3862/3701 3873/3863/3702 3875/3864/3703
f 3876/3859/3698 3865/3861/3700 3870/3862/3701
f 3873/3863/3702 3870/3862/3701 3871/3865/3704
f 3863/3866/3705 3872/3860/3699 3874/3858/3697
f 3881/3856/3695 3877/3867/3706 3874/3858/3697
f 3874/3858/3697 3877/3867/3706 3863/3866/3705
f 3872/3860/3699 3863/3866/3705 3865/3861/3700
f 3863/3866/3705 3855/3868/3707 3865/3861/3700
f 3866/3869/3708 3863/3866/3705 3877/3867/3706
f 3866/3869/3708 3861/3870/3709 3863/3866/3705
f 3866/3869/3708 3864/3871/3710 3861/3870/3709
f 3863/3866/3705 3861/3870/3709 3856/3872/3711
f 3863/3866/3705 3856/3872/3711 3855/3868/3707
f 3861/3870/3709 3860/3873/3712 3856/3872/3711
f 3884/3874/3713 3882/3875/3714 3883/3876/3715
f 3883/3876/3715 3882/3875/3714 3885/3877/3716
f 3885/3877/3716 3882/3875/3714 3886/3878/3717
f 3894/3879/3718 3898/3880/3719 3899/3881/3720
f 3896/3882/3721 3899/3881/3720 3898/3880/3719
f 3898/3880/3719 3885/3877/3716 3896/3882/3721
f 3885/3877/3716 3886/3878/3717 3896/3882/3721
f 3886/3878/3717 3893/3883/3722 3896/3882/3721
f 3861/3870/3709 3864/3871/3710 3862/3884/3723
f 3861/3870/3709 3862/3884/3723 3860/3873/3712
f 3856/3872/3711 3860/3873/3712 3857/3885/3724
f 3870/3862/3701 3865/3861/3700 3855/3868/3707
f 3870/3862/3701 3855/3868/3707 3867/3886/3725
f 3870/3862/3701 3868/3887/3726 3871/3865/3704
f 3870/3862/3701 3867/3886/3725 3868/3887/3726
f 3855/3868/3707 3856/3872/3711 3858/3888/3727
f 3858/3888/3727 3856/3872/3711 3857/3885/3724
f 3855/3868/3707 3858/3888/3727 3867/3886/3725
f 3867/3886/3725 3858/3888/3727 3869/3889/3728
f 3869/3889/3728 3868/3887/3726 3867/3886/3725
f 3868/3887/3726 3869/3889/3728 3878/3890/3729
f 3906/3891/3730 3902/3892/3731 3904/3893/3732
f 3888/3894/3733 3895/3895/3734 3891/3896/3735
f 3886/3878/3717 3882/3875/3714 3888/3894/3733
f 3889/3897/3736 3890/3898/3737 3886/3878/3717
f 3888/3894/3733 3891/3896/3735 3886/3878/3717
f 3886/3878/3717 3891/3896/3735 3889/3897/3736
f 3889/3897/3736 3887/3899/3738 3901/3900/3739
f 3891/3896/3735 3887/3899/3738 3889/3897/3736
f 3859/3901/3740 3858/3888/3727 3857/3885/3724
f 3905/3902/3741 3897/3903/3742 3900/3904/3743
f 3897/3903/3742 3893/3883/3722 3886/3878/3717
f 3886/3878/3717 3892/3905/3744 3897/3903/3742
f 3897/3903/3742 3892/3905/3744 3900/3904/3743
f 3900/3904/3743 3892/3905/3744 3903/3906/3745
f 3892/3905/3744 3886/3878/3717 3890/3898/3737
f 3902/3892/3731 3901/3900/3739 3904/3893/3732
f 3903/3906/3745 3892/3905/3744 3890/3898/3737
f 3889/3897/3736 3901/3900/3739 3902/3892/3731
f 3943/3907/3746 3948/3908/3747 3941/3909/3748
f 3914/3910/3749 3913/3911/3750 3912/3912/3751
f 3937/3913/3752 3935/3914/3753 3934/3915/3754
f 3912/3912/3751 3913/3911/3750 3911/3916/3755
f 3925/3917/3756 3918/3918/3757 3923/3919/3758
f 3918/3918/3757 3917/3920/3759 3923/3919/3758
f 3943/3907/3746 3941/3909/3748 3942/3921/3760
f 3943/3907/3746 3942/3921/3760 3945/3922/3761
f 3938/3923/3762 3937/3913/3752 3941/3909/3748
f 3937/3913/3752 3939/3924/3763 3941/3909/3748
f 3941/3909/3748 3940/3925/3764 3942/3921/3760
f 3942/3921/3760 3940/3925/3764 3944/3926/3765
f 3945/3922/3761 3944/3926/3765 3947/3927/3766
f 3945/3922/3761 3942/3921/3760 3944/3926/3765
f 3941/3909/3748 3939/3924/3763 3940/3925/3764
f 3940/3925/3764 3949/3928/3767 3944/3926/3765
f 3911/3916/3755 3913/3911/3750 3907/3929/3768
f 3937/3913/3752 3934/3915/3754 3939/3924/3763
f 3934/3915/3754 3936/3930/3769 3939/3924/3763
f 3911/3916/3755 3907/3929/3768 3909/3931/3770
f 3932/3932/3771 3928/3933/3772 3929/3934/3773
f 3927/3935/3774 3930/3936/3775 3926/3937/3776
f 3926/3937/3776 3930/3936/3775 3928/3933/3772
f 3928/3933/3772 3930/3936/3775 3929/3934/3773
f 3939/3924/3763 3936/3930/3769 3946/3938/3777
f 3909/3931/3770 3908/3939/3778 3910/3940/3779
f 3909/3931/3770 3907/3929/3768 3908/3939/3778
f 3930/3936/3775 3931/3941/3780 3929/3934/3773
f 3933/3942/3781 3930/3936/3775 3927/3935/3774
f 3917/3920/3759 3924/3943/3782 3923/3919/3758
f 3917/3920/3759 3915/3944/3783 3924/3943/3782
f 3916/3945/3784 3922/3946/3785 3915/3944/3783
f 3924/3943/3782 3915/3944/3783 3922/3946/3785
f 3916/3945/3784 3919/3947/3786 3922/3946/3785
f 3919/3947/3786 3920/3948/3787 3921/3949/3788
f 3919/3947/3786 3921/3949/3788 3922/3946/3785
f 3982/3950/3789 3981/3951/3790 3969/3952/3791
f 3969/3952/3791 3963/3953/3792 3966/3954/3793
f 3980/3955/3794 3979/3956/3795 3966/3954/3793
f 3969/3952/3791 3981/3951/3790 3963/3953/3792
f 3981/3951/3790 3991/3957/3796 3992/3958/3797
f 3963/3953/3792 3981/3951/3790 3992/3958/3797
f 3966/3954/3793 3963/3953/3792 3962/3959/3798
f 3961/3960/3799 3963/3953/3792 3992/3958/3797
f 3963/3953/3792 3961/3960/3799 3960/3961/3800
f 3963/3953/3792 3960/3961/3800 3962/3959/3798
f 3993/3962/3801 3959/3963/3802 3957/3964/3803
f 3957/3964/3803 3959/3963/3802 3953/3965/3804
f 3957/3964/3803 3953/3965/3804 3954/3966/3805
f 3958/3967/3806 3954/3966/3805 3950/3968/3807
f 3954/3966/3805 3951/3969/3808 3950/3968/3807
f 3961/3960/3799 3958/3967/3806 3960/3961/3800
f 3960/3961/3800 3956/3970/3809 3962/3959/3798
f 3960/3961/3800 3958/3967/3806 3956/3970/3809
f 3956/3970/3809 3958/3967/3806 3950/3968/3807
f 3980/3955/3794 3966/3954/3793 3965/3971/3810
f 3980/3955/3794 3965/3971/3810 3968/3972/3811
f 3966/3954/3793 3962/3959/3798 3965/3971/3810
f 3965/3971/3810 3962/3959/3798 3955/3973/3812
f 3962/3959/3798 3956/3970/3809 3955/3973/3812
f 3956/3970/3809 3950/3968/3807 3955/3973/3812
f 3955/3973/3812 3950/3968/3807 3964/3974/3813
s 0
f 3995/3975/3814 3994/3976/3814 3996/3977/3814
s 1
f 3987/3978/3815 3952/3979/3816 3953/3965/3804
f 3954/3966/3805 3953/3965/3804 3952/3979/3816
f 3952/3979/3816 3967/3980/3817 3951/3969/3808
f 3954/3966/3805 3952/3979/3816 3951/3969/3808
f 3951/3969/3808 3975/3981/3818 3950/3968/3807
f 3951/3969/3808 3967/3980/3817 3984/3982/3819
f 3951/3969/3808 3984/3982/3819 3975/3981/3818
f 3984/3982/3819 3988/3983/3820 3975/3981/3818
f 3984/3982/3819 3977/3984/3821 3988/3983/3820
f 3988/3983/3820 3974/3985/3822 3975/3981/3818
f 3975/3981/3818 3974/3985/3822 3973/3986/3823
f 3988/3983/3820 3990/3987/3824 3976/3988/3825
f 3976/3988/3825 3989/3989/3826 3974/3985/3822
f 3988/3983/3820 3976/3988/3825 3974/3985/3822
f 3989/3989/3826 3985/3990/3827 3983/3991/3828
f 3989/3989/3826 3983/3991/3828 3974/3985/3822
f 3950/3968/3807 3975/3981/3818 3978/3992/3829
f 3950/3968/3807 3978/3992/3829 3964/3974/3813
f 3978/3992/3829 3973/3986/3823 3964/3974/3813
f 3978/3992/3829 3975/3981/3818 3973/3986/3823
f 3973/3986/3823 3974/3985/3822 3972/3993/3830
f 3972/3993/3830 3986/3994/3831 3971/3995/3832
f 3964/3974/3813 3973/3986/3823 3970/3996/3833
f 3973/3986/3823 3972/3993/3830 3970/3996/3833
f 3970/3996/3833 3972/3993/3830 3971/3995/3832
f 3974/3985/3822 3983/3991/3828 3986/3994/3831
f 3974/3985/3822 3986/3994/3831 3972/3993/3830
f 3999/3997/3834 3997/3998/3835 4000/3999/3836
f 3997/3998/3835 3998/4000/3837 4000/3999/3836
f 4034/4001/3838 4036/4002/3839 4032/4003/3840
f 4034/4001/3838 4032/4003/3840 4033/4004/3841
f 4001/4005/3842 4006/4006/3843 4002/4007/3844
f 4006/4006/3843 4004/4008/3845 4003/4009/3846
f 4004/4008/3845 4033/4004/3841 4031/4010/3847
f 4033/4004/3841 4004/4008/3845 4038/4011/3848
f 4038/4011/3848 4004/4008/3845 4037/4012/3849
f 4033/4004/3841 4032/4003/3840 4031/4010/3847
f 4040/4013/3850 4030/4014/3851 4035/4015/3852
f 4018/4016/3853 4019/4017/3854 4016/4018/3855
f 4018/4016/3853 4016/4018/3855 4015/4019/3856
f 4030/4014/3851 4039/4020/3857 4029/4021/3858
f 4002/4007/3844 4003/4009/3846 4005/4022/3859
f 4006/4006/3843 4003/4009/3846 4002/4007/3844
f 4003/4009/3846 4007/4023/3860 4005/4022/3859
f 4005/4022/3859 4007/4023/3860 4008/4024/3861
f 4007/4023/3860 4024/4025/3862 4008/4024/3861
f 4007/4023/3860 4003/4009/3846 4028/4026/3863
f 4009/4027/3864 4012/4028/3865 4007/4023/3860
f 4007/4023/3860 4012/4028/3865 4024/4025/3862
f 4029/4021/3858 4028/4026/3863 4027/4029/3866
f 4032/4003/3840 4035/4015/3852 4027/4029/3866
f 4035/4015/3852 4030/4014/3851 4027/4029/3866
f 4032/4003/3840 4027/4029/3866 4031/4010/3847
f 4030/4014/3851 4029/4021/3858 4027/4029/3866
f 4004/4008/3845 4031/4010/3847 4003/4009/3846
f 4031/4010/3847 4027/4029/3866 4003/4009/3846
f 4003/4009/3846 4027/4029/3866 4028/4026/3863
f 4015/4019/3856 4011/4030/3867 4010/4031/3868
f 4015/4019/3856 4016/4018/3855 4011/4030/3867
f 4017/4032/3869 4014/4033/3870 4016/4018/3855
f 4010/4031/3868 4011/4030/3867 4009/4027/3864
f 4009/4027/3864 4011/4030/3867 4012/4028/3865
f 4007/4023/3860 4028/4026/3863 4029/4021/3858
f 4016/4018/3855 4014/4033/3870 4011/4030/3867
f 4023/4034/3871 4025/4035/3872 4020/4036/3873
f 4011/4030/3867 4021/4037/3874 4012/4028/3865
f 4011/4030/3867 4014/4033/3870 4021/4037/3874
f 4021/4037/3874 4014/4033/3870 4013/4038/3875
f 4017/4032/3869 4023/4034/3871 4020/4036/3873
f 4017/4032/3869 4020/4036/3873 4014/4033/3870
f 4022/4039/3876 4024/4025/3862 4012/4028/3865
f 4022/4039/3876 4012/4028/3865 4021/4037/3874
f 4021/4037/3874 4013/4038/3875 4026/4040/3877
f 4041/4041/3878 4042/4042/3879 4043/4043/3880
f 4042/4042/3879 4044/4044/3881 4043/4043/3880
s 0
f 4045/4045/3882 4046/4046/3882 4047/4047/3882
s 1
f 4049/4048/3883 4048/4049/3884 4051/4050/3884
f 4050/4051/3885 4051/4050/3884 4048/4049/3884
s 0
f 4054/4052/3886 4052/4053/3886 4053/4054/3886
s 1
f 4058/4055/3887 4059/4056/3887 4060/4057/3887
s 0
f 4055/4058/3888 4056/4059/3888 4057/4060/3888
s 1
f 4066/4061/3889 4067/4062/3890 4063/4063/3891
f 4067/4062/3890 4062/4064/3892 4063/4063/3891
f 4062/4064/3892 4068/4065/3893 4063/4063/3891
f 4063/4063/3891 4061/4066/3894 4064/4067/3895
f 4063/4063/3891 4068/4065/3893 4061/4066/3894
f 4068/4065/3893 4073/4068/3896 4061/4066/3894
f 4073/4068/3896 4070/4069/3897 4061/4066/3894
f 4061/4066/3894 4069/4070/3898 4065/4071/3899
f 4061/4066/3894 4070/4069/3897 4069/4070/3898
f 4064/4067/3895 4061/4066/3894 4065/4071/3899
f 4074/4072/3900 4075/4073/3901 4072/4074/3902
f 4073/4068/3896 4074/4072/3900 4072/4074/3902
f 4073/4068/3896 4072/4074/3902 4070/4069/3897
f 4098/4075/3903 4089/4076/3904 4095/4077/3905
f 4089/4076/3904 4098/4075/3903 4099/4078/3906
f 4099/4078/3906 4084/4079/3907 4089/4076/3904
f 4089/4076/3904 4084/4079/3907 4087/4080/3908
f 4099/4078/3906 4088/4081/3909 4084/4079/3907
f 4088/4081/3909 4092/4082/3910 4084/4079/3907
f 4084/4079/3907 4092/4082/3910 4085/4083/3911
f 4092/4082/3910 4091/4084/3912 4085/4083/3911
f 4069/4070/3898 4070/4069/3897 4071/4085/3913
f 4087/4080/3908 4084/4079/3907 4085/4083/3911
f 4091/4084/3912 4086/4086/3914 4085/4083/3911
f 4091/4084/3912 4090/4087/3915 4086/4086/3914
f 4090/4087/3915 4093/4088/3916 4097/4089/3917
f 4090/4087/3915 4096/4090/3918 4093/4088/3916
f 4086/4086/3914 4090/4087/3915 4097/4089/3917
f 4086/4086/3914 4094/4091/3919 4085/4083/3911
f 4094/4091/3919 4097/4089/3917 4100/4092/3920
f 4086/4086/3914 4097/4089/3917 4094/4091/3919
f 4083/4093/3921 4082/4094/3922 4081/4095/3923
f 4079/4096/3924 4081/4095/3923 4080/4097/3925
f 4078/4098/3926 4079/4096/3924 4077/4099/3927
f 4077/4099/3927 4076/4100/3928 4078/4098/3926
f 4093/4088/3916 4079/4096/3924 4097/4089/3917
f 4079/4096/3924 4093/4088/3916 4083/4093/3921
f 4081/4095/3923 4079/4096/3924 4083/4093/3921
f 4078/4098/3926 4097/4089/3917 4079/4096/3924
f 4208/4101/3929 4206/4102/3930 4207/4103/3931
f 4206/4102/3930 4232/4104/3932 4205/4105/3933
f 4232/4104/3932 4211/4106/3934 4205/4105/3933
f 4207/4103/3931 4205/4105/3933 4204/4107/3935
f 4206/4102/3930 4205/4105/3933 4207/4103/3931
f 4204/4107/3935 4205/4105/3933 4272/4108/3936
f 4205/4105/3933 4211/4106/3934 4249/4109/3937
f 4205/4105/3933 4249/4109/3937 4272/4108/3936
f 4272/4108/3936 4249/4109/3937 4226/4110/3938
f 4273/4111/3939 4243/4112/3940 4236/4113/3941
f 4273/4111/3939 4236/4113/3941 4235/4114/3942
f 4243/4112/3940 4244/4115/3943 4236/4113/3941
f 4351/4116/3944 4352/4117/3945 4349/4118/3946
f 4349/4118/3946 4352/4117/3945 4350/4119/3947
f 4351/4116/3944 4353/4120/3948 4352/4117/3945
f 4184/4121/3949 4271/4122/3950 4183/4123/3951
f 4271/4122/3950 4239/4124/3952 4183/4123/3951
f 4248/4125/3953 4252/4126/3954 4175/4127/3955
f 4175/4127/3955 4176/4128/3956 4177/4129/3957
f 4176/4128/3956 4175/4127/3955 4179/4130/3958
f 4252/4126/3954 4141/4131/3959 4179/4130/3958
f 4252/4126/3954 4179/4130/3958 4175/4127/3955
f 4252/4126/3954 4174/4132/3960 4141/4131/3959
f 4347/4133/3961 4345/4134/3962 4346/4135/3963
f 4347/4133/3961 4348/4136/3964 4345/4134/3962
f 4179/4130/3958 4141/4131/3959 4198/4137/3965
f 4236/4113/3941 4247/4138/3966 4235/4114/3942
f 4235/4114/3942 4247/4138/3966 4140/4139/3967
f 4140/4139/3967 4247/4138/3966 4227/4140/3968
f 4211/4106/3934 4179/4130/3958 4249/4109/3937
f 4249/4109/3937 4179/4130/3958 4198/4137/3965
f 4198/4137/3965 4226/4110/3938 4249/4109/3937
f 4198/4137/3965 4199/4141/3969 4226/4110/3938
f 4141/4131/3959 4167/4142/3970 4198/4137/3965
f 4141/4131/3959 4165/4143/3971 4167/4142/3970
f 4141/4131/3959 4140/4139/3967 4165/4143/3971
f 4140/4139/3967 4180/4144/3972 4165/4143/3971
f 4293/4145/3973 4291/4146/3974 4292/4147/3975
f 4140/4139/3967 4139/4148/3976 4180/4144/3972
f 4140/4139/3967 4227/4140/3968 4139/4148/3976
f 4139/4148/3976 4227/4140/3968 4158/4149/3977
f 4183/4123/3951 4247/4138/3966 4182/4150/3978
f 4350/4119/3947 4354/4151/3979 4349/4118/3946
f 4227/4140/3968 4247/4138/3966 4156/4152/3980
f 4247/4138/3966 4274/4153/3981 4156/4152/3980
f 4183/4123/3951 4239/4124/3952 4247/4138/3966
f 4271/4122/3950 4163/4154/3982 4239/4124/3952
f 4247/4138/3966 4239/4124/3952 4263/4155/3983
f 4305/4156/3984 4303/4157/3985 4304/4158/3986
s 0
f 4288/4159/3987 4289/4160/3987 4290/4161/3987
s 1
f 4156/4152/3980 4274/4153/3981 4143/4162/3988
f 4227/4140/3968 4143/4162/3988 4142/4163/3989
f 4143/4162/3988 4274/4153/3981 4142/4163/3989
f 4274/4153/3981 4196/4164/3990 4142/4163/3989
f 4247/4138/3966 4263/4155/3983 4274/4153/3981
f 4274/4153/3981 4152/4165/3991 4196/4164/3990
f 4203/4166/3992 4204/4107/3935 4209/4167/3993
f 4272/4108/3936 4210/4168/3994 4204/4107/3935
f 4204/4107/3935 4210/4168/3994 4209/4167/3993
f 4210/4168/3994 4272/4108/3936 4202/4169/3995
f 4210/4168/3994 4202/4169/3995 4209/4167/3993
f 4203/4166/3992 4209/4167/3993 4201/4170/3996
f 4209/4167/3993 4202/4169/3995 4237/4171/3997
f 4209/4167/3993 4237/4171/3997 4212/4172/3998
s 0
f 4340/4173/3999 4341/4174/3999 4339/4175/3999
s 1
f 4272/4108/3936 4226/4110/3938 4237/4171/4000
f 4201/4170/3996 4209/4167/3993 4212/4172/3998
s 0
f 4344/4176/4001 4342/4177/4001 4343/4178/4001
s 1
f 4120/4179/4002 4119/4180/4003 4121/4181/4004
f 4167/4142/3970 4165/4143/3971 4166/4182/4005
f 4293/4145/3973 4292/4147/3975 4294/4183/4006
f 4165/4143/3971 4171/4184/4007 4166/4182/4005
f 4292/4147/3975 4295/4185/4008 4294/4183/4006
f 4158/4149/3977 4227/4140/3968 4142/4163/3989
f 4212/4172/3998 4237/4171/3997 4231/4186/4009
f 4201/4170/3996 4212/4172/3998 4234/4187/4010
f 4234/4187/4010 4212/4172/3998 4221/4188/4011
f 4212/4172/3998 4231/4186/4009 4221/4188/4011
s 0
f 4336/4189/4012 4337/4190/4012 4338/4191/4012
f 4334/4192/4013 4335/4193/4013 4333/4194/4013
s 1
f 4221/4188/4011 4231/4186/4009 4267/4195/4014
f 4267/4195/4014 4214/4196/4015 4213/4197/4016
f 4234/4187/4017 4267/4195/4014 4251/4198/4018
f 4267/4195/4014 4224/4199/4019 4251/4198/4018
f 4267/4195/4014 4220/4200/4020 4224/4199/4019
f 4267/4195/4014 4213/4197/4016 4220/4200/4020
f 4199/4141/3969 4231/4186/4009 4237/4171/3997
f 4119/4180/4003 4118/4201/4021 4121/4181/4004
f 4199/4141/3969 4200/4202/4022 4231/4186/4009
f 4199/4141/3969 4198/4137/3965 4200/4202/4022
f 4121/4181/4004 4118/4201/4021 4117/4203/4023
s 0
f 4330/4204/4024 4331/4205/4024 4332/4206/4024
s 1
f 4117/4203/4023 4118/4201/4021 4115/4207/4025
f 4166/4182/4005 4240/4208/4026 4168/4209/4027
f 4171/4184/4007 4233/4210/4028 4166/4182/4005
f 4240/4208/4026 4166/4182/4005 4233/4210/4028
f 4117/4203/4023 4115/4207/4025 4116/4211/4029
f 4168/4209/4027 4240/4208/4026 4169/4212/4030
f 4233/4210/4028 4135/4213/4031 4240/4208/4026
f 4231/4186/4009 4214/4196/4015 4267/4195/4014
f 4158/4149/3977 4142/4163/3989 4270/4214/4032
f 4158/4149/3977 4270/4214/4032 4171/4184/4007
f 4233/4210/4028 4171/4184/4007 4270/4214/4032
f 4270/4214/4032 4142/4163/3989 4138/4215/4033
f 4129/4216/4034 4125/4217/4035 4124/4218/4036
f 4142/4163/3989 4196/4164/3990 4261/4219/4037
f 4261/4219/4037 4196/4164/3990 4241/4220/4038
f 4196/4164/3990 4225/4221/4039 4241/4220/4038
f 4233/4210/4028 4270/4214/4032 4135/4213/4031
f 4125/4217/4035 4133/4222/4040 4124/4218/4036
f 4135/4213/4031 4270/4214/4032 4134/4223/4041
f 4270/4214/4032 4138/4215/4033 4134/4223/4041
f 4329/4224/4042 4327/4225/4042 4328/4226/4042
s 0
f 4309/4227/4043 4307/4228/4043 4308/4229/4043
s 1
f 4225/4221/4039 4230/4230/4044 4149/4231/4045
f 4213/4197/4016 4214/4196/4015 4220/4200/4020
f 4169/4212/4030 4240/4208/4026 4242/4232/4046
f 4116/4211/4029 4115/4207/4025 4114/4233/4047
f 4240/4208/4026 4135/4213/4031 4242/4232/4046
f 4135/4213/4031 4228/4234/4048 4242/4232/4046
f 4220/4200/4020 4214/4196/4015 4217/4235/4049
f 4115/4207/4025 4113/4236/4050 4114/4233/4047
f 4169/4212/4030 4242/4232/4046 4250/4237/4051
f 4282/4238/4052 4281/4239/4053 4280/4240/4054
f 4135/4213/4031 4136/4241/4055 4228/4234/4048
f 4275/4242/4056 4278/4243/4057 4277/4244/4056
f 4133/4222/4040 4131/4245/4058 4124/4218/4036
f 4133/4222/4040 4123/4246/4059 4131/4245/4058
f 4241/4220/4038 4146/4247/4060 4148/4248/4061
f 4241/4220/4038 4230/4230/4044 4146/4247/4060
s 0
f 4324/4249/4062 4325/4250/4062 4326/4251/4062
s 1
f 4195/4252/4063 4146/4247/4060 4194/4253/4064
f 4123/4246/4059 4122/4254/4065 4131/4245/4058
f 4146/4247/4060 4147/4255/4066 4194/4253/4064
f 4241/4220/4038 4149/4231/4045 4230/4230/4044
f 4146/4247/4060 4230/4230/4044 4147/4255/4066
f 4275/4242/4056 4277/4244/4056 4276/4256/4067
f 4318/4257/4068 4319/4258/4069 4317/4259/4070
f 4315/4260/4071 4316/4261/4072 4319/4258/4069
f 4147/4255/4066 4230/4230/4044 4185/4262/4073
f 4316/4261/4072 4317/4259/4070 4319/4258/4069
f 4185/4262/4073 4230/4230/4044 4269/4263/4074
f 4185/4262/4073 4269/4263/4074 4186/4264/4075
f 4173/4265/4076 4162/4266/4077 4163/4154/3982
f 4239/4124/3952 4170/4267/4078 4164/4268/4079
f 4239/4124/3952 4163/4154/3982 4170/4267/4078
f 4163/4154/3982 4153/4269/4080 4170/4267/4078
f 4163/4154/3982 4162/4266/4077 4153/4269/4080
f 4274/4153/3981 4263/4155/3983 4170/4267/4078
f 4303/4157/3985 4306/4270/4081 4304/4158/3986
f 4170/4267/4078 4152/4165/3991 4274/4153/3981
f 4296/4271/4082 4298/4272/4083 4299/4273/4084
f 4170/4267/4078 4151/4274/4085 4152/4165/3991
f 4296/4271/4082 4297/4275/4086 4298/4272/4083
f 4170/4267/4078 4153/4269/4080 4150/4276/4087
f 4151/4274/4085 4170/4267/4078 4150/4276/4087
f 4162/4266/4077 4154/4277/4088 4153/4269/4080
f 4154/4277/4088 4155/4278/4089 4153/4269/4080
f 4151/4274/4085 4150/4276/4087 4144/4279/4090
f 4153/4269/4080 4155/4278/4089 4266/4280/4091
s 0
f 4300/4281/4092 4301/4282/4092 4302/4283/4092
s 1
f 4266/4280/4091 4155/4278/4089 4172/4284/4093
f 4155/4278/4089 4181/4285/4094 4172/4284/4093
f 4172/4284/4093 4145/4286/4095 4266/4280/4091
f 4196/4164/3990 4144/4279/4090 4225/4221/4039
f 4150/4276/4087 4225/4221/4039 4144/4279/4090
f 4150/4276/4087 4266/4280/4091 4225/4221/4039
f 4225/4221/4039 4266/4280/4091 4223/4287/4096
f 4266/4280/4091 4145/4286/4095 4223/4287/4096
f 4230/4230/4044 4225/4221/4039 4223/4287/4096
f 4230/4230/4044 4197/4288/4097 4269/4263/4074
f 4314/4289/4098 4310/4290/4099 4312/4291/4100
f 4159/4292/4101 4223/4287/4096 4157/4293/4102
f 4314/4289/4098 4313/4294/4103 4310/4290/4099
f 4310/4290/4099 4313/4294/4103 4311/4295/4104
f 4159/4292/4101 4161/4296/4105 4160/4297/4106
f 4197/4288/4097 4160/4297/4106 4161/4296/4105
f 4159/4292/4101 4157/4293/4102 4161/4296/4105
f 4223/4287/4096 4145/4286/4095 4157/4293/4102
f 4224/4199/4019 4220/4200/4020 4217/4235/4049
f 4229/4298/4107 4224/4199/4019 4215/4299/4108
f 4229/4298/4107 4215/4299/4108 4218/4300/4109
f 4224/4199/4019 4217/4235/4049 4215/4299/4108
f 4229/4298/4107 4218/4300/4109 4219/4301/4110
f 4250/4237/4051 4242/4232/4046 4262/4302/4111
f 4178/4303/4112 4262/4302/4111 4242/4232/4046
f 4178/4303/4112 4253/4304/4113 4262/4302/4111
f 4228/4234/4048 4137/4305/4114 4253/4304/4113
f 4281/4239/4053 4279/4306/4115 4280/4240/4054
f 4114/4233/4047 4113/4236/4050 4111/4307/4116
f 4112/4308/4117 4111/4307/4116 4113/4236/4050
f 4217/4235/4049 4216/4309/4118 4215/4299/4108
f 4262/4302/4111 4253/4304/4113 4254/4310/4119
f 4283/4311/4120 4284/4312/4121 4286/4313/4122
f 4262/4302/4111 4254/4310/4119 4259/4314/4123
f 4254/4310/4119 4255/4315/4124 4256/4316/4125
f 4254/4310/4119 4256/4316/4125 4259/4314/4123
f 4126/4317/4126 4127/4318/4127 4122/4254/4065
f 4186/4264/4075 4269/4263/4074 4222/4319/4128
f 4228/4234/4048 4136/4241/4055 4137/4305/4114
f 4131/4245/4058 4127/4318/4127 4130/4320/4129
f 4122/4254/4065 4127/4318/4127 4131/4245/4058
f 4127/4318/4127 4132/4321/4130 4130/4320/4129
f 4126/4317/4126 4128/4322/4131 4127/4318/4127
f 4193/4323/4132 4222/4319/4128 4190/4324/4133
f 4222/4319/4128 4269/4263/4074 4190/4324/4133
f 4190/4324/4133 4187/4325/4134 4238/4326/4135
f 4190/4324/4133 4269/4263/4074 4187/4325/4134
f 4284/4312/4121 4287/4327/4136 4286/4313/4122
f 4284/4312/4121 4285/4328/4137 4287/4327/4136
f 4268/4329/4138 4265/4330/4139 4255/4315/4124
f 4111/4307/4116 4109/4331/4140 4108/4332/4141
f 4111/4307/4116 4112/4308/4117 4109/4331/4140
f 4108/4332/4141 4109/4331/4140 4110/4333/4142
f 4259/4314/4123 4260/4334/4143 4264/4335/4144
f 4259/4314/4123 4256/4316/4125 4260/4334/4143
f 4105/4336/4145 4103/4337/4146 4104/4338/4147
f 4193/4323/4132 4190/4324/4133 4191/4339/4148
f 4190/4324/4133 4238/4326/4135 4191/4339/4148
f 4255/4315/4124 4265/4330/4139 4256/4316/4125
f 4265/4330/4139 4257/4340/4149 4256/4316/4125
f 4103/4337/4146 4101/4341/4150 4102/4342/4151
f 4103/4337/4146 4102/4342/4151 4104/4338/4147
f 4187/4325/4134 4189/4343/4152 4238/4326/4135
f 4187/4325/4134 4188/4344/4153 4189/4343/4152
f 4238/4326/4135 4189/4343/4152 4245/4345/4154
f 4245/4345/4154 4189/4343/4152 4246/4346/4155
f 4101/4341/4150 4107/4347/4156 4102/4342/4151
f 4256/4316/4125 4257/4340/4149 4258/4348/4157
f 4106/4349/4158 4107/4347/4156 4101/4341/4150
f 4320/4350/4159 4321/4351/4160 4322/4352/4161
f 4320/4350/4159 4323/4353/4162 4321/4351/4160
f 4269/4263/4074 4192/4354/4163 4187/4325/4134
f 4415/4355/4164 4405/4356/4165 4402/4357/4166
f 4405/4356/4165 4401/4358/4167 4402/4357/4166
f 4437/4359/4168 4438/4360/4169 4419/4361/4170
f 4436/4362/4171 4428/4363/4172 4438/4360/4169
f 4435/4364/4173 4428/4363/4172 4436/4362/4171
f 4428/4363/4172 4420/4365/4174 4438/4360/4169
f 4438/4360/4169 4420/4365/4174 4413/4366/4175
f 4438/4360/4169 4413/4366/4175 4419/4361/4170
f 4428/4363/4172 4425/4367/4176 4420/4365/4174
f 4419/4361/4170 4413/4366/4175 4411/4368/4177
f 4411/4368/4177 4413/4366/4175 4410/4369/4178
f 4405/4356/4165 4406/4370/4179 4401/4358/4167
f 4413/4366/4175 4420/4365/4174 4404/4371/4180
f 4413/4366/4175 4404/4371/4180 4398/4372/4181
f 4413/4366/4175 4398/4372/4181 4410/4369/4178
f 4410/4369/4178 4398/4372/4181 4399/4373/4182
f 4404/4371/4180 4400/4374/4183 4398/4372/4181
f 4425/4367/4176 4423/4375/4184 4420/4365/4174
f 4421/4376/4185 4424/4377/4186 4425/4367/4176
f 4425/4367/4176 4424/4377/4186 4423/4375/4184
f 4421/4376/4185 4422/4378/4187 4424/4377/4186
f 4450/4379/4188 4449/4380/4189 4448/4381/4190
f 4449/4380/4189 4447/4382/4191 4448/4381/4190
f 4398/4372/4181 4400/4374/4183 4387/4383/4192
f 4448/4381/4190 4447/4382/4191 4446/4384/4193
f 4422/4378/4187 4426/4385/4194 4424/4377/4186
f 4422/4378/4187 4427/4386/4195 4426/4385/4194
f 4446/4384/4193 4447/4382/4191 4445/4387/4196
f 4388/4388/4197 4400/4374/4183 4389/4389/4198
f 4424/4377/4186 4426/4385/4194 4423/4375/4184
f 4400/4374/4183 4390/4390/4199 4389/4389/4198
f 4400/4374/4183 4414/4391/4200 4390/4390/4199
f 4407/4392/4201 4416/4393/4202 4418/4394/4203
f 4402/4357/4166 4396/4395/4204 4407/4392/4201
f 4402/4357/4166 4401/4358/4167 4396/4395/4204
f 4407/4392/4201 4396/4395/4204 4416/4393/4202
f 4398/4372/4181 4387/4383/4192 4399/4373/4182
f 4399/4373/4182 4387/4383/4192 4397/4396/4205
f 4401/4358/4167 4399/4373/4182 4396/4395/4204
f 4396/4395/4204 4399/4373/4182 4397/4396/4205
f 4396/4395/4204 4397/4396/4205 4416/4393/4202
f 4416/4393/4202 4397/4396/4205 4417/4397/4206
f 4453/4398/4207 4459/4399/4208 4457/4400/4209
f 4387/4383/4192 4409/4401/4210 4397/4396/4205
f 4457/4400/4209 4452/4402/4211 4453/4398/4207
f 4452/4402/4211 4451/4403/4212 4453/4398/4207
f 4452/4402/4211 4456/4404/4213 4451/4403/4212
f 4451/4403/4212 4456/4404/4213 4458/4405/4214
f 4456/4404/4213 4455/4406/4215 4458/4405/4214
f 4456/4404/4213 4454/4407/4216 4455/4406/4215
f 4397/4396/4205 4368/4408/4217 4417/4397/4206
f 4412/4409/4218 4417/4397/4206 4368/4408/4217
f 4397/4396/4205 4409/4401/4210 4368/4408/4217
f 4412/4409/4218 4368/4408/4217 4366/4410/4219
f 4366/4410/4219 4368/4408/4217 4365/4411/4220
f 4368/4408/4217 4367/4412/4221 4365/4411/4220
f 4358/4413/4222 4362/4414/4223 4359/4415/4224
f 4367/4412/4221 4371/4416/4225 4372/4417/4226
f 4367/4412/4221 4372/4417/4226 4370/4418/4227
f 4409/4401/4210 4393/4419/4228 4403/4420/4229
f 4362/4414/4223 4358/4413/4222 4360/4421/4230
f 4377/4422/4231 4380/4423/4232 4374/4424/4233
f 4380/4423/4232 4369/4425/4234 4374/4424/4233
f 4386/4426/4235 4381/4427/4236 4380/4423/4232
f 4381/4427/4236 4365/4411/4220 4369/4425/4234
f 4381/4427/4236 4369/4425/4234 4380/4423/4232
f 4386/4426/4235 4365/4411/4220 4381/4427/4236
f 4374/4424/4233 4369/4425/4234 4373/4428/4237
f 4365/4411/4220 4370/4418/4227 4369/4425/4234
f 4365/4411/4220 4367/4412/4221 4370/4418/4227
f 4369/4425/4234 4370/4418/4227 4373/4428/4237
f 4372/4417/4226 4379/4429/4238 4370/4418/4227
f 4370/4418/4227 4379/4429/4238 4375/4430/4239
f 4370/4418/4227 4375/4430/4239 4373/4428/4237
f 4409/4401/4210 4387/4383/4192 4393/4419/4228
f 4387/4383/4192 4388/4388/4197 4393/4419/4228
f 4362/4414/4223 4360/4421/4230 4364/4431/4240
f 4387/4383/4192 4400/4374/4183 4388/4388/4197
f 4389/4389/4198 4392/4432/4241 4388/4388/4197
f 4393/4419/4228 4388/4388/4197 4395/4433/4242
f 4358/4413/4222 4357/4434/4243 4360/4421/4230
f 4357/4434/4243 4361/4435/4244 4360/4421/4230
f 4357/4434/4243 4363/4436/4245 4361/4435/4244
f 4371/4416/4225 4378/4437/4246 4379/4429/4238
f 4378/4437/4246 4376/4438/4247 4379/4429/4238
f 4363/4436/4245 4356/4439/4248 4361/4435/4244
f 4363/4436/4245 4355/4440/4249 4356/4439/4248
f 4384/4441/4250 4383/4442/4251 4385/4443/4252
f 4372/4417/4226 4371/4416/4225 4379/4429/4238
f 4379/4429/4238 4376/4438/4247 4384/4441/4250
f 4379/4429/4238 4384/4441/4250 4382/4444/4253
f 4384/4441/4250 4385/4443/4252 4382/4444/4253
f 4426/4385/4194 4431/4445/4254 4429/4446/4255
f 4427/4386/4195 4432/4447/4256 4426/4385/4194
f 4446/4384/4193 4445/4387/4196 4444/4448/4257
f 4414/4391/4200 4408/4449/4258 4390/4390/4199
f 4389/4389/4198 4390/4390/4199 4391/4450/4259
f 4444/4448/4257 4445/4387/4196 4443/4451/4260
f 4431/4445/4254 4426/4385/4194 4432/4447/4256
f 4432/4447/4256 4439/4452/4261 4433/4453/4262
f 4432/4447/4256 4433/4453/4262 4431/4445/4254
f 4434/4454/4263 4431/4445/4254 4433/4453/4262
f 4444/4448/4257 4443/4451/4260 4440/4455/4264
f 4431/4445/4254 4430/4456/4265 4429/4446/4255
f 4440/4455/4264 4443/4451/4260 4442/4457/4266
f 4442/4457/4266 4441/4458/4267 4440/4455/4264
f 4388/4388/4197 4392/4432/4241 4394/4459/4268
f 4388/4388/4197 4394/4459/4268 4395/4433/4242
f 4472/4460/4269 4469/4461/4270 4470/4462/4271
f 4471/4463/4272 4469/4461/4270 4472/4460/4269
f 4470/4462/4271 4469/4461/4270 4475/4464/4273
f 4464/4465/4274 4460/4466/4275 4461/4467/4276
f 4475/4464/4273 4469/4461/4270 4474/4468/4277
f 4473/4469/4278 4474/4468/4277 4469/4461/4270
f 4460/4466/4275 4463/4470/4279 4461/4467/4276
f 4461/4467/4276 4463/4470/4279 4462/4471/4280
f 4490/4472/4281 4489/4473/4282 4477/4474/4283
f 4489/4473/4282 4476/4475/4284 4477/4474/4283
f 4465/4476/4285 4466/4477/4285 4467/4478/4286
f 4489/4473/4282 4488/4479/4287 4476/4475/4284
f 4466/4477/4285 4465/4476/4285 4468/4480/4288
f 4488/4479/4287 4486/4481/4289 4476/4475/4284
f 4486/4481/4289 4491/4482/4290 4476/4475/4284
f 4486/4481/4289 4487/4483/4291 4491/4482/4290
f 4487/4483/4291 4485/4484/4292 4491/4482/4290
f 4487/4483/4291 4484/4485/4293 4485/4484/4292
f 4484/4485/4293 4483/4486/4294 4485/4484/4292
f 4484/4485/4293 4478/4487/4295 4483/4486/4294
f 4479/4488/4296 4480/4489/4297 4481/4490/4298
f 4478/4487/4295 4482/4491/4299 4483/4486/4294
f 4481/4490/4298 4482/4491/4299 4478/4487/4295
f 4481/4490/4298 4480/4489/4297 4482/4491/4299
f 4498/4492/4300 4494/4493/4301 4493/4494/4302
f 4498/4492/4300 4493/4494/4302 4497/4495/4303
f 4497/4495/4303 4493/4494/4302 4499/4496/4304
f 4528/4497/4305 4527/4498/4306 4526/4499/4307
f 4527/4498/4306 4529/4500/4308 4530/4501/4309
f 4527/4498/4306 4530/4501/4309 4526/4499/4307
f 4526/4499/4307 4530/4501/4309 4525/4502/4310
f 4508/4503/4311 4506/4504/4312 4504/4505/4313
f 4505/4506/4314 4508/4503/4311 4504/4505/4313
f 4504/4505/4313 4502/4507/4315 4505/4506/4314
f 4502/4507/4315 4503/4508/4316 4505/4506/4314
f 4505/4506/4314 4503/4508/4316 4517/4509/4317
f 4517/4509/4317 4503/4508/4316 4514/4510/4318
f 4515/4511/4319 4517/4509/4317 4514/4510/4318
f 4532/4512/4320 4528/4497/4305 4531/4513/4321
f 4501/4514/4322 4495/4515/4323 4496/4516/4324
f 4533/4517/4325 4532/4512/4320 4531/4513/4321
f 4495/4515/4323 4494/4493/4301 4496/4516/4324
f 4528/4497/4305 4526/4499/4307 4531/4513/4321
f 4495/4515/4323 4492/4518/4326 4493/4494/4302
f 4494/4493/4301 4495/4515/4323 4493/4494/4302
f 4492/4518/4326 4500/4519/4327 4493/4494/4302
f 4526/4499/4307 4525/4502/4310 4524/4520/4328
f 4525/4502/4310 4523/4521/4329 4524/4520/4328
f 4507/4522/4330 4509/4523/4331 4510/4524/4332
f 4507/4522/4330 4510/4524/4332 4504/4505/4313
f 4502/4507/4315 4504/4505/4313 4510/4524/4332
f 4510/4524/4332 4511/4525/4333 4502/4507/4315
f 4514/4510/4318 4512/4526/4334 4515/4511/4319
f 4514/4510/4318 4513/4527/4335 4512/4526/4334
f 4515/4511/4319 4516/4528/4336 4520/4529/4337
f 4515/4511/4319 4512/4526/4334 4516/4528/4336
f 4520/4529/4337 4516/4528/4336 4522/4530/4338
f 4515/4511/4319 4520/4529/4337 4519/4531/4339
f 4519/4531/4339 4520/4529/4337 4521/4532/4340
f 4515/4511/4319 4519/4531/4339 4518/4533/4341
f 4538/4534/4342 4539/4535/4343 4536/4536/4344
f 4539/4535/4343 4540/4537/4345 4537/4538/4346
f 4536/4536/4344 4539/4535/4343 4537/4538/4346
f 4536/4536/4344 4537/4538/4346 4534/4539/4347
f 4534/4539/4347 4537/4538/4346 4535/4540/4348
f 4549/4541/4349 4547/4542/4350 4548/4543/4351
f 4549/4541/4349 4546/4544/4352 4547/4542/4350
f 4548/4543/4351 4547/4542/4350 4550/4545/4353
f 4543/4546/4354 4544/4547/4355 4545/4548/4356
f 4543/4546/4354 4541/4549/4357 4544/4547/4355
f 4541/4549/4357 4542/4550/4358 4544/4547/4355
f 4580/4551/4359 4586/4552/4360 4585/4553/4361
f 4577/4554/4362 4580/4551/4359 4585/4553/4361
f 4577/4554/4362 4585/4553/4361 4578/4555/4363
f 4585/4553/4361 4579/4556/4364 4578/4555/4363
f 4596/4557/4365 4589/4558/4366 4594/4559/4367
f 4595/4560/4368 4588/4561/4369 4596/4557/4365
f 4596/4557/4365 4588/4561/4369 4589/4558/4366
f 4582/4562/4370 4578/4555/4363 4579/4556/4364
f 4590/4563/4371 4587/4564/4372 4588/4561/4369
f 4582/4562/4370 4579/4556/4364 4581/4565/4373
f 4579/4556/4364 4583/4566/4374 4581/4565/4373
f 4588/4561/4369 4587/4564/4372 4589/4558/4366
f 4566/4567/4375 4563/4568/4376 4576/4569/4377
f 4576/4569/4377 4563/4568/4376 4553/4570/4378
f 4596/4557/4365 4594/4559/4367 4597/4571/4379
f 4597/4571/4379 4601/4572/4380 4600/4573/4381
f 4597/4571/4379 4594/4559/4367 4601/4572/4380
f 4600/4573/4381 4601/4572/4380 4593/4574/4382
f 4599/4575/4383 4592/4576/4384 4598/4577/4385
f 4598/4577/4385 4592/4576/4384 4591/4578/4386
f 4591/4578/4386 4603/4579/4387 4598/4577/4385
f 4589/4558/4366 4601/4572/4380 4594/4559/4367
f 4593/4574/4382 4601/4572/4380 4592/4576/4384
f 4559/4580/4388 4576/4569/4377 4558/4581/4389
f 4581/4565/4373 4583/4566/4374 4584/4582/4390
f 4592/4576/4384 4601/4572/4380 4591/4578/4386
f 4576/4569/4377 4553/4570/4378 4558/4581/4389
f 4558/4581/4389 4557/4583/4391 4551/4584/4392
f 4558/4581/4389 4553/4570/4378 4557/4583/4391
f 4563/4568/4376 4564/4585/4393 4553/4570/4378
f 4565/4586/4394 4562/4587/4395 4564/4585/4393
f 4562/4587/4395 4554/4588/4396 4564/4585/4393
f 4564/4585/4393 4554/4588/4396 4555/4589/4397
f 4562/4587/4395 4560/4590/4398 4554/4588/4396
f 4556/4591/4399 4560/4590/4398 4571/4592/4400
f 4553/4570/4378 4552/4593/4401 4557/4583/4391
f 4553/4570/4378 4564/4585/4393 4552/4593/4401
f 4564/4585/4393 4555/4589/4397 4552/4593/4401
f 4560/4590/4398 4556/4591/4399 4554/4588/4396
f 4609/4594/4402 4610/4595/4403 4613/4596/4404
f 4602/4597/4405 4612/4598/4406 4609/4594/4402
f 4609/4594/4402 4612/4598/4406 4610/4595/4403
f 4613/4596/4404 4610/4595/4403 4611/4599/4407
f 4598/4577/4385 4603/4579/4387 4604/4600/4408
f 4591/4578/4386 4602/4597/4405 4603/4579/4387
f 4614/4601/4409 4603/4579/4387 4605/4602/4410
f 4614/4601/4409 4605/4602/4410 4607/4603/4411
f 4607/4603/4411 4605/4602/4410 4606/4604/4412
f 4603/4579/4387 4602/4597/4405 4605/4602/4410
f 4605/4602/4410 4609/4594/4402 4606/4604/4412
f 4607/4603/4411 4606/4604/4412 4608/4605/4413
f 4607/4603/4411 4608/4605/4413 4615/4606/4414
f 4606/4604/4412 4609/4594/4402 4608/4605/4413
f 4609/4594/4402 4613/4596/4404 4608/4605/4413
f 4615/4606/4414 4608/4605/4413 4616/4607/4415
f 4608/4605/4413 4613/4596/4404 4616/4607/4415
f 4601/4572/4380 4602/4597/4405 4591/4578/4386
f 4558/4581/4389 4551/4584/4392 4567/4608/4416
f 4551/4584/4392 4561/4609/4417 4567/4608/4416
f 4605/4602/4410 4602/4597/4405 4609/4594/4402
f 4557/4583/4391 4561/4609/4417 4551/4584/4392
f 4561/4609/4417 4573/4610/4418 4574/4611/4419
f 4561/4609/4417 4557/4583/4391 4573/4610/4418
f 4554/4588/4396 4572/4612/4420 4568/4613/4421
f 4556/4591/4399 4575/4614/4422 4572/4612/4420
f 4556/4591/4399 4571/4592/4400 4575/4614/4422
f 4557/4583/4391 4569/4615/4423 4573/4610/4418
f 4557/4583/4391 4552/4593/4401 4555/4589/4397
f 4557/4583/4391 4570/4616/4424 4569/4615/4423
f 4557/4583/4391 4555/4589/4397 4570/4616/4424
f 4555/4589/4397 4568/4613/4421 4570/4616/4424
f 4555/4589/4397 4554/4588/4396 4568/4613/4421
f 4554/4588/4396 4556/4591/4399 4572/4612/4420
f 4618/4617/4425 4620/4618/4426 4621/4619/4427
f 4618/4617/4425 4619/4620/4428 4617/4621/4429
f 4618/4617/4425 4621/4619/4427 4619/4620/4428
s 0
f 4624/4622/4430 4622/4623/4430 4623/4624/4430
s 1
f 4639/4625/4431 4641/4626/4432 4637/4627/4433
f 4641/4626/4432 4638/4628/4434 4637/4627/4433
f 4641/4626/4432 4640/4629/4435 4638/4628/4434
f 4640/4629/4435 4635/4630/4436 4638/4628/4434
f 4638/4628/4434 4635/4630/4436 4634/4631/4437
f 4636/4632/4438 4634/4631/4437 4635/4630/4436
f 4625/4633/4439 4628/4634/4440 4632/4635/4441
f 4625/4633/4439 4626/4636/4442 4628/4634/4440
f 4626/4636/4442 4627/4637/4443 4628/4634/4440
f 4626/4636/4442 4629/4638/4444 4631/4639/4445
f 4626/4636/4442 4631/4639/4445 4627/4637/4443
f 4629/4638/4444 4630/4640/4446 4631/4639/4445
f 4636/4632/4438 4632/4635/4441 4634/4631/4437
f 4634/4631/4437 4632/4635/4441 4633/4641/4447
f 4625/4633/4439 4632/4635/4441 4636/4632/4438
f 4657/4642/4448 4645/4643/4449 4659/4644/4450
f 4652/4645/4451 4643/4646/4452 4644/4647/4453
f 4656/4648/4454 4652/4645/4451 4657/4642/4448
f 4657/4642/4448 4652/4645/4451 4645/4643/4449
f 4652/4645/4451 4644/4647/4453 4645/4643/4449
f 4644/4647/4453 4643/4646/4452 4650/4649/4455
f 4644/4647/4453 4650/4649/4455 4642/4650/4456
f 4659/4644/4450 4645/4643/4449 4654/4651/4457
f 4645/4643/4449 4647/4652/4458 4654/4651/4457
f 4658/4653/4459 4654/4651/4457 4647/4652/4458
f 4658/4653/4459 4647/4652/4458 4653/4654/4460
f 4655/4655/4461 4647/4652/4458 4646/4656/4462
f 4655/4655/4461 4646/4656/4462 4649/4657/4463
f 4649/4657/4463 4646/4656/4462 4648/4658/4464
f 4660/4659/4465 4649/4657/4463 4662/4660/4466
f 4645/4643/4449 4644/4647/4453 4642/4650/4456
f 4645/4643/4449 4642/4650/4456 4647/4652/4458
f 4643/4646/4452 4651/4661/4467 4650/4649/4455
f 4651/4661/4467 4668/4662/4468 4667/4663/4469
f 4667/4663/4469 4666/4664/4470 4651/4661/4467
f 4651/4661/4467 4666/4664/4470 4650/4649/4455
f 4661/4665/4471 4665/4666/4472 4664/4667/4473
f 4647/4652/4458 4663/4668/4474 4646/4656/4462
f 4661/4665/4471 4664/4667/4473 4663/4668/4474
f 4646/4656/4462 4663/4668/4474 4648/4658/4464
f 4649/4657/4463 4648/4658/4464 4662/4660/4466
f 4663/4668/4474 4662/4660/4466 4648/4658/4464
f 4650/4649/4455 4661/4665/4471 4642/4650/4456
f 4661/4665/4471 4650/4649/4455 4666/4664/4470
f 4647/4652/4458 4642/4650/4456 4661/4665/4471
f 4665/4666/4472 4661/4665/4471 4666/4664/4470
f 4647/4652/4458 4661/4665/4471 4663/4668/4474
f 4674/4669/4475 4673/4670/4476 4672/4671/4477
f 4672/4671/4477 4673/4670/4476 4671/4672/4478
f 4673/4670/4476 4677/4673/4479 4671/4672/4478
f 4671/4672/4478 4677/4673/4479 4676/4674/4480
f 4682/4675/4481 4681/4676/4482 4683/4677/4483
f 4670/4678/4484 4669/4679/4485 4678/4680/4486
f 4670/4678/4484 4678/4680/4486 4681/4676/4482
f 4681/4676/4482 4678/4680/4486 4679/4681/4487
f 4681/4676/4482 4679/4681/4487 4683/4677/4483
f 4669/4679/4485 4671/4672/4478 4676/4674/4480
f 4676/4674/4480 4675/4682/4488 4680/4683/4489
f 4676/4674/4480 4680/4683/4489 4678/4680/4486
f 4669/4679/4485 4676/4674/4480 4678/4680/4486
f 4708/4684/4490 4704/4685/4491 4707/4686/4492
f 4707/4686/4492 4709/4687/4493 4706/4688/4494
f 4709/4687/4493 4710/4689/4495 4706/4688/4494
f 4700/4690/4496 4702/4691/4497 4701/4692/4498
f 4702/4691/4497 4703/4693/4499 4701/4692/4498
f 4701/4692/4498 4703/4693/4499 4699/4694/4500
f 4703/4693/4499 4711/4695/4501 4699/4694/4500
f 4712/4696/4502 4708/4684/4490 4705/4697/4503
f 4705/4697/4503 4708/4684/4490 4706/4688/4494
f 4699/4694/4500 4704/4685/4491 4708/4684/4490
f 4699/4694/4500 4711/4695/4501 4704/4685/4491
f 4707/4686/4492 4706/4688/4494 4708/4684/4490
f 4842/4698/4504 4851/4699/4505 4853/4700/4506
f 4840/4701/4507 4853/4700/4506 4851/4699/4505
f 4781/4702/4508 4782/4703/4509 4780/4704/4510
f 4781/4702/4508 4780/4704/4510 4855/4705/4511
f 4855/4705/4511 4780/4704/4510 4779/4706/4512
f 4796/4707/4513 4824/4708/4514 4789/4709/4515
s 0
f 4880/4710/4516 4879/4711/4516 4878/4712/4516
s 1
f 4783/4713/4517 4784/4714/4518 4779/4706/4512
f 4783/4713/4517 4824/4708/4514 4784/4714/4518
f 4779/4706/4512 4784/4714/4518 4855/4705/4511
f 4784/4714/4518 4778/4715/4519 4855/4705/4511
f 4842/4698/4504 4853/4700/4506 4844/4716/4520
f 4842/4698/4504 4844/4716/4520 4841/4717/4521
f 4845/4718/4522 4844/4716/4520 4847/4719/4523
f 4843/4720/4524 4844/4716/4520 4845/4718/4522
f 4839/4721/4525 4846/4722/4526 4844/4716/4520
f 4839/4721/4525 4853/4700/4506 4837/4723/4527
f 4839/4721/4525 4844/4716/4520 4853/4700/4506
f 4839/4721/4525 4837/4723/4527 4838/4724/4528
f 4847/4719/4523 4844/4716/4520 4846/4722/4526
s 0
f 4890/4725/4529 4888/4726/4529 4889/4727/4529
s 1
f 4836/4728/4530 4837/4723/4527 4853/4700/4506
f 4855/4705/4511 4778/4715/4519 4836/4728/4530
f 4836/4728/4530 4778/4715/4519 4835/4729/4531
f 4778/4715/4519 4822/4730/4532 4834/4731/4533
f 4778/4715/4519 4834/4731/4533 4835/4729/4531
f 4837/4723/4527 4836/4728/4530 4835/4729/4531
s 0
f 4891/4732/4534 4892/4733/4534 4893/4734/4534
s 1
f 4885/4735/4535 4887/4736/4535 4884/4737/4536
f 4809/4738/4537 4810/4739/4538 4811/4740/4539
f 4810/4739/4538 4825/4741/4540 4808/4742/4541
f 4849/4743/4542 4847/4719/4523 4848/4744/4543
f 4845/4718/4522 4847/4719/4523 4849/4743/4542
f 4831/4745/4544 4830/4746/4545 4818/4747/4546
f 4804/4748/4547 4818/4747/4546 4830/4746/4545
f 4806/4749/4548 4803/4750/4549 4807/4751/4550
f 4806/4749/4548 4805/4752/4551 4803/4750/4549
f 4803/4750/4549 4829/4753/4552 4818/4747/4546
f 4826/4754/4553 4829/4753/4552 4803/4750/4549
f 4804/4748/4547 4803/4750/4549 4818/4747/4546
f 4894/4755/4554 4895/4756/4554 4896/4757/4555
f 4894/4755/4554 4897/4758/4556 4895/4756/4554
f 4808/4742/4541 4820/4759/4557 4827/4760/4558
f 4808/4742/4541 4826/4754/4553 4820/4759/4557
f 4811/4740/4539 4810/4739/4538 4808/4742/4541
f 4808/4742/4541 4825/4741/4540 4826/4754/4553
f 4805/4752/4551 4828/4761/4559 4803/4750/4549
f 4803/4750/4549 4828/4761/4559 4826/4754/4553
f 4820/4759/4557 4826/4754/4553 4828/4761/4559
f 4715/4762/4560 4714/4763/4561 4711/4695/4501
f 4766/4764/4562 4767/4765/4563 4769/4766/4564
f 4784/4714/4518 4776/4767/4565 4821/4768/4566
f 4792/4769/4567 4793/4770/4568 4794/4771/4569
f 4793/4770/4568 4788/4772/4570 4814/4773/4571
f 4852/4774/4572 4814/4773/4571 4788/4772/4570
f 4793/4770/4568 4850/4775/4573 4832/4776/4574
s 0
f 4874/4777/4575 4872/4778/4575 4873/4779/4575
s 1
f 4870/4780/4576 4869/4781/4577 4871/4782/4578
f 4868/4783/4579 4869/4781/4577 4870/4780/4576
f 4793/4770/4568 4814/4773/4571 4850/4775/4573
f 4696/4784/4580 4695/4785/4581 4697/4786/4582
f 4852/4774/4572 4788/4772/4570 4787/4787/4583
f 4695/4785/4581 4691/4788/4584 4697/4786/4582
f 4697/4786/4582 4691/4788/4584 4692/4789/4585
s 0
f 4875/4790/4586 4876/4791/4586 4877/4792/4586
s 1
f 4722/4793/4587 4721/4794/4588 4736/4795/4589
f 4815/4796/4590 4850/4775/4573 4813/4797/4591
f 4850/4775/4573 4770/4798/4592 4813/4797/4591
f 4850/4775/4573 4786/4799/4593 4770/4798/4592
s 0
f 4865/4800/4594 4867/4801/4594 4866/4802/4594
s 1
f 4787/4787/4583 4772/4803/4595 4852/4774/4572
f 4786/4799/4596 4852/4774/4572 4773/4804/4597
f 4852/4774/4572 4772/4803/4595 4773/4804/4597
f 4771/4805/4598 4773/4804/4597 4772/4803/4595
f 4694/4806/4599 4692/4789/4585 4698/4807/4600
f 4711/4695/4501 4713/4808/4601 4704/4685/4491
f 4711/4695/4501 4714/4763/4561 4713/4808/4601
f 4740/4809/4602 4733/4810/4603 4731/4811/4604
f 4737/4812/4605 4733/4810/4603 4740/4809/4602
f 4730/4813/4606 4728/4814/4607 4727/4815/4608
f 4727/4815/4608 4728/4814/4607 4726/4816/4609
f 4733/4810/4603 4728/4814/4607 4731/4811/4604
f 4733/4810/4603 4732/4817/4610 4728/4814/4607
f 4728/4814/4607 4732/4817/4610 4726/4816/4609
f 4688/4818/4611 4690/4819/4612 4689/4820/4613
f 4692/4789/4585 4688/4818/4611 4686/4821/4614
f 4723/4822/4615 4736/4795/4589 4737/4812/4605
f 4685/4823/4616 4686/4821/4614 4687/4824/4617
f 4686/4821/4614 4685/4823/4616 4684/4825/4618
f 4688/4818/4611 4689/4820/4613 4686/4821/4614
f 4737/4812/4605 4738/4826/4619 4733/4810/4603
f 4738/4826/4619 4737/4812/4605 4739/4827/4620
f 4692/4789/4585 4684/4825/4618 4698/4807/4600
f 4698/4807/4600 4684/4825/4618 4693/4828/4621
f 4692/4789/4585 4691/4788/4584 4688/4818/4611
f 4684/4825/4618 4692/4789/4585 4686/4821/4614
f 4693/4828/4621 4684/4825/4618 4685/4823/4616
f 4750/4829/4622 4754/4830/4623 4746/4831/4624
f 4750/4829/4622 4746/4831/4624 4747/4832/4625
f 4745/4833/4626 4746/4831/4624 4752/4834/4627
f 4745/4833/4626 4744/4835/4628 4746/4831/4624
f 4747/4832/4625 4744/4835/4628 4732/4817/4610
f 4732/4817/4610 4744/4835/4628 4726/4816/4609
f 4726/4816/4609 4744/4835/4628 4742/4836/4629
f 4744/4835/4628 4747/4832/4625 4746/4831/4624
f 4790/4837/4630 4800/4838/4631 4793/4770/4568
f 4790/4837/4630 4793/4770/4568 4792/4769/4567
f 4791/4839/4632 4795/4840/4633 4796/4707/4513
f 4790/4837/4630 4792/4769/4567 4791/4839/4632
f 4792/4769/4567 4795/4840/4633 4791/4839/4632
f 4795/4840/4633 4792/4769/4567 4794/4771/4569
f 4796/4707/4513 4795/4840/4633 4824/4708/4514
f 4824/4708/4514 4795/4840/4633 4801/4841/4634
s 0
f 4883/4842/4635 4881/4843/4635 4882/4844/4635
s 1
f 4794/4771/4569 4832/4776/4574 4801/4841/4634
f 4801/4841/4634 4832/4776/4574 4815/4796/4590
f 4801/4841/4634 4815/4796/4590 4824/4708/4514
f 4824/4708/4514 4776/4767/4565 4784/4714/4518
f 4815/4796/4590 4776/4767/4565 4824/4708/4514
f 4815/4796/4590 4813/4797/4591 4776/4767/4565
f 4793/4770/4568 4832/4776/4574 4794/4771/4569
f 4754/4830/4623 4752/4834/4627 4746/4831/4624
f 4766/4764/4562 4816/4845/4636 4767/4765/4563
f 4722/4793/4587 4735/4846/4637 4720/4847/4638
f 4722/4793/4587 4723/4822/4615 4735/4846/4637
f 4767/4765/4563 4798/4848/4639 4774/4849/4640
f 4798/4848/4639 4767/4765/4563 4816/4845/4636
f 4768/4850/4641 4797/4851/4642 4798/4848/4639
f 4819/4852/4643 4768/4850/4641 4816/4845/4636
f 4816/4845/4636 4768/4850/4641 4798/4848/4639
f 4784/4714/4518 4821/4768/4566 4822/4730/4532
f 4778/4715/4519 4784/4714/4518 4822/4730/4532
f 4776/4767/4565 4813/4797/4591 4823/4853/4644
f 4777/4854/4645 4776/4767/4565 4823/4853/4644
f 4813/4797/4591 4775/4855/4646 4823/4853/4644
f 4812/4856/4647 4799/4857/4648 4817/4858/4649
f 4797/4851/4642 4799/4857/4648 4812/4856/4647
f 4885/4735/4535 4886/4859/4650 4887/4736/4535
f 4777/4854/4645 4823/4853/4644 4825/4741/4540
s 0
f 4862/4860/4651 4863/4861/4651 4864/4862/4651
s 1
f 4825/4741/4540 4833/4863/4652 4817/4858/4649
f 4833/4863/4652 4775/4855/4646 4817/4858/4649
f 4775/4855/4646 4812/4856/4647 4817/4858/4649
f 4823/4853/4644 4775/4855/4646 4833/4863/4652
f 4854/4864/4653 4773/4804/4597 4771/4805/4598
f 4773/4804/4597 4854/4864/4653 4785/4865/4654
f 4785/4865/4654 4854/4864/4653 4774/4849/4640
f 4798/4848/4639 4785/4865/4654 4774/4849/4640
f 4773/4804/4597 4785/4865/4654 4813/4797/4591
f 4770/4798/4592 4773/4804/4597 4813/4797/4591
s 0
f 4861/4866/4655 4859/4867/4655 4860/4868/4655
s 1
f 4785/4865/4654 4812/4856/4647 4813/4797/4591
s 0
f 4858/4869/4656 4856/4870/4656 4857/4871/4656
s 1
f 4785/4865/4654 4797/4851/4642 4812/4856/4647
f 4817/4858/4649 4802/4872/4657 4826/4754/4553
f 4817/4858/4649 4799/4857/4648 4802/4872/4657
f 4799/4857/4648 4797/4851/4642 4802/4872/4657
f 4825/4741/4540 4817/4858/4649 4826/4754/4553
f 4829/4753/4552 4826/4754/4553 4802/4872/4657
f 4768/4850/4641 4802/4872/4657 4797/4851/4642
f 4735/4846/4637 4737/4812/4605 4734/4873/4658
f 4735/4846/4637 4723/4822/4615 4737/4812/4605
f 4757/4874/4659 4759/4875/4660 4758/4876/4661
f 4758/4876/4661 4759/4875/4660 4761/4877/4662
f 4757/4874/4659 4760/4878/4663 4759/4875/4660
f 4734/4873/4658 4737/4812/4605 4740/4809/4602
f 4763/4879/4664 4765/4880/4665 4761/4877/4662
f 4759/4875/4660 4763/4879/4664 4761/4877/4662
f 4760/4878/4663 4762/4881/4666 4764/4882/4667
f 4760/4878/4663 4764/4882/4667 4759/4875/4660
f 4759/4875/4660 4764/4882/4667 4763/4879/4664
f 4723/4822/4615 4722/4793/4587 4736/4795/4589
f 4745/4833/4626 4751/4883/4668 4753/4884/4669
f 4745/4833/4626 4743/4885/4670 4742/4836/4629
f 4729/4886/4671 4727/4815/4608 4724/4887/4672
f 4727/4815/4608 4725/4888/4673 4724/4887/4672
f 4726/4816/4609 4725/4888/4673 4727/4815/4608
f 4725/4888/4673 4726/4816/4609 4716/4889/4674
f 4716/4889/4674 4726/4816/4609 4717/4890/4675
f 4726/4816/4609 4742/4836/4629 4717/4890/4675
f 4717/4890/4675 4742/4836/4629 4741/4891/4676
f 4742/4836/4629 4744/4835/4628 4745/4833/4626
f 4741/4891/4676 4742/4836/4629 4756/4892/4677
f 4742/4836/4629 4718/4893/4678 4756/4892/4677
f 4742/4836/4629 4743/4885/4670 4718/4893/4678
f 4745/4833/4626 4753/4884/4669 4743/4885/4670
f 4749/4894/4679 4743/4885/4670 4753/4884/4669
f 4743/4885/4670 4749/4894/4679 4719/4895/4680
f 4749/4894/4679 4748/4896/4681 4719/4895/4680
f 4743/4885/4670 4719/4895/4680 4718/4893/4678
f 4755/4897/4682 4745/4833/4626 4752/4834/4627
f 4751/4883/4668 4745/4833/4626 4755/4897/4682
f 4904/4898/4683 4902/4899/4684 4903/4900/4685
f 4902/4899/4684 4898/4901/4686 4899/4902/4687
f 4899/4902/4687 4905/4903/4688 4902/4899/4684
f 4903/4900/4685 4902/4899/4684 4905/4903/4688
f 4899/4902/4687 4898/4901/4686 4900/4904/4689
f 4898/4901/4686 4916/4905/4690 4900/4904/4689
f 4899/4902/4687 4900/4904/4689 4901/4906/4691
f 4922/4907/4692 4909/4908/4693 4924/4909/4694
f 4918/4910/4695 4908/4911/4696 4907/4912/4697
f 4927/4913/4698 4925/4914/4699 4926/4915/4700
f 4925/4914/4699 4923/4916/4701 4913/4917/4702
f 4921/4918/4703 4906/4919/4704 4917/4920/4705
f 4907/4912/4697 4906/4919/4704 4915/4921/4706
f 4906/4919/4704 4907/4912/4697 4917/4920/4705
f 4907/4912/4697 4911/4922/4707 4917/4920/4705
f 4912/4923/4708 4910/4924/4709 4911/4922/4707
f 4910/4924/4709 4920/4925/4710 4917/4920/4705
f 4910/4924/4709 4917/4920/4705 4911/4922/4707
f 4926/4915/4700 4925/4914/4699 4911/4922/4707
f 4925/4914/4699 4913/4917/4702 4911/4922/4707
f 4911/4922/4707 4913/4917/4702 4912/4923/4708
f 4900/4904/4689 4916/4905/4690 4914/4926/4711
f 4914/4926/4711 4919/4927/4712 4906/4919/4704
f 4919/4927/4712 4915/4921/4706 4906/4919/4704
f 4918/4910/4695 4907/4912/4697 4915/4921/4706
f 4901/4906/4691 4900/4904/4689 4909/4908/4693
f 4909/4908/4693 4900/4904/4689 4924/4909/4694
f 4921/4918/4703 4900/4904/4689 4914/4926/4711
f 4900/4904/4689 4921/4918/4703 4924/4909/4694
f 4914/4926/4711 4906/4919/4704 4921/4918/4703
f 4949/4928/4713 4932/4929/4714 4970/4930/4715
f 4941/4931/4716 4938/4932/4717 4939/4933/4718
f 4938/4932/4717 4937/4934/4719 4936/4935/4720
f 4938/4932/4717 4936/4935/4720 4939/4933/4718
f 4960/4936/4721 4958/4937/4722 4959/4938/4723
f 4936/4935/4720 4945/4939/4724 4939/4933/4718
f 4939/4933/4718 4945/4939/4724 4928/4940/4725
f 4961/4941/4726 4962/4942/4727 4946/4943/4728
f 4946/4943/4728 4962/4942/4727 4963/4944/4729
f 4946/4943/4728 4944/4945/4730 4945/4939/4724
f 4945/4939/4724 4944/4945/4730 4928/4940/4725
f 4972/4946/4731 4975/4947/4732 4967/4948/4733
f 4969/4949/4734 4972/4946/4731 4967/4948/4733
f 4958/4937/4722 4960/4936/4721 4963/4944/4729
f 4960/4936/4721 4964/4950/4735 4963/4944/4729
f 4964/4950/4735 4969/4949/4734 4963/4944/4729
f 4969/4949/4734 4954/4951/4736 4963/4944/4729
f 4969/4949/4734 4967/4948/4733 4954/4951/4736
f 4954/4951/4736 4976/4952/4737 4977/4953/4738
f 4946/4943/4728 4963/4944/4729 4954/4951/4736
f 4954/4951/4736 4953/4954/4739 4946/4943/4728
f 4946/4943/4728 4953/4954/4739 4944/4945/4730
f 4944/4945/4730 4953/4954/4739 4947/4955/4740
f 4953/4954/4739 4954/4951/4736 4947/4955/4740
f 4947/4955/4740 4954/4951/4736 4977/4953/4738
f 4947/4955/4740 4977/4953/4738 4940/4956/4741
f 4940/4956/4741 4977/4953/4738 4933/4957/4742
f 4977/4953/4738 4943/4958/4743 4933/4957/4742
f 4943/4958/4743 4942/4959/4744 4933/4957/4742
f 4943/4958/4743 4957/4960/4745 4942/4959/4744
f 4942/4959/4744 4957/4960/4745 4956/4961/4746
f 4978/4962/4747 4943/4958/4743 4977/4953/4738
f 4968/4963/4748 4956/4961/4746 4957/4960/4745
f 4973/4964/4749 4968/4963/4748 4957/4960/4745
f 4958/4937/4722 4963/4944/4729 4962/4942/4727
f 4932/4929/4714 4934/4965/4750 4955/4966/4751
f 4929/4967/4752 4940/4956/4741 4931/4968/4753
f 4929/4967/4752 4931/4968/4753 4934/4965/4750
f 4950/4969/4754 4935/4970/4755 4951/4971/4756
f 4934/4965/4750 4931/4968/4753 4935/4970/4755
f 4939/4933/4718 4928/4940/4725 4930/4972/4757
f 4932/4929/4714 4930/4972/4757 4934/4965/4750
f 4930/4972/4757 4928/4940/4725 4934/4965/4750
f 4970/4930/4715 4932/4929/4714 4955/4966/4751
f 4928/4940/4725 4929/4967/4752 4934/4965/4750
f 4944/4945/4730 4929/4967/4752 4928/4940/4725
f 4947/4955/4740 4940/4956/4741 4929/4967/4752
f 4944/4945/4730 4947/4955/4740 4929/4967/4752
f 4940/4956/4741 4933/4957/4742 4931/4968/4753
f 4933/4957/4742 4942/4959/4744 4948/4973/4758
f 4952/4974/4759 4933/4957/4742 4948/4973/4758
f 4931/4968/4753 4933/4957/4742 4952/4974/4759
f 4935/4970/4755 4931/4968/4753 4951/4971/4756
f 4951/4971/4756 4931/4968/4753 4966/4975/4760
f 4952/4974/4759 4966/4975/4760 4931/4968/4753
f 4974/4976/4761 4971/4977/4762 4965/4978/4763
f 4965/4978/4763 4952/4974/4759 4948/4973/4758
f 4956/4961/4746 4965/4978/4763 4948/4973/4758
f 4952/4974/4759 4965/4978/4763 4971/4977/4762
f 4956/4961/4746 4948/4973/4758 4942/4959/4744
f 5054/4979/4764 5052/4980/4765 5055/4981/4766
f 5023/4982/4767 5019/4983/4768 5021/4984/4769
f 5022/4985/4770 5021/4984/4769 5019/4983/4768
f 5015/4986/4771 5017/4987/4772 5018/4988/4773
f 5018/4988/4773 5014/4989/4774 5015/4986/4771
f 5022/4985/4770 5019/4983/4768 5015/4986/4771
f 5022/4985/4770 5015/4986/4771 5016/4990/4775
f 5016/4990/4775 5015/4986/4771 5014/4989/4774
f 5016/4990/4775 5014/4989/4774 5004/4991/4776
f 5024/4992/4777 5023/4982/4767 5021/4984/4769
f 5020/4993/4778 5019/4983/4768 5023/4982/4767
f 5020/4993/4778 5015/4986/4771 5019/4983/4768
f 5051/4994/4779 5048/4995/4780 5050/4996/4781
f 5024/4992/4777 5021/4984/4769 5026/4997/4782
f 5038/4998/4783 5040/4999/4784 5037/5000/4785
f 5048/4995/4780 5046/5001/4786 5050/4996/4781
f 5048/4995/4780 5049/5002/4787 5046/5001/4786
f 5049/5002/4787 5038/4998/4783 5044/5003/4788
f 5037/5000/4785 5039/5004/4789 5038/4998/4783
f 5038/4998/4783 5039/5004/4789 5041/5005/4790
f 5049/5002/4787 5044/5003/4788 5046/5001/4786
f 5040/4999/4784 5042/5006/4791 5043/5007/4792
f 5008/5008/4793 5001/5009/4794 5005/5010/4795
f 5009/5011/4796 5008/5008/4793 5005/5010/4795
f 5040/4999/4784 5043/5007/4792 5037/5000/4785
f 5034/5012/4797 5036/5013/4798 5033/5014/4798
f 5036/5013/4798 5035/5015/4799 5033/5014/4798
f 5009/5011/4796 5005/5010/4795 5013/5016/4800
f 5026/4997/4782 5021/4984/4769 5025/5017/4801
f 5021/4984/4769 5032/5018/4802 5025/5017/4801
f 5027/5019/4803 5025/5017/4801 5029/5020/4804
f 5032/5018/4802 5029/5020/4804 5025/5017/4801
f 5002/5021/4805 4999/5022/4806 4997/5023/4807
f 5002/5021/4805 4997/5023/4807 4998/5024/4808
f 5001/5009/4794 5002/5021/4805 5000/5025/4809
f 5002/5021/4805 4998/5024/4808 5000/5025/4809
f 5004/4991/4776 5014/4989/4774 5007/5026/4810
f 5012/5027/4811 4987/5028/4812 5007/5026/4810
f 4997/5023/4807 5004/4991/4776 4998/5024/4808
f 4998/5024/4808 5004/4991/4776 4988/5029/4813
f 4988/5029/4813 5004/4991/4776 4979/5030/4814
f 5004/4991/4776 5007/5026/4810 4979/5030/4814
f 5038/4998/4783 5041/5005/4790 5045/5031/4815
f 5044/5003/4788 5038/4998/4783 5045/5031/4815
f 5005/5010/4795 5003/5032/4816 5011/5033/4817
f 5005/5010/4795 5006/5034/4818 5013/5016/4800
f 5005/5010/4795 5011/5033/4817 5006/5034/4818
f 5005/5010/4795 5000/5025/4809 5003/5032/4816
f 5005/5010/4795 5001/5009/4794 5000/5025/4809
f 4995/5035/4819 4993/5036/4820 4996/5037/4821
f 4979/5030/4814 4986/5038/4822 4988/5029/4813
f 4995/5035/4819 4988/5029/4813 4986/5038/4822
f 4993/5036/4820 4995/5035/4819 4986/5038/4822
f 5054/4979/4764 5051/4994/4779 5052/4980/4765
f 5052/4980/4765 5050/4996/4781 5053/5039/4823
f 5051/4994/4779 5050/4996/4781 5052/4980/4765
f 5050/4996/4781 5046/5001/4786 5047/5040/4824
f 5027/5019/4803 5002/5021/4805 5008/5008/4793
f 5008/5008/4793 5002/5021/4805 5001/5009/4794
f 5032/5018/4802 5031/5041/4825 5029/5020/4804
f 5029/5020/4804 5031/5041/4825 4999/5022/4806
f 5031/5041/4825 5030/5042/4826 4999/5022/4806
f 5027/5019/4803 5029/5020/4804 5002/5021/4805
f 5029/5020/4804 4999/5022/4806 5002/5021/4805
f 5060/5043/4827 5058/5044/4828 5059/5045/4829
f 5059/5045/4829 5058/5044/4828 5057/5046/4830
f 5058/5044/4828 5056/5047/4831 5057/5046/4830
f 4980/5048/4832 4994/5049/4833 4991/5050/4834
f 4987/5028/4812 4983/5051/4835 5007/5026/4810
f 4983/5051/4835 4979/5030/4814 5007/5026/4810
f 4983/5051/4835 4985/5052/4836 4979/5030/4814
f 4979/5030/4814 4985/5052/4836 4980/5048/4832
f 4985/5052/4836 4984/5053/4837 4980/5048/4832
f 4986/5038/4822 4991/5050/4834 4993/5036/4820
f 4992/5054/4838 4993/5036/4820 4991/5050/4834
f 4979/5030/4814 4980/5048/4832 4986/5038/4822
f 4991/5050/4834 4986/5038/4822 4980/5048/4832
f 4994/5049/4833 4982/5055/4839 4989/5056/4840
f 4980/5048/4832 4984/5053/4837 4981/5057/4841
f 4981/5057/4841 4982/5055/4839 4980/5048/4832
f 4980/5048/4832 4982/5055/4839 4994/5049/4833
f 4989/5056/4840 4982/5055/4839 4990/5058/4842
f 5028/5059/4843 5010/5060/4844 4990/5058/4842
f 4982/5055/4839 5028/5059/4843 4990/5058/4842
f 5061/5061/4845 5062/5062/4846 5064/5063/4846
f 5064/5063/4846 5062/5062/4846 5063/5064/4847
f 5073/5065/4848 5069/5066/4849 5072/5067/4850
f 5074/5068/4851 5073/5065/4848 5072/5067/4850
f 5074/5068/4851 5072/5067/4850 5076/5069/4852
f 5072/5067/4850 5075/5070/4853 5076/5069/4852
f 5077/5071/4854 5079/5072/4855 5078/5073/4856
f 5079/5072/4855 5077/5071/4854 5086/5074/4857
f 5080/5075/4858 5079/5072/4855 5086/5074/4857
f 5080/5075/4858 5086/5074/4857 5081/5076/4859
f 5083/5077/4860 5085/5078/4861 5084/5079/4862
f 5084/5079/4862 5085/5078/4861 5082/5080/4863
f 5077/5071/4854 5084/5079/4862 5086/5074/4857
f 5084/5079/4862 5082/5080/4863 5086/5074/4857
f 5068/5081/4864 5066/5082/4865 5065/5083/4866
f 5065/5083/4866 5066/5082/4865 5067/5084/4867
f 5068/5081/4864 5065/5083/4866 5073/5065/4848
f 5073/5065/4848 5065/5083/4866 5070/5085/4868
f 5073/5065/4848 5070/5085/4868 5069/5066/4849
f 5069/5066/4849 5071/5086/4869 5072/5067/4850
f 5099/5087/4870 5089/5088/4871 5091/5089/4872
f 5096/5090/4873 5095/5091/4874 5087/5092/4875
f 5091/5089/4872 5089/5088/4871 5092/5093/4876
f 5089/5088/4871 5088/5094/4877 5087/5092/4875
f 5088/5094/4877 5096/5090/4873 5087/5092/4875
f 5095/5091/4874 5094/5095/4878 5087/5092/4875
f 5089/5088/4871 5093/5096/4879 5092/5093/4876
f 5089/5088/4871 5087/5092/4875 5093/5096/4879
f 5093/5096/4879 5087/5092/4875 5090/5097/4880
f 5098/5098/4881 5093/5096/4879 5090/5097/4880
f 5094/5095/4878 5097/5099/4882 5087/5092/4875
f 5087/5092/4875 5097/5099/4882 5090/5097/4880
f 5126/5100/4883 5125/5101/4884 5124/5102/4885
f 5124/5102/4885 5125/5101/4884 5127/5103/4886
f 5125/5101/4884 5129/5104/4887 5127/5103/4886
f 5128/5105/4888 5137/5106/4889 5122/5107/4890
f 5122/5107/4890 5126/5100/4883 5128/5105/4888
f 5128/5105/4888 5149/5108/4891 5137/5106/4889
f 5128/5105/4888 5124/5102/4885 5145/5109/4892
f 5124/5102/4885 5143/5110/4893 5145/5109/4892
f 5128/5105/4888 5145/5109/4892 5149/5108/4891
f 5126/5100/4883 5124/5102/4885 5128/5105/4888
f 5123/5111/4894 5122/5107/4890 5137/5106/4889
f 5137/5106/4889 5140/5112/4895 5141/5113/4896
f 5137/5106/4889 5149/5108/4891 5140/5112/4895
f 5113/5114/4897 5119/5115/4898 5114/5116/4899
f 5129/5104/4887 5133/5117/4900 5132/5118/4901
f 5132/5118/4901 5133/5117/4900 5130/5119/4902
f 5133/5117/4900 5131/5120/4903 5139/5121/4904
f 5130/5119/4902 5133/5117/4900 5139/5121/4904
f 5133/5117/4900 5135/5122/4905 5131/5120/4903
f 5124/5102/4885 5127/5103/4886 5148/5123/4906
f 5132/5118/4901 5136/5124/4907 5127/5103/4886
f 5136/5124/4907 5138/5125/4908 5148/5123/4906
f 5136/5124/4907 5148/5123/4906 5127/5103/4886
f 5129/5104/4887 5132/5118/4901 5127/5103/4886
f 5116/5126/4909 5117/5127/4910 5121/5128/4911
f 5117/5127/4910 5118/5129/4912 5121/5128/4911
f 5113/5114/4897 5116/5126/4909 5119/5115/4898
f 5116/5126/4909 5121/5128/4911 5119/5115/4898
f 5114/5116/4899 5119/5115/4898 5120/5130/4913
f 5143/5110/4893 5147/5131/4914 5142/5132/4915
f 5110/5133/4916 5107/5134/4917 5111/5135/4918
f 5147/5131/4914 5143/5110/4893 5144/5136/4919
f 5107/5134/4917 5110/5133/4916 5108/5137/4920
f 5145/5109/4892 5142/5132/4915 5146/5138/4921
f 5149/5108/4891 5145/5109/4892 5146/5138/4921
f 5103/5139/4922 5101/5140/4923 5100/5141/4924
f 5101/5140/4923 5102/5142/4925 5105/5143/4926
f 5145/5109/4892 5143/5110/4893 5142/5132/4915
f 5112/5144/4927 5107/5134/4917 5108/5137/4920
f 5115/5145/4928 5113/5114/4897 5114/5116/4899
f 5124/5102/4885 5148/5123/4906 5143/5110/4893
f 5110/5133/4916 5109/5146/4929 5108/5137/4920
f 5101/5140/4923 5105/5143/4926 5100/5141/4924
f 5100/5141/4924 5105/5143/4926 5106/5147/4930
f 5106/5147/4930 5105/5143/4926 5104/5148/4931
f 5125/5101/4884 5134/5149/4932 5129/5104/4887
f 5150/5150/4933 5156/5151/4934 5158/5152/4935
f 5165/5153/4936 5156/5151/4934 5150/5150/4933
f 5165/5153/4936 5155/5154/4937 5156/5151/4934
f 5151/5155/4938 5152/5156/4939 5165/5153/4936
f 5152/5156/4939 5154/5157/4940 5153/5158/4941
f 5179/5159/4942 5182/5160/4943 5180/5161/4944
f 5183/5162/4945 5182/5160/4943 5179/5159/4942
f 5179/5159/4942 5180/5161/4944 5181/5163/4946
f 5157/5164/4947 5159/5165/4948 5153/5158/4941
f 5152/5156/4939 5153/5158/4941 5165/5153/4936
f 5153/5158/4941 5159/5165/4948 5155/5154/4937
f 5153/5158/4941 5155/5154/4937 5165/5153/4936
f 5170/5166/4949 5167/5167/4950 5168/5168/4951
f 5156/5151/4934 5160/5169/4952 5166/5170/4953
f 5166/5170/4953 5173/5171/4954 5174/5172/4955
f 5160/5169/4952 5173/5171/4954 5166/5170/4953
f 5160/5169/4952 5156/5151/4934 5164/5173/4956
f 5160/5169/4952 5164/5173/4956 5162/5174/4957
f 5160/5169/4952 5170/5166/4949 5173/5171/4954
f 5160/5169/4952 5162/5174/4957 5170/5166/4949
f 5171/5175/4958 5170/5166/4949 5162/5174/4957
f 5173/5171/4954 5175/5176/4959 5174/5172/4955
f 5168/5168/4951 5175/5176/4959 5173/5171/4954
f 5170/5166/4949 5168/5168/4951 5173/5171/4954
f 5167/5167/4950 5170/5166/4949 5169/5177/4960
f 5162/5174/4957 5172/5178/4961 5171/5175/4958
f 5161/5179/4962 5158/5152/4935 5163/5180/4963
f 5178/5181/4964 5176/5182/4964 5177/5183/4964
f 5158/5152/4935 5156/5151/4934 5166/5170/4953
f 5158/5152/4935 5166/5170/4953 5163/5180/4963
f 5214/5184/4965 5211/5185/4966 5210/5186/4967
f 5214/5184/4965 5212/5187/4968 5211/5185/4966
f 5214/5184/4965 5213/5188/4969 5212/5187/4968
f 5213/5188/4969 5215/5189/4970 5212/5187/4968
f 5192/5190/4971 5191/5191/4972 5202/5192/4973
f 5191/5191/4972 5186/5193/4974 5202/5192/4973
f 5186/5193/4974 5184/5194/4975 5202/5192/4973
f 5189/5195/4976 5193/5196/4977 5186/5193/4974
f 5193/5196/4977 5187/5197/4978 5186/5193/4974
f 5186/5193/4974 5188/5198/4979 5184/5194/4975
f 5186/5193/4974 5187/5197/4978 5200/5199/4980
f 5186/5193/4974 5200/5199/4980 5188/5198/4979
f 5193/5196/4977 5189/5195/4976 5206/5200/4981
f 5209/5201/4982 5199/5202/4983 5208/5203/4984
f 5199/5202/4983 5195/5204/4985 5208/5203/4984
f 5199/5202/4983 5190/5205/4986 5195/5204/4985
f 5202/5192/4973 5184/5194/4975 5190/5205/4986
f 5195/5204/4985 5190/5205/4986 5207/5206/4987
f 5184/5194/4975 5197/5207/4988 5190/5205/4986
f 5190/5205/4986 5197/5207/4988 5207/5206/4987
f 5197/5207/4988 5203/5208/4989 5207/5206/4987
f 5184/5194/4975 5194/5209/4990 5197/5207/4988
f 5184/5194/4975 5188/5198/4979 5185/5210/4991
f 5188/5198/4979 5201/5211/4992 5185/5210/4991
f 5184/5194/4975 5185/5210/4991 5194/5209/4990
f 5185/5210/4991 5196/5212/4993 5194/5209/4990
f 5185/5210/4991 5198/5213/4994 5196/5212/4993
f 5197/5207/4988 5204/5214/4995 5203/5208/4989
f 5204/5214/4995 5205/5215/4996 5203/5208/4989
f 5218/5216/4997 5216/5217/4998 5217/5218/4998
f 5217/5218/4998 5216/5217/4998 5219/5219/4999
f 5225/5220/5000 5220/5221/5001 5226/5222/5002
f 5220/5221/5001 5224/5223/5003 5226/5222/5002
f 5220/5221/5001 5222/5224/5004 5221/5225/5005
f 5222/5224/5004 5220/5221/5001 5225/5220/5000
f 5222/5224/5004 5225/5220/5000 5223/5226/5006
f 5240/5227/5007 5238/5228/5008 5242/5229/5009
f 5237/5230/5010 5236/5231/5011 5233/5232/5012
f 5237/5230/5010 5233/5232/5012 5231/5233/5013
f 5237/5230/5010 5231/5233/5013 5230/5234/5014
f 5230/5234/5014 5231/5233/5013 5232/5235/5015
f 5231/5233/5013 5229/5236/5016 5232/5235/5015
f 5223/5226/5006 5225/5220/5000 5227/5237/5017
f 5250/5238/5018 5248/5239/5019 5249/5240/5020
f 5249/5240/5020 5248/5239/5019 5247/5241/5021
f 5248/5239/5019 5246/5242/5022 5247/5241/5021
f 5229/5236/5016 5228/5243/5023 5232/5235/5015
f 5241/5244/5024 5240/5227/5007 5242/5229/5009
f 5239/5245/5025 5237/5230/5010 5240/5227/5007
f 5240/5227/5007 5237/5230/5010 5238/5228/5008
f 5237/5230/5010 5230/5234/5014 5238/5228/5008
f 5242/5229/5009 5238/5228/5008 5244/5246/5026
f 5242/5229/5009 5244/5246/5026 5243/5247/5027
f 5230/5234/5014 5232/5235/5015 5238/5228/5008
f 5238/5228/5008 5232/5235/5015 5244/5246/5026
f 5245/5248/5028 5244/5246/5026 5232/5235/5015
f 5245/5248/5028 5232/5235/5015 5235/5249/5029
f 5232/5235/5015 5228/5243/5023 5235/5249/5029
f 5228/5243/5023 5234/5250/5030 5235/5249/5029
f 5286/5251/5031 5285/5252/5032 5284/5253/5033
f 5285/5252/5032 5283/5254/5034 5284/5253/5033
f 5284/5253/5033 5283/5254/5034 5287/5255/5035
f 5251/5256/5036 5255/5257/5037 5252/5258/5038
f 5262/5259/5039 5263/5260/5040 5269/5261/5041
f 5255/5257/5037 5253/5262/5042 5252/5258/5038
f 5269/5261/5041 5263/5260/5040 5267/5263/5043
f 5276/5264/5044 5275/5265/5045 5277/5266/5046
f 5253/5262/5042 5254/5267/5047 5252/5258/5038
f 5267/5263/5043 5263/5260/5040 5270/5268/5048
f 5269/5261/5041 5267/5263/5043 5264/5269/5049
f 5267/5263/5043 5270/5268/5048 5264/5269/5049
f 5270/5268/5048 5266/5270/5050 5264/5269/5049
f 5276/5264/5044 5274/5271/5051 5275/5265/5045
f 5254/5267/5047 5257/5272/5052 5256/5273/5053
f 5252/5258/5038 5254/5267/5047 5256/5273/5053
f 5275/5265/5045 5274/5271/5051 5273/5274/5054
f 5263/5260/5040 5259/5275/5055 5270/5268/5048
f 5265/5276/5056 5266/5270/5050 5270/5268/5048
f 5274/5271/5051 5278/5277/5057 5273/5274/5054
f 5278/5277/5057 5272/5278/5058 5273/5274/5054
f 5256/5273/5053 5257/5272/5052 5258/5279/5059
f 5270/5268/5048 5259/5275/5055 5271/5280/5060
f 5270/5268/5048 5271/5280/5060 5268/5281/5061
f 5273/5274/5054 5272/5278/5058 5271/5280/5060
f 5272/5278/5058 5261/5282/5062 5271/5280/5060
f 5271/5280/5060 5261/5282/5062 5268/5281/5061
f 5268/5281/5061 5261/5282/5062 5260/5283/5063
f 5278/5277/5057 5279/5284/5064 5272/5278/5058
s 0
f 5281/5285/5065 5280/5286/5065 5282/5287/5065
s 1
f 5296/5288/5066 5295/5289/5067 5293/5290/5068
f 5293/5290/5068 5295/5289/5067 5294/5291/5069
f 5293/5290/5068 5294/5291/5069 5298/5292/5070
f 5294/5291/5069 5290/5293/5071 5298/5292/5070
f 5293/5290/5068 5298/5292/5070 5297/5294/5072
f 5297/5294/5072 5298/5292/5070 5299/5295/5073
f 5289/5296/5074 5290/5293/5071 5294/5291/5069
f 5290/5293/5071 5289/5296/5074 5288/5297/5075
f 5298/5292/5070 5290/5293/5071 5292/5298/5076
f 5290/5293/5071 5288/5297/5075 5291/5299/5077
f 5290/5293/5071 5291/5299/5077 5292/5298/5076
f 5320/5300/5078 5321/5301/5079 5317/5302/5080
f 5320/5300/5078 5317/5302/5080 5319/5303/5081
f 5319/5303/5081 5317/5302/5080 5322/5304/5082
f 5322/5304/5082 5317/5302/5080 5318/5305/5083
f 5322/5304/5082 5318/5305/5083 5323/5306/5084
f 5323/5306/5084 5318/5305/5083 5324/5307/5085
f 5324/5307/5085 5315/5308/5086 5323/5306/5084
f 5315/5308/5086 5324/5307/5085 5316/5309/5087
f 5324/5307/5085 5313/5310/5088 5316/5309/5087
f 5311/5311/5089 5310/5312/5090 5309/5313/5091
f 5310/5312/5090 5308/5314/5092 5309/5313/5091
f 5309/5313/5091 5308/5314/5092 5306/5315/5093
f 5306/5315/5093 5308/5314/5092 5307/5316/5094
f 5306/5315/5093 5307/5316/5094 5305/5317/5095
f 5307/5316/5094 5304/5318/5096 5305/5317/5095
f 5304/5318/5096 5307/5316/5094 5303/5319/5097
f 5304/5318/5096 5303/5319/5097 5301/5320/5098
f 5316/5309/5087 5313/5310/5088 5314/5321/5099
f 5300/5322/5100 5312/5323/5101 5314/5321/5099
f 5313/5310/5088 5300/5322/5100 5314/5321/5099
f 5301/5320/5098 5303/5319/5097 5302/5324/5102
f 5300/5322/5100 5301/5320/5098 5312/5323/5101
f 5301/5320/5098 5302/5324/5102 5312/5323/5101
f 5330/5325/5103 5329/5326/5104 5331/5327/5105
f 5330/5325/5103 5328/5328/5106 5329/5326/5104
f 5330/5325/5103 5335/5329/5107 5328/5328/5106
f 5335/5329/5107 5327/5330/5108 5328/5328/5106
f 5327/5330/5108 5335/5329/5107 5326/5331/5109
f 5335/5329/5107 5334/5332/5110 5326/5331/5109
f 5326/5331/5109 5336/5333/5111 5332/5334/5112
f 5326/5331/5109 5334/5332/5110 5336/5333/5111
f 5332/5334/5112 5336/5333/5111 5325/5335/5113
f 5336/5333/5111 5333/5336/5114 5325/5335/5113
f 5359/5337/5115 5357/5338/5116 5362/5339/5117
f 5362/5339/5117 5357/5338/5116 5358/5340/5118
f 5357/5338/5116 5356/5341/5119 5358/5340/5118
f 5357/5338/5116 5346/5342/5120 5356/5341/5119
f 5346/5342/5120 5357/5338/5116 5360/5343/5121
f 5356/5341/5119 5346/5342/5120 5339/5344/5122
f 5346/5342/5120 5345/5345/5123 5339/5344/5122
f 5339/5344/5122 5345/5345/5123 5341/5346/5124
f 5339/5344/5122 5341/5346/5124 5337/5347/5125
f 5339/5344/5122 5338/5348/5126 5340/5349/5127
f 5339/5344/5122 5337/5347/5125 5338/5348/5126
f 5361/5350/5128 5360/5343/5121 5357/5338/5116
f 5360/5343/5121 5355/5351/5129 5347/5352/5130
f 5360/5343/5121 5347/5352/5130 5346/5342/5120
f 5346/5342/5120 5347/5352/5130 5345/5345/5123
f 5345/5345/5123 5347/5352/5130 5341/5346/5124
f 5365/5353/5131 5364/5354/5132 5366/5355/5133
f 5363/5356/5134 5354/5357/5135 5351/5358/5136
f 5340/5349/5127 5338/5348/5126 5344/5359/5137
f 5338/5348/5126 5337/5347/5125 5343/5360/5138
f 5344/5359/5137 5351/5358/5136 5348/5361/5139
f 5348/5361/5139 5340/5349/5127 5344/5359/5137
f 5348/5361/5139 5351/5358/5136 5354/5357/5135
f 5344/5359/5137 5338/5348/5126 5343/5360/5138
f 5344/5359/5137 5343/5360/5138 5351/5358/5136
f 5351/5358/5136 5343/5360/5138 5352/5362/5140
f 5367/5363/5141 5366/5355/5133 5364/5354/5132
f 5343/5360/5138 5349/5364/5142 5352/5362/5140
f 5342/5365/5143 5337/5347/5125 5341/5346/5124
f 5337/5347/5125 5342/5365/5143 5343/5360/5138
f 5343/5360/5138 5342/5365/5143 5349/5364/5142
f 5352/5362/5140 5349/5364/5142 5353/5366/5144
f 5349/5364/5142 5350/5367/5145 5353/5366/5144
f 5429/5368/5146 5430/5369/5147 5426/5370/5148
f 5424/5371/5149 5426/5370/5148 5425/5372/5150
f 5425/5372/5150 5426/5370/5148 5430/5369/5147
f 5425/5372/5150 5430/5369/5147 5428/5373/5151
f 5430/5369/5147 5427/5374/5152 5428/5373/5151
f 5412/5375/5153 5409/5376/5154 5410/5377/5155
f 5410/5377/5155 5409/5376/5154 5416/5378/5156
f 5427/5374/5152 5430/5369/5147 5431/5379/5157
f 5416/5378/5156 5409/5376/5154 5411/5380/5158
f 5416/5378/5156 5411/5380/5158 5415/5381/5159
f 5390/5382/5160 5387/5383/5161 5386/5384/5162
f 5388/5385/5163 5404/5386/5164 5385/5387/5165
f 5385/5387/5165 5404/5386/5164 5406/5388/5166
f 5405/5389/5167 5371/5390/5168 5406/5388/5166
f 5371/5390/5168 5405/5389/5167 5408/5391/5169
f 5370/5392/5170 5371/5390/5168 5382/5393/5171
f 5408/5391/5169 5368/5394/5172 5371/5390/5168
f 5382/5393/5171 5371/5390/5168 5368/5394/5172
f 5415/5381/5159 5421/5395/5173 5413/5396/5174
f 5428/5373/5151 5427/5374/5152 5438/5397/5175
f 5439/5398/5176 5428/5373/5151 5438/5397/5175
f 5417/5399/5177 5416/5378/5156 5420/5400/5178
f 5420/5400/5178 5416/5378/5156 5422/5401/5179
f 5439/5398/5176 5438/5397/5175 5436/5402/5180
f 5387/5383/5161 5388/5385/5163 5386/5384/5162
f 5388/5385/5163 5385/5387/5165 5386/5384/5162
f 5416/5378/5156 5415/5381/5159 5422/5401/5179
f 5386/5384/5162 5385/5387/5165 5370/5392/5170
f 5385/5387/5165 5406/5388/5166 5371/5390/5168
f 5385/5387/5165 5371/5390/5168 5370/5392/5170
f 5436/5402/5180 5438/5397/5175 5432/5403/5181
f 5432/5403/5181 5438/5397/5175 5440/5404/5182
f 5436/5402/5180 5432/5403/5181 5434/5405/5183
f 5432/5403/5181 5440/5404/5182 5434/5405/5183
f 5386/5384/5162 5370/5392/5170 5382/5393/5171
f 5422/5401/5179 5415/5381/5159 5419/5406/5184
f 5415/5381/5159 5413/5396/5174 5419/5406/5184
f 5419/5406/5184 5413/5396/5174 5414/5407/5185
f 5418/5408/5186 5419/5406/5184 5414/5407/5185
f 5404/5386/5164 5402/5409/5187 5403/5410/5188
f 5404/5386/5164 5403/5410/5188 5405/5389/5167
f 5406/5388/5166 5404/5386/5164 5405/5389/5167
f 5407/5411/5189 5408/5391/5169 5405/5389/5167
f 5395/5412/5190 5396/5413/5191 5397/5414/5192
f 5395/5412/5190 5397/5414/5192 5399/5415/5193
f 5408/5391/5169 5399/5415/5193 5398/5416/5194
f 5399/5415/5193 5397/5414/5192 5398/5416/5194
f 5398/5416/5194 5397/5414/5192 5400/5417/5195
f 5368/5394/5172 5408/5391/5169 5398/5416/5194
f 5394/5418/5196 5401/5419/5197 5400/5417/5195
f 5400/5417/5195 5401/5419/5197 5378/5420/5198
f 5392/5421/5199 5393/5422/5200 5394/5418/5196
f 5393/5422/5200 5401/5419/5197 5394/5418/5196
f 5441/5423/5201 5442/5424/5202 5443/5425/5203
f 5442/5424/5202 5445/5426/5204 5444/5427/5205
f 5442/5424/5202 5444/5427/5205 5443/5425/5203
f 5391/5428/5206 5384/5429/5207 5383/5430/5208
f 5391/5428/5206 5383/5430/5208 5389/5431/5209
f 5372/5432/5210 5377/5433/5211 5369/5434/5212
f 5369/5434/5212 5382/5393/5171 5372/5432/5210
f 5372/5432/5210 5382/5393/5171 5368/5394/5172
f 5382/5393/5171 5369/5434/5212 5381/5435/5213
f 5384/5429/5207 5373/5436/5214 5383/5430/5208
f 5446/5437/5215 5444/5427/5205 5445/5426/5204
f 5384/5429/5207 5369/5434/5212 5373/5436/5214
f 5384/5429/5207 5381/5435/5213 5369/5434/5212
f 5369/5434/5212 5377/5433/5211 5373/5436/5214
f 5434/5405/5183 5433/5438/5216 5435/5439/5217
f 5434/5405/5183 5437/5440/5218 5433/5438/5216
f 5418/5408/5186 5414/5407/5185 5423/5441/5219
f 5434/5405/5183 5440/5404/5182 5437/5440/5218
f 5398/5416/5194 5400/5417/5195 5368/5394/5172
f 5368/5394/5172 5400/5417/5195 5378/5420/5198
f 5374/5442/5220 5368/5394/5172 5378/5420/5198
f 5374/5442/5220 5378/5420/5198 5375/5443/5221
f 5368/5394/5172 5374/5442/5220 5372/5432/5210
f 5376/5444/5222 5374/5442/5220 5375/5443/5221
f 5372/5432/5210 5374/5442/5220 5376/5444/5222
f 5379/5445/5223 5372/5432/5210 5380/5446/5224
f 5380/5446/5224 5372/5432/5210 5376/5444/5222
f 5467/5447/5225 5471/5448/5226 5466/5449/5227
f 5477/5450/5228 5478/5451/5229 5476/5452/5230
f 5468/5453/5231 5470/5454/5232 5467/5447/5225
f 5470/5454/5232 5471/5448/5226 5467/5447/5225
f 5470/5454/5232 5469/5455/5233 5471/5448/5226
f 5478/5451/5229 5477/5450/5228 5481/5456/5234
f 5481/5456/5234 5480/5457/5235 5478/5451/5229
f 5478/5451/5229 5480/5457/5235 5479/5458/5236
f 5469/5455/5233 5453/5459/5237 5471/5448/5226
f 5469/5455/5233 5447/5460/5238 5453/5459/5237
f 5448/5461/5239 5447/5460/5238 5469/5455/5233
f 5453/5459/5237 5449/5462/5240 5454/5463/5241
f 5447/5460/5238 5449/5462/5240 5453/5459/5237
f 5481/5456/5234 5474/5464/5242 5480/5457/5235
f 5481/5456/5234 5472/5465/5243 5474/5464/5242
f 5448/5461/5239 5451/5466/5244 5447/5460/5238
f 5464/5467/5245 5459/5468/5246 5460/5469/5247
f 5465/5470/5248 5461/5471/5249 5462/5472/5250
f 5460/5469/5247 5458/5473/5251 5457/5474/5252
f 5472/5465/5243 5475/5475/5253 5473/5476/5254
f 5472/5465/5243 5473/5476/5254 5474/5464/5242
f 5451/5466/5244 5456/5477/5255 5450/5478/5256
f 5450/5478/5256 5455/5479/5257 5452/5480/5258
f 5456/5477/5255 5455/5479/5257 5450/5478/5256
f 5456/5477/5255 5457/5474/5252 5455/5479/5257
f 5457/5474/5252 5458/5473/5251 5455/5479/5257
f 5451/5466/5244 5449/5462/5240 5447/5460/5238
f 5451/5466/5244 5452/5480/5258 5449/5462/5240
f 5451/5466/5244 5450/5478/5256 5452/5480/5258
f 5459/5468/5246 5458/5473/5251 5460/5469/5247
f 5459/5468/5246 5463/5481/5259 5458/5473/5251
f 5463/5481/5259 5462/5472/5250 5458/5473/5251
f 5458/5473/5251 5462/5472/5250 5461/5471/5249
f 5501/5482/5260 5509/5483/5261 5502/5484/5262
f 5509/5483/5261 5500/5485/5263 5502/5484/5262
f 5509/5483/5261 5508/5486/5264 5500/5485/5263
f 5500/5485/5263 5508/5486/5264 5499/5487/5265
f 5499/5487/5265 5503/5488/5266 5504/5489/5267
f 5504/5489/5267 5503/5488/5266 5505/5490/5268
f 5497/5491/5269 5484/5492/5270 5493/5493/5271
f 5504/5489/5267 5506/5494/5272 5507/5495/5273
f 5489/5496/5274 5485/5497/5275 5494/5498/5276
f 5491/5499/5277 5494/5498/5276 5496/5500/5278
f 5485/5497/5275 5482/5501/5279 5486/5502/5280
f 5494/5498/5276 5485/5497/5275 5486/5502/5280
f 5494/5498/5276 5486/5502/5280 5496/5500/5278
f 5496/5500/5278 5486/5502/5280 5488/5503/5281
f 5505/5490/5268 5506/5494/5272 5504/5489/5267
f 5485/5497/5275 5493/5493/5271 5482/5501/5279
f 5484/5492/5270 5482/5501/5279 5493/5493/5271
f 5482/5501/5279 5488/5503/5281 5486/5502/5280
f 5484/5492/5270 5483/5504/5282 5482/5501/5279
f 5482/5501/5279 5483/5504/5282 5488/5503/5281
f 5495/5505/5283 5488/5503/5281 5487/5506/5284
f 5483/5504/5282 5487/5506/5284 5488/5503/5281
f 5496/5500/5278 5498/5507/5285 5491/5499/5277
f 5508/5486/5264 5503/5488/5266 5499/5487/5265
f 5490/5508/5286 5487/5506/5284 5483/5504/5282
f 5492/5509/5287 5485/5497/5275 5489/5496/5274
f 5510/5510/5288 5512/5511/5289 5511/5512/5290
f 5510/5510/5288 5516/5513/5291 5512/5511/5289
f 5555/5514/5292 5554/5515/5293 5552/5516/5294
f 5512/5511/5289 5516/5513/5291 5513/5517/5295
f 5552/5516/5294 5554/5515/5293 5544/5518/5296
f 5544/5518/5296 5551/5519/5297 5552/5516/5294
f 5552/5516/5294 5551/5519/5297 5550/5520/5298
f 5531/5521/5299 5546/5522/5300 5553/5523/5301
f 5531/5521/5299 5527/5524/5302 5546/5522/5300
f 5516/5513/5291 5514/5525/5303 5513/5517/5295
f 5516/5513/5291 5515/5526/5304 5514/5525/5303
f 5535/5527/5305 5530/5528/5306 5544/5518/5296
f 5544/5518/5296 5531/5521/5299 5551/5519/5297
f 5551/5519/5297 5531/5521/5299 5553/5523/5301
f 5530/5528/5306 5535/5527/5305 5532/5529/5307
f 5532/5529/5307 5533/5530/5308 5530/5528/5306
f 5544/5518/5296 5530/5528/5306 5531/5521/5299
f 5530/5528/5306 5527/5524/5302 5531/5521/5299
f 5533/5530/5308 5527/5524/5302 5530/5528/5306
f 5523/5531/5309 5525/5532/5310 5524/5533/5311
f 5546/5522/5300 5527/5524/5302 5549/5534/5312
f 5549/5534/5312 5527/5524/5302 5524/5533/5311
f 5527/5524/5302 5523/5531/5309 5524/5533/5311
f 5525/5532/5310 5523/5531/5309 5522/5535/5313
f 5523/5531/5309 5521/5536/5314 5522/5535/5313
f 5523/5531/5309 5526/5537/5315 5521/5536/5314
f 5517/5538/5316 5518/5539/5317 5519/5540/5318
f 5517/5538/5316 5520/5541/5319 5518/5539/5317
f 5517/5538/5316 5521/5536/5314 5520/5541/5319
f 5520/5541/5319 5521/5536/5314 5526/5537/5315
f 5533/5530/5308 5528/5542/5320 5527/5524/5302
f 5528/5542/5320 5529/5543/5321 5527/5524/5302
f 5533/5530/5308 5539/5544/5322 5534/5545/5323
f 5533/5530/5308 5534/5545/5323 5528/5542/5320
f 5540/5546/5324 5534/5545/5323 5539/5544/5322
f 5542/5547/5325 5541/5548/5326 5534/5545/5323
f 5528/5542/5320 5534/5545/5323 5529/5543/5321
f 5534/5545/5323 5541/5548/5326 5529/5543/5321
f 5542/5547/5325 5534/5545/5323 5548/5549/5327
f 5523/5531/5309 5536/5550/5328 5526/5537/5315
f 5523/5531/5309 5527/5524/5302 5536/5550/5328
f 5527/5524/5302 5529/5543/5321 5536/5550/5328
f 5529/5543/5321 5537/5551/5329 5536/5550/5328
f 5541/5548/5326 5545/5552/5330 5529/5543/5321
f 5529/5543/5321 5545/5552/5330 5538/5553/5331
f 5547/5554/5332 5538/5553/5331 5543/5555/5333
f 5543/5555/5333 5538/5553/5331 5545/5552/5330
f 5529/5543/5321 5538/5553/5331 5537/5551/5329
f 5559/5556/5334 5557/5557/5335 5565/5558/5336
f 5562/5559/5337 5561/5560/5338 5560/5561/5339
f 5562/5559/5337 5560/5561/5339 5559/5556/5334
f 5560/5561/5339 5556/5562/5340 5559/5556/5334
f 5565/5558/5336 5557/5557/5335 5566/5563/5341
f 5557/5557/5335 5559/5556/5334 5558/5564/5342
f 5558/5564/5342 5559/5556/5334 5563/5565/5343
f 5577/5566/5344 5576/5567/5345 5575/5568/5345
f 5575/5568/5345 5576/5567/5345 5578/5569/5346
f 5556/5562/5340 5563/5565/5343 5559/5556/5334
f 5567/5570/5347 5563/5565/5343 5556/5562/5340
f 5560/5561/5339 5564/5571/5348 5556/5562/5340
f 5556/5562/5340 5564/5571/5348 5567/5570/5347
f 5564/5571/5348 5570/5572/5349 5567/5570/5347
f 5564/5571/5348 5574/5573/5350 5570/5572/5349
f 5573/5574/5351 5567/5570/5347 5570/5572/5349
f 5573/5574/5351 5572/5575/5352 5567/5570/5347
f 5567/5570/5347 5568/5576/5353 5563/5565/5343
f 5567/5570/5347 5569/5577/5354 5568/5576/5353
f 5567/5570/5347 5571/5578/5355 5569/5577/5354
f 5567/5570/5347 5572/5575/5352 5571/5578/5355
f 5568/5576/5353 5569/5577/5354 5563/5565/5343
f 5579/5579/5356 5584/5580/5357 5581/5581/5358
f 5581/5581/5358 5584/5580/5357 5580/5582/5359
f 5584/5580/5357 5582/5583/5360 5580/5582/5359
f 5580/5582/5359 5582/5583/5360 5583/5584/5361
f 5582/5583/5360 5589/5585/5362 5583/5584/5361
f 5585/5586/5363 5583/5584/5361 5589/5585/5362
f 5585/5586/5363 5589/5585/5362 5586/5587/5364
f 5589/5585/5362 5587/5588/5365 5586/5587/5364
f 5587/5588/5365 5590/5589/5366 5586/5587/5364
f 5587/5588/5365 5595/5590/5367 5590/5589/5366
f 5591/5591/5368 5592/5592/5369 5593/5593/5370
f 5593/5593/5370 5594/5594/5371 5588/5595/5372
f 5592/5592/5369 5594/5594/5371 5593/5593/5370
f 5588/5595/5372 5595/5590/5367 5587/5588/5365
f 5594/5594/5371 5595/5590/5367 5588/5595/5372
f 5608/5596/5373 5597/5597/5374 5611/5598/5375
f 5610/5599/5376 5608/5596/5373 5611/5598/5375
f 5611/5598/5375 5597/5597/5374 5613/5600/5377
f 5613/5600/5377 5597/5597/5374 5609/5601/5378
f 5609/5601/5378 5597/5597/5374 5606/5602/5379
f 5597/5597/5374 5596/5603/5380 5606/5602/5379
f 5596/5603/5380 5598/5604/5381 5606/5602/5379
f 5602/5605/5382 5598/5604/5381 5596/5603/5380
f 5602/5605/5382 5599/5606/5383 5598/5604/5381
f 5602/5605/5382 5605/5607/5384 5599/5606/5383
f 5606/5602/5379 5598/5604/5381 5599/5606/5383
f 5606/5602/5379 5599/5606/5383 5604/5608/5385
f 5605/5607/5384 5603/5609/5386 5599/5606/5383
f 5605/5607/5384 5607/5610/5387 5603/5609/5386
f 5599/5606/5383 5600/5611/5388 5604/5608/5385
f 5599/5606/5383 5601/5612/5389 5600/5611/5388
f 5600/5611/5388 5612/5613/5390 5604/5608/5385
f 5617/5614/5391 5615/5615/5392 5614/5616/5393
f 5616/5617/5394 5618/5618/5395 5617/5614/5391
f 5614/5616/5393 5616/5617/5394 5617/5614/5391
f 5616/5617/5394 5619/5619/5396 5618/5618/5395
f 5619/5619/5396 5616/5617/5394 5621/5620/5397
f 5619/5619/5396 5621/5620/5397 5625/5621/5398
f 5625/5621/5398 5623/5622/5399 5619/5619/5396
f 5620/5623/5400 5619/5619/5396 5623/5622/5399
f 5623/5622/5399 5622/5624/5401 5620/5623/5400
f 5620/5623/5400 5622/5624/5401 5624/5625/5402
f 5631/5626/5403 5630/5627/5404 5627/5628/5405
f 5630/5627/5404 5629/5629/5406 5627/5628/5405
f 5629/5629/5406 5626/5630/5407 5627/5628/5405
f 5626/5630/5407 5637/5631/5408 5627/5628/5405
f 5627/5628/5405 5637/5631/5408 5628/5632/5409
f 5628/5632/5409 5637/5631/5408 5632/5633/5410
f 5662/5634/5411 5663/5635/5412 5664/5636/5413
f 5685/5637/5414 5686/5638/5415 5661/5639/5416
f 5693/5640/5417 5673/5641/5418 5659/5642/5419
f 5659/5642/5419 5673/5641/5418 5656/5643/5420
f 5656/5643/5420 5673/5641/5418 5657/5644/5421
f 5637/5631/5408 5633/5645/5422 5632/5633/5410
f 5731/5646/5423 5729/5647/5424 5728/5648/5425
f 5672/5649/5426 5658/5650/5427 5673/5641/5418
f 5658/5650/5427 5674/5651/5428 5657/5644/5421
f 5673/5641/5418 5658/5650/5427 5657/5644/5421
f 5727/5652/5429 5728/5648/5425 5726/5653/5430
f 5728/5648/5425 5730/5654/5431 5726/5653/5430
f 5657/5644/5421 5674/5651/5428 5678/5655/5432
f 5726/5653/5430 5724/5656/5433 5725/5657/5434
f 5678/5655/5432 5644/5658/5435 5692/5659/5436
f 5728/5648/5425 5729/5647/5424 5730/5654/5431
f 5632/5633/5410 5633/5645/5422 5634/5660/5437
f 5726/5653/5430 5730/5654/5431 5724/5656/5433
f 5644/5658/5435 5675/5661/5438 5692/5659/5436
f 5697/5662/5439 5675/5661/5438 5644/5658/5435
f 5634/5660/5437 5633/5645/5422 5636/5663/5440
f 5633/5645/5422 5635/5664/5441 5636/5663/5440
f 5675/5661/5438 5701/5665/5442 5698/5666/5443
f 5659/5642/5419 5656/5643/5420 5655/5667/5444
s 0
f 5721/5668/5445 5723/5669/5445 5722/5670/5445
s 1
f 5657/5644/5421 5678/5655/5432 5700/5671/5446
s 0
f 5720/5672/5447 5719/5673/5447 5718/5674/5447
s 1
f 5683/5675/5448 5655/5667/5444 5690/5676/5449
f 5655/5667/5444 5677/5677/5450 5690/5676/5449
f 5656/5643/5420 5700/5671/5446 5655/5667/5444
f 5700/5671/5446 5692/5659/5436 5655/5667/5444
f 5655/5667/5444 5692/5659/5436 5647/5678/5451
f 5655/5667/5444 5647/5678/5451 5677/5677/5450
f 5647/5678/5451 5692/5659/5436 5675/5661/5438
f 5712/5679/5452 5709/5680/5453 5710/5681/5454
f 5647/5678/5451 5675/5661/5438 5676/5682/5455
f 5662/5634/5411 5661/5639/5416 5663/5635/5412
f 5661/5639/5416 5646/5683/5456 5663/5635/5412
f 5661/5639/5416 5686/5638/5415 5660/5684/5457
f 5661/5639/5416 5660/5684/5457 5646/5683/5456
f 5660/5684/5457 5645/5685/5458 5646/5683/5456
s 0
f 5739/5686/5459 5741/5687/5459 5740/5688/5459
s 1
f 5646/5683/5456 5698/5666/5443 5701/5665/5442
f 5646/5683/5456 5645/5685/5458 5698/5666/5443
f 5675/5661/5438 5698/5666/5443 5676/5682/5455
f 5698/5666/5443 5669/5689/5460 5679/5690/5461
f 5698/5666/5443 5645/5685/5458 5669/5689/5460
f 5676/5682/5455 5698/5666/5443 5679/5690/5461
f 5643/5691/5462 5638/5692/5463 5642/5693/5464
f 5641/5694/5465 5640/5695/5466 5638/5692/5463
f 5638/5692/5463 5640/5695/5466 5639/5696/5467
f 5737/5697/5468 5736/5698/5468 5735/5699/5469
f 5682/5700/5470 5688/5701/5471 5681/5702/5472
f 5649/5703/5473 5668/5704/5474 5684/5705/5475
f 5737/5697/5468 5738/5706/5476 5736/5698/5468
f 5713/5707/5477 5712/5679/5452 5711/5708/5478
f 5712/5679/5452 5710/5681/5454 5711/5708/5478
f 5689/5709/5479 5651/5710/5480 5654/5711/5481
f 5689/5709/5479 5654/5711/5481 5650/5712/5482
f 5665/5713/5483 5677/5677/5484 5652/5714/5485
s 0
f 5702/5715/5486 5703/5716/5486 5704/5717/5486
s 1
f 5677/5677/5484 5666/5718/5487 5652/5714/5485
f 5705/5719/5488 5706/5720/5489 5708/5721/5488
f 5665/5713/5483 5652/5714/5485 5687/5722/5490
f 5689/5709/5479 5687/5722/5490 5653/5723/5491
f 5687/5722/5490 5652/5714/5485 5653/5723/5491
f 5708/5721/5488 5707/5724/5492 5705/5719/5488
f 5699/5725/5493 5666/5718/5487 5676/5682/5455
f 5666/5718/5487 5647/5678/5451 5676/5682/5455
f 5691/5726/5494 5699/5725/5493 5648/5727/5495
f 5689/5709/5479 5653/5723/5491 5651/5710/5480
f 5651/5710/5480 5653/5723/5491 5691/5726/5494
f 5653/5723/5491 5699/5725/5493 5691/5726/5494
s 0
f 5734/5728/5496 5732/5729/5496 5733/5730/5496
s 1
f 5654/5711/5481 5691/5726/5494 5649/5703/5473
f 5699/5725/5493 5676/5682/5455 5648/5727/5495
f 5654/5711/5481 5649/5703/5473 5650/5712/5482
f 5648/5727/5495 5668/5704/5474 5649/5703/5473
f 5649/5703/5473 5691/5726/5494 5648/5727/5495
f 5648/5727/5495 5688/5701/5471 5668/5704/5474
f 5716/5731/5497 5717/5732/5498 5714/5733/5497
f 5676/5682/5455 5695/5734/5499 5694/5735/5500
f 5694/5735/5500 5695/5734/5499 5696/5736/5501
f 5676/5682/5455 5694/5735/5500 5648/5727/5495
f 5667/5737/5502 5681/5702/5472 5688/5701/5471
f 5694/5735/5500 5667/5737/5502 5688/5701/5471
f 5694/5735/5500 5688/5701/5471 5648/5727/5495
f 5681/5702/5472 5667/5737/5502 5680/5738/5503
f 5679/5690/5461 5669/5689/5460 5671/5739/5504
f 5714/5733/5497 5715/5740/5505 5716/5731/5497
f 5670/5741/5506 5679/5690/5461 5671/5739/5504
f 5642/5693/5464 5638/5692/5463 5639/5696/5467
f 5768/5742/5507 5775/5743/5508 5769/5744/5509
f 5769/5744/5509 5775/5743/5508 5766/5745/5510
f 5776/5746/5511 5775/5743/5508 5768/5742/5507
f 5776/5746/5511 5777/5747/5512 5775/5743/5508
f 5766/5745/5510 5775/5743/5508 5764/5748/5513
f 5775/5743/5508 5767/5749/5514 5764/5748/5513
f 5764/5748/5513 5767/5749/5514 5765/5750/5515
f 5765/5750/5515 5767/5749/5514 5771/5751/5516
f 5775/5743/5508 5772/5752/5517 5767/5749/5514
f 5775/5743/5508 5774/5753/5518 5772/5752/5517
f 5767/5749/5514 5772/5752/5517 5770/5754/5519
f 5767/5749/5514 5742/5755/5520 5771/5751/5516
f 5767/5749/5514 5770/5754/5519 5742/5755/5520
f 5774/5753/5518 5780/5756/5521 5772/5752/5517
f 5772/5752/5517 5780/5756/5521 5778/5757/5522
f 5772/5752/5517 5778/5757/5522 5779/5758/5523
f 5772/5752/5517 5779/5758/5523 5770/5754/5519
f 5779/5758/5523 5773/5759/5524 5770/5754/5519
f 5773/5759/5524 5749/5760/5525 5742/5755/5520
f 5779/5758/5523 5778/5757/5522 5773/5759/5524
f 5773/5759/5524 5778/5757/5522 5781/5761/5526
f 5778/5757/5522 5782/5762/5527 5781/5761/5526
f 5773/5759/5524 5781/5761/5526 5749/5760/5525
f 5773/5759/5524 5742/5755/5520 5770/5754/5519
f 5742/5755/5520 5749/5760/5525 5744/5763/5528
f 5744/5763/5528 5749/5760/5525 5748/5764/5529
f 5748/5764/5529 5746/5765/5530 5744/5763/5528
f 5743/5766/5531 5742/5755/5520 5744/5763/5528
f 5744/5763/5528 5746/5765/5530 5743/5766/5531
f 5748/5764/5529 5755/5767/5532 5746/5765/5530
f 5746/5765/5530 5745/5768/5533 5743/5766/5531
f 5743/5766/5531 5745/5768/5533 5747/5769/5534
f 5747/5769/5534 5754/5770/5535 5743/5766/5531
f 5743/5766/5531 5754/5770/5535 5750/5771/5536
f 5754/5770/5535 5751/5772/5537 5750/5771/5536
f 5751/5772/5537 5752/5773/5538 5750/5771/5536
f 5760/5774/5539 5756/5775/5540 5759/5776/5541
f 5750/5771/5536 5752/5773/5538 5757/5777/5542
f 5750/5771/5536 5757/5777/5542 5760/5774/5539
f 5752/5773/5538 5753/5778/5543 5757/5777/5542
f 5753/5778/5543 5762/5779/5544 5763/5780/5545
f 5753/5778/5543 5758/5781/5546 5757/5777/5542
f 5757/5777/5542 5758/5781/5546 5760/5774/5539
f 5753/5778/5543 5763/5780/5545 5758/5781/5546
f 5758/5781/5546 5761/5782/5547 5760/5774/5539
f 5760/5774/5539 5761/5782/5547 5756/5775/5540
f 5823/5783/5548 5824/5784/5549 5822/5785/5550
f 5824/5784/5549 5821/5786/5551 5822/5785/5550
f 5825/5787/5552 5829/5788/5553 5824/5784/5549
f 5824/5784/5549 5829/5788/5553 5821/5786/5551
f 5821/5786/5551 5829/5788/5553 5826/5789/5554
f 5821/5786/5551 5826/5789/5554 5830/5790/5555
f 5830/5790/5555 5826/5789/5554 5835/5791/5556
f 5835/5791/5556 5826/5789/5554 5836/5792/5557
f 5826/5789/5554 5829/5788/5553 5831/5793/5558
f 5827/5794/5559 5828/5795/5560 5826/5789/5554
f 5826/5789/5554 5831/5793/5558 5827/5794/5559
f 5827/5794/5559 5831/5793/5558 5832/5796/5561
f 5827/5794/5559 5832/5796/5561 5828/5795/5560
f 5836/5792/5557 5826/5789/5554 5828/5795/5560
f 5828/5795/5560 5834/5797/5562 5836/5792/5557
f 5828/5795/5560 5833/5798/5563 5834/5797/5562
f 5828/5795/5560 5832/5796/5561 5833/5798/5563
f 5832/5796/5561 5813/5799/5564 5833/5798/5563
f 5833/5798/5563 5813/5799/5564 5815/5800/5565
f 5813/5799/5564 5816/5801/5566 5815/5800/5565
f 5831/5793/5558 5814/5802/5567 5832/5796/5561
f 5832/5796/5561 5814/5802/5567 5813/5799/5564
f 5813/5799/5564 5814/5802/5567 5805/5803/5568
f 5813/5799/5564 5812/5804/5569 5816/5801/5566
f 5805/5803/5568 5812/5804/5569 5813/5799/5564
f 5812/5804/5569 5811/5805/5570 5819/5806/5571
f 5805/5803/5568 5811/5805/5570 5812/5804/5569
f 5811/5805/5570 5807/5807/5572 5819/5806/5571
f 5811/5805/5570 5804/5808/5573 5807/5807/5572
f 5816/5801/5566 5819/5806/5571 5818/5809/5574
f 5816/5801/5566 5812/5804/5569 5819/5806/5571
f 5819/5806/5571 5807/5807/5572 5810/5810/5575
f 5811/5805/5570 5805/5803/5568 5804/5808/5573
f 5810/5810/5575 5807/5807/5572 5809/5811/5576
f 5810/5810/5575 5809/5811/5576 5820/5812/5577
f 5808/5813/5578 5801/5814/5579 5804/5808/5573
f 5876/5815/5580 5873/5816/5581 5878/5817/5582
f 5878/5817/5582 5873/5816/5581 5872/5818/5583
f 5877/5819/5584 5870/5820/5585 5869/5821/5586
f 5843/5822/5587 5838/5823/5588 5839/5824/5589
f 5873/5816/5581 5871/5825/5590 5872/5818/5583
f 5840/5826/5591 5842/5827/5592 5841/5828/5593
f 5840/5826/5591 5841/5828/5593 5853/5829/5594
f 5797/5830/5595 5852/5831/5596 5858/5832/5597
f 5858/5832/5597 5852/5831/5596 5849/5833/5598
f 5845/5834/5599 5842/5827/5592 5846/5835/5600
f 5872/5818/5583 5871/5825/5590 5870/5820/5585
f 5870/5820/5585 5871/5825/5590 5869/5821/5586
f 5871/5825/5590 5879/5836/5601 5869/5821/5586
f 5869/5821/5586 5879/5836/5601 5867/5837/5602
f 5867/5837/5602 5874/5838/5603 5868/5839/5604
f 5879/5836/5601 5874/5838/5603 5867/5837/5602
f 5784/5840/5605 5786/5841/5606 5783/5842/5607
f 5879/5836/5601 5881/5843/5608 5874/5838/5603
f 5855/5844/5609 5853/5829/5594 5847/5845/5610
f 5841/5828/5593 5847/5845/5610 5853/5829/5594
f 5783/5842/5607 5787/5846/5611 5789/5847/5612
f 5855/5844/5609 5847/5845/5610 5856/5848/5613
f 5842/5827/5592 5845/5834/5599 5841/5828/5593
f 5841/5828/5593 5845/5834/5599 5847/5845/5610
f 5845/5834/5599 5849/5833/5598 5847/5845/5610
f 5783/5842/5607 5786/5841/5606 5787/5846/5611
f 5786/5841/5606 5785/5849/5614 5787/5846/5611
f 5885/5850/5615 5884/5851/5615 5886/5852/5616
f 5885/5850/5615 5883/5853/5617 5884/5851/5615
f 5807/5807/5572 5804/5808/5573 5803/5854/5618
f 5804/5808/5573 5802/5855/5619 5803/5854/5618
f 5807/5807/5572 5803/5854/5618 5809/5811/5576
f 5809/5811/5576 5803/5854/5618 5844/5856/5620
f 5803/5854/5618 5806/5857/5621 5844/5856/5620
f 5804/5808/5573 5801/5814/5579 5802/5855/5619
f 5802/5855/5619 5806/5857/5621 5803/5854/5618
f 5808/5813/5578 5817/5858/5622 5801/5814/5579
f 5854/5859/5623 5838/5823/5588 5806/5857/5621
f 5854/5859/5623 5837/5860/5624 5838/5823/5588
f 5802/5855/5619 5854/5859/5623 5806/5857/5621
f 5844/5856/5620 5806/5857/5621 5838/5823/5588
f 5844/5856/5620 5838/5823/5588 5843/5822/5587
f 5839/5824/5589 5838/5823/5588 5840/5826/5591
f 5838/5823/5588 5842/5827/5592 5840/5826/5591
f 5838/5823/5588 5837/5860/5624 5850/5861/5625
f 5882/5862/5626 5868/5839/5604 5875/5863/5627
f 5868/5839/5604 5874/5838/5603 5875/5863/5627
f 5875/5863/5627 5874/5838/5603 5880/5864/5628
f 5783/5842/5607 5789/5847/5612 5792/5865/5629
f 5797/5830/5595 5859/5866/5630 5852/5831/5596
f 5800/5867/5631 5799/5868/5632 5795/5869/5633
f 5795/5869/5633 5799/5868/5632 5798/5870/5634
f 5864/5871/5635 5848/5872/5636 5852/5831/5596
f 5864/5871/5635 5863/5873/5637 5848/5872/5636
f 5849/5833/5598 5852/5831/5596 5848/5872/5636
f 5849/5833/5598 5851/5874/5638 5847/5845/5610
f 5849/5833/5598 5848/5872/5636 5851/5874/5638
f 5785/5849/5614 5788/5875/5639 5787/5846/5611
f 5788/5875/5639 5790/5876/5640 5787/5846/5611
f 5788/5875/5639 5791/5877/5641 5790/5876/5640
f 5795/5869/5633 5798/5870/5634 5794/5878/5642
f 5795/5869/5633 5794/5878/5642 5797/5830/5595
f 5797/5830/5595 5796/5879/5643 5859/5866/5630
f 5859/5866/5630 5796/5879/5643 5860/5880/5644
f 5797/5830/5595 5794/5878/5642 5796/5879/5643
f 5794/5878/5642 5793/5881/5645 5796/5879/5643
f 5866/5882/5646 5860/5880/5644 5861/5883/5647
f 5860/5880/5644 5796/5879/5643 5861/5883/5647
f 5796/5879/5643 5862/5884/5648 5861/5883/5647
f 5863/5873/5637 5857/5885/5649 5848/5872/5636
f 5863/5873/5637 5866/5882/5646 5857/5885/5649
f 5857/5885/5649 5866/5882/5646 5865/5886/5650
f 5866/5882/5646 5861/5883/5647 5865/5886/5650
f 5896/5887/5651 5891/5888/5652 5894/5889/5653
f 5894/5889/5653 5891/5888/5652 5892/5890/5654
f 5892/5890/5654 5891/5888/5652 5887/5891/5655
f 5887/5891/5655 5891/5888/5652 5889/5892/5656
f 5893/5893/5657 5892/5890/5654 5887/5891/5655
f 5887/5891/5655 5895/5894/5658 5893/5893/5657
f 5887/5891/5655 5890/5895/5659 5895/5894/5658
f 5887/5891/5655 5888/5896/5660 5890/5895/5659
f 5889/5892/5656 5888/5896/5660 5887/5891/5655
f 5890/5895/5659 5897/5897/5661 5895/5894/5658
f 5890/5895/5659 5888/5896/5660 5897/5897/5661
f 5908/5898/5662 5909/5899/5663 5907/5900/5664
f 5908/5898/5662 5907/5900/5664 5906/5901/5665
f 5905/5902/5666 5906/5901/5665 5907/5900/5664
f 5900/5903/5667 5905/5902/5666 5901/5904/5668
f 5900/5903/5667 5901/5904/5668 5899/5905/5669
f 5905/5902/5666 5900/5903/5667 5906/5901/5665
f 5906/5901/5665 5900/5903/5667 5899/5905/5669
f 5901/5904/5668 5898/5906/5670 5899/5905/5669
f 5899/5905/5669 5903/5907/5671 5904/5908/5672
f 5903/5907/5671 5899/5905/5669 5898/5906/5670
f 5903/5907/5671 5898/5906/5670 5902/5909/5673
f 5918/5910/5674 5914/5911/5675 5915/5912/5676
f 5915/5912/5676 5914/5911/5675 5910/5913/5677
f 5914/5911/5675 5912/5914/5678 5910/5913/5677
f 5913/5915/5679 5912/5914/5678 5914/5911/5675
f 5912/5914/5678 5911/5916/5680 5910/5913/5677
f 5912/5914/5678 5913/5915/5679 5917/5917/5681
f 5913/5915/5679 5916/5918/5682 5917/5917/5681
f 5912/5914/5678 5917/5917/5681 5911/5916/5680
f 5928/5919/5683 5925/5920/5684 5926/5921/5684
f 5927/5922/5685 5926/5921/5684 5925/5920/5684
f 5932/5923/5686 5931/5924/5687 5930/5925/5687
f 5922/5926/5688 5921/5927/5689 5924/5928/5690
f 5930/5925/5687 5931/5924/5687 5929/5929/5691
f 5921/5927/5689 5919/5930/5692 5924/5928/5690
f 5919/5930/5692 5923/5931/5693 5924/5928/5690
f 5920/5932/5694 5919/5930/5692 5921/5927/5689
f 5974/5933/5695 5973/5934/5696 5971/5935/5697
f 5971/5935/5697 5973/5934/5696 5970/5936/5698
f 5976/5937/5699 5975/5938/5700 5979/5939/5701
f 5981/5940/5702 5978/5941/5703 5980/5942/5704
f 5981/5940/5702 5980/5942/5704 5982/5943/5705
f 5941/5944/5706 5964/5945/5707 5940/5946/5708
f 5977/5947/5709 5978/5941/5703 5975/5938/5700
f 5978/5941/5703 5977/5947/5709 5980/5942/5704
f 5977/5947/5709 5975/5938/5700 5976/5937/5699
f 5970/5936/5698 5972/5948/5710 5971/5935/5697
f 5941/5944/5706 5940/5946/5708 5942/5949/5711
f 5940/5946/5708 5964/5945/5707 5965/5950/5712
f 5940/5946/5708 5965/5950/5712 5966/5951/5713
f 5966/5951/5713 5968/5952/5714 5940/5946/5708
f 5940/5946/5708 5968/5952/5714 5939/5953/5715
f 5943/5954/5716 5939/5953/5715 5938/5955/5717
f 5935/5956/5718 5937/5957/5719 5938/5955/5717
f 5937/5957/5719 5933/5958/5720 5938/5955/5717
f 5935/5956/5718 5938/5955/5717 5939/5953/5715
f 5933/5958/5720 5934/5959/5721 5938/5955/5717
f 5933/5958/5720 5945/5960/5722 5934/5959/5721
f 5945/5960/5722 5946/5961/5723 5934/5959/5721
f 5943/5954/5716 5938/5955/5717 5944/5962/5724
f 5969/5963/5725 5936/5964/5726 5968/5952/5714
f 5967/5965/5727 5936/5964/5726 5969/5963/5725
f 5936/5964/5726 5967/5965/5727 5935/5956/5718
f 5935/5956/5718 5967/5965/5727 5937/5957/5719
f 5936/5964/5726 5935/5956/5718 5968/5952/5714
f 5968/5952/5714 5935/5956/5718 5939/5953/5715
f 5946/5961/5723 5945/5960/5722 5947/5966/5728
f 5946/5961/5723 5947/5966/5728 5953/5967/5729
f 5953/5967/5729 5949/5968/5730 5952/5969/5731
f 5952/5969/5731 5949/5968/5730 5951/5970/5732
f 5949/5968/5730 5948/5971/5733 5951/5970/5732
f 5949/5968/5730 5953/5967/5729 5947/5966/5728
f 5949/5968/5730 5947/5966/5728 5948/5971/5733
f 5947/5966/5728 5957/5972/5734 5948/5971/5733
f 5951/5970/5732 5948/5971/5733 5950/5973/5735
f 5956/5974/5736 5948/5971/5733 5955/5975/5737
f 5948/5971/5733 5957/5972/5734 5955/5975/5737
f 5947/5966/5728 5954/5976/5738 5957/5972/5734
f 5954/5976/5738 5960/5977/5739 5957/5972/5734
f 5960/5977/5739 5963/5978/5740 5957/5972/5734
f 5955/5975/5737 5957/5972/5734 5958/5979/5741
f 5958/5979/5741 5957/5972/5734 5959/5980/5742
f 5957/5972/5734 5963/5978/5740 5959/5980/5742
f 5963/5978/5740 5961/5981/5743 5959/5980/5742
f 5963/5978/5740 5962/5982/5744 5961/5981/5743
f 5985/5983/5745 5984/5984/5746 5987/5985/5747
f 5987/5985/5747 5984/5984/5746 5983/5986/5748
f 6003/5987/5749 6001/5988/5750 6004/5989/5751
f 6004/5989/5751 6001/5988/5750 6002/5990/5752
f 5987/5985/5747 5983/5986/5748 5988/5991/5753
f 5984/5984/5746 5986/5992/5754 5983/5986/5748
f 6002/5990/5752 6000/5993/5755 6005/5994/5756
f 6001/5988/5750 6000/5993/5755 6002/5990/5752
f 6001/5988/5750 5999/5995/5757 6000/5993/5755
f 5999/5995/5757 6010/5996/5758 6009/5997/5759
f 6009/5997/5759 6038/5998/5760 6007/5999/5761
f 6034/6000/5762 6035/6001/5763 6033/6002/5764
f 6035/6001/5763 6047/6003/5765 6036/6004/5766
f 6036/6004/5766 6033/6002/5764 6035/6001/5763
f 6033/6002/5764 6031/6005/5767 6030/6006/5768
f 6032/6007/5769 6024/6008/5770 6030/6006/5768
f 6028/6009/5771 6023/6010/5772 6024/6008/5770
f 6024/6008/5770 6023/6010/5772 5993/6011/5773
f 6022/6012/5774 5993/6011/5773 6023/6010/5772
f 6041/6013/5775 6039/6014/5776 6022/6012/5774
f 6041/6013/5775 6022/6012/5774 6023/6010/5772
f 6022/6012/5774 6016/6015/5777 5991/6016/5778
f 6022/6012/5774 6021/6017/5779 6016/6015/5777
f 6021/6017/5779 6042/6018/5780 6016/6015/5777
f 6042/6018/5780 6040/6019/5781 6016/6015/5777
f 6006/6020/5782 5997/6021/5783 6007/5999/5761
f 5995/6022/5784 5996/6023/5785 5997/6021/5783
f 5997/6021/5783 5998/6024/5786 6007/5999/5761
f 5996/6023/5785 5998/6024/5786 5997/6021/5783
f 5996/6023/5785 6000/5993/5755 5998/6024/5786
f 6006/6020/5782 6007/5999/5761 6029/6025/5787
f 6007/5999/5761 6008/6026/5788 6029/6025/5787
f 6000/5993/5755 5999/5995/5757 5998/6024/5786
f 5998/6024/5786 5999/5995/5757 6009/5997/5759
f 5998/6024/5786 6009/5997/5759 6007/5999/5761
f 6038/5998/5760 6027/6027/5789 6007/5999/5761
f 6007/5999/5761 6018/6028/5790 6008/6026/5788
f 6027/6027/5789 6018/6028/5790 6007/5999/5761
f 6027/6027/5789 6012/6029/5791 6018/6028/5790
f 6034/6000/5762 6049/6030/5792 6048/6031/5793
f 6034/6000/5762 6033/6002/5764 6049/6030/5792
f 6033/6002/5764 6030/6006/5768 6049/6030/5792
f 6048/6031/5793 6050/6032/5794 6027/6027/5789
f 6049/6030/5792 6030/6006/5768 6050/6032/5794
f 6048/6031/5793 6049/6030/5792 6050/6032/5794
f 6027/6027/5789 6050/6032/5794 6037/6033/5795
f 6030/6006/5768 5994/6034/5796 6050/6032/5794
f 6050/6032/5794 5994/6034/5796 6037/6033/5795
f 6037/6033/5795 6012/6029/5791 6027/6027/5789
f 5992/6035/5797 6012/6029/5791 6037/6033/5795
f 6037/6033/5795 5994/6034/5796 5992/6035/5797
f 5994/6034/5796 5990/6036/5798 5992/6035/5797
f 5992/6035/5797 5991/6016/5778 5989/6037/5799
f 5991/6016/5778 6017/6038/5800 5989/6037/5799
f 6012/6029/5791 5992/6035/5797 6015/6039/5801
f 5992/6035/5797 5989/6037/5799 6015/6039/5801
f 6018/6028/5790 6012/6029/5791 6011/6040/5802
f 6011/6040/5802 6012/6029/5791 6014/6041/5803
f 6012/6029/5791 6013/6042/5804 6014/6041/5803
f 6012/6029/5791 6015/6039/5801 6013/6042/5804
f 6014/6041/5803 6013/6042/5804 6019/6043/5805
f 6030/6006/5768 6024/6008/5770 5994/6034/5796
f 5994/6034/5796 6024/6008/5770 5993/6011/5773
f 5992/6035/5797 5990/6036/5798 5991/6016/5778
f 5994/6034/5796 5993/6011/5773 5990/6036/5798
f 5993/6011/5773 5991/6016/5778 5990/6036/5798
f 5993/6011/5773 6022/6012/5774 5991/6016/5778
f 5991/6016/5778 6016/6015/5777 6017/6038/5800
f 5989/6037/5799 6017/6038/5800 6015/6039/5801
f 6017/6038/5800 6016/6015/5777 6015/6039/5801
f 6016/6015/5777 6040/6019/5781 6015/6039/5801
f 6014/6041/5803 6019/6043/5805 6026/6044/5806
f 6026/6044/5806 6019/6043/5805 6025/6045/5807
f 6013/6042/5804 6020/6046/5808 6019/6043/5805
f 6015/6039/5801 6020/6046/5808 6013/6042/5804
f 6015/6039/5801 6040/6019/5781 6020/6046/5808
f 6043/6047/5809 6020/6046/5808 6040/6019/5781
f 6040/6019/5781 6046/6048/5810 6043/6047/5809
f 6043/6047/5809 6046/6048/5810 6044/6049/5811
f 6044/6049/5811 6046/6048/5810 6045/6050/5812
f 6052/6051/5813 6053/6052/5814 6051/6053/5815
f 6053/6052/5814 6054/6054/5816 6051/6053/5815
f 6085/6055/5817 6079/6056/5818 6081/6057/5819
f 6081/6057/5819 6079/6056/5818 6069/6058/5820
f 6079/6056/5818 6062/6059/5821 6069/6058/5820
f 6064/6060/5822 6063/6061/5823 6067/6062/5824
f 6067/6062/5824 6063/6061/5823 6065/6063/5825
f 6068/6064/5826 6065/6063/5825 6063/6061/5823
f 6064/6060/5822 6062/6059/5821 6063/6061/5823
f 6063/6061/5823 6055/6065/5827 6077/6066/5828
f 6079/6056/5818 6066/6067/5829 6062/6059/5821
f 6062/6059/5821 6056/6068/5830 6063/6061/5823
f 6066/6067/5829 6060/6069/5831 6062/6059/5821
f 6066/6067/5829 6080/6070/5832 6060/6069/5831
f 6062/6059/5821 6060/6069/5831 6056/6068/5830
f 6063/6061/5823 6056/6068/5830 6055/6065/5827
f 6055/6065/5827 6071/6071/5833 6077/6066/5828
f 6076/6072/5834 6078/6073/5835 6075/6074/5836
f 6078/6073/5835 6077/6066/5828 6075/6074/5836
f 6077/6066/5828 6074/6075/5837 6075/6074/5836
f 6077/6066/5828 6071/6071/5833 6074/6075/5837
f 6074/6075/5837 6071/6071/5833 6072/6076/5838
f 6086/6077/5839 6089/6078/5840 6087/6079/5841
f 6060/6069/5831 6070/6080/5842 6061/6081/5843
f 6080/6070/5832 6070/6080/5842 6060/6069/5831
f 6080/6070/5832 6084/6082/5844 6070/6080/5842
f 6060/6069/5831 6059/6083/5845 6056/6068/5830
f 6061/6081/5843 6059/6083/5845 6060/6069/5831
f 6056/6068/5830 6058/6084/5846 6055/6065/5827
f 6056/6068/5830 6059/6083/5845 6058/6084/5846
f 6088/6085/5847 6086/6077/5839 6093/6086/5848
f 6086/6077/5839 6087/6079/5841 6093/6086/5848
f 6087/6079/5841 6092/6087/5849 6093/6086/5848
f 6091/6088/5850 6088/6085/5847 6090/6089/5851
f 6088/6085/5847 6093/6086/5848 6090/6089/5851
f 6098/6090/5852 6097/6091/5853 6094/6092/5854
f 6055/6065/5827 6058/6084/5846 6057/6093/5855
f 6055/6065/5827 6057/6093/5855 6071/6071/5833
f 6071/6071/5833 6073/6094/5856 6072/6076/5838
f 6097/6091/5853 6095/6095/5857 6094/6092/5854
f 6057/6093/5855 6083/6096/5858 6071/6071/5833
f 6057/6093/5855 6082/6097/5859 6083/6096/5858
f 6095/6095/5857 6096/6098/5860 6094/6092/5854
s 0
f 6099/6099/5861 6100/6100/5861 6101/6101/5861
s 1
f 6119/6102/5862 6118/6103/5863 6126/6104/5864
f 6126/6104/5864 6125/6105/5865 6121/6106/5866
f 6126/6104/5864 6118/6103/5863 6125/6105/5865
f 6118/6103/5863 6123/6107/5867 6125/6105/5865
f 6118/6103/5863 6117/6108/5868 6123/6107/5867
f 6117/6108/5868 6124/6109/5869 6123/6107/5867
f 6104/6110/5870 6105/6111/5871 6102/6112/5872
s 0
f 6142/6113/5873 6140/6114/5873 6141/6115/5873
f 6139/6116/5874 6137/6117/5874 6138/6118/5874
s 1
f 6105/6111/5871 6108/6119/5875 6102/6112/5872
f 6109/6120/5876 6108/6119/5875 6105/6111/5871
f 6110/6121/5877 6111/6122/5878 6109/6120/5876
f 6109/6120/5876 6111/6122/5878 6108/6119/5875
f 6111/6122/5878 6115/6123/5879 6108/6119/5875
f 6111/6122/5878 6113/6124/5880 6115/6123/5879
f 6113/6124/5880 6114/6125/5881 6115/6123/5879
s 0
f 6136/6126/5882 6134/6127/5882 6135/6128/5882
s 1
f 6117/6108/5868 6120/6129/5883 6124/6109/5869
f 6124/6109/5869 6120/6129/5883 6122/6130/5884
f 6107/6131/5885 6106/6132/5886 6103/6133/5887
f 6122/6130/5884 6131/6134/5888 6124/6109/5869
f 6122/6130/5884 6127/6135/5889 6131/6134/5888
f 6127/6135/5889 6128/6136/5890 6129/6137/5891
f 6106/6132/5886 6102/6112/5872 6103/6133/5887
f 6106/6132/5886 6104/6110/5870 6102/6112/5872
f 6122/6130/5884 6132/6138/5892 6128/6136/5890
f 6122/6130/5884 6128/6136/5890 6127/6135/5889
f 6128/6136/5890 6132/6138/5892 6130/6139/5893
f 6133/6140/5894 6130/6139/5893 6132/6138/5892
f 6116/6141/5895 6112/6142/5896 6113/6124/5880
f 6113/6124/5880 6112/6142/5896 6114/6125/5881
f 6172/6143/5897 6175/6144/5898 6173/6145/5899
f 6175/6144/5898 6179/6146/5900 6173/6145/5899
f 6160/6147/5901 6158/6148/5902 6169/6149/5903
f 6179/6146/5900 6182/6150/5904 6173/6145/5899
f 6169/6149/5903 6158/6148/5902 6164/6151/5905
f 6164/6151/5905 6158/6148/5902 6159/6152/5906
f 6158/6148/5902 6160/6147/5901 6167/6153/5907
f 6167/6153/5907 6162/6154/5908 6158/6148/5902
f 6167/6153/5907 6166/6155/5909 6162/6154/5908
f 6162/6154/5908 6166/6155/5909 6171/6156/5910
f 6158/6148/5902 6165/6157/5911 6159/6152/5906
f 6158/6148/5902 6162/6154/5908 6165/6157/5911
f 6173/6145/5899 6182/6150/5904 6177/6158/5912
f 6173/6145/5899 6177/6158/5912 6174/6159/5913
f 6164/6151/5905 6156/6160/5914 6170/6161/5915
f 6164/6151/5905 6159/6152/5906 6156/6160/5914
f 6159/6152/5906 6163/6162/5916 6156/6160/5914
f 6159/6152/5906 6168/6163/5917 6163/6162/5916
f 6156/6160/5914 6163/6162/5916 6157/6164/5918
f 6161/6165/5919 6153/6166/5920 6157/6164/5918
f 6163/6162/5916 6161/6165/5919 6157/6164/5918
f 6184/6167/5921 6181/6168/5922 6176/6169/5923
f 6177/6158/5912 6178/6170/5924 6174/6159/5913
f 6174/6159/5913 6178/6170/5924 6181/6168/5922
f 6178/6170/5924 6180/6171/5925 6181/6168/5922
f 6146/6172/5926 6145/6173/5927 6144/6174/5928
f 6170/6161/5915 6156/6160/5914 6146/6172/5926
f 6156/6160/5914 6145/6173/5927 6146/6172/5926
f 6156/6160/5914 6148/6175/5929 6145/6173/5927
f 6156/6160/5914 6157/6164/5918 6148/6175/5929
f 6153/6166/5920 6151/6176/5930 6157/6164/5918
f 6148/6175/5929 6157/6164/5918 6151/6176/5930
f 6148/6175/5929 6151/6176/5930 6152/6177/5931
f 6145/6173/5927 6148/6175/5929 6147/6178/5932
f 6148/6175/5929 6152/6177/5931 6147/6178/5932
f 6147/6178/5932 6152/6177/5931 6150/6179/5933
f 6180/6171/5925 6176/6169/5923 6181/6168/5922
f 6176/6169/5923 6180/6171/5925 6183/6180/5934
f 6144/6174/5928 6143/6181/5935 6155/6182/5936
f 6144/6174/5928 6145/6173/5927 6143/6181/5935
f 6176/6169/5923 6183/6180/5934 6185/6183/5937
f 6155/6182/5936 6143/6181/5935 6154/6184/5938
f 6150/6179/5933 6149/6185/5939 6147/6178/5932
f 6210/6186/5940 6208/6187/5941 6196/6188/5942
f 6196/6188/5942 6190/6189/5943 6192/6190/5944
f 6196/6188/5942 6208/6187/5941 6190/6189/5943
f 6208/6187/5941 6202/6191/5945 6190/6189/5943
f 6192/6190/5944 6190/6189/5943 6191/6192/5946
f 6192/6190/5944 6207/6193/5947 6197/6194/5948
f 6191/6192/5946 6207/6193/5947 6192/6190/5944
f 6207/6193/5947 6191/6192/5946 6205/6195/5949
f 6190/6189/5943 6200/6196/5950 6191/6192/5946
f 6205/6195/5949 6204/6197/5951 6212/6198/5952
f 6204/6197/5951 6191/6192/5946 6200/6196/5950
f 6204/6197/5951 6200/6196/5950 6211/6199/5953
f 6191/6192/5946 6204/6197/5951 6205/6195/5949
f 6190/6189/5943 6189/6200/5954 6200/6196/5950
f 6189/6200/5954 6213/6201/5955 6200/6196/5950
f 6190/6189/5943 6202/6191/5945 6187/6202/5956
f 6202/6191/5945 6209/6203/5957 6187/6202/5956
f 6187/6202/5956 6186/6204/5958 6190/6189/5943
f 6186/6204/5958 6189/6200/5954 6190/6189/5943
f 6186/6204/5958 6188/6205/5959 6189/6200/5954
f 6188/6205/5959 6193/6206/5960 6194/6207/5961
f 6188/6205/5959 6186/6204/5958 6193/6206/5960
f 6186/6204/5958 6195/6208/5962 6193/6206/5960
f 6187/6202/5956 6209/6203/5957 6199/6209/5963
f 6186/6204/5958 6187/6202/5956 6199/6209/5963
f 6186/6204/5958 6199/6209/5963 6198/6210/5964
f 6198/6210/5964 6195/6208/5962 6186/6204/5958
f 6198/6210/5964 6201/6211/5965 6195/6208/5962
f 6199/6209/5963 6203/6212/5966 6198/6210/5964
f 6201/6211/5965 6198/6210/5964 6206/6213/5967
f 6255/6214/5968 6254/6215/5969 6256/6216/5970
f 6254/6215/5969 6251/6217/5971 6253/6218/5972
f 6256/6216/5970 6254/6215/5969 6253/6218/5972
f 6248/6219/5973 6245/6220/5974 6261/6221/5975
f 6252/6222/5976 6253/6218/5972 6251/6217/5971
f 6252/6222/5976 6250/6223/5977 6247/6224/5978
f 6252/6222/5976 6247/6224/5978 6248/6219/5973
f 6260/6225/5979 6252/6222/5976 6248/6219/5973
f 6247/6224/5978 6246/6226/5980 6248/6219/5973
f 6248/6219/5973 6246/6226/5980 6245/6220/5974
f 6246/6226/5980 6241/6227/5981 6245/6220/5974
f 6244/6228/5982 6245/6220/5974 6242/6229/5983
f 6245/6220/5974 6241/6227/5981 6242/6229/5983
f 6241/6227/5981 6239/6230/5984 6242/6229/5983
f 6239/6230/5984 6221/6231/5985 6242/6229/5983
f 6234/6232/5986 6232/6233/5987 6233/6234/5988
f 6233/6234/5988 6232/6233/5987 6231/6235/5989
f 6233/6234/5988 6231/6235/5989 6236/6236/5990
f 6237/6237/5991 6238/6238/5992 6227/6239/5993
f 6233/6234/5988 6236/6236/5990 6235/6240/5994
f 6231/6235/5989 6238/6238/5992 6236/6236/5990
f 6236/6236/5990 6238/6238/5992 6243/6241/5995
f 6251/6217/5971 6257/6242/5996 6250/6223/5977
f 6243/6241/5995 6237/6237/5991 6258/6243/5997
f 6243/6241/5995 6238/6238/5992 6237/6237/5991
f 6259/6244/5998 6258/6243/5997 6237/6237/5991
f 6259/6244/5998 6229/6245/5999 6262/6246/6000
f 6259/6244/5998 6237/6237/5991 6229/6245/5999
f 6237/6237/5991 6230/6247/6001 6229/6245/5999
f 6237/6237/5991 6225/6248/6002 6230/6247/6001
f 6227/6239/5993 6225/6248/6002 6237/6237/5991
f 6251/6217/5971 6250/6223/5977 6252/6222/5976
f 6262/6246/6000 6229/6245/5999 6249/6249/6003
f 6239/6230/5984 6240/6250/6004 6249/6249/6003
f 6240/6250/6004 6239/6230/5984 6241/6227/5981
f 6249/6249/6003 6229/6245/5999 6239/6230/5984
f 6239/6230/5984 6229/6245/5999 6221/6231/5985
f 6222/6251/6005 6221/6231/5985 6220/6252/6006
f 6225/6248/6002 6228/6253/6007 6226/6254/6008
f 6226/6254/6008 6224/6255/6009 6225/6248/6002
f 6225/6248/6002 6224/6255/6009 6230/6247/6001
f 6226/6254/6008 6215/6256/6010 6217/6257/6011
f 6226/6254/6008 6214/6258/6012 6215/6256/6010
f 6230/6247/6001 6223/6259/6013 6229/6245/5999
f 6230/6247/6001 6224/6255/6009 6223/6259/6013
f 6224/6255/6009 6226/6254/6008 6223/6259/6013
f 6226/6254/6008 6218/6260/6014 6223/6259/6013
f 6218/6260/6014 6226/6254/6008 6217/6257/6011
f 6217/6257/6011 6216/6261/6015 6218/6260/6014
f 6229/6245/5999 6223/6259/6013 6221/6231/5985
f 6223/6259/6013 6218/6260/6014 6221/6231/5985
f 6221/6231/5985 6219/6262/6016 6220/6252/6006
f 6219/6262/6016 6218/6260/6014 6216/6261/6015
f 6221/6231/5985 6218/6260/6014 6219/6262/6016
f 6343/6263/6017 6323/6264/6018 6341/6265/6019
f 6342/6266/6020 6343/6263/6017 6344/6267/6021
f 6343/6263/6017 6342/6266/6020 6323/6264/6018
f 6342/6266/6020 6312/6268/6022 6323/6264/6018
f 6331/6269/6023 6314/6270/6024 6321/6271/6025
f 6314/6270/6024 6305/6272/6026 6321/6271/6025
f 6323/6264/6018 6312/6268/6022 6314/6270/6024
f 6312/6268/6022 6305/6272/6026 6314/6270/6024
f 6321/6271/6025 6305/6272/6026 6315/6273/6027
f 6321/6271/6025 6315/6273/6027 6318/6274/6028
f 6312/6268/6022 6313/6275/6029 6305/6272/6026
f 6306/6276/6030 6307/6277/6031 6305/6272/6026
f 6305/6272/6026 6318/6274/6028 6315/6273/6027
f 6307/6277/6031 6308/6278/6032 6305/6272/6026
f 6339/6279/6033 6318/6274/6028 6338/6280/6034
f 6338/6280/6034 6311/6281/6035 6322/6282/6036
f 6318/6274/6028 6305/6272/6026 6338/6280/6034
f 6338/6280/6034 6305/6272/6026 6311/6281/6035
f 6322/6282/6036 6311/6281/6035 6320/6283/6037
f 6311/6281/6035 6305/6272/6026 6308/6278/6032
f 6311/6281/6035 6308/6278/6032 6320/6283/6037
f 6320/6283/6037 6308/6278/6032 6337/6284/6038
f 6332/6285/6039 6309/6286/6040 6307/6277/6031
f 6308/6278/6032 6307/6277/6031 6309/6286/6040
f 6346/6287/6041 6345/6288/6042 6347/6289/6043
f 6309/6286/6040 6347/6289/6043 6345/6288/6042
f 6351/6290/6044 6358/6291/6045 6348/6292/6046
f 6356/6293/6047 6348/6292/6046 6358/6291/6045
f 6309/6286/6040 6310/6294/6048 6316/6295/6049
f 6309/6286/6040 6316/6295/6049 6308/6278/6032
f 6309/6286/6040 6345/6288/6042 6310/6294/6048
f 6351/6290/6044 6348/6292/6046 6349/6296/6050
f 6365/6297/6051 6357/6298/6052 6352/6299/6053
f 6357/6298/6052 6359/6300/6054 6355/6301/6055
f 6348/6292/6046 6356/6293/6047 6350/6302/6056
f 6356/6293/6047 6352/6299/6053 6350/6302/6056
f 6359/6300/6054 6360/6303/6057 6361/6304/6058
f 6360/6303/6057 6364/6305/6059 6361/6304/6058
f 6308/6278/6032 6316/6295/6049 6317/6306/6060
f 6317/6306/6060 6316/6295/6049 6334/6307/6061
f 6349/6296/6050 6348/6292/6046 6350/6302/6056
f 6316/6295/6049 6324/6308/6062 6334/6307/6061
f 6334/6307/6061 6324/6308/6062 6330/6309/6063
f 6324/6308/6062 6326/6310/6064 6325/6311/6065
f 6325/6311/6065 6330/6309/6063 6324/6308/6062
f 6352/6299/6053 6354/6312/6066 6350/6302/6056
f 6357/6298/6052 6355/6301/6055 6353/6313/6067
f 6357/6298/6052 6353/6313/6067 6352/6299/6053
f 6352/6299/6053 6353/6313/6067 6354/6312/6066
f 6302/6314/6068 6303/6315/6069 6304/6316/6070
f 6350/6302/6056 6354/6312/6066 6362/6317/6071
f 6355/6301/6055 6359/6300/6054 6361/6304/6058
f 6300/6318/6072 6299/6319/6073 6301/6320/6074
f 6302/6314/6068 6300/6318/6072 6303/6315/6069
f 6303/6315/6069 6300/6318/6072 6301/6320/6074
f 6354/6312/6066 6363/6321/6075 6362/6317/6071
f 6266/6322/6076 6264/6323/6077 6271/6324/6078
f 6264/6323/6077 6263/6325/6079 6271/6324/6078
f 6263/6325/6079 6265/6326/6080 6271/6324/6078
f 6270/6327/6081 6266/6322/6076 6271/6324/6078
f 6326/6310/6064 6329/6328/6082 6328/6329/6083
f 6329/6328/6082 6327/6330/6084 6328/6329/6083
f 6326/6310/6064 6328/6329/6083 6325/6311/6065
f 6271/6324/6078 6265/6326/6080 6268/6331/6085
f 6271/6324/6078 6268/6331/6085 6267/6332/6086
f 6291/6333/6087 6290/6334/6088 6287/6335/6089
f 6290/6334/6088 6274/6336/6090 6287/6335/6089
f 6274/6336/6090 6282/6337/6091 6287/6335/6089
f 6308/6278/6032 6333/6338/6092 6337/6284/6038
f 6333/6338/6092 6308/6278/6032 6319/6339/6093
f 6336/6340/6094 6333/6338/6092 6319/6339/6093
f 6319/6339/6093 6308/6278/6032 6317/6306/6060
f 6340/6341/6095 6317/6306/6060 6335/6342/6096
f 6317/6306/6060 6334/6307/6061 6335/6342/6096
f 6292/6343/6097 6298/6344/6098 6297/6345/6099
f 6292/6343/6097 6297/6345/6099 6299/6319/6073
f 6292/6343/6097 6299/6319/6073 6294/6346/6100
f 6293/6347/6101 6294/6346/6100 6295/6348/6102
f 6292/6343/6097 6294/6346/6100 6293/6347/6101
f 6273/6349/6103 6275/6350/6104 6272/6351/6105
f 6272/6351/6105 6288/6352/6106 6279/6353/6107
f 6272/6351/6105 6279/6353/6107 6276/6354/6108
f 6295/6348/6102 6294/6346/6100 6296/6355/6109
f 6294/6346/6100 6299/6319/6073 6296/6355/6109
f 6299/6319/6073 6300/6318/6072 6296/6355/6109
f 6273/6349/6103 6272/6351/6105 6274/6336/6090
f 6282/6337/6091 6285/6356/6110 6287/6335/6089
f 6272/6351/6105 6276/6354/6108 6274/6336/6090
f 6274/6336/6090 6276/6354/6108 6282/6337/6091
f 6267/6332/6086 6268/6331/6085 6269/6357/6111
f 6276/6354/6108 6283/6358/6112 6282/6337/6091
f 6280/6359/6113 6278/6360/6114 6277/6361/6115
f 6279/6353/6107 6280/6359/6113 6276/6354/6108
f 6280/6359/6113 6277/6361/6115 6276/6354/6108
f 6276/6354/6108 6277/6361/6115 6283/6358/6112
f 6277/6361/6115 6284/6362/6116 6283/6358/6112
f 6289/6363/6117 6277/6361/6115 6278/6360/6114
f 6277/6361/6115 6289/6363/6117 6281/6364/6118
f 6281/6364/6118 6289/6363/6117 6286/6365/6119
f 6284/6362/6116 6277/6361/6115 6281/6364/6118
f 6373/6366/6120 6374/6367/6121 6376/6368/6122
f 6373/6366/6120 6370/6369/6123 6372/6370/6124
f 6369/6371/6125 6373/6366/6120 6376/6368/6122
f 6373/6366/6120 6369/6371/6125 6370/6369/6123
f 6372/6370/6124 6370/6369/6123 6377/6372/6126
f 6370/6369/6123 6371/6373/6127 6377/6372/6126
f 6372/6370/6124 6377/6372/6126 6375/6374/6128
s 0
f 6367/6375/6129 6368/6376/6129 6366/6377/6129
s 1
f 6383/6378/6130 6382/6379/6131 6378/6380/6132
f 6380/6381/6133 6378/6380/6132 6382/6379/6131
f 6381/6382/6134 6379/6383/6135 6378/6380/6132
f 6378/6380/6132 6386/6384/6136 6383/6378/6130
f 6383/6378/6130 6386/6384/6136 6384/6385/6137
f 6378/6380/6132 6379/6383/6135 6386/6384/6136
f 6381/6382/6134 6385/6386/6138 6379/6383/6135
f 6389/6387/6139 6388/6388/6140 6392/6389/6141
f 6392/6389/6141 6388/6388/6140 6387/6390/6142
f 6391/6391/6143 6387/6390/6142 6390/6392/6144
f 6394/6393/6145 6409/6394/6146 6408/6395/6147
f 6392/6389/6141 6387/6390/6142 6391/6391/6143
f 6416/6396/6148 6417/6397/6149 6418/6398/6150
f 6408/6395/6147 6410/6399/6151 6411/6400/6152
f 6419/6401/6153 6416/6396/6148 6418/6398/6150
f 6419/6401/6153 6418/6398/6150 6420/6402/6154
f 6394/6393/6145 6393/6403/6155 6409/6394/6146
f 6408/6395/6147 6409/6394/6146 6410/6399/6151
f 6409/6394/6146 6393/6403/6155 6410/6399/6151
f 6410/6399/6151 6393/6403/6155 6396/6404/6156
f 6393/6403/6155 6398/6405/6157 6395/6406/6158
f 6398/6405/6157 6400/6407/6159 6395/6406/6158
f 6400/6407/6159 6399/6408/6160 6395/6406/6158
f 6419/6401/6153 6420/6402/6154 6423/6409/6161
f 6420/6402/6154 6421/6410/6162 6422/6411/6163
f 6420/6402/6154 6422/6411/6163 6423/6409/6161
f 6393/6403/6155 6395/6406/6158 6396/6404/6156
f 6410/6399/6151 6396/6404/6156 6412/6412/6164
f 6410/6399/6151 6412/6412/6164 6414/6413/6165
f 6396/6404/6156 6395/6406/6158 6412/6412/6164
f 6395/6406/6158 6397/6414/6166 6412/6412/6164
f 6395/6406/6158 6399/6408/6160 6397/6414/6166
f 6397/6414/6166 6399/6408/6160 6401/6415/6167
f 6414/6413/6165 6412/6412/6164 6415/6416/6168
f 6412/6412/6164 6413/6417/6169 6415/6416/6168
f 6415/6416/6168 6413/6417/6169 6404/6418/6170
f 6413/6417/6169 6405/6419/6171 6404/6418/6170
f 6405/6419/6171 6402/6420/6172 6404/6418/6170
f 6404/6418/6170 6402/6420/6172 6403/6421/6173
f 6405/6419/6171 6407/6422/6174 6406/6423/6175
f 6405/6419/6171 6406/6423/6175 6402/6420/6172
f 6431/6424/6176 6429/6425/6177 6432/6426/6178
f 6424/6427/6179 6427/6428/6180 6426/6429/6181
f 6428/6430/6182 6429/6425/6177 6431/6424/6176
f 6427/6428/6180 6425/6431/6183 6426/6429/6181
f 6426/6429/6181 6425/6431/6183 6428/6430/6182
f 6428/6430/6182 6425/6431/6183 6429/6425/6177
f 6429/6425/6177 6425/6431/6183 6430/6432/6184
f 6429/6425/6177 6430/6432/6184 6433/6433/6185
f 6430/6432/6184 6434/6434/6186 6433/6433/6185
f 6435/6435/6187 6437/6436/6188 6436/6437/6189
f 6439/6438/6190 6438/6439/6191 6437/6436/6188
f 6438/6439/6191 6436/6437/6189 6437/6436/6188
f 6455/6440/6192 6443/6441/6193 6454/6442/6194
f 6453/6443/6195 6454/6442/6194 6452/6444/6196
f 6452/6444/6196 6454/6442/6194 6440/6445/6197
f 6454/6442/6194 6443/6441/6193 6440/6445/6197
f 6443/6441/6193 6444/6446/6198 6441/6447/6199
f 6443/6441/6193 6441/6447/6199 6440/6445/6197
f 6440/6445/6197 6441/6447/6199 6442/6448/6200
f 6456/6449/6201 6452/6444/6196 6440/6445/6197
f 6445/6450/6202 6440/6445/6197 6446/6451/6203
f 6440/6445/6197 6442/6448/6200 6446/6451/6203
f 6442/6448/6200 6451/6452/6204 6446/6451/6203
f 6448/6453/6205 6445/6450/6202 6446/6451/6203
f 6448/6453/6205 6446/6451/6203 6447/6454/6206
f 6448/6453/6205 6447/6454/6206 6449/6455/6207
f 6449/6455/6207 6447/6454/6206 6450/6456/6208
f 6476/6457/6209 6475/6458/6210 6473/6459/6211
f 6475/6458/6210 6467/6460/6212 6473/6459/6211
f 6473/6459/6211 6467/6460/6212 6466/6461/6213
f 6472/6462/6214 6476/6457/6209 6473/6459/6211
f 6458/6463/6215 6459/6464/6216 6457/6465/6217
f 6458/6463/6215 6457/6465/6217 6461/6466/6218
f 6459/6464/6216 6460/6467/6219 6457/6465/6217
f 6474/6468/6220 6470/6469/6221 6469/6470/6222
f 6470/6469/6221 6468/6471/6223 6469/6470/6222
f 6467/6460/6212 6462/6472/6224 6466/6461/6213
f 6462/6472/6224 6464/6473/6225 6466/6461/6213
f 6470/6469/6221 6464/6473/6225 6468/6471/6223
f 6473/6459/6211 6471/6474/6226 6472/6462/6214
f 6473/6459/6211 6474/6468/6220 6469/6470/6222
f 6473/6459/6211 6469/6470/6222 6471/6474/6226
f 6471/6474/6226 6469/6470/6222 6477/6475/6227
f 6468/6471/6223 6463/6476/6228 6469/6470/6222
f 6469/6470/6222 6463/6476/6228 6477/6475/6227
f 6464/6473/6225 6463/6476/6228 6468/6471/6223
f 6462/6472/6224 6463/6476/6228 6464/6473/6225
f 6463/6476/6228 6462/6472/6224 6465/6477/6229
f 6477/6475/6227 6463/6476/6228 6465/6477/6229
f 6479/6478/6230 6480/6479/6231 6478/6480/6232
f 6479/6478/6230 6485/6481/6233 6482/6482/6234
f 6479/6478/6230 6482/6482/6234 6481/6483/6235
f 6479/6478/6230 6481/6483/6235 6480/6479/6231
f 6485/6481/6233 6484/6484/6236 6482/6482/6234
f 6482/6482/6234 6483/6485/6237 6481/6483/6235
f 6483/6485/6237 6486/6486/6238 6481/6483/6235
f 6482/6482/6234 6484/6484/6236 6483/6485/6237
f 6496/6487/6239 6494/6488/6240 6489/6489/6241
f 6497/6490/6242 6496/6487/6239 6489/6489/6241
f 6497/6490/6242 6489/6489/6241 6492/6491/6243
f 6492/6491/6243 6489/6489/6241 6491/6492/6244
f 6493/6493/6245 6492/6491/6243 6491/6492/6244
f 6493/6493/6245 6491/6492/6244 6499/6494/6246
f 6499/6494/6246 6491/6492/6244 6503/6495/6247
f 6491/6492/6244 6501/6496/6248 6503/6495/6247
f 6491/6492/6244 6495/6497/6249 6501/6496/6248
f 6510/6498/6250 6493/6493/6245 6499/6494/6246
f 6537/6499/6251 6533/6500/6252 6532/6501/6253
f 6532/6501/6253 6533/6500/6252 6530/6502/6254
f 6535/6503/6255 6526/6504/6256 6533/6500/6252
f 6533/6500/6252 6526/6504/6256 6530/6502/6254
f 6532/6501/6253 6530/6502/6254 6534/6505/6257
f 6530/6502/6254 6529/6506/6258 6534/6505/6257
f 6526/6504/6256 6524/6507/6259 6530/6502/6254
f 6530/6502/6254 6524/6507/6259 6528/6508/6260
f 6530/6502/6254 6528/6508/6260 6529/6506/6258
f 6529/6506/6258 6528/6508/6260 6527/6509/6261
f 6494/6488/6240 6488/6510/6262 6489/6489/6241
f 6494/6488/6240 6507/6511/6263 6498/6512/6264
f 6494/6488/6240 6490/6513/6265 6488/6510/6262
f 6494/6488/6240 6498/6512/6264 6490/6513/6265
f 6488/6510/6262 6490/6513/6265 6487/6514/6266
f 6498/6512/6264 6504/6515/6267 6490/6513/6265
f 6504/6515/6267 6512/6516/6268 6511/6517/6269
f 6490/6513/6265 6504/6515/6267 6511/6517/6269
f 6511/6517/6269 6512/6516/6268 6513/6518/6270
f 6488/6510/6262 6487/6514/6266 6495/6497/6249
f 6489/6489/6241 6488/6510/6262 6495/6497/6249
f 6491/6492/6244 6489/6489/6241 6495/6497/6249
f 6495/6497/6249 6502/6519/6271 6501/6496/6248
f 6495/6497/6249 6506/6520/6272 6502/6519/6271
f 6487/6514/6266 6505/6521/6273 6495/6497/6249
f 6495/6497/6249 6505/6521/6273 6506/6520/6272
f 6505/6521/6273 6509/6522/6274 6506/6520/6272
f 6490/6513/6265 6500/6523/6275 6487/6514/6266
f 6487/6514/6266 6500/6523/6275 6505/6521/6273
f 6513/6518/6270 6512/6516/6268 6515/6524/6276
f 6513/6518/6270 6515/6524/6276 6514/6525/6277
f 6505/6521/6273 6508/6526/6278 6509/6522/6274
f 6514/6525/6277 6519/6527/6279 6522/6528/6280
f 6514/6525/6277 6515/6524/6276 6519/6527/6279
f 6515/6524/6276 6520/6529/6281 6519/6527/6279
f 6535/6503/6255 6536/6530/6282 6526/6504/6256
f 6536/6530/6282 6542/6531/6283 6526/6504/6256
f 6539/6532/6284 6526/6504/6256 6542/6531/6283
f 6542/6531/6283 6540/6533/6285 6539/6532/6284
f 6525/6534/6286 6524/6507/6259 6526/6504/6256
f 6524/6507/6259 6525/6534/6286 6528/6508/6260
f 6526/6504/6256 6539/6532/6284 6538/6535/6287
f 6526/6504/6256 6541/6536/6288 6525/6534/6286
f 6526/6504/6256 6538/6535/6287 6541/6536/6288
f 6540/6533/6285 6543/6537/6289 6539/6532/6284
f 6523/6538/6290 6522/6528/6280 6519/6527/6279
f 6544/6539/6291 6534/6505/6257 6531/6540/6292
f 6534/6505/6257 6529/6506/6258 6531/6540/6292
f 6512/6516/6268 6517/6541/6293 6515/6524/6276
f 6517/6541/6293 6516/6542/6294 6515/6524/6276
f 6518/6543/6295 6516/6542/6294 6517/6541/6293
f 6515/6524/6276 6516/6542/6294 6520/6529/6281
f 6520/6529/6281 6516/6542/6294 6521/6544/6296
f 6570/6545/6297 6552/6546/6298 6571/6547/6299
f 6570/6545/6297 6555/6548/6300 6552/6546/6298
f 6553/6549/6301 6552/6546/6298 6555/6548/6300
f 6552/6546/6298 6553/6549/6301 6550/6550/6302
f 6571/6547/6299 6552/6546/6298 6564/6551/6303
f 6564/6551/6303 6552/6546/6298 6547/6552/6304
f 6547/6552/6304 6552/6546/6298 6545/6553/6305
f 6545/6553/6305 6567/6554/6306 6548/6555/6307
f 6553/6549/6301 6554/6556/6308 6550/6550/6302
f 6552/6546/6298 6550/6550/6302 6567/6554/6306
f 6550/6550/6302 6551/6557/6309 6567/6554/6306
f 6552/6546/6298 6567/6554/6306 6545/6553/6305
f 6574/6558/6310 6573/6559/6311 6572/6560/6312
f 6566/6561/6313 6563/6562/6314 6568/6563/6315
f 6566/6561/6313 6558/6564/6316 6563/6562/6314
f 6578/6565/6317 6579/6566/6318 6577/6567/6319
f 6577/6567/6319 6579/6566/6318 6580/6568/6320
f 6569/6569/6321 6564/6551/6303 6547/6552/6304
f 6574/6558/6310 6575/6570/6322 6573/6559/6311
f 6569/6569/6321 6547/6552/6304 6565/6571/6323
f 6574/6558/6310 6576/6572/6324 6575/6570/6322
f 6565/6571/6323 6547/6552/6304 6545/6553/6305
f 6558/6564/6316 6557/6573/6325 6563/6562/6314
f 6558/6564/6316 6546/6574/6326 6557/6573/6325
f 6546/6574/6326 6545/6553/6305 6560/6575/6327
f 6565/6571/6323 6545/6553/6305 6546/6574/6326
f 6557/6573/6325 6546/6574/6326 6556/6576/6328
f 6546/6574/6326 6560/6575/6327 6556/6576/6328
f 6563/6562/6314 6557/6573/6325 6556/6576/6328
f 6556/6576/6328 6560/6575/6327 6559/6577/6329
f 6545/6553/6305 6548/6555/6307 6560/6575/6327
f 6548/6555/6307 6549/6578/6330 6560/6575/6327
f 6560/6575/6327 6561/6579/6331 6559/6577/6329
f 6561/6579/6331 6562/6580/6332 6559/6577/6329
f 6593/6581/6333 6581/6582/6334 6587/6583/6335
f 6593/6581/6333 6591/6584/6336 6581/6582/6334
f 6591/6584/6336 6588/6585/6337 6581/6582/6334
f 6595/6586/6338 6587/6583/6335 6596/6587/6339
f 6596/6587/6339 6587/6583/6335 6586/6588/6340
f 6587/6583/6335 6581/6582/6334 6586/6588/6340
f 6586/6588/6340 6583/6589/6341 6589/6590/6342
f 6586/6588/6340 6581/6582/6334 6583/6589/6341
f 6583/6589/6341 6581/6582/6334 6584/6591/6343
f 6597/6592/6344 6594/6593/6345 6592/6594/6346
f 6594/6593/6345 6590/6595/6347 6592/6594/6346
f 6591/6584/6336 6592/6594/6346 6588/6585/6337
f 6592/6594/6346 6590/6595/6347 6582/6596/6348
f 6592/6594/6346 6582/6596/6348 6588/6585/6337
f 6588/6585/6337 6582/6596/6348 6581/6582/6334
f 6582/6596/6348 6585/6597/6349 6581/6582/6334
f 6584/6591/6343 6581/6582/6334 6585/6597/6349
f 6600/6598/6350 6602/6599/6351 6599/6600/6352
f 6599/6600/6352 6604/6601/6353 6598/6602/6354
f 6602/6599/6351 6604/6601/6353 6599/6600/6352
f 6602/6599/6351 6601/6603/6355 6604/6601/6353
f 6620/6604/6356 6623/6605/6357 6621/6606/6358
f 6618/6607/6359 6620/6604/6356 6621/6606/6358
f 6607/6608/6360 6606/6609/6361 6615/6610/6362
f 6610/6611/6363 6606/6609/6361 6609/6612/6364
f 6598/6602/6354 6606/6609/6361 6607/6608/6360
f 6611/6613/6365 6616/6614/6366 6614/6615/6367
f 6614/6615/6367 6606/6609/6361 6610/6611/6363
f 6619/6616/6368 6620/6604/6356 6618/6607/6359
f 6615/6610/6362 6606/6609/6361 6616/6614/6366
f 6616/6614/6366 6606/6609/6361 6614/6615/6367
f 6598/6602/6354 6605/6617/6369 6609/6612/6364
f 6610/6611/6363 6609/6612/6364 6612/6618/6370
f 6609/6612/6364 6606/6609/6361 6598/6602/6354
f 6613/6619/6371 6610/6611/6363 6612/6618/6370
f 6617/6620/6372 6603/6621/6373 6608/6622/6374
f 6620/6604/6356 6622/6623/6375 6623/6605/6357
f 6605/6617/6369 6598/6602/6354 6604/6601/6353
f 6599/6600/6352 6598/6602/6354 6603/6621/6373
f 6603/6621/6373 6598/6602/6354 6608/6622/6374
f 6608/6622/6374 6598/6602/6354 6607/6608/6360
f 6626/6624/6376 6624/6625/6377 6627/6626/6378
f 6624/6625/6377 6626/6624/6376 6625/6627/6379
f 6624/6625/6377 6625/6627/6379 6629/6628/6380
f 6629/6628/6380 6625/6627/6379 6628/6629/6381
f 6629/6628/6380 6628/6629/6381 6630/6630/6382
f 6628/6629/6381 6625/6627/6379 6630/6630/6382
f 6631/6631/6383 6634/6632/6384 6633/6633/6385
f 6635/6634/6386 6636/6635/6387 6632/6636/6388
f 6635/6634/6386 6632/6636/6388 6634/6632/6384
f 6634/6632/6384 6632/6636/6388 6633/6633/6385
f 6648/6637/6389 6647/6638/6390 6646/6639/6391
f 6646/6639/6391 6645/6640/6392 6648/6637/6389
f 6648/6637/6389 6645/6640/6392 6649/6641/6393
f 6637/6642/6394 6638/6643/6395 6639/6644/6396
f 6639/6644/6396 6638/6643/6395 6640/6645/6397
f 6642/6646/6398 6641/6647/6399 6644/6648/6400
f 6643/6649/6401 6645/6640/6392 6646/6639/6391
f 6644/6648/6400 6641/6647/6399 6643/6649/6401
f 6643/6649/6401 6641/6647/6399 6645/6640/6392
