# Blender 5.2.2 LTS
# www.blender.org
mtllib Fence.mtl
o H_Fence_Empty_Beam
v -1.953619 0.795252 0.209554
v -1.268528 0.795252 0.153406
v -1.268528 0.668368 0.209554
v -1.939049 0.795575 0.167975
v -1.932210 0.689776 0.174814
v -1.268205 0.682937 0.167975
v -1.939049 0.682938 0.209877
v 1.267473 0.668368 0.209554
v 1.267474 0.795252 0.153406
v 1.952564 0.795252 0.209554
v 1.267151 0.682938 0.167975
v 1.931156 0.689776 0.174814
v 1.937995 0.795575 0.167975
v 1.937995 0.682938 0.209877
v -1.953619 1.098426 0.209554
v -1.268528 1.225310 0.209554
v -1.268528 1.098426 0.153406
v -1.939049 1.210740 0.209877
v -1.932210 1.203902 0.174814
v -1.268205 1.210740 0.167975
v -1.939049 1.098103 0.167975
v 1.952564 1.098426 0.209554
v 1.267474 1.098426 0.153406
v 1.267474 1.225310 0.209554
v 1.937995 1.098103 0.167975
v 1.931156 1.203902 0.174814
v 1.267151 1.210740 0.167975
v 1.937995 1.210740 0.209877
v -1.953619 0.795252 0.229787
v -1.268528 0.668368 0.229787
v -1.268528 0.795252 0.285936
v -1.939049 0.682938 0.229464
v -1.932210 0.689776 0.264527
v -1.268205 0.682938 0.271366
v -1.939049 0.795575 0.271366
v 1.267474 0.668368 0.229787
v 1.952565 0.795252 0.229787
v 1.267474 0.795252 0.285936
v 1.937995 0.682938 0.229464
v 1.931156 0.689776 0.264527
v 1.937995 0.795575 0.271366
v 1.267151 0.682937 0.271366
v -1.953619 1.098426 0.229787
v -1.268528 1.098426 0.285936
v -1.268528 1.225310 0.229787
v -1.939049 1.098103 0.271366
v -1.932210 1.203902 0.264527
v -1.268205 1.210740 0.271366
v -1.939049 1.210740 0.229464
v 1.952565 1.098426 0.229787
v 1.267474 1.225310 0.229787
v 1.267474 1.098426 0.285936
v 1.937995 1.210740 0.229464
v 1.931156 1.203902 0.264527
v 1.267151 1.210740 0.271366
v 1.937995 1.098103 0.271366
v -1.268528 2.199208 0.153406
v -1.939049 2.199531 0.167975
v -1.932210 2.093732 0.174814
v -1.268205 2.086893 0.167975
v 1.267474 2.199208 0.153406
v 1.267151 2.086893 0.167975
v -1.268528 2.502382 0.153406
v -1.932210 2.607857 0.174814
v -1.268205 2.614696 0.167975
v -1.939049 2.502059 0.167975
v 1.267474 2.502382 0.153406
v 1.267151 2.614696 0.167975
v -1.268528 2.199208 0.285936
v -1.932210 2.093732 0.264527
v -1.268205 2.086893 0.271366
v -1.939049 2.199531 0.271366
v 1.267474 2.199208 0.285936
v 1.267151 2.086893 0.271366
v -1.268528 2.502382 0.285936
v -1.939049 2.502059 0.271366
v -1.932210 2.607857 0.264527
v -1.268205 2.614696 0.271366
v 1.267474 2.502382 0.285936
v 1.267151 2.614696 0.271366
v -1.950127 0.712986 0.209756
v -1.950127 0.795454 0.189182
v -1.937036 0.714593 0.169988
v -1.937036 0.684950 0.190789
v -1.839224 0.795454 0.156897
v -1.641320 0.795348 0.154573
v -1.268326 0.712986 0.156897
v -1.640625 0.683604 0.168641
v -1.837618 0.684950 0.169988
v -1.268326 0.671859 0.189182
v -1.641320 0.669535 0.209650
v -1.839224 0.671859 0.209756
v 1.918356 0.676080 0.209842
v 1.838170 0.671859 0.209756
v 1.640266 0.669535 0.209650
v 1.267272 0.671859 0.189182
v 1.639571 0.683604 0.168641
v 1.836564 0.684950 0.169988
v 1.914917 0.687256 0.172294
v 1.935982 0.684950 0.190789
v 1.267272 0.712986 0.156897
v 1.640266 0.795348 0.154573
v 1.838170 0.795454 0.156897
v 1.918356 0.795539 0.161118
v 1.935982 0.714593 0.169988
v 1.949073 0.795454 0.189182
v 1.949073 0.712986 0.209756
v -1.950127 1.098224 0.189182
v -1.950127 1.180691 0.209756
v -1.937036 1.208727 0.190789
v -1.937036 1.179085 0.169988
v -1.839224 1.221819 0.209756
v -1.641321 1.224143 0.209650
v -1.268326 1.221819 0.189182
v -1.640625 1.210074 0.168642
v -1.837618 1.208727 0.169988
v -1.268326 1.180691 0.156897
v -1.641321 1.098330 0.154573
v -1.839224 1.098224 0.156897
v 1.949073 1.180691 0.209756
v 1.949073 1.098224 0.189182
v 1.935982 1.179085 0.169988
v 1.935982 1.208727 0.190789
v 1.918356 1.098138 0.161118
v 1.838170 1.098224 0.156897
v 1.640266 1.098330 0.154573
v 1.267272 1.180691 0.156897
v 1.639571 1.210074 0.168642
v 1.836564 1.208727 0.169988
v 1.914917 1.206422 0.172294
v 1.267272 1.221819 0.189182
v 1.640266 1.224143 0.209650
v 1.838170 1.221819 0.209756
v 1.918356 1.217598 0.209842
v -1.950128 0.795454 0.250159
v -1.950127 0.712986 0.229585
v -1.937036 0.684950 0.248552
v -1.937036 0.714593 0.269353
v -1.839224 0.671859 0.229585
v -1.641320 0.669535 0.229691
v -1.268326 0.671859 0.250159
v -1.640625 0.683604 0.270700
v -1.837618 0.684950 0.269353
v -1.268326 0.712986 0.282445
v -1.641321 0.795348 0.284769
v -1.839224 0.795454 0.282445
v 1.267272 0.671859 0.250159
v 1.640266 0.669535 0.229691
v 1.838170 0.671859 0.229585
v 1.918356 0.676080 0.229499
v 1.935982 0.684950 0.248552
v 1.914918 0.687256 0.267047
v 1.836563 0.684950 0.269353
v 1.639571 0.683604 0.270700
v 1.949073 0.712986 0.229585
v 1.949073 0.795454 0.250159
v 1.935982 0.714593 0.269353
v 1.918356 0.795539 0.278224
v 1.838170 0.795454 0.282445
v 1.640266 0.795348 0.284769
v 1.267272 0.712986 0.282445
v -1.950128 1.180691 0.229585
v -1.950127 1.098224 0.250159
v -1.937036 1.179085 0.269353
v -1.937036 1.208727 0.248552
v -1.839224 1.098224 0.282445
v -1.641320 1.098330 0.284769
v -1.268326 1.180691 0.282445
v -1.640625 1.210074 0.270700
v -1.837618 1.208727 0.269353
v -1.268326 1.221819 0.250159
v -1.641321 1.224143 0.229691
v -1.839224 1.221819 0.229585
v 1.949073 1.098224 0.250159
v 1.949073 1.180691 0.229585
v 1.935982 1.208727 0.248552
v 1.935982 1.179085 0.269353
v 1.918356 1.217598 0.229499
v 1.838170 1.221819 0.229585
v 1.640266 1.224143 0.229691
v 1.267272 1.221819 0.250159
v 1.639571 1.210074 0.270700
v 1.836564 1.208727 0.269353
v 1.914917 1.206422 0.267047
v 1.267272 1.180691 0.282445
v 1.640266 1.098330 0.284769
v 1.838170 1.098224 0.282445
v 1.918356 1.098138 0.278224
v -1.952452 2.199304 0.200369
v -1.945907 2.199495 0.177787
v -1.937036 2.118549 0.169988
v -1.934730 2.091212 0.181225
v -1.938383 2.087559 0.201064
v -1.919410 2.199495 0.161118
v -1.839224 2.199409 0.156897
v -1.641320 2.199304 0.154573
v -1.268326 2.116942 0.156897
v -1.640625 2.087559 0.168642
v -1.837618 2.088906 0.169988
v -1.915972 2.091212 0.172294
v -1.268240 2.080036 0.177787
v -1.268432 2.073491 0.200369
v 1.267378 2.073491 0.200369
v 1.267186 2.080036 0.177787
v 1.639571 2.087559 0.168642
v 1.836564 2.088906 0.169988
v 1.914917 2.091212 0.172294
v 1.933676 2.091212 0.181225
v 1.937328 2.087559 0.201064
v 1.267272 2.116942 0.156897
v 1.640266 2.199304 0.154573
v 1.838170 2.199409 0.156897
v 1.918356 2.199495 0.161118
v 1.944852 2.199495 0.177787
v 1.951397 2.199304 0.200369
v -1.945906 2.502094 0.177787
v -1.952452 2.502286 0.200369
v -1.938383 2.614030 0.201064
v -1.934730 2.610378 0.181225
v -1.937036 2.583041 0.169988
v -1.268432 2.628099 0.200369
v -1.268240 2.621554 0.177787
v -1.640625 2.614030 0.168642
v -1.837618 2.612683 0.169988
v -1.915972 2.610378 0.172294
v -1.268326 2.584647 0.156897
v -1.641321 2.502286 0.154573
v -1.839224 2.502180 0.156897
v -1.919410 2.502094 0.161118
v 1.951397 2.502286 0.200369
v 1.944852 2.502094 0.177787
v 1.933676 2.610378 0.181225
v 1.937328 2.614030 0.201064
v 1.918356 2.502094 0.161118
v 1.838170 2.502180 0.156897
v 1.640266 2.502286 0.154573
v 1.267272 2.584647 0.156897
v 1.639571 2.614030 0.168642
v 1.836564 2.612683 0.169988
v 1.914917 2.610378 0.172294
v 1.267186 2.621554 0.177787
v 1.267378 2.628099 0.200369
v -1.945907 2.199495 0.261554
v -1.952452 2.199304 0.238973
v -1.938383 2.087559 0.238277
v -1.934730 2.091212 0.258116
v -1.937036 2.118549 0.269353
v -1.268432 2.073491 0.238973
v -1.268240 2.080036 0.261554
v -1.640625 2.087559 0.270700
v -1.837618 2.088906 0.269353
v -1.915972 2.091212 0.267047
v -1.268326 2.116942 0.282445
v -1.641321 2.199304 0.284769
v -1.839224 2.199409 0.282445
v -1.919410 2.199495 0.278224
v 1.267186 2.080036 0.261554
v 1.267378 2.073491 0.238973
v 1.937328 2.087559 0.238277
v 1.933676 2.091212 0.258116
v 1.914918 2.091212 0.267047
v 1.836563 2.088906 0.269353
v 1.639571 2.087559 0.270700
v 1.951397 2.199304 0.238973
v 1.944852 2.199495 0.261554
v 1.918356 2.199495 0.278224
v 1.838170 2.199409 0.282445
v 1.640266 2.199304 0.284769
v 1.267272 2.116942 0.282445
v -1.952452 2.502286 0.238973
v -1.945907 2.502094 0.261555
v -1.937036 2.583041 0.269353
v -1.934730 2.610378 0.258116
v -1.938383 2.614030 0.238277
v -1.919410 2.502094 0.278224
v -1.839224 2.502180 0.282445
v -1.641320 2.502286 0.284769
v -1.268326 2.584647 0.282445
v -1.640625 2.614030 0.270700
v -1.837618 2.612683 0.269353
v -1.915972 2.610378 0.267047
v -1.268240 2.621554 0.261555
v -1.268432 2.628099 0.238973
v 1.944852 2.502094 0.261555
v 1.951397 2.502286 0.238973
v 1.937328 2.614030 0.238277
v 1.933676 2.610378 0.258116
v 1.267378 2.628099 0.238973
v 1.267186 2.621554 0.261555
v 1.639571 2.614030 0.270700
v 1.836564 2.612683 0.269353
v 1.914917 2.610378 0.267047
v 1.267272 2.584647 0.282445
v 1.640266 2.502286 0.284769
v 1.838170 2.502180 0.282445
v 1.918356 2.502094 0.278224
v -1.268609 0.946839 0.152571
v -1.939523 0.946839 0.167501
v -1.954454 0.946839 0.209474
v -0.692542 0.795191 0.152779
v -0.000527 0.795171 0.152571
v 0.691488 0.795191 0.152779
v 0.691357 0.682582 0.167620
v -0.000527 0.682464 0.167501
v -0.692411 0.682582 0.167620
v 0.691488 0.667742 0.209494
v -0.000527 0.667533 0.209474
v -0.692542 0.667742 0.209494
v 1.267554 0.946839 0.152571
v 1.938469 0.946839 0.167501
v 1.953400 0.946839 0.209474
v 0.691488 1.098487 0.152779
v -0.000527 1.098507 0.152571
v -0.692542 1.098487 0.152779
v -0.692411 1.211096 0.167620
v -0.000527 1.211214 0.167501
v 0.691357 1.211096 0.167620
v -0.692542 1.225936 0.209494
v -0.000527 1.226145 0.209474
v 0.691488 1.225936 0.209494
v -1.954454 0.946839 0.229868
v -1.939523 0.946839 0.271840
v -1.268609 0.946839 0.286771
v -0.692542 0.667742 0.229848
v -0.000527 0.667533 0.229868
v 0.691488 0.667742 0.229848
v 0.691357 0.682582 0.271721
v -0.000527 0.682464 0.271840
v -0.692411 0.682582 0.271721
v 0.691488 0.795191 0.286562
v -0.000527 0.795171 0.286771
v -0.692542 0.795191 0.286562
v 1.953399 0.946839 0.229868
v 1.938469 0.946839 0.271840
v 1.267555 0.946839 0.286771
v 0.691488 1.225936 0.229848
v -0.000527 1.226145 0.229868
v -0.692542 1.225936 0.229848
v -0.692411 1.211096 0.271721
v -0.000527 1.211214 0.271840
v 0.691357 1.211096 0.271721
v -0.692542 1.098487 0.286562
v -0.000527 1.098507 0.286771
v 0.691488 1.098487 0.286562
v -1.268609 2.350795 0.152571
v -1.939523 2.350795 0.167502
v -0.692542 2.199147 0.152779
v -0.000527 2.199127 0.152571
v 0.691488 2.199147 0.152779
v 0.691357 2.086538 0.167620
v -0.000527 2.086420 0.167502
v -0.692411 2.086538 0.167620
v 1.267554 2.350795 0.152571
v 0.691488 2.502442 0.152779
v -0.000527 2.502463 0.152571
v -0.692542 2.502442 0.152779
v -0.692411 2.615052 0.167620
v -0.000527 2.615170 0.167502
v 0.691357 2.615052 0.167620
v -1.939523 2.350795 0.271840
v -1.268609 2.350795 0.286771
v 0.691357 2.086538 0.271721
v -0.000527 2.086420 0.271840
v -0.692411 2.086538 0.271721
v 0.691488 2.199147 0.286562
v -0.000527 2.199127 0.286771
v -0.692542 2.199147 0.286562
v 1.267555 2.350795 0.286771
v -0.692411 2.615052 0.271722
v -0.000527 2.615170 0.271840
v 0.691357 2.615052 0.271722
v -0.692542 2.502442 0.286562
v -0.000527 2.502463 0.286771
v 0.691488 2.502442 0.286562
v -0.692575 0.946839 0.151905
v -0.000527 0.946839 0.151683
v 0.691521 0.946839 0.151905
v -0.692575 0.946839 0.287436
v -0.000527 0.946839 0.287658
v 0.691521 0.946839 0.287436
v -0.692575 2.350795 0.151905
v -0.000527 2.350795 0.151683
v 0.691521 2.350795 0.151905
v -0.692575 2.350795 0.287436
v -0.000527 2.350795 0.287658
v 0.691521 2.350795 0.287436
v -1.947128 0.713765 0.189960
v -1.640914 0.713303 0.157871
v -1.838446 0.713765 0.159896
v -1.640914 0.672833 0.189499
v -1.838446 0.674859 0.189960
v 1.639860 0.672833 0.189499
v 1.837392 0.674859 0.189960
v 1.916994 0.678651 0.190510
v 1.639860 0.713303 0.157871
v 1.837392 0.713765 0.159896
v 1.916994 0.714314 0.163689
v 1.946073 0.713765 0.189960
v -1.947128 1.179913 0.189960
v -1.640914 1.220845 0.189499
v -1.838446 1.218819 0.189960
v -1.640914 1.180375 0.157871
v -1.838446 1.179913 0.159896
v 1.946073 1.179913 0.189960
v 1.639860 1.180375 0.157871
v 1.837392 1.179913 0.159896
v 1.916994 1.179364 0.163689
v 1.639860 1.220845 0.189499
v 1.837392 1.218819 0.189960
v 1.916994 1.215027 0.190510
v -1.947128 0.713765 0.249381
v -1.640914 0.672833 0.249842
v -1.838446 0.674859 0.249381
v -1.640914 0.713303 0.281470
v -1.838446 0.713765 0.279445
v 1.639860 0.672833 0.249842
v 1.837392 0.674859 0.249381
v 1.916994 0.678651 0.248832
v 1.946073 0.713765 0.249381
v 1.639860 0.713303 0.281470
v 1.837392 0.713765 0.279445
v 1.916994 0.714314 0.275652
v -1.947128 1.179913 0.249381
v -1.640914 1.180375 0.281471
v -1.838446 1.179913 0.279445
v -1.640914 1.220845 0.249842
v -1.838446 1.218819 0.249381
v 1.946073 1.179913 0.249381
v 1.639860 1.220845 0.249842
v 1.837392 1.218819 0.249381
v 1.916994 1.215027 0.248832
v 1.639860 1.180375 0.281471
v 1.837392 1.179913 0.279445
v 1.916994 1.179364 0.275652
v -1.949153 2.117259 0.200775
v -1.943335 2.118269 0.179149
v -1.640914 2.117259 0.157871
v -1.838446 2.117720 0.159897
v -1.918049 2.118269 0.163689
v -1.641134 2.074577 0.200555
v -1.838907 2.076789 0.200775
v -1.918925 2.080868 0.200975
v -1.640714 2.080868 0.178272
v -1.837897 2.082607 0.179149
v -1.916763 2.085847 0.180434
v 1.640080 2.074577 0.200555
v 1.639660 2.080868 0.178272
v 1.837853 2.076789 0.200775
v 1.836843 2.082607 0.179149
v 1.917871 2.080868 0.200975
v 1.915709 2.085847 0.180434
v 1.639860 2.117259 0.157871
v 1.837392 2.117720 0.159897
v 1.916994 2.118269 0.163689
v 1.948099 2.117259 0.200775
v 1.942281 2.118270 0.179149
v -1.949154 2.584330 0.200775
v -1.943335 2.583320 0.179149
v -1.641134 2.627012 0.200555
v -1.640714 2.620721 0.178272
v -1.838907 2.624801 0.200775
v -1.837897 2.618982 0.179149
v -1.918925 2.620721 0.200975
v -1.916763 2.615743 0.180434
v -1.640914 2.584330 0.157871
v -1.838446 2.583869 0.159897
v -1.918049 2.583320 0.163689
v 1.948099 2.584330 0.200775
v 1.942281 2.583320 0.179149
v 1.639860 2.584330 0.157871
v 1.837392 2.583869 0.159897
v 1.916994 2.583320 0.163689
v 1.640080 2.627012 0.200555
v 1.837853 2.624801 0.200775
v 1.917871 2.620721 0.200975
v 1.639660 2.620721 0.178272
v 1.836843 2.618983 0.179149
v 1.915709 2.615743 0.180434
v -1.949154 2.117259 0.238566
v -1.943335 2.118269 0.260193
v -1.641134 2.074577 0.238786
v -1.640714 2.080868 0.261069
v -1.838907 2.076789 0.238566
v -1.837897 2.082607 0.260193
v -1.918925 2.080868 0.238366
v -1.916763 2.085847 0.258907
v -1.640914 2.117259 0.281471
v -1.838446 2.117720 0.279445
v -1.918049 2.118269 0.275652
v 1.640080 2.074577 0.238786
v 1.837853 2.076789 0.238566
v 1.917871 2.080868 0.238366
v 1.639660 2.080868 0.261069
v 1.836843 2.082607 0.260193
v 1.915709 2.085847 0.258907
v 1.948099 2.117259 0.238566
v 1.942281 2.118269 0.260193
v 1.639860 2.117259 0.281471
v 1.837392 2.117720 0.279445
v 1.916994 2.118270 0.275652
v -1.949154 2.584330 0.238566
v -1.943335 2.583320 0.260193
v -1.640914 2.584330 0.281471
v -1.838446 2.583869 0.279445
v -1.918049 2.583320 0.275652
v -1.641134 2.627012 0.238786
v -1.838907 2.624801 0.238566
v -1.918925 2.620721 0.238366
v -1.640714 2.620721 0.261069
v -1.837897 2.618983 0.260193
v -1.916763 2.615743 0.258907
v 1.948099 2.584330 0.238566
v 1.942281 2.583320 0.260193
v 1.640079 2.627012 0.238786
v 1.639660 2.620721 0.261069
v 1.837853 2.624801 0.238566
v 1.836843 2.618982 0.260193
v 1.917871 2.620721 0.238366
v 1.915709 2.615743 0.258907
v 1.639860 2.584330 0.281471
v 1.837392 2.583869 0.279445
v 1.916994 2.583320 0.275652
v -1.641476 0.946839 0.153802
v -1.839475 0.946839 0.156212
v -1.950812 0.946839 0.188931
v -0.692460 0.712798 0.156383
v -0.000527 0.712735 0.156212
v 0.691406 0.712798 0.156383
v -0.692460 0.671346 0.188994
v -0.000527 0.671174 0.188931
v 0.691406 0.671345 0.188994
v 1.640421 0.946839 0.153802
v 1.838421 0.946839 0.156212
v 1.918716 0.946839 0.160534
v 1.949758 0.946839 0.188931
v 0.691406 1.180880 0.156383
v -0.000527 1.180942 0.156212
v -0.692460 1.180880 0.156383
v 0.691406 1.222332 0.188994
v -0.000527 1.222504 0.188931
v -0.692460 1.222332 0.188994
v -1.950812 0.946839 0.250410
v -1.839475 0.946839 0.283129
v -1.641476 0.946839 0.285539
v -0.692460 0.671345 0.250347
v -0.000527 0.671174 0.250410
v 0.691406 0.671345 0.250347
v -0.692460 0.712798 0.282958
v -0.000527 0.712736 0.283129
v 0.691406 0.712798 0.282958
v 1.949758 0.946839 0.250410
v 1.918716 0.946839 0.278808
v 1.838421 0.946839 0.283129
v 1.640421 0.946839 0.285539
v 0.691406 1.222332 0.250347
v -0.000527 1.222503 0.250410
v -0.692460 1.222332 0.250347
v 0.691406 1.180880 0.282958
v -0.000527 1.180942 0.283129
v -0.692460 1.180880 0.282958
v -1.641476 2.350795 0.153802
v -1.839475 2.350795 0.156212
v -1.919770 2.350795 0.160534
v -1.946491 2.350795 0.177427
v -1.953222 2.350795 0.200214
v -0.692460 2.116754 0.156383
v -0.000527 2.116691 0.156212
v 0.691406 2.116754 0.156383
v -0.692425 2.079598 0.177517
v -0.000527 2.079452 0.177427
v 0.691371 2.079598 0.177517
v -0.692503 2.072913 0.200253
v -0.000527 2.072721 0.200214
v 0.691449 2.072913 0.200253
v 1.640421 2.350795 0.153802
v 1.838421 2.350795 0.156212
v 1.918716 2.350795 0.160534
v 1.945436 2.350795 0.177427
v 1.952168 2.350795 0.200214
v 0.691406 2.584836 0.156383
v -0.000527 2.584898 0.156212
v -0.692460 2.584836 0.156383
v 0.691371 2.621992 0.177517
v -0.000527 2.622138 0.177427
v -0.692425 2.621992 0.177517
v 0.691449 2.628676 0.200253
v -0.000527 2.628869 0.200214
v -0.692504 2.628676 0.200253
v -1.953222 2.350795 0.239128
v -1.946491 2.350795 0.261915
v -1.919770 2.350795 0.278808
v -1.839475 2.350795 0.283129
v -1.641476 2.350795 0.285539
v -0.692503 2.072913 0.239089
v -0.000527 2.072721 0.239128
v 0.691449 2.072913 0.239089
v -0.692425 2.079598 0.261825
v -0.000527 2.079452 0.261915
v 0.691371 2.079598 0.261825
v -0.692460 2.116754 0.282958
v -0.000527 2.116691 0.283129
v 0.691406 2.116754 0.282958
v 1.952168 2.350795 0.239128
v 1.945436 2.350795 0.261915
v 1.918716 2.350795 0.278808
v 1.838421 2.350795 0.283129
v 1.640421 2.350795 0.285539
v 0.691449 2.628676 0.239089
v -0.000527 2.628869 0.239128
v -0.692503 2.628676 0.239089
v 0.691371 2.621992 0.261825
v -0.000527 2.622138 0.261915
v -0.692425 2.621992 0.261825
v 0.691406 2.584836 0.282958
v -0.000527 2.584898 0.283129
v -0.692460 2.584836 0.282958
vn 0.6203 0.7781 -0.0989
vn 0.6203 0.7781 0.0989
vn 0.9845 0.1435 0.1011
vn 0.9845 0.1434 -0.1011
vn 0.0021 -0.9935 0.1142
vn 0.0021 -0.9935 -0.1142
vn 0.0074 -0.9942 -0.1071
vn 0.0074 -0.9942 0.1071
vn 0.0320 0.9947 -0.0979
vn 0.0320 0.9947 0.0978
vn 0.1922 0.9769 0.0930
vn 0.1922 0.9769 -0.0929
vn -0.0074 -0.9942 -0.1071
vn -0.0074 -0.9942 0.1071
vn -0.0320 -0.9947 0.0979
vn -0.0320 -0.9947 -0.0979
vn 0.0320 -0.9947 -0.0979
vn 0.0320 -0.9947 0.0978
vn -0.0291 -0.1314 -0.9909
vn -0.0261 -0.6880 -0.7252
vn -0.4376 -0.6120 -0.6588
vn -0.5960 -0.1248 -0.7932
vn -0.0007 -0.0167 0.9999
vn -0.0000 -0.0169 0.9999
vn -0.0000 -0.0000 1.0000
vn -0.0007 -0.0000 1.0000
vn -0.0007 -0.0167 -0.9999
vn -0.0007 -0.0000 -1.0000
vn -0.0000 -0.0000 -1.0000
vn -0.0000 -0.0169 -0.9999
vn 0.0007 -0.0000 -1.0000
vn 0.0007 -0.0167 -0.9999
vn 0.0007 0.0167 -0.9999
vn 0.0021 0.0160 -0.9999
vn 0.0022 -0.0000 -1.0000
vn -0.0008 -0.9857 0.1684
vn -0.0020 -0.9864 0.1641
vn -0.0020 -0.9864 -0.1641
vn -0.0007 -0.9857 -0.1684
vn -0.0021 -0.0160 -0.9999
vn -0.0022 -0.0000 -1.0000
vn -0.0000 0.0169 -0.9999
vn 0.0074 0.9942 -0.1070
vn 0.0021 0.9935 -0.1141
vn 0.0022 0.9935 0.1142
vn 0.0074 0.9942 0.1070
vn -0.6002 -0.7580 -0.2555
vn -0.9561 -0.1331 -0.2610
vn 0.0062 -0.6891 -0.7247
vn 0.0261 -0.6880 -0.7252
vn 0.0291 -0.9659 -0.2573
vn 0.0066 -0.9632 -0.2687
vn -0.6038 -0.0134 -0.7970
vn -0.9612 -0.0142 -0.2756
vn 0.0007 -0.0000 1.0000
vn 0.0007 0.0167 0.9999
vn -0.0000 0.0169 0.9999
vn 0.0007 -0.0167 0.9999
vn 0.0021 -0.0160 0.9999
vn 0.0022 -0.0000 1.0000
vn -0.0021 0.0160 -0.9999
vn -0.0007 0.0167 -0.9999
vn 0.0021 -0.0160 -0.9999
vn -0.9933 -0.0161 -0.1143
vn -0.9845 -0.1434 -0.1011
vn -0.0007 0.0167 0.9999
vn 0.0021 0.0160 0.9999
vn -0.0022 -0.0000 1.0000
vn -0.0021 -0.0160 0.9999
vn -0.0021 0.0160 0.9999
vn -0.0000 0.0170 -0.9999
vn -0.0066 -0.9632 -0.2687
vn -0.0023 -0.9613 -0.2755
vn -0.0021 -0.9935 -0.1141
vn -0.6202 -0.7782 -0.0989
vn -0.0000 0.9855 -0.1698
vn -0.0008 0.9857 -0.1684
vn -0.0008 0.9857 0.1684
vn -0.0000 0.9855 0.1698
vn 0.1885 0.9721 0.1394
vn 0.6162 0.7737 0.1470
vn 0.6162 0.7738 -0.1470
vn 0.1885 0.9721 -0.1394
vn -0.0020 0.9864 0.1641
vn -0.0023 0.9864 -0.1641
vn 0.9863 -0.0152 -0.1642
vn 0.9855 -0.0000 -0.1698
vn 0.9855 -0.0000 0.1698
vn 0.9863 -0.0152 0.1642
vn -0.0309 0.9888 0.1461
vn -0.0309 0.9888 -0.1461
vn -0.1885 0.9721 -0.1393
vn -0.1885 0.9721 0.1394
vn 0.9863 0.0152 0.1642
vn 0.9863 0.0152 -0.1642
vn 0.0309 0.9888 -0.1461
vn 0.0309 0.9888 0.1461
vn -0.8830 -0.1261 -0.4520
vn -0.5582 -0.7150 -0.4209
vn -0.6163 -0.7737 -0.1470
vn -0.9789 -0.1393 -0.1496
vn -0.0269 -0.8921 -0.4509
vn -0.0063 -0.8883 -0.4593
vn -0.0071 -0.9876 -0.1567
vn -0.0309 -0.9888 -0.1461
vn 0.0007 0.9857 0.1684
vn 0.0023 0.9864 0.1641
vn 0.0020 0.9864 -0.1641
vn 0.0006 0.9857 -0.1684
vn 0.0071 0.9876 -0.1567
vn 0.0071 0.9876 0.1567
vn -0.9863 -0.0152 0.1643
vn -0.9863 -0.0152 -0.1643
vn -0.9789 -0.1393 0.1496
vn -0.0071 0.9876 -0.1567
vn -0.0071 0.9876 0.1567
vn -0.8860 -0.0134 -0.4635
vn 0.1885 -0.9721 -0.1393
vn 0.1547 -0.8909 -0.4270
vn 0.5583 -0.7149 -0.4210
vn 0.6162 -0.7738 -0.1470
vn 0.0066 -0.1392 -0.9902
vn 0.0291 -0.1313 -0.9909
vn 0.6162 -0.7737 0.1470
vn 0.1885 -0.9721 0.1393
vn -0.0291 -0.9659 -0.2573
vn 0.9845 -0.1434 -0.1011
vn 0.6203 -0.7781 -0.0989
vn 0.6002 -0.7580 -0.2554
vn 0.9561 -0.1331 -0.2610
vn -0.0074 -0.0149 -0.9999
vn -0.0066 -0.1392 -0.9902
vn -0.0321 -0.0135 -0.9994
vn -0.0062 -0.6891 -0.7247
vn -0.4376 0.6120 -0.6588
vn -0.5960 0.1248 -0.7932
vn -0.9561 0.1331 -0.2610
vn -0.6002 0.7580 -0.2554
vn -0.0018 -0.1437 -0.9896
vn -0.0017 -0.6895 -0.7243
vn 0.0074 -0.0149 -0.9999
vn 0.0321 -0.0135 -0.9994
vn 0.0020 -0.1437 -0.9896
vn 0.1928 -0.0127 -0.9811
vn 0.1818 -0.1229 -0.9756
vn 0.1393 -0.6799 -0.7199
vn 0.4376 -0.6120 -0.6588
vn 0.5960 -0.1248 -0.7932
vn 0.9933 -0.0161 -0.1144
vn 0.9612 -0.0142 -0.2756
vn 0.1790 -0.9525 -0.2466
vn 0.1922 -0.9769 -0.0929
vn -0.0018 0.9613 -0.2755
vn -0.0066 0.9632 -0.2687
vn -0.0074 0.9942 -0.1071
vn -0.0018 0.9935 -0.1142
vn 0.0018 -0.9613 -0.2755
vn 0.0017 -0.6895 -0.7243
vn -0.9845 0.1434 -0.1011
vn -0.9612 0.0142 -0.2756
vn -0.9933 0.0161 -0.1144
vn -0.0291 -0.9659 0.2573
vn -0.6002 -0.7580 0.2555
vn -0.6202 -0.7781 0.0990
vn 0.9612 0.0142 -0.2756
vn 0.9561 0.1331 -0.2610
vn 0.9933 0.0161 -0.1144
vn -0.6203 0.7781 -0.0990
vn 0.6039 -0.0134 -0.7970
vn -0.0291 0.9659 -0.2573
vn -0.0320 0.9947 -0.0978
vn -0.0261 0.6880 -0.7252
vn 0.6039 0.0134 -0.7970
vn 0.5960 0.1248 -0.7932
vn -0.6038 0.0134 -0.7970
vn 0.0321 0.0135 -0.9994
vn 0.0291 0.1314 -0.9909
vn 0.1818 0.1229 -0.9756
vn 0.1928 0.0127 -0.9811
vn 0.4376 0.6120 -0.6588
vn 0.6002 0.7580 -0.2554
vn -0.0062 0.6891 -0.7246
vn -0.0066 0.1392 -0.9902
vn -0.0020 0.1437 -0.9896
vn -0.0074 0.0149 -0.9999
vn 0.0062 -0.6891 0.7247
vn 0.0261 -0.6880 0.7252
vn 0.0291 -0.1314 0.9909
vn 0.0066 -0.1392 0.9902
vn -0.0017 0.6895 -0.7243
vn -0.0321 0.0135 -0.9994
vn -0.0291 0.1314 -0.9909
vn 0.0066 0.9632 -0.2687
vn 0.0023 0.9613 -0.2755
vn 0.1393 -0.6799 0.7199
vn 0.0291 -0.9659 0.2573
vn 0.1790 -0.9524 0.2466
vn 0.1790 0.9525 -0.2466
vn 0.1393 0.6799 -0.7199
vn 0.0261 0.6880 -0.7252
vn 0.0291 0.9659 -0.2573
vn -0.4375 -0.6121 0.6587
vn -0.0261 -0.6880 0.7252
vn -0.0291 -0.1314 0.9909
vn -0.5960 -0.1248 0.7932
vn 0.0074 0.0149 -0.9999
vn 0.0066 0.1392 -0.9902
vn 0.0062 0.6891 -0.7246
vn -0.0066 -0.1392 0.9902
vn -0.0020 -0.1437 0.9896
vn -0.0074 -0.0149 0.9999
vn 0.0018 0.1437 -0.9896
vn 0.0017 0.6895 -0.7243
vn -0.6038 -0.0134 0.7970
vn -0.0321 -0.0135 0.9994
vn -0.0066 -0.9632 0.2687
vn -0.0062 -0.6891 0.7246
vn 0.6002 -0.7580 0.2554
vn 0.4376 -0.6120 0.6587
vn -0.9933 -0.0161 0.1143
vn -0.9845 -0.1434 0.1011
vn -0.9561 -0.1331 0.2610
vn -0.9612 -0.0142 0.2756
vn 0.9845 -0.1435 0.1011
vn 0.9561 -0.1331 0.2610
vn 0.6203 -0.7781 0.0989
vn -0.0018 -0.9613 0.2755
vn -0.0018 -0.9935 0.1142
vn -0.0017 -0.6895 0.7243
vn 0.1922 -0.9769 0.0929
vn 0.0066 -0.9632 0.2687
vn -0.9612 0.0142 0.2756
vn -0.6038 0.0134 0.7970
vn -0.5960 0.1248 0.7932
vn -0.9561 0.1331 0.2610
vn -0.0074 0.9942 0.1070
vn -0.0320 0.9947 0.0978
vn -0.0291 0.9659 0.2573
vn -0.0066 0.9632 0.2687
vn -0.0291 0.1314 0.9909
vn -0.0261 0.6880 0.7252
vn -0.4375 0.6121 0.6587
vn 0.0321 -0.0135 0.9994
vn 0.1818 -0.1229 0.9756
vn 0.1929 -0.0127 0.9811
vn 0.9933 -0.0161 0.1143
vn 0.9612 -0.0142 0.2756
vn -0.9599 -0.0000 -0.2804
vn -0.9928 -0.0000 -0.1199
vn -0.6002 0.7580 0.2554
vn 0.0023 -0.9613 0.2755
vn 0.6039 -0.0134 0.7970
vn 0.5960 -0.1248 0.7932
vn 0.0021 -0.6895 0.7243
vn 0.0074 -0.0149 0.9999
vn -0.9933 0.0161 0.1143
vn -0.9845 0.1435 0.1011
vn 0.0018 -0.1437 0.9896
vn -0.0291 -0.1313 -0.9909
vn -0.1818 -0.1229 -0.9756
vn -0.1928 -0.0127 -0.9811
vn 0.9561 0.1331 0.2610
vn 0.9612 0.0142 0.2756
vn 0.9933 0.0161 0.1143
vn -0.0074 0.0149 0.9999
vn -0.0066 0.1392 0.9902
vn -0.0321 0.0135 0.9994
vn -0.6203 0.7781 0.0990
vn 0.0066 0.1392 0.9902
vn 0.0020 0.1437 0.9896
vn 0.0074 0.0149 0.9999
vn -0.0062 0.6891 0.7247
vn -0.0018 0.1437 0.9896
vn -0.0017 0.6895 0.7243
vn 0.1393 0.6799 0.7199
vn 0.0261 0.6880 0.7252
vn 0.0291 0.1314 0.9909
vn 0.1818 0.1229 0.9756
vn 0.0066 0.9632 0.2687
vn 0.0062 0.6891 0.7247
vn 0.0291 0.9659 0.2573
vn 0.0001 -0.6896 -0.7242
vn 0.0007 -0.6896 -0.7242
vn 0.0006 -0.9602 -0.2792
vn -0.0000 -0.9599 -0.2804
vn -0.0018 0.9613 0.2755
vn 0.1790 0.9525 0.2466
vn 0.4376 0.6120 0.6587
vn 0.6002 0.7580 0.2554
vn -0.0021 0.9935 0.1142
vn 0.5960 0.1248 0.7932
vn 0.6039 0.0134 0.7970
vn 0.0321 0.0135 0.9994
vn 0.1929 0.0127 0.9811
vn 0.0261 -0.6879 -0.7254
vn 0.0062 -0.6890 -0.7248
vn -0.0326 -0.0000 -0.9995
vn -0.6042 -0.0000 -0.7968
vn 0.0018 0.9613 0.2755
vn 0.0017 0.6895 0.7243
vn 0.0020 -0.9864 0.1641
vn 0.0020 -0.9864 -0.1641
vn 0.0071 -0.9876 -0.1567
vn 0.0071 -0.9876 0.1567
vn 0.0063 -0.8883 -0.4593
vn 0.0269 -0.8922 -0.4509
vn 0.0309 -0.9888 -0.1461
vn -0.4377 -0.6118 -0.6589
vn -0.0261 -0.6879 -0.7254
vn -0.1393 -0.6799 -0.7199
vn -0.1547 -0.8909 -0.4270
vn -0.1885 -0.9721 -0.1393
vn -0.6163 0.7737 -0.1470
vn -0.5582 0.7150 -0.4209
vn -0.8831 0.1261 -0.4520
vn -0.9789 0.1392 -0.1497
vn -0.0062 -0.6890 -0.7248
vn -0.6162 -0.7737 0.1470
vn 0.1929 -0.0128 -0.9811
vn 0.1819 -0.1230 -0.9756
vn 0.1394 -0.6799 -0.7200
vn -0.0018 -0.8861 -0.4634
vn 0.8830 -0.1261 -0.4521
vn -0.0309 -0.9888 0.1461
vn -0.0071 -0.9876 0.1567
vn -0.9789 0.1392 0.1496
vn -0.6163 0.7737 0.1470
vn 0.0018 -0.8861 -0.4634
vn -0.8860 0.0135 -0.4635
vn -0.9863 0.0152 -0.1643
vn 0.8859 -0.0135 -0.4636
vn 0.9789 -0.1392 -0.1497
vn -0.0269 -0.8921 0.4509
vn -0.1547 -0.8909 0.4270
vn -0.1885 -0.9721 0.1393
vn -0.9863 0.0152 0.1643
vn 0.0291 0.1313 -0.9909
vn 0.1819 0.1230 -0.9756
vn 0.1929 0.0127 -0.9811
vn -0.1818 0.1229 -0.9756
vn -0.1393 0.6799 -0.7199
vn -0.0291 0.1313 -0.9909
vn -0.0063 0.8883 -0.4593
vn -0.0269 0.8921 -0.4509
vn -0.1547 0.8909 -0.4270
vn -0.4376 0.6119 -0.6589
vn -0.9855 -0.0000 -0.1698
vn -0.9855 -0.0000 0.1699
vn -0.1928 0.0127 -0.9811
vn 0.0261 -0.6879 0.7254
vn -0.0018 0.8861 -0.4634
vn 0.8830 0.1261 -0.4521
vn 0.8859 0.0134 -0.4636
vn 0.1547 -0.8909 0.4270
vn 0.0269 -0.8921 0.4509
vn 0.0309 -0.9888 0.1461
vn -0.0017 0.6894 -0.7244
vn 0.9789 0.1392 0.1497
vn 0.9789 0.1392 -0.1497
vn 0.1394 0.6798 -0.7200
vn 0.5583 0.7149 -0.4210
vn 0.1547 0.8909 -0.4270
vn 0.0269 0.8921 -0.4509
vn -0.8830 -0.1261 0.4520
vn -0.8860 -0.0135 0.4635
vn 0.0063 0.8883 -0.4593
vn 0.0261 0.6880 -0.7253
vn 0.0062 0.6890 -0.7248
vn -0.5582 -0.7150 0.4209
vn -0.4376 -0.6119 0.6588
vn 0.0017 0.6894 -0.7244
vn -0.1393 -0.6799 0.7199
vn -0.0261 -0.6879 0.7254
vn -0.1818 -0.1229 0.9756
vn 0.0018 0.8861 -0.4635
vn -0.0063 -0.8883 0.4592
vn -0.1929 -0.0127 0.9811
vn -0.0018 -0.8861 0.4634
vn 0.0063 -0.8883 0.4592
vn 0.9789 -0.1392 0.1497
vn 0.8830 -0.1261 0.4521
vn 0.5583 -0.7148 0.4211
vn 0.0018 -0.8861 0.4634
vn 0.1930 -0.0127 0.9811
vn 0.1819 -0.1230 0.9756
vn 0.8859 -0.0135 0.4636
vn -0.8830 0.1261 0.4520
vn -0.8860 0.0134 0.4635
vn 0.1394 -0.6798 0.7200
vn -0.5582 0.7150 0.4209
vn 0.0269 0.8921 0.4509
vn 0.1547 0.8909 0.4270
vn 0.0021 -0.6894 0.7244
vn 0.8830 0.1262 0.4521
vn 0.1819 0.1230 0.9756
vn 0.1930 0.0127 0.9811
vn 0.8859 0.0135 0.4636
vn -0.4377 0.6119 0.6588
vn 0.5583 0.7149 0.4210
vn 0.1394 0.6798 0.7200
vn -0.1818 0.1229 0.9756
vn -0.1929 0.0127 0.9811
vn -0.0261 0.6880 0.7253
vn -0.1394 0.6799 0.7199
vn -0.1547 0.8909 0.4270
vn -0.0269 0.8921 0.4509
vn -0.0062 0.6890 0.7247
vn -0.0063 0.8883 0.4593
vn -0.0017 0.6894 0.7244
vn -0.0006 -0.8849 -0.4657
vn 0.0063 0.8883 0.4593
vn 0.8845 -0.0000 -0.4665
vn -0.0018 0.8861 0.4634
vn -0.0000 -0.8845 0.4665
vn -0.0006 -0.8849 0.4658
vn -0.0000 -0.9855 0.1698
vn -0.0076 -0.0000 -1.0000
vn -0.8846 -0.0000 -0.4664
vn 0.0062 0.6889 0.7248
vn 0.0018 0.8861 0.4634
vn 0.0017 0.6894 0.7244
vn -0.0000 -0.9855 -0.1698
vn -0.0000 -0.8845 -0.4665
vn 0.0006 -0.8849 -0.4657
vn 0.0007 -0.9857 -0.1684
vn -0.0000 0.6896 -0.7242
vn -0.0007 0.6896 -0.7242
vn -0.0006 0.9602 -0.2793
vn -0.0000 0.9599 -0.2804
vn -0.0006 -0.6896 -0.7242
vn -0.0006 -0.9602 -0.2792
vn -0.0000 -0.9928 -0.1199
vn -0.0005 -0.9930 -0.1184
vn -0.0007 0.9930 -0.1185
vn -0.0000 0.9928 -0.1198
vn 0.0006 0.6896 -0.7242
vn 0.0006 0.9602 -0.2793
vn 0.0326 -0.0000 -0.9995
vn 0.1942 -0.0000 -0.9810
vn 0.0007 -0.9930 -0.1184
vn 0.0006 -0.1461 -0.9893
vn -0.0000 -0.1468 -0.9892
vn -0.0006 -0.1461 -0.9893
vn 0.0005 0.9930 -0.1184
vn 0.6042 -0.0000 -0.7968
vn 0.0076 -0.0000 -1.0000
vn -0.6045 -0.0000 0.7966
vn -0.9599 -0.0000 0.2804
vn 0.9599 -0.0000 -0.2805
vn 0.9928 -0.0000 -0.1197
vn -0.0000 0.1468 -0.9892
vn 0.0007 0.1461 -0.9893
vn -0.0006 0.1461 -0.9893
vn 0.0007 -0.6896 0.7242
vn 0.0006 -0.9602 0.2792
vn -0.0000 -0.6897 0.7241
vn -0.0000 -0.9599 0.2804
vn -0.0329 -0.0000 0.9995
vn -0.0007 -0.9930 0.1184
vn -0.0000 -0.9928 0.1198
vn -0.0008 -0.9602 0.2793
vn -0.0076 -0.0000 1.0000
vn -0.0000 0.9928 0.1199
vn -0.0005 0.9930 0.1184
vn -0.0006 0.9602 0.2793
vn -0.0000 0.9599 0.2805
vn -0.0007 -0.6896 0.7242
vn 0.0007 -0.9930 0.1184
vn -0.9928 -0.0000 0.1198
vn -0.0006 0.6896 0.7242
vn -0.0000 0.6896 0.7242
vn -0.0007 -0.1460 0.9893
vn 0.0007 -0.1460 0.9893
vn -0.0000 -0.1468 0.9892
vn 0.0007 0.6896 0.7242
vn 0.0006 0.9602 0.2793
vn 0.9599 -0.0000 0.2805
vn 0.6046 -0.0000 0.7965
vn 0.0005 0.9930 0.1185
vn 0.9928 -0.0000 0.1198
vn 0.0329 -0.0000 0.9995
vn 0.0076 -0.0000 1.0000
vn 0.1943 -0.0000 0.9809
vn -0.0000 0.1468 0.9892
vn 0.0006 0.1460 0.9893
vn -0.0006 0.1460 0.9893
vn -0.0329 -0.0000 -0.9995
vn -0.1948 -0.0000 -0.9809
vn -0.0000 -0.6897 -0.7241
vn 0.1951 -0.0000 -0.9808
vn 0.0329 -0.0000 -0.9995
vn 0.0006 -0.6896 -0.7242
vn 0.0006 0.8849 -0.4657
vn -0.0006 0.8849 -0.4657
vn -0.0000 0.8846 -0.4664
vn 0.0006 0.1461 -0.9893
vn 0.0006 -0.8849 0.4658
vn 0.0005 -0.9857 0.1684
vn -0.0006 0.6896 -0.7242
vn -0.1950 -0.0000 0.9808
vn 0.1952 -0.0000 0.9808
vn 0.8845 -0.0000 0.4666
vn -0.0006 0.8849 0.4657
vn -0.0000 0.8846 0.4664
vn -0.8845 -0.0000 0.4665
vn -0.6042 -0.0000 0.7968
vn -0.0006 -0.1460 0.9893
vn -0.0000 -0.6896 0.7241
vn 0.0006 -0.6895 0.7243
vn 0.0006 -0.1460 0.9893
vn -0.0006 -0.6895 0.7243
vn 0.0006 0.8849 0.4657
vn -0.0007 0.1461 0.9893
vn 0.0007 0.1461 0.9893
vn -0.0000 0.6896 0.7241
vn -0.0006 0.6895 0.7243
vn 0.0006 0.6896 0.7242
vt 1.000000 1.000000
vt 0.996972 0.978912
vt 0.999559 0.922664
vt 1.000000 0.938936
vt 0.824538 0.000183
vt 0.982463 0.000000
vt 0.986847 0.000000
vt 0.920139 0.000665
vt 0.991232 1.000000
vt 0.971053 0.996929
vt 0.991819 0.990740
vt 0.995616 1.000000
vt 0.013153 0.000000
vt 0.079862 0.000665
vt 0.028947 0.003071
vt 0.008769 0.000000
vt 0.991232 0.000000
vt 0.971053 0.003071
vt 0.025777 0.075968
vt 0.012889 0.022323
vt 0.004740 0.033006
vt 0.003205 0.069049
vt 0.322925 0.227811
vt 0.500000 0.227777
vt 0.500000 0.500000
vt 0.322917 0.500000
vt 0.677083 0.500000
vt 0.677075 0.227811
vt 0.677075 0.772189
vt 0.824538 0.772086
vt 0.824558 0.500000
vt 0.322935 0.000470
vt 0.175485 0.000665
vt 0.017537 0.000000
vt 0.259591 0.000000
vt 0.175462 0.227914
vt 0.175442 0.500000
vt 0.500000 0.772223
vt 0.986847 1.000000
vt 0.982463 1.000000
vt 0.824538 0.999817
vt 0.920138 0.999336
vt 0.003204 0.022311
vt 0.000791 0.064874
vt 0.976751 0.015550
vt 0.987111 0.022323
vt 0.990685 0.005506
vt 0.986697 0.002209
vt 0.000000 0.122128
vt 0.824538 0.227914
vt 0.175462 0.772086
vt 0.322925 0.772189
vt 0.000000 0.061064
vt 0.013303 0.002209
vt 0.000000 0.000000
vt 0.500000 1.000000
vt 0.259591 1.000000
vt 0.322935 0.999530
vt 0.500000 0.999595
vt 0.991716 0.989873
vt 0.996849 0.978055
vt 0.997776 0.984513
vt 0.994802 0.994189
vt 0.175485 0.999335
vt 0.017537 1.000000
vt 0.999916 0.196099
vt 0.999945 0.500000
vt 1.000000 0.500000
vt 1.000000 0.122128
vt 0.029020 0.996157
vt 0.009055 0.997791
vt 0.005198 0.994189
vt 0.008284 0.989873
vt 1.000000 0.877872
vt 0.999916 0.803901
vt 0.990945 0.997791
vt 0.970980 0.996157
vt 0.001623 0.066546
vt 0.004023 0.028015
vt 0.002224 0.015487
vt 0.000317 0.063062
vt 0.009928 0.011303
vt 0.014229 0.005814
vt 0.013232 0.000698
vt 0.009055 0.002209
vt 0.677065 0.999530
vt 0.824515 0.999335
vt 0.740409 1.000000
vt 0.986768 0.999302
vt 0.920093 0.998711
vt 0.000095 0.228077
vt 0.000552 0.077843
vt 0.013232 0.999302
vt 0.079907 0.998711
vt 0.994802 0.005811
vt 0.993609 0.017918
vt 0.995977 0.028015
vt 0.997776 0.015487
vt 0.929504 0.076521
vt 0.974160 0.078186
vt 0.996849 0.021945
vt 0.991716 0.010127
vt 0.009316 0.005506
vt 1.000000 0.061064
vt 1.000000 0.000000
vt 0.996796 0.022311
vt 0.999140 0.075937
vt 0.079822 0.226969
vt 0.070488 0.076244
vt 0.028633 0.219389
vt 0.023249 0.015550
vt 0.004740 0.966994
vt 0.003205 0.930952
vt 0.000791 0.935126
vt 0.003204 0.977689
vt 0.162343 0.075147
vt 0.920138 0.228077
vt 0.971053 0.228258
vt 0.837657 0.075147
vt 0.991819 0.228404
vt 0.991916 0.079560
vt 0.993012 0.028017
vt 0.995260 0.033006
vt 0.996540 0.080129
vt 0.999562 0.219435
vt 0.994160 0.011301
vt 0.995616 0.000000
vt 0.013303 0.997791
vt 0.013153 1.000000
vt 0.000000 0.938936
vt 0.000000 0.877872
vt 0.029132 0.006483
vt 0.003461 0.024099
vt 0.003028 0.021088
vt 0.999562 0.780565
vt 0.999140 0.924063
vt 0.000000 1.000000
vt 0.996972 0.228464
vt 0.009316 0.994494
vt 0.008769 1.000000
vt 0.012889 0.977678
vt 0.996972 0.771536
vt 0.996540 0.919871
vt 0.971053 0.771742
vt 0.974160 0.921814
vt 0.991916 0.920440
vt 0.991819 0.771596
vt 0.995260 0.966994
vt 0.996796 0.977689
vt 0.023249 0.984451
vt 0.070488 0.923756
vt 0.162343 0.924853
vt 0.079822 0.773031
vt 0.919967 0.021945
vt 0.970652 0.024099
vt 0.970868 0.078627
vt 0.920040 0.077843
vt 0.028633 0.780611
vt 0.025777 0.924032
vt 0.986697 0.997791
vt 0.990955 0.028239
vt 0.970868 0.006483
vt 0.991505 0.012666
vt 0.994160 0.988699
vt 0.993012 0.971983
vt 0.987111 0.977678
vt 0.990684 0.994494
vt 0.029348 0.024099
vt 0.029132 0.078627
vt 0.003461 0.080129
vt 0.920138 0.771923
vt 0.929504 0.923479
vt 0.976751 0.984451
vt 0.079960 0.077843
vt 0.175511 0.077336
vt 0.079862 0.228077
vt 0.837657 0.924853
vt 0.003028 0.228464
vt 0.028947 0.228258
vt 0.079960 0.003844
vt 0.080033 0.021945
vt 0.996540 0.024099
vt 0.000026 0.227914
vt 0.000441 0.077336
vt 0.000931 0.078627
vt 0.000441 0.228258
vt 0.999559 0.077336
vt 0.999069 0.078627
vt 0.996972 0.021088
vt 0.175511 0.003071
vt 0.175462 0.000183
vt 0.175541 0.021088
vt 0.991819 0.009260
vt 0.920138 0.000665
vt 0.920040 0.003844
vt 0.000441 0.771742
vt 0.003028 0.771536
vt 0.003461 0.919871
vt 0.000931 0.921373
vt 0.079862 0.999336
vt 0.028947 0.996929
vt 0.029132 0.993518
vt 0.079960 0.996157
vt 0.029132 0.921373
vt 0.029348 0.975901
vt 0.991505 0.079615
vt 0.999974 0.227914
vt 0.999559 0.228258
vt 0.000000 0.500000
vt 0.000000 0.877871
vt 0.003461 0.975901
vt 0.824489 0.003071
vt 0.824539 0.000183
vt 0.824459 0.021088
vt 0.000026 0.772086
vt 0.000441 0.922664
vt 0.824489 0.077336
vt 0.007901 0.072909
vt 0.007096 0.196401
vt 0.999069 0.921373
vt 0.999559 0.771742
vt 0.999974 0.772086
vt 0.079862 0.771923
vt 0.079960 0.922157
vt 0.028947 0.771742
vt 0.003028 0.978912
vt 0.920040 0.922157
vt 0.824489 0.922664
vt 0.824539 0.772086
vt 0.080033 0.978055
vt 0.175511 0.922664
vt 0.175541 0.978912
vt 0.990955 0.971761
vt 0.970652 0.975901
vt 0.970868 0.921373
vt 0.991505 0.920385
vt 0.920040 0.996157
vt 0.919967 0.978055
vt 0.970868 0.993517
vt 0.500000 0.000000
vt 0.741231 0.000000
vt 0.741232 0.000000
vt 0.175511 0.996929
vt 0.991505 0.987334
vt 0.996540 0.975901
vt 0.175462 0.999817
vt 0.028520 0.500000
vt 0.824489 0.996929
vt 0.824459 0.978912
vt 0.824515 0.000665
vt 0.986768 0.000698
vt 0.920093 0.001289
vt 0.985771 0.005814
vt 0.990073 0.011303
vt 0.990945 0.002209
vt 0.006988 0.028017
vt 0.006391 0.017918
vt 0.005198 0.005811
vt 0.002224 0.984513
vt 0.004023 0.971985
vt 0.001623 0.933454
vt 0.000317 0.936938
vt 0.003151 0.021945
vt 0.175485 0.999336
vt 0.998190 0.079279
vt 0.029020 0.003844
vt 0.079907 0.001289
vt 0.000552 0.922157
vt 0.003151 0.978055
vt 0.998671 0.227301
vt 0.999670 0.069420
vt 0.029274 0.012666
vt 0.008832 0.018244
vt 0.008284 0.010127
vt 0.000095 0.771923
vt 0.007901 0.927091
vt 0.006988 0.971983
vt 0.014229 0.994186
vt 0.009928 0.988697
vt 0.006391 0.982082
vt 0.000058 0.500000
vt 0.007096 0.803599
vt 0.970931 0.076410
vt 0.920048 0.077566
vt 0.998190 0.920721
vt 0.998671 0.772699
vt 0.991168 0.018244
vt 0.970726 0.012666
vt 0.970980 0.003844
vt 0.999462 0.935126
vt 0.999670 0.930580
vt 0.995977 0.971985
vt 0.993609 0.982082
vt 0.990072 0.988697
vt 0.001819 0.079615
vt 0.001330 0.228404
vt 0.985771 0.994186
vt 0.004055 0.028239
vt 0.009045 0.028239
vt 0.008495 0.079615
vt 0.824515 0.999336
vt 0.080010 0.010127
vt 0.008181 0.228404
vt 0.175532 0.009260
vt 0.919990 0.010127
vt 0.999462 0.064874
vt 0.998368 0.066607
vt 0.995945 0.028239
vt 0.824468 0.009260
vt 0.992904 0.196401
vt 0.991687 0.072964
vt 0.001819 0.920385
vt 0.001330 0.771596
vt 0.971368 0.219389
vt 0.004055 0.971761
vt 0.970726 0.987334
vt 0.991168 0.981756
vt 0.998368 0.933393
vt 0.991687 0.927036
vt 0.992904 0.803599
vt 0.920178 0.226969
vt 0.995945 0.971761
vt 0.008495 0.920385
vt 0.008181 0.771596
vt 0.009045 0.971761
vt 0.008832 0.981756
vt 0.029274 0.987334
vt 0.920048 0.922434
vt 0.920178 0.773031
vt 0.080010 0.989873
vt 0.970931 0.923590
vt 0.258769 0.000000
vt 0.919990 0.989873
vt 0.998743 0.500000
vt 0.175532 0.990740
vt 0.500000 0.008755
vt 0.322954 0.008882
vt 0.500000 0.000405
vt 0.971368 0.780611
vt 0.079778 0.500000
vt 0.824468 0.990740
vt 0.740409 0.000000
vt 0.258769 1.000000
vt 0.268226 0.000000
vt 0.268226 1.000000
vt 0.741231 1.000000
vt 0.971110 0.500000
vt 0.991891 0.500000
vt 0.731774 0.000000
vt 0.686108 0.074497
vt 0.500000 0.074362
vt 0.313892 0.074497
vt 0.731774 1.000000
vt 0.997051 0.500000
vt 0.920176 0.500000
vt 0.002949 0.500000
vt 0.000384 0.500000
vt 0.999617 0.500000
vt 0.500000 0.925638
vt 0.686108 0.925504
vt 0.313892 0.925503
vt 0.824460 0.021088
vt 0.677043 0.020675
vt 0.677055 0.002775
vt 0.500000 0.020538
vt 0.500000 0.002676
vt 0.028890 0.500000
vt 0.322925 0.000080
vt 0.500000 0.000046
vt 0.322945 0.002775
vt 0.079824 0.500000
vt 0.500000 0.999954
vt 0.322925 0.999920
vt 0.322946 0.997225
vt 0.500000 0.997324
vt 0.322957 0.020675
vt 0.677075 0.000080
vt 0.000007 0.500000
vt 0.322957 0.979325
vt 0.500000 0.979462
vt 0.322945 0.077039
vt 0.677055 0.077039
vt 0.500000 0.076941
vt 0.677043 0.979325
vt 0.677055 0.997225
vt 0.999616 0.500000
vt 0.824539 0.999817
vt 0.677075 0.999920
vt 0.999994 0.500000
vt 0.500000 0.923059
vt 0.677055 0.922961
vt 0.322945 0.922961
vt 0.006861 0.500000
vt 0.677046 0.008882
vt 0.677065 0.000470
vt 0.313892 0.925504
vt 0.008109 0.500000
vt 0.993140 0.500000
vt 0.322954 0.991118
vt 0.500000 0.991245
vt 0.001257 0.500000
vt 0.971480 0.500000
vt 0.971367 0.219389
vt 0.677046 0.991118
vt 0.920222 0.500000
vt 0.500000 0.923060
vt 0.971367 0.780611
s 1
usemtl WoodenFence(Material)
f 28/1/1 53/2/2 175/3/3 120/4/4
f 36/5/5 8/6/6 95/7/7 148/8/8
f 133/9/9 179/10/10 178/11/11 134/12/12
f 91/13/13 140/14/14 139/15/15 92/16/16
f 148/8/8 95/7/7 94/17/17 149/18/18
f 389/19/19 89/20/20 5/21/21 83/22/22
f 367/23/23 366/24/24 385/25/25 384/26/26
f 300/23/27 375/26/28 376/25/29 301/24/30
f 301/24/30 376/25/29 377/27/31 302/28/32
f 377/27/31 312/29/33 23/30/34 309/31/35
f 594/32/36 248/33/37 202/34/38 572/35/39
f 2/36/40 297/37/41 375/26/28 300/23/27
f 313/38/42 312/29/33 377/27/31 376/25/29
f 132/39/43 24/40/44 51/41/45 180/42/46
f 132/39/43 180/42/46 179/10/10 133/9/9
f 84/43/47 387/44/48 83/22/22 5/21/21
f 97/45/49 98/46/50 393/47/51 392/48/52
f 4/49/53 83/22/22 387/44/48 82/49/54
f 380/27/55 344/29/56 343/38/57 379/25/25
f 331/24/24 330/28/58 380/27/55 379/25/25
f 38/50/59 335/31/60 380/27/55 330/28/58
f 297/37/41 17/51/61 314/52/62 375/26/28
f 302/28/32 377/27/31 309/31/35 9/50/63
f 1/49/64 82/49/54 387/44/48 81/53/65
f 332/23/23 331/24/24 379/25/25 378/26/26
f 379/25/25 343/38/57 342/52/66 378/26/26
f 52/30/67 344/29/56 380/27/55 335/31/60
f 378/26/26 323/37/68 31/36/69 332/23/23
f 348/24/30 382/25/29 383/27/31 349/28/32
f 323/37/68 378/26/26 342/52/66 44/51/70
f 63/51/61 356/52/62 381/26/28 345/37/41
f 355/38/71 354/29/33 383/27/31 382/25/29
f 373/38/57 372/52/66 384/26/26 385/25/25
f 91/13/13 390/54/72 90/34/73 3/34/74
f 381/26/28 356/52/62 355/38/71 382/25/29
f 84/43/47 7/55/75 81/53/65 387/44/48
f 347/23/27 381/26/28 382/25/29 348/24/30
f 57/36/40 345/37/41 381/26/28 347/23/27
f 587/56/76 588/57/77 610/58/78 609/59/79
f 518/60/80 286/61/81 233/62/82 475/63/83
f 283/64/84 610/58/78 588/57/77 221/65/85
f 215/66/86 579/67/87 603/68/88 264/69/89
f 507/70/90 461/71/91 463/72/92 508/73/93
f 285/74/94 603/68/88 579/67/87 230/75/95
f 474/76/96 516/77/97 518/60/80 475/63/83
f 436/78/98 192/79/99 193/80/100 435/81/101
f 444/82/102 443/83/103 440/84/104 441/85/105
f 608/86/106 288/87/107 242/40/108 586/88/109
f 473/89/110 514/90/111 516/77/97 474/76/96
f 244/91/112 189/49/113 435/81/101 479/92/114
f 383/27/31 354/29/33 67/30/34 353/31/35
f 366/24/24 365/28/58 386/27/55 385/25/25
f 349/28/32 383/27/31 353/31/35 61/50/63
f 459/93/115 461/71/91 507/70/90 506/94/116
f 374/29/56 373/38/57 385/25/25 386/27/55
f 384/26/26 361/37/68 69/36/69 367/23/23
f 368/31/60 386/27/55 365/28/58 73/50/59
f 368/31/60 79/30/67 374/29/56 386/27/55
f 361/37/68 384/26/26 372/52/66 75/51/70
f 189/49/113 190/49/117 436/78/98 435/81/101
f 450/95/118 451/96/119 208/97/120 209/98/121
f 98/46/50 97/45/49 395/99/122 396/100/123
f 450/95/118 209/98/121 259/101/124 492/102/125
f 91/13/13 92/16/16 391/103/126 390/54/72
f 107/104/127 14/105/128 100/106/129 398/107/130
f 86/108/131 388/109/132 389/19/19 85/110/133
f 391/103/126 89/20/20 88/111/134 390/54/72
f 19/112/135 111/113/136 399/114/137 110/115/138
f 88/111/134 89/20/20 389/19/19 388/109/132
f 92/16/16 7/55/75 84/43/47 391/103/126
f 85/110/133 389/19/19 83/22/22 4/49/53
f 84/43/47 5/21/21 89/20/20 391/103/126
f 2/36/40 87/116/139 388/109/132 86/108/131
f 87/116/139 6/34/140 88/111/134 388/109/132
f 102/117/141 103/118/142 396/100/123 395/99/122
f 102/117/141 395/99/122 101/119/143 9/50/63
f 103/118/142 104/120/144 397/121/145 396/100/123
f 99/122/146 98/46/50 396/100/123 397/121/145
f 90/34/73 390/54/72 88/111/134 6/34/140
f 95/7/7 392/48/52 393/47/51 94/17/17
f 12/123/147 105/124/148 398/107/130 100/106/129
f 10/69/149 107/104/127 398/107/130 106/125/150
f 393/47/51 98/46/50 99/122/146 394/126/151
f 94/17/17 393/47/51 394/126/151 93/127/152
f 394/126/151 99/122/146 12/123/147 100/106/129
f 114/65/153 400/128/154 113/129/155 16/65/156
f 96/6/157 392/48/52 95/7/7 8/6/6
f 11/6/158 97/45/49 392/48/52 96/6/157
f 109/130/159 399/114/137 108/131/160 15/131/161
f 139/15/15 413/132/162 137/133/163 32/134/164
f 93/127/152 394/126/151 100/106/129 14/105/128
f 121/135/165 404/136/166 120/4/4 22/74/167
f 18/137/168 110/115/138 399/114/137 109/130/159
f 398/107/130 105/124/148 13/138/169 106/125/150
f 12/123/147 99/122/146 397/121/145 105/124/148
f 113/129/155 400/128/154 401/139/170 112/140/171
f 13/138/169 105/124/148 397/121/145 104/120/144
f 116/141/172 19/112/135 110/115/138 401/139/170
f 25/142/173 122/143/174 404/136/166 121/135/165
f 108/131/160 399/114/137 111/113/136 21/131/175
f 101/119/143 395/99/122 97/45/49 11/6/158
f 125/144/176 406/145/177 407/146/178 124/147/179
f 26/148/180 123/149/181 404/136/166 122/143/174
f 115/150/182 116/141/172 401/139/170 400/128/154
f 402/151/183 117/152/184 17/51/61 118/153/185
f 154/154/186 153/155/187 421/156/188 420/157/189
f 20/65/190 115/150/182 400/128/154 114/65/153
f 118/153/185 119/158/191 403/159/192 402/151/183
f 116/141/172 115/150/182 402/151/183 403/159/192
f 112/140/171 401/139/170 110/115/138 18/137/168
f 132/39/43 408/160/193 131/40/194 24/40/44
f 152/161/195 153/155/187 417/162/196 418/163/197
f 119/158/191 21/131/175 111/113/136 403/159/192
f 404/136/166 123/149/181 28/1/1 120/4/4
f 19/112/135 116/141/172 403/159/192 111/113/136
f 117/152/184 402/151/183 115/150/182 20/65/190
f 410/164/198 130/165/199 129/166/200 409/167/201
f 132/39/43 133/9/9 409/167/201 408/160/193
f 26/148/180 130/165/199 410/164/198 123/149/181
f 33/21/202 143/168/203 415/169/204 138/170/205
f 126/171/206 405/172/207 406/145/177 125/144/176
f 406/145/177 129/166/200 130/165/199 407/146/178
f 409/167/201 129/166/200 128/173/208 408/160/193
f 414/174/209 144/175/210 31/36/69 145/176/211
f 128/173/208 129/166/200 406/145/177 405/172/207
f 133/9/9 134/12/12 410/164/198 409/167/201
f 407/146/178 130/165/199 26/148/180 122/143/174
f 124/147/179 407/146/178 122/143/174 25/142/173
f 127/177/212 405/172/207 126/171/206 23/30/34
f 127/177/212 27/40/213 128/173/208 405/172/207
f 35/178/214 138/170/205 415/169/204 146/179/215
f 33/21/202 137/133/163 413/132/162 143/168/203
f 412/180/216 142/181/217 143/168/203 413/132/162
f 151/182/218 40/123/219 152/161/195 418/163/197
f 131/40/194 408/160/193 128/173/208 27/40/213
f 29/183/220 136/184/221 411/185/222 135/186/223
f 123/149/181 410/164/198 134/12/12 28/1/1
f 411/185/222 138/170/205 35/178/214 135/186/223
f 140/14/14 412/180/216 413/132/162 139/15/15
f 136/184/221 32/134/164 137/133/163 411/185/222
f 33/21/202 138/170/205 411/185/222 137/133/163
f 155/187/224 419/188/225 151/182/218 39/189/226
f 145/176/211 146/179/215 415/169/204 414/174/209
f 415/169/204 143/168/203 142/181/217 414/174/209
f 141/190/227 412/180/216 140/14/14 30/191/228
f 34/192/229 142/181/217 412/180/216 141/190/227
f 149/18/18 150/193/230 418/163/197 417/162/196
f 151/182/218 418/163/197 150/193/230 39/189/226
f 148/194/8 149/18/18 417/162/196 416/195/231
f 153/155/187 154/154/186 416/195/231 417/162/196
f 144/175/210 414/174/209 142/181/217 34/192/229
f 163/196/232 46/197/233 164/198/234 423/199/235
f 172/200/236 173/201/237 427/202/238 426/203/239
f 425/204/240 170/205/241 47/112/242 164/198/234
f 159/118/243 421/156/188 422/206/244 158/120/245
f 155/187/224 37/207/246 156/208/247 419/188/225
f 108/131/160 525/209/248 299/209/249 15/210/161
f 165/211/250 423/199/235 164/198/234 47/112/242
f 416/195/231 147/212/251 36/213/5 148/194/8
f 156/208/247 41/138/252 157/124/253 419/188/225
f 147/212/251 416/195/231 154/154/186 42/214/254
f 157/124/253 40/123/219 151/182/218 419/188/225
f 160/117/255 420/157/189 421/156/188 159/118/243
f 43/215/256 163/196/232 423/199/235 162/216/257
f 421/156/188 153/155/187 152/161/195 422/206/244
f 422/206/244 152/161/195 40/123/219 157/124/253
f 38/50/59 161/217/258 420/157/189 160/117/255
f 161/217/258 42/214/254 154/154/186 420/157/189
f 195/110/133 438/19/259 439/218/260 194/219/261
f 158/120/245 422/206/244 157/124/253 41/138/252
f 175/3/3 428/220/262 174/221/263 50/222/264
f 167/223/265 424/224/266 425/204/240 166/225/267
f 423/199/235 165/211/250 49/226/268 162/216/257
f 432/227/269 185/228/270 52/229/67 186/171/271
f 169/230/272 170/205/241 425/204/240 424/224/266
f 427/202/238 170/205/241 169/230/272 426/203/239
f 166/225/267 425/204/240 164/198/234 46/197/233
f 165/211/250 47/112/242 170/205/241 427/202/238
f 168/231/273 424/224/266 167/223/265 44/51/70
f 168/231/273 48/232/274 169/230/272 424/224/266
f 184/233/275 183/234/276 433/235/277 434/236/278
f 429/237/279 182/238/280 183/234/276 430/239/281
f 304/240/282 303/241/283 531/242/284 530/240/285
f 171/243/286 426/203/239 169/230/272 48/232/274
f 11/6/158 96/6/157 531/242/284 303/241/283
f 431/244/287 184/233/275 54/148/288 176/245/289
f 173/201/237 49/226/268 165/211/250 427/202/238
f 180/42/46 429/237/279 430/239/281 179/10/10
f 179/10/10 430/239/281 431/244/287 178/11/11
f 172/200/236 426/203/239 171/243/286 45/246/290
f 175/3/3 53/2/2 176/245/289 428/220/262
f 174/221/263 428/220/262 177/143/291 56/142/292
f 176/245/289 54/148/288 177/143/291 428/220/262
f 187/144/293 188/147/294 434/236/278 433/235/277
f 206/46/295 205/45/296 452/99/122 453/100/123
f 183/234/276 184/233/275 431/244/287 430/239/281
f 186/171/271 187/144/293 433/235/277 432/227/269
f 54/148/288 184/233/275 434/236/278 177/143/291
f 183/234/276 182/238/280 432/227/269 433/235/277
f 119/158/191 524/247/297 298/209/298 21/131/175
f 178/11/11 431/244/287 176/245/289 53/2/2
f 51/41/45 181/248/299 429/237/279 180/42/46
f 181/248/299 55/249/300 182/238/280 429/237/279
f 4/49/53 298/209/298 524/247/297 85/110/133
f 298/209/298 525/209/248 108/131/160 21/131/175
f 4/49/53 82/49/54 525/209/248 298/209/298
f 1/49/64 299/209/249 525/209/248 82/49/54
f 185/228/270 432/227/269 182/238/280 55/249/300
f 258/250/301 203/6/302 446/251/303 490/252/304
f 177/143/291 434/236/278 188/147/294 56/142/292
f 446/251/303 447/253/305 449/254/306 448/255/307
f 59/21/308 192/79/99 436/78/98 191/22/22
f 58/49/53 191/22/22 436/78/98 190/49/117
f 196/108/131 437/109/132 438/19/259 195/110/133
f 438/19/259 199/20/309 200/256/310 439/218/260
f 445/257/311 444/82/102 441/85/105 442/258/312
f 218/259/313 219/260/314 458/261/315 457/262/316
f 198/111/317 199/20/309 438/19/259 437/109/132
f 479/92/114 435/81/101 193/80/100 245/263/318
f 439/218/260 200/256/310 59/21/308 191/22/22
f 194/219/261 439/218/260 191/22/22 58/49/53
f 57/36/40 197/116/139 437/109/132 196/108/131
f 197/116/139 60/34/140 198/111/317 437/109/132
f 211/117/141 212/118/142 453/100/123 452/99/122
f 211/117/141 452/99/122 210/119/143 61/50/63
f 212/118/142 213/120/319 454/121/320 453/100/123
f 207/122/321 206/46/295 453/100/123 454/121/320
f 459/93/115 506/94/116 283/264/84 221/65/85
f 192/79/99 445/257/311 442/258/312 193/80/100
f 202/34/38 440/84/104 443/83/103 201/34/322
f 448/255/307 449/254/306 451/96/119 450/95/118
f 445/257/311 192/79/99 59/21/308 200/256/310
f 444/82/102 445/257/311 200/256/310 199/20/309
f 443/83/103 444/82/102 199/20/309 198/111/317
f 201/34/322 443/83/103 198/111/317 60/34/140
f 456/265/323 208/97/120 207/122/321 454/121/320
f 483/266/324 441/85/105 440/84/104 481/267/325
f 457/262/316 501/268/326 274/269/327 218/259/313
f 203/6/302 204/6/328 447/253/305 446/251/303
f 457/262/316 458/261/315 216/131/329 217/131/330
f 204/6/328 62/6/158 205/45/296 447/253/305
f 447/253/305 205/45/296 206/46/295 449/254/306
f 449/254/306 206/46/295 207/122/321 451/96/119
f 451/96/119 207/122/321 208/97/120
f 214/270/331 456/265/323 454/121/320 213/120/319
f 455/271/332 456/265/323 214/270/331 215/66/86
f 483/266/324 484/272/333 486/273/334 485/274/335
f 270/275/336 501/268/326 457/262/316 217/131/330
f 442/258/312 485/274/335 245/263/318 193/80/100
f 210/119/143 452/99/122 205/45/296 62/6/158
f 235/144/176 471/145/337 472/146/338 234/147/339
f 467/276/340 225/277/341 224/141/172 466/159/342
f 459/93/115 460/278/343 462/279/344 461/71/91
f 208/97/120 456/265/323 455/271/332 209/98/121
f 463/72/92 464/280/345 219/260/314 218/259/313
f 458/261/315 219/260/314 64/112/346 220/113/136
f 465/151/183 226/152/184 63/51/61 227/153/185
f 461/71/91 462/279/344 464/280/345 463/72/92
f 217/131/330 565/209/347 589/281/348 270/275/336
f 228/158/191 229/282/349 467/276/340 466/159/342
f 263/154/186 262/155/350 499/283/188 498/284/189
f 216/131/329 458/261/315 220/113/136 66/131/175
f 227/153/185 228/158/191 466/159/342 465/151/183
f 64/112/346 225/277/341 467/276/340 220/113/136
f 224/141/172 223/150/182 465/151/183 466/159/342
f 221/65/85 222/65/351 460/278/343 459/93/115
f 234/147/339 472/146/338 469/285/352 231/286/353
f 492/102/125 495/287/354 494/288/355 491/289/356
f 222/65/351 65/65/357 223/150/182 460/278/343
f 460/278/343 223/150/182 224/141/172 462/279/344
f 462/279/344 224/141/172 225/277/341 464/280/345
f 464/280/345 225/277/341 64/112/346 219/260/314
f 233/62/82 286/61/81 512/290/358 468/291/359
f 472/146/338 240/165/360 232/292/361 469/285/352
f 475/63/83 478/293/362 477/294/363 474/76/96
f 469/285/352 232/292/361 233/62/82 468/291/359
f 226/152/184 465/151/183 223/150/182 65/65/357
f 244/91/112 479/92/114 480/295/364 243/296/365
f 220/113/136 467/276/340 229/282/349 66/131/175
f 441/85/105 483/266/324 485/274/335 442/258/312
f 477/294/363 476/297/366 473/89/110 474/76/96
f 236/171/206 470/172/207 471/145/337 235/144/176
f 471/145/337 239/166/367 240/165/360 472/146/338
f 230/75/95 231/286/353 469/285/352 468/291/359
f 487/174/209 253/175/210 69/36/69 254/176/211
f 238/173/368 239/166/367 471/145/337 470/172/207
f 480/295/364 246/298/369 70/21/370 247/170/205
f 237/177/212 470/172/207 236/171/206 67/30/34
f 237/177/212 68/40/371 238/173/368 470/172/207
f 252/299/372 251/168/373 488/169/204 489/300/374
f 485/274/335 486/273/334 246/298/369 245/263/318
f 288/301/107 514/90/111 473/89/110 242/40/108
f 242/40/108 473/89/110 476/297/366 241/40/375
f 481/267/325 482/302/376 484/272/333 483/266/324
f 232/292/361 478/293/362 475/63/83 233/62/82
f 245/263/318 246/298/369 480/295/364 479/92/114
f 478/293/362 232/292/361 240/165/360
f 477/294/363 478/293/362 240/165/360 239/166/367
f 476/297/366 477/294/363 239/166/367 238/173/368
f 241/40/375 476/297/366 238/173/368 68/40/371
f 244/91/112 589/281/348 565/209/347 189/49/113
f 255/179/215 256/303/377 489/300/374 488/169/204
f 243/296/365 480/295/364 247/170/205 72/178/214
f 254/176/211 255/179/215 488/169/204 487/174/209
f 70/21/370 252/299/372 489/300/374 247/170/205
f 488/169/204 251/168/373 250/181/217 487/174/209
f 248/33/37 249/304/378 482/302/376 481/267/325
f 491/289/356 494/288/355 493/305/379 490/252/304
f 249/304/378 71/192/229 250/181/217 482/302/376
f 482/302/376 250/181/217 251/168/373 484/272/333
f 484/272/333 251/168/373 252/299/372 486/273/334
f 486/273/334 252/299/372 70/21/370 246/298/369
f 215/66/86 264/69/89 496/306/380 455/271/332
f 497/307/381 260/308/382 259/101/124 496/306/380
f 258/250/301 490/252/304 493/305/379 257/309/383
f 266/310/384 500/311/385 497/307/381 265/69/386
f 253/175/210 487/174/209 250/181/217 71/192/229
f 72/178/214 247/170/205 489/300/374 256/303/377
f 272/198/234 502/312/387 271/313/388 76/197/233
f 500/311/385 261/161/389 260/308/382 497/307/381
f 267/314/243 499/283/188 500/311/385 266/310/384
f 502/312/387 273/315/390 274/269/327 501/268/326
f 264/69/89 265/69/386 497/307/381 496/306/380
f 516/77/97 517/316/391 519/317/392 518/60/80
f 259/101/124 260/308/382 495/287/354 492/102/125
f 202/34/38 248/33/37 481/267/325 440/84/104
f 495/287/354 260/308/382 261/161/389
f 494/288/355 495/287/354 261/161/389 262/155/350
f 493/305/379 494/288/355 262/155/350 263/154/186
f 257/309/383 493/305/379 263/154/186 74/214/393
f 513/318/394 522/319/395 296/320/396 284/74/397
f 268/321/255 498/284/189 499/283/188 267/314/243
f 448/255/307 450/95/118 492/102/125 491/289/356
f 272/198/234 77/112/398 273/315/390 502/312/387
f 287/322/399 292/233/400 522/319/395 513/318/394
f 499/283/188 262/155/350 261/161/389 500/311/385
f 270/275/336 271/313/388 502/312/387 501/268/326
f 73/50/59 269/217/258 498/284/189 268/321/255
f 269/217/258 74/214/393 263/154/186 498/284/189
f 276/225/267 504/204/240 505/323/401 275/324/402
f 277/223/265 503/224/266 504/204/240 276/225/267
f 504/204/240 280/205/403 281/325/404 505/323/401
f 508/73/93 511/326/405 510/327/406 507/70/90
f 520/328/269 293/228/270 79/229/67 294/329/271
f 279/230/407 280/205/403 504/204/240 503/224/266
f 507/70/90 510/327/406 509/330/408 506/94/116
f 505/323/401 281/325/404 77/112/398 272/198/234
f 512/290/358 513/318/394 284/74/397 285/74/94
f 275/324/402 505/323/401 272/198/234 76/197/233
f 278/231/273 503/224/266 277/223/265 75/51/70
f 278/231/273 78/232/409 279/230/407 503/224/266
f 292/233/400 291/234/276 521/331/277 522/319/395
f 518/60/80 519/317/392 287/322/399 286/61/81
f 201/34/322 569/332/410 572/35/39 202/34/38
f 508/73/93 463/72/92 218/259/313 274/269/327
f 273/315/390 511/326/405 508/73/93 274/269/327
f 514/90/111 515/333/411 517/316/391 516/77/97
f 578/334/412 579/67/87 215/66/86 214/270/331
f 283/264/84 506/94/116 509/330/408 282/335/413
f 490/252/304 446/251/303 448/255/307 491/289/356
f 511/326/405 273/315/390 77/112/398 281/325/404
f 510/327/406 511/326/405 281/325/404 280/205/403
f 509/330/408 510/327/406 280/205/403 279/230/407
f 282/335/413 509/330/408 279/230/407 78/232/409
f 598/336/414 597/337/415 594/32/36 595/338/416
f 286/61/81 287/322/399 513/318/394 512/290/358
f 295/339/293 296/320/396 522/319/395 521/331/277
f 523/340/417 86/108/131 85/110/133 524/247/297
f 565/209/347 217/131/330 216/131/329 564/209/418
f 294/329/271 295/339/293 521/331/277 520/328/269
f 291/234/276 290/238/419 520/328/269 521/331/277
f 455/271/332 496/306/380 259/101/124 209/98/121
f 288/301/107 289/341/420 515/333/411 514/90/111
f 230/75/95 579/67/87 578/334/412 231/286/353
f 289/341/420 80/249/421 290/238/419 515/333/411
f 515/333/411 290/238/419 291/234/276 517/316/391
f 517/316/391 291/234/276 292/233/400 519/317/392
f 519/317/392 292/233/400 287/322/399
f 285/74/94 230/75/95 468/291/359 512/290/358
f 564/209/418 190/49/117 189/49/113 565/209/347
f 573/240/422 572/35/39 569/332/410 570/240/423
f 571/241/424 574/342/425 573/240/422 570/240/423
f 293/228/270 520/328/269 290/238/419 80/249/421
f 118/153/185 523/340/417 524/247/297 119/158/191
f 316/56/426 315/343/427 541/343/428 540/56/429
f 305/332/430 304/240/282 530/240/285 529/332/431
f 307/240/432 308/344/433 529/332/431 530/240/285
f 2/36/40 86/108/131 523/340/417 297/37/41
f 318/345/434 319/56/435 540/56/429 541/343/428
f 297/37/41 523/340/417 118/153/185 17/51/61
f 317/346/436 316/56/426 540/56/429 539/346/437
f 103/118/142 533/347/438 534/348/439 104/120/144
f 531/242/284 306/349/440 307/240/432 530/240/285
f 528/350/441 303/241/283 304/240/282 527/351/442
f 300/23/27 526/352/443 87/116/139 2/36/40
f 9/50/63 101/119/143 528/350/441 302/28/32
f 300/23/27 301/24/30 527/351/442 526/352/443
f 527/351/442 304/240/282 305/332/430 526/352/443
f 301/24/30 302/28/32 528/350/441 527/351/442
f 319/56/435 320/353/444 539/346/437 540/56/429
f 534/348/439 124/147/179 25/142/173 310/354/445
f 533/347/438 125/144/176 124/147/179 534/348/439
f 11/6/158 303/241/283 528/350/441 101/119/143
f 87/116/139 526/352/443 305/332/430 6/34/140
f 102/117/141 532/355/446 533/347/438 103/118/142
f 532/355/446 126/171/206 125/144/176 533/347/438
f 96/6/157 8/6/6 306/349/440 531/242/284
f 90/34/73 529/332/431 308/344/433 3/34/74
f 35/178/214 322/356/447 542/357/448 135/186/223
f 529/332/431 90/34/73 6/34/140 305/332/430
f 114/65/153 16/65/156 318/345/434 541/343/428
f 13/138/169 310/354/445 535/358/449 106/125/150
f 106/125/150 535/358/449 311/68/450 10/69/149
f 535/358/449 121/135/165 22/74/167 311/68/450
f 104/120/144 534/348/439 310/354/445 13/138/169
f 312/29/33 313/38/42 537/359/451 536/360/452
f 9/50/63 309/31/35 532/355/446 102/117/141
f 309/31/35 23/30/34 126/171/206 532/355/446
f 317/346/436 539/346/437 131/40/194 27/40/213
f 20/65/190 114/65/153 541/343/428 315/343/427
f 25/142/173 121/135/165 535/358/449 310/354/445
f 20/65/190 315/343/427 538/361/453 117/152/184
f 537/359/451 316/56/426 317/346/436 536/360/452
f 17/51/61 117/152/184 538/361/453 314/52/62
f 538/361/453 315/343/427 316/56/426 537/359/451
f 313/38/42 314/52/62 538/361/453 537/359/451
f 42/362/254 327/363/454 547/364/455 147/212/251
f 127/177/212 536/360/452 317/346/436 27/40/213
f 536/360/452 127/177/212 23/30/34 312/29/33
f 327/363/454 328/365/456 546/366/457 547/364/455
f 322/356/447 543/367/458 166/225/267 46/197/233
f 324/368/459 325/369/460 546/366/457 545/370/461
f 544/371/462 145/176/211 31/36/69 323/37/68
f 337/372/463 338/373/464 557/374/465 556/375/466
f 546/366/457 328/365/456 329/376/467 545/370/461
f 131/40/194 539/346/437 320/353/444 24/40/44
f 147/212/251 547/364/455 326/377/468 36/5/5
f 29/183/220 135/186/223 542/357/448 321/378/469
f 163/196/232 542/357/448 322/356/447 46/197/233
f 43/215/256 321/378/469 542/357/448 163/196/232
f 339/379/470 340/380/471 556/375/466 557/374/465
f 144/175/210 548/381/472 332/23/23 31/36/69
f 550/382/473 330/28/58 331/24/24 549/383/474
f 340/380/471 341/384/475 555/385/476 556/375/466
f 325/369/460 326/377/468 547/364/455 546/366/457
f 166/225/267 543/367/458 544/371/462 167/223/265
f 543/367/458 146/179/215 145/176/211 544/371/462
f 167/223/265 544/371/462 323/37/68 44/51/70
f 329/376/467 328/365/456 549/383/474 548/381/472
f 35/178/214 146/179/215 543/367/458 322/356/447
f 329/376/467 548/381/472 144/175/210 34/192/229
f 328/365/456 327/363/454 550/382/473 549/383/474
f 134/12/12 178/11/11 53/2/2 28/1/1
f 549/383/474 331/24/24 332/23/23 548/381/472
f 141/190/227 545/370/461 329/376/467 34/192/229
f 551/386/477 174/221/263 56/142/292 334/354/478
f 545/370/461 141/190/227 30/191/228 324/368/459
f 555/385/476 181/248/299 51/387/45 336/388/479
f 336/388/479 337/372/463 556/375/466 555/385/476
f 551/386/477 156/208/247 37/207/246 333/389/480
f 334/354/478 41/138/252 156/208/247 551/386/477
f 50/222/264 174/221/263 551/386/477 333/389/480
f 38/50/59 330/28/58 550/382/473 161/217/258
f 553/347/481 187/144/293 186/171/271 554/355/482
f 161/217/258 550/382/473 327/363/454 42/362/254
f 181/248/299 555/385/476 341/384/475 55/249/300
f 552/348/483 188/147/294 187/144/293 553/347/481
f 554/355/482 186/171/271 52/30/67 335/31/60
f 160/117/255 554/355/482 335/31/60 38/50/59
f 158/120/245 552/348/483 553/347/481 159/118/243
f 334/354/478 56/142/292 188/147/294 552/348/483
f 159/118/243 553/347/481 554/355/482 160/117/255
f 559/390/484 343/38/57 344/29/56 558/391/485
f 341/384/475 340/380/471 559/390/484 558/391/485
f 41/138/252 334/354/478 552/348/483 158/120/245
f 340/380/471 339/379/470 560/392/486 559/390/484
f 342/52/66 343/38/57 559/390/484 560/392/486
f 185/228/270 558/391/485 344/29/56 52/229/67
f 171/243/286 557/374/465 338/373/464 45/246/290
f 149/18/18 94/17/17 93/127/152 150/193/230
f 48/232/274 339/379/470 557/374/465 171/243/286
f 50/222/264 22/74/167 120/4/4 175/3/3
f 338/373/464 337/372/463 319/56/435 318/345/434
f 155/187/224 107/104/127 10/69/149 37/207/246
f 107/104/127 155/187/224 39/189/226 14/105/128
f 558/391/485 185/228/270 55/249/300 341/384/475
f 168/231/273 560/392/486 339/379/470 48/232/274
f 168/231/273 44/51/70 342/52/66 560/392/486
f 139/15/15 32/134/164 7/55/75 92/16/16
f 29/183/220 1/49/64 81/53/65 136/184/221
f 150/193/230 93/127/152 14/105/128 39/189/226
f 306/349/440 8/6/6 36/213/5 326/377/468
f 51/41/45 24/40/44 320/353/444 336/388/479
f 320/353/444 319/56/435 337/372/463 336/388/479
f 308/344/433 307/240/432 325/369/460 324/368/459
f 321/378/469 43/215/256 15/210/161 299/209/249
f 162/216/257 49/226/268 18/137/168 109/130/159
f 81/53/65 7/55/75 32/134/164 136/184/221
f 172/200/236 113/129/155 112/140/171 173/201/237
f 172/200/236 45/246/290 16/65/156 113/129/155
f 173/201/237 112/140/171 18/137/168 49/226/268
f 162/216/257 109/130/159 15/210/161 43/215/256
f 318/345/434 16/65/156 45/246/290 338/373/464
f 561/340/417 196/108/131 195/110/133 562/247/487
f 307/240/432 306/349/440 326/377/468 325/369/460
f 1/49/64 29/183/220 321/378/469 299/209/249
f 228/158/191 562/247/487 563/393/488 229/282/349
f 308/344/433 324/368/459 30/191/228 3/34/74
f 563/393/488 194/219/261 58/49/53 346/209/298
f 3/34/74 30/191/228 140/14/14 91/13/13
f 50/222/264 333/389/480 311/68/450 22/74/167
f 195/110/133 194/219/261 563/393/488 562/247/487
f 227/153/185 561/340/417 562/247/487 228/158/191
f 229/282/349 563/393/488 346/209/298 66/131/175
f 63/51/61 345/37/41 561/340/417 227/153/185
f 567/351/442 351/240/489 352/332/430 566/352/443
f 347/23/27 348/24/30 567/351/442 566/352/443
f 57/36/40 196/108/131 561/340/417 345/37/41
f 67/30/34 236/171/206 575/355/446 353/31/35
f 203/6/302 574/342/425 571/241/424 204/6/328
f 577/348/490 578/334/412 214/270/331 213/120/319
f 348/24/30 349/28/32 568/350/441 567/351/442
f 58/49/53 190/49/117 564/209/418 346/209/298
f 346/209/298 564/209/418 216/131/329 66/131/175
f 61/50/63 210/119/143 568/350/441 349/28/32
f 566/352/443 197/116/139 57/36/40 347/23/27
f 212/118/142 576/347/491 577/348/490 213/120/319
f 350/241/492 351/240/489 567/351/442 568/350/441
f 61/50/63 353/31/35 575/355/446 211/117/141
f 248/33/37 594/32/36 597/337/415 249/304/378
f 576/347/491 235/144/176 234/147/339 577/348/490
f 62/6/158 350/241/492 568/350/441 210/119/143
f 197/116/139 566/352/443 352/332/430 60/34/140
f 211/117/141 575/355/446 576/347/491 212/118/142
f 575/355/446 236/171/206 235/144/176 576/347/491
f 231/286/353 578/334/412 577/348/490 234/147/339
f 60/34/140 352/332/430 569/332/410 201/34/322
f 352/332/430 351/240/489 570/240/423 569/332/410
f 351/240/489 350/241/492 571/241/424 570/240/423
f 350/241/492 62/6/158 204/6/328 571/241/424
f 241/40/375 583/346/493 586/88/109 242/40/108
f 585/343/494 588/57/77 587/56/76 584/56/495
f 358/56/426 359/346/436 580/360/496 581/359/451
f 599/394/497 598/336/414 595/338/416 596/395/498
f 584/56/495 587/56/76 586/88/109 583/346/493
f 357/343/499 358/56/426 581/359/451 582/396/453
f 355/38/71 356/52/62 582/396/453 581/359/451
f 63/51/61 226/152/184 582/396/453 356/52/62
f 65/65/357 357/343/499 582/396/453 226/152/184
f 354/29/33 355/38/71 581/359/451 580/360/496
f 275/324/402 591/397/500 592/367/458 276/225/267
f 592/367/458 255/179/215 254/176/211 593/371/462
f 237/177/212 580/360/496 359/346/436 68/40/371
f 276/225/267 592/367/458 593/371/462 277/223/265
f 580/360/496 237/177/212 67/30/34 354/29/33
f 284/74/397 296/320/396 605/398/501 604/68/502
f 284/74/397 604/68/502 603/68/88 285/74/94
f 610/58/78 613/399/503 612/400/504 609/59/79
f 221/65/85 588/57/77 585/343/494 222/65/351
f 68/40/371 359/346/436 583/346/493 241/40/375
f 359/346/436 358/56/426 584/56/495 583/346/493
f 358/56/426 357/343/499 585/343/494 584/56/495
f 357/343/499 65/65/357 222/65/351 585/343/494
f 589/281/348 590/401/505 271/313/388 270/275/336
f 589/281/348 244/91/112 243/296/365 590/401/505
f 590/401/505 243/296/365 72/178/214 360/356/506
f 271/313/388 590/401/505 360/356/506 76/197/233
f 591/397/500 256/303/377 255/179/215 592/367/458
f 277/223/265 593/371/462 361/37/68 75/51/70
f 72/178/214 256/303/377 591/397/500 360/356/506
f 360/356/506 591/397/500 275/324/402 76/197/233
f 366/24/24 367/23/23 600/381/507 601/383/474
f 593/371/462 254/176/211 69/36/69 361/37/68
f 363/365/508 362/363/509 602/382/510 601/383/474
f 600/381/507 253/175/210 71/192/229 364/376/511
f 602/382/510 365/28/58 366/24/24 601/383/474
f 253/175/210 600/381/507 367/23/23 69/36/69
f 364/376/511 363/365/508 601/383/474 600/381/507
f 266/310/384 605/398/501 606/402/481 267/403/243
f 258/250/301 257/309/383 599/394/497 596/395/498
f 283/64/84 282/335/413 613/399/503 610/58/78
f 599/394/497 257/309/383 74/362/393 362/363/509
f 598/336/414 599/394/497 362/363/509 363/365/508
f 597/337/415 598/336/414 363/365/508 364/376/511
f 249/304/378 597/337/415 364/376/511 71/192/229
f 609/59/79 612/400/504 611/404/512 608/86/106
f 73/50/59 365/28/58 602/382/510 269/217/258
f 264/69/89 603/68/88 604/68/502 265/69/386
f 269/217/258 602/382/510 362/363/509 74/362/393
f 604/68/502 605/398/501 266/310/384 265/69/386
f 267/403/243 606/402/481 607/405/482 268/321/255
f 372/52/66 373/38/57 615/406/484 616/392/513
f 605/398/501 296/320/396 295/407/293 606/402/481
f 293/228/270 614/391/514 374/29/56 79/229/67
f 606/402/481 295/407/293 294/329/271 607/405/482
f 607/405/482 294/329/271 79/229/67 368/31/60
f 268/321/255 607/405/482 368/31/60 73/50/59
f 370/380/515 369/379/516 616/392/513 615/406/484
f 373/38/57 374/29/56 614/391/514 615/406/484
f 371/384/517 370/380/515 615/406/484 614/391/514
f 288/87/107 608/86/106 611/404/512 289/341/420
f 613/399/503 282/335/413 78/232/409 369/379/516
f 612/400/504 613/399/503 369/379/516 370/380/515
f 611/404/512 612/400/504 370/380/515 371/384/517
f 289/341/420 611/404/512 371/384/517 80/249/421
f 371/384/517 614/391/514 293/228/270 80/249/421
f 278/231/273 616/392/513 369/379/516 78/232/409
f 278/231/273 75/51/70 372/52/66 616/392/513
f 594/32/36 572/35/39 573/240/422 595/338/416
f 609/59/79 608/86/106 586/88/109 587/56/76
f 596/395/498 574/342/425 203/6/302 258/250/301
f 596/395/498 595/338/416 573/240/422 574/342/425
f 375/26/28 314/52/62 313/38/42 376/25/29
f 311/68/450 333/389/480 37/207/246 10/69/149
o H_Fence_Empty_Post
v -1.105784 0.022423 -0.117994
v -1.712804 0.018786 -0.108462
v -1.661576 0.013513 -0.126904
v -1.153374 0.013513 -0.126904
v -1.115397 0.018786 -0.121631
v -1.102146 0.018786 -0.108462
v -1.102146 0.039651 -0.121631
v -1.089006 3.120762 -0.126048
v -1.382624 0.011640 -0.128777
v -1.432327 0.011640 -0.128777
v -1.712804 0.018786 0.108462
v -1.661576 0.013513 0.126903
v -1.102146 0.018786 0.108462
v -1.115397 0.018786 0.121631
v -1.153374 0.013513 0.126903
v -1.382624 0.011640 0.128777
v -1.432326 0.011640 0.128777
v -1.271390 0.011654 -0.128763
v -1.543561 0.011654 -0.128763
v -1.271389 0.011654 0.128763
v -1.543561 0.011654 0.128763
v -1.095399 0.012039 0.025155
v -1.095399 0.012039 -0.025155
v -1.719551 0.012039 -0.025155
v -1.719551 0.012039 0.025155
v -1.543569 -0.011040 -0.025407
v -1.543569 -0.011040 0.025407
v -1.282318 3.543313 -0.025445
v -1.282318 3.543313 0.025445
v -1.271381 -0.011040 -0.025407
v -1.271381 -0.011040 0.025407
v -1.532632 3.543313 -0.025445
v -1.532632 3.543313 0.025445
v -1.720549 0.038486 -0.109604
v -1.661705 0.035490 -0.136562
v -1.661705 0.003855 -0.112725
v -1.153246 0.003855 -0.112725
v -1.114256 0.011041 -0.109604
v -1.153246 0.035490 -0.136562
v -1.114256 0.038533 -0.129376
v -1.094402 0.038486 -0.109604
v -1.732610 3.114615 -0.112471
v -1.694144 3.269466 -0.113412
v -1.681345 3.162949 -0.142991
v -1.082341 3.114615 -0.112471
v -1.133605 3.162949 -0.142991
v -1.099258 3.129290 -0.135063
v -1.120806 3.269465 -0.113412
v -1.092146 3.223443 -0.110827
v -1.382624 0.001529 -0.114118
v -1.432326 0.001529 -0.114118
v -1.432327 0.034849 -0.138888
v -1.382624 0.034849 -0.138888
v -1.430362 3.655940 -0.117060
v -1.384588 3.655940 -0.117060
v -1.381618 3.495783 -0.147477
v -1.433332 3.495783 -0.147477
v -1.720549 0.038486 0.109604
v -1.661705 0.003855 0.112725
v -1.661705 0.035490 0.136562
v -1.153246 0.003855 0.112725
v -1.114256 0.011041 0.109604
v -1.094402 0.038486 0.109604
v -1.153246 0.035490 0.136562
v -1.114256 0.038533 0.129376
v -1.732610 3.114615 0.112471
v -1.681345 3.162949 0.142991
v -1.694144 3.269465 0.113412
v -1.082341 3.114615 0.112471
v -1.120806 3.269466 0.113412
v -1.092146 3.223443 0.110827
v -1.133605 3.162949 0.142991
v -1.099258 3.129290 0.135063
v -1.382624 0.001529 0.114118
v -1.382624 0.034849 0.138888
v -1.432327 0.034849 0.138888
v -1.432326 0.001529 0.114118
v -1.430362 3.655940 0.117060
v -1.433332 3.495783 0.147477
v -1.381618 3.495783 0.147477
v -1.384588 3.655940 0.117060
v -1.271389 0.034507 -0.138870
v -1.271389 0.001547 -0.114107
v -1.554678 3.340116 -0.145423
v -1.553778 3.486788 -0.114451
v -1.543561 0.034507 -0.138870
v -1.543561 0.001547 -0.114107
v -1.260273 3.340116 -0.145423
v -1.261172 3.486788 -0.114451
v -1.271389 0.001547 0.114107
v -1.271389 0.034507 0.138870
v -1.553778 3.486788 0.114451
v -1.554678 3.340116 0.145423
v -1.543561 0.001547 0.114107
v -1.543561 0.034507 0.138870
v -1.261173 3.486788 0.114451
v -1.260272 3.340116 0.145423
v -1.422168 3.696267 -0.025733
v -1.422168 3.696268 0.025733
v -1.392782 3.696268 -0.025733
v -1.392782 3.696268 0.025733
v -1.075577 3.102271 0.025343
v -1.075577 3.102270 -0.025343
v -1.092048 3.231615 0.025325
v -1.092049 3.231615 -0.025325
v -1.124781 3.292449 0.025365
v -1.124781 3.292449 -0.025365
v -1.739373 3.102271 -0.025343
v -1.739373 3.102271 0.025343
v -1.690169 3.292449 -0.025365
v -1.690169 3.292449 0.025365
v -1.085382 0.034213 -0.025176
v -1.085382 0.034213 0.025176
v -1.110044 0.002021 -0.025176
v -1.110044 0.002021 0.025176
v -1.152202 -0.007628 -0.025288
v -1.152202 -0.007628 0.025288
v -1.432326 -0.011066 0.025408
v -1.432327 -0.011066 -0.025408
v -1.382624 -0.011066 0.025408
v -1.382624 -0.011066 -0.025408
v -1.729569 0.034213 0.025176
v -1.729569 0.034213 -0.025176
v -1.662748 -0.007628 0.025288
v -1.662748 -0.007628 -0.025288
v -0.770639 0.022423 -0.117994
v -0.774276 0.039651 -0.121631
v -0.774276 0.018786 -0.108462
v -0.723048 0.013513 -0.126904
v -0.761025 0.018786 -0.121631
v -0.214846 0.013513 -0.126904
v -0.176869 0.018786 -0.121631
v -0.163618 0.018786 -0.108462
v -0.787417 3.120762 -0.126048
v -0.444096 0.011640 -0.128777
v -0.493799 0.011640 -0.128777
v -0.774276 0.018786 0.108462
v -0.723048 0.013513 0.126903
v -0.761025 0.018786 0.121631
v -0.163618 0.018786 0.108462
v -0.176869 0.018786 0.121631
v -0.214846 0.013513 0.126903
v -0.444096 0.011640 0.128777
v -0.493798 0.011640 0.128777
v -0.332862 0.011654 -0.128763
v -0.605033 0.011654 -0.128763
v -0.332861 0.011654 0.128763
v -0.605033 0.011654 0.128763
v -0.156871 0.012039 0.025155
v -0.156871 0.012039 -0.025155
v -0.781023 0.012039 -0.025155
v -0.781023 0.012039 0.025155
v -0.605041 -0.011040 -0.025407
v -0.605041 -0.011040 0.025407
v -0.343790 3.543313 -0.025445
v -0.343790 3.543313 0.025445
v -0.332853 -0.011040 -0.025407
v -0.332853 -0.011040 0.025407
v -0.594104 3.543313 -0.025445
v -0.594104 3.543313 0.025445
v -0.782021 0.038486 -0.109604
v -0.723177 0.035490 -0.136562
v -0.762166 0.038533 -0.129376
v -0.723177 0.003855 -0.112725
v -0.762167 0.011041 -0.109604
v -0.214718 0.003855 -0.112725
v -0.175728 0.011041 -0.109604
v -0.214718 0.035490 -0.136562
v -0.175728 0.038533 -0.129376
v -0.155874 0.038486 -0.109604
v -0.794082 3.114615 -0.112471
v -0.755616 3.269466 -0.113412
v -0.784276 3.223443 -0.110827
v -0.742817 3.162949 -0.142991
v -0.777164 3.129290 -0.135063
v -0.143813 3.114615 -0.112471
v -0.195077 3.162949 -0.142991
v -0.160730 3.129290 -0.135063
v -0.182278 3.269465 -0.113412
v -0.153618 3.223443 -0.110827
v -0.444096 0.001529 -0.114118
v -0.493798 0.001529 -0.114118
v -0.493799 0.034849 -0.138888
v -0.444096 0.034849 -0.138888
v -0.491834 3.655940 -0.117060
v -0.446060 3.655940 -0.117060
v -0.443090 3.495783 -0.147477
v -0.494804 3.495783 -0.147477
v -0.782021 0.038486 0.109604
v -0.723177 0.003855 0.112725
v -0.762166 0.011041 0.109604
v -0.723177 0.035490 0.136562
v -0.762167 0.038533 0.129376
v -0.214718 0.003855 0.112725
v -0.175728 0.011041 0.109604
v -0.155874 0.038486 0.109604
v -0.214718 0.035490 0.136562
v -0.175728 0.038533 0.129376
v -0.794082 3.114615 0.112471
v -0.742817 3.162949 0.142991
v -0.777164 3.129290 0.135063
v -0.755616 3.269465 0.113412
v -0.784276 3.223443 0.110827
v -0.143813 3.114615 0.112471
v -0.182278 3.269466 0.113412
v -0.153618 3.223443 0.110827
v -0.195077 3.162949 0.142991
v -0.160730 3.129290 0.135063
v -0.444096 0.001529 0.114118
v -0.444096 0.034849 0.138888
v -0.493799 0.034849 0.138888
v -0.493798 0.001529 0.114118
v -0.491834 3.655940 0.117060
v -0.494804 3.495783 0.147477
v -0.443090 3.495783 0.147477
v -0.446060 3.655940 0.117060
v -0.332861 0.034507 -0.138870
v -0.332861 0.001547 -0.114107
v -0.616150 3.340116 -0.145423
v -0.615250 3.486788 -0.114451
v -0.605033 0.034507 -0.138870
v -0.605033 0.001547 -0.114107
v -0.321745 3.340116 -0.145423
v -0.322644 3.486788 -0.114451
v -0.332861 0.001547 0.114107
v -0.332861 0.034507 0.138870
v -0.615250 3.486788 0.114451
v -0.616150 3.340116 0.145423
v -0.605033 0.001547 0.114107
v -0.605033 0.034507 0.138870
v -0.322645 3.486788 0.114451
v -0.321744 3.340116 0.145423
v -0.483640 3.696267 -0.025733
v -0.483640 3.696268 0.025733
v -0.454254 3.696268 -0.025733
v -0.454254 3.696268 0.025733
v -0.137049 3.102271 0.025343
v -0.137049 3.102270 -0.025343
v -0.153520 3.231615 0.025325
v -0.153521 3.231615 -0.025325
v -0.186253 3.292449 0.025365
v -0.186253 3.292449 -0.025365
v -0.800845 3.102271 -0.025343
v -0.800845 3.102271 0.025343
v -0.784374 3.231615 -0.025325
v -0.784374 3.231616 0.025325
v -0.751641 3.292449 -0.025365
v -0.751641 3.292449 0.025365
v -0.146854 0.034213 -0.025176
v -0.146854 0.034213 0.025176
v -0.171516 0.002021 -0.025176
v -0.171516 0.002021 0.025176
v -0.213674 -0.007628 -0.025288
v -0.213674 -0.007628 0.025288
v -0.493798 -0.011066 0.025408
v -0.493799 -0.011066 -0.025408
v -0.444096 -0.011066 0.025408
v -0.444096 -0.011066 -0.025408
v -0.791041 0.034213 0.025176
v -0.791041 0.034213 -0.025176
v -0.766378 0.002021 0.025176
v -0.766378 0.002021 -0.025176
v -0.724220 -0.007628 0.025288
v -0.724220 -0.007628 -0.025288
v 0.771272 0.022423 -0.117994
v 0.164252 0.018786 -0.108462
v 0.215480 0.013513 -0.126904
v 0.723682 0.013513 -0.126904
v 0.761659 0.018786 -0.121631
v 0.774910 0.018786 -0.108462
v 0.774910 0.039651 -0.121631
v 0.788050 3.120762 -0.126048
v 0.494432 0.011640 -0.128777
v 0.444729 0.011640 -0.128777
v 0.164252 0.018786 0.108462
v 0.215480 0.013513 0.126903
v 0.774910 0.018786 0.108462
v 0.761659 0.018786 0.121631
v 0.723682 0.013513 0.126903
v 0.494432 0.011640 0.128777
v 0.444730 0.011640 0.128777
v 0.605666 0.011654 -0.128763
v 0.333495 0.011654 -0.128763
v 0.605667 0.011654 0.128763
v 0.333495 0.011654 0.128763
v 0.781657 0.012039 0.025155
v 0.781657 0.012039 -0.025155
v 0.157505 0.012039 -0.025155
v 0.157505 0.012039 0.025155
v 0.333487 -0.011040 -0.025407
v 0.333487 -0.011040 0.025407
v 0.594738 3.543313 -0.025445
v 0.594738 3.543313 0.025445
v 0.605675 -0.011040 -0.025407
v 0.605675 -0.011040 0.025407
v 0.344424 3.543313 -0.025445
v 0.344424 3.543313 0.025445
v 0.156507 0.038486 -0.109604
v 0.215351 0.035490 -0.136562
v 0.215351 0.003855 -0.112725
v 0.723810 0.003855 -0.112725
v 0.762800 0.011041 -0.109604
v 0.723810 0.035490 -0.136562
v 0.762800 0.038533 -0.129376
v 0.782654 0.038486 -0.109604
v 0.144446 3.114615 -0.112471
v 0.182912 3.269466 -0.113412
v 0.195711 3.162949 -0.142991
v 0.794715 3.114615 -0.112471
v 0.743451 3.162949 -0.142991
v 0.777798 3.129290 -0.135063
v 0.756250 3.269465 -0.113412
v 0.784910 3.223443 -0.110827
v 0.494432 0.001529 -0.114118
v 0.444730 0.001529 -0.114118
v 0.444729 0.034849 -0.138888
v 0.494432 0.034849 -0.138888
v 0.446694 3.655940 -0.117060
v 0.492468 3.655940 -0.117060
v 0.495438 3.495783 -0.147477
v 0.443724 3.495783 -0.147477
v 0.156507 0.038486 0.109604
v 0.215351 0.003855 0.112725
v 0.215351 0.035490 0.136562
v 0.723810 0.003855 0.112725
v 0.762800 0.011041 0.109604
v 0.782654 0.038486 0.109604
v 0.723810 0.035490 0.136562
v 0.762800 0.038533 0.129376
v 0.144446 3.114615 0.112471
v 0.195711 3.162949 0.142991
v 0.182912 3.269465 0.113412
v 0.794715 3.114615 0.112471
v 0.756250 3.269466 0.113412
v 0.784910 3.223443 0.110827
v 0.743451 3.162949 0.142991
v 0.777798 3.129290 0.135063
v 0.494432 0.001529 0.114118
v 0.494432 0.034849 0.138888
v 0.444729 0.034849 0.138888
v 0.444730 0.001529 0.114118
v 0.446694 3.655940 0.117060
v 0.443724 3.495783 0.147477
v 0.495438 3.495783 0.147477
v 0.492468 3.655940 0.117060
v 0.605667 0.034507 -0.138870
v 0.605667 0.001547 -0.114107
v 0.322378 3.340116 -0.145423
v 0.323278 3.486788 -0.114451
v 0.333495 0.034507 -0.138870
v 0.333495 0.001547 -0.114107
v 0.616783 3.340116 -0.145423
v 0.615884 3.486788 -0.114451
v 0.605667 0.001547 0.114107
v 0.605667 0.034507 0.138870
v 0.323278 3.486788 0.114451
v 0.322378 3.340116 0.145423
v 0.333495 0.001547 0.114107
v 0.333495 0.034507 0.138870
v 0.615883 3.486788 0.114451
v 0.616784 3.340116 0.145423
v 0.454888 3.696267 -0.025733
v 0.454888 3.696268 0.025733
v 0.484274 3.696268 -0.025733
v 0.484274 3.696268 0.025733
v 0.801479 3.102271 0.025343
v 0.801479 3.102270 -0.025343
v 0.785008 3.231615 0.025325
v 0.785007 3.231615 -0.025325
v 0.752275 3.292449 0.025365
v 0.752275 3.292449 -0.025365
v 0.137683 3.102271 -0.025343
v 0.137683 3.102271 0.025343
v 0.186887 3.292449 -0.025365
v 0.186887 3.292449 0.025365
v 0.791674 0.034213 -0.025176
v 0.791674 0.034213 0.025176
v 0.767012 0.002021 -0.025176
v 0.767012 0.002021 0.025176
v 0.724854 -0.007628 -0.025288
v 0.724854 -0.007628 0.025288
v 0.444730 -0.011066 0.025408
v 0.444729 -0.011066 -0.025408
v 0.494432 -0.011066 0.025408
v 0.494432 -0.011066 -0.025408
v 0.147487 0.034213 0.025176
v 0.147487 0.034213 -0.025176
v 0.214308 -0.007628 0.025288
v 0.214308 -0.007628 -0.025288
v 1.106417 0.022423 -0.117994
v 1.709800 0.022423 -0.117994
v 1.102780 0.039651 -0.121631
v 1.102780 0.018786 -0.108462
v 1.154008 0.013513 -0.126904
v 1.116031 0.018786 -0.121631
v 1.662210 0.013513 -0.126904
v 1.713438 0.018786 -0.108462
v 1.713438 0.039651 -0.121631
v 1.089639 3.120762 -0.126048
v 1.726578 3.120762 -0.126048
v 1.432960 0.011640 -0.128777
v 1.383257 0.011640 -0.128777
v 1.102780 0.018786 0.108462
v 1.154008 0.013513 0.126903
v 1.116031 0.018786 0.121631
v 1.713438 0.018786 0.108462
v 1.662210 0.013513 0.126903
v 1.432960 0.011640 0.128777
v 1.383258 0.011640 0.128777
v 1.544194 0.011654 -0.128763
v 1.272023 0.011654 -0.128763
v 1.544194 0.011654 0.128763
v 1.272023 0.011654 0.128763
v 1.720185 0.012039 0.025155
v 1.720184 0.012039 -0.025155
v 1.096033 0.012039 -0.025155
v 1.096033 0.012039 0.025155
v 1.272015 -0.011040 -0.025407
v 1.272015 -0.011040 0.025407
v 1.533266 3.543313 -0.025445
v 1.533266 3.543313 0.025445
v 1.544203 -0.011040 -0.025407
v 1.544203 -0.011040 0.025407
v 1.282952 3.543313 -0.025445
v 1.282952 3.543313 0.025445
v 1.095035 0.038486 -0.109604
v 1.153879 0.035490 -0.136562
v 1.114890 0.038533 -0.129376
v 1.153879 0.003855 -0.112725
v 1.114889 0.011041 -0.109604
v 1.662338 0.003855 -0.112725
v 1.662338 0.035490 -0.136562
v 1.721182 0.038486 -0.109604
v 1.082974 3.114615 -0.112471
v 1.121440 3.269466 -0.113412
v 1.092780 3.223443 -0.110827
v 1.134239 3.162949 -0.142991
v 1.099892 3.129290 -0.135063
v 1.127992 3.235078 -0.137249
v 1.096967 3.198310 -0.130599
v 1.733243 3.114615 -0.112471
v 1.681979 3.162949 -0.142991
v 1.688226 3.235078 -0.137249
v 1.694778 3.269465 -0.113412
v 1.432960 0.001529 -0.114118
v 1.383258 0.001529 -0.114118
v 1.383257 0.034849 -0.138888
v 1.432960 0.034849 -0.138888
v 1.385222 3.655940 -0.117060
v 1.430996 3.655940 -0.117060
v 1.433966 3.495783 -0.147477
v 1.433757 3.592061 -0.141829
v 1.382252 3.495783 -0.147477
v 1.382461 3.592061 -0.141829
v 1.095035 0.038486 0.109604
v 1.153879 0.003855 0.112725
v 1.114890 0.011041 0.109604
v 1.153879 0.035490 0.136562
v 1.114889 0.038533 0.129376
v 1.662338 0.003855 0.112725
v 1.721182 0.038486 0.109604
v 1.662338 0.035490 0.136562
v 1.082974 3.114615 0.112471
v 1.134239 3.162949 0.142991
v 1.099892 3.129290 0.135063
v 1.121440 3.269465 0.113412
v 1.092780 3.223443 0.110827
v 1.733243 3.114615 0.112471
v 1.694777 3.269466 0.113412
v 1.681979 3.162949 0.142991
v 1.432960 0.001529 0.114118
v 1.432960 0.034849 0.138888
v 1.383257 0.034849 0.138888
v 1.383258 0.001529 0.114118
v 1.385222 3.655940 0.117060
v 1.382252 3.495783 0.147477
v 1.433966 3.495783 0.147477
v 1.430996 3.655940 0.117060
v 1.544195 0.034507 -0.138870
v 1.544195 0.001547 -0.114107
v 1.260906 3.340116 -0.145423
v 1.258425 3.426953 -0.139214
v 1.261806 3.486788 -0.114451
v 1.272023 0.034507 -0.138870
v 1.272023 0.001547 -0.114107
v 1.555311 3.340116 -0.145423
v 1.557793 3.426953 -0.139214
v 1.554412 3.486788 -0.114451
v 1.544195 0.001547 0.114107
v 1.544195 0.034507 0.138870
v 1.261806 3.486788 0.114451
v 1.260906 3.340116 0.145423
v 1.272023 0.001547 0.114107
v 1.272023 0.034507 0.138870
v 1.554411 3.486788 0.114451
v 1.555312 3.340116 0.145423
v 1.393416 3.696267 -0.025733
v 1.393416 3.696268 0.025733
v 1.422802 3.696268 -0.025733
v 1.422802 3.696268 0.025733
v 1.740007 3.102271 0.025343
v 1.740007 3.102270 -0.025343
v 1.690802 3.292449 0.025365
v 1.690803 3.292449 -0.025365
v 1.076211 3.102271 -0.025343
v 1.076211 3.102271 0.025343
v 1.092682 3.231615 -0.025325
v 1.092682 3.231616 0.025325
v 1.125415 3.292449 -0.025365
v 1.125415 3.292449 0.025365
v 1.730202 0.034213 -0.025176
v 1.730202 0.034213 0.025176
v 1.663381 -0.007628 -0.025288
v 1.663381 -0.007628 0.025288
v 1.383258 -0.011066 0.025408
v 1.383257 -0.011066 -0.025408
v 1.432960 -0.011066 0.025408
v 1.432960 -0.011066 -0.025408
v 1.086015 0.034213 0.025176
v 1.086015 0.034213 -0.025176
v 1.110678 0.002021 0.025176
v 1.110678 0.002021 -0.025176
v 1.152836 -0.007628 0.025288
v 1.152836 -0.007628 -0.025288
vn -0.7528 0.4805 0.4498
vn -0.0743 0.0426 0.9963
vn -0.0397 0.0394 0.9984
vn -0.4036 0.6191 0.6736
vn -0.5073 0.8581 -0.0795
vn -0.8405 0.5412 -0.0262
vn -0.8405 0.5412 0.0262
vn -0.5073 0.8581 0.0795
vn -0.0024 -0.6379 -0.7701
vn -0.0027 -0.8940 -0.4481
vn -0.0909 -0.8940 -0.4387
vn -0.0905 -0.6364 -0.7660
vn -0.0739 0.0427 -0.9964
vn -0.1316 0.0381 -0.9906
vn -0.7766 0.5026 -0.3798
vn -0.7529 0.4805 -0.4499
vn 0.9442 0.0084 -0.3293
vn 0.9997 0.0249 -0.0084
vn 0.9674 -0.2524 -0.0195
vn 0.8886 -0.2078 -0.4089
vn -0.0397 0.0394 -0.9984
vn -0.4036 0.6191 -0.6736
vn -0.0000 -0.9997 -0.0262
vn -0.0000 -0.8939 -0.4482
vn 0.7662 -0.6423 0.0201
vn 0.7127 -0.5816 0.3922
vn 0.3977 -0.8238 0.4040
vn 0.4410 -0.8973 0.0202
vn -0.0907 -0.8939 0.4390
vn -0.0028 -0.8940 0.4481
vn -0.0024 -0.6379 0.7701
vn -0.0901 -0.6365 0.7660
vn -0.8597 0.5106 -0.0136
vn -0.8597 0.5106 0.0136
vn 0.9674 -0.2524 0.0195
vn 0.9674 -0.2524 -0.0196
vn 0.9997 0.0250 0.0083
vn -0.7766 0.5026 0.3798
vn -0.1316 0.0381 0.9906
vn -0.9205 0.3908 0.0010
vn -0.8729 0.4139 -0.2582
vn -0.9442 0.0084 -0.3293
vn -0.9997 0.0250 -0.0084
vn 0.7765 0.5027 -0.3799
vn 0.7528 0.4805 -0.4498
vn 0.8405 0.5411 -0.0261
vn 0.8596 0.5109 -0.0135
vn 0.0001 -0.6359 -0.7718
vn 0.8404 0.5413 0.0263
vn 0.5073 0.8581 0.0795
vn 0.4036 0.6191 0.6736
vn 0.7529 0.4805 0.4498
vn 0.0736 0.0429 0.9964
vn 0.1310 0.0381 0.9906
vn 0.7764 0.5027 0.3800
vn 0.7662 -0.6423 -0.0201
vn -0.1065 -0.9941 0.0226
vn -0.1065 -0.9941 -0.0227
vn -0.0034 -0.9997 -0.0261
vn -0.0034 -0.9997 0.0261
vn 0.0006 -0.2431 0.9700
vn -0.0004 -0.2432 0.9700
vn 0.0397 0.0394 0.9984
vn -0.0881 -0.2442 -0.9657
vn -0.0016 -0.2468 -0.9691
vn 0.6932 -0.1873 -0.6960
vn 0.7938 0.0074 -0.6081
vn 0.4025 -0.2076 -0.8916
vn 0.5165 0.0154 -0.8561
vn 0.0907 -0.8939 0.4390
vn 0.1065 -0.9941 0.0226
vn -0.7122 -0.5819 -0.3927
vn -0.1065 -0.9941 -0.0226
vn -0.7658 -0.6428 -0.0202
vn -0.8883 -0.2078 -0.4096
vn 0.8595 0.5109 0.0135
vn 0.0015 -0.2469 0.9690
vn 0.1311 0.0382 -0.9906
vn 0.0743 0.0426 -0.9963
vn 0.9205 0.3908 -0.0010
vn 0.8730 0.4139 0.2582
vn 0.9441 0.0084 0.3295
vn -0.8595 0.5109 -0.0135
vn -0.8595 0.5109 0.0135
vn -0.8404 0.5413 -0.0262
vn 0.0024 -0.6379 0.7701
vn 0.0901 -0.6365 0.7660
vn 0.0875 -0.2443 0.9658
vn 0.0027 -0.8940 0.4481
vn 0.0032 -0.9997 0.0262
vn 0.0906 -0.8939 0.4390
vn 0.7127 -0.5816 -0.3922
vn -0.9674 -0.2524 -0.0195
vn 0.0901 -0.6365 -0.7660
vn 0.3856 -0.5819 -0.7160
vn 0.3977 -0.8238 -0.4040
vn 0.0906 -0.8939 -0.4390
vn 0.0001 -0.6362 0.7715
vn -0.0016 -0.2468 0.9691
vn 0.5074 0.8580 -0.0795
vn 0.0397 0.0395 -0.9984
vn -0.0006 -0.2432 -0.9700
vn 0.0004 -0.2432 -0.9700
vn 0.1065 -0.9941 -0.0226
vn 0.4410 -0.8973 -0.0202
vn 0.0027 -0.8940 -0.4481
vn 0.0024 -0.6379 -0.7701
vn 0.6218 -0.4724 -0.6247
vn 0.0875 -0.2443 -0.9658
vn -0.9439 0.0084 0.3300
vn -0.9996 0.0253 0.0083
vn 0.5166 0.0154 0.8561
vn 0.0025 -0.8940 -0.4481
vn 0.0032 -0.9997 -0.0262
vn 0.9204 0.3909 0.0010
vn 0.8730 0.4138 -0.2582
vn 0.0034 -0.9997 -0.0261
vn 0.4036 0.6191 -0.6736
vn -0.0027 -0.8940 0.4481
vn -0.0001 -0.8939 0.4482
vn -0.0002 -0.6358 -0.7718
vn 0.0016 -0.2468 -0.9691
vn -0.9674 -0.2525 0.0195
vn -0.7658 -0.6428 0.0203
vn -0.7121 -0.5819 0.3928
vn -0.8882 -0.2080 0.4096
vn -0.0001 -0.6357 0.7719
vn -0.0000 -0.8939 0.4482
vn -0.7765 0.5027 0.3800
vn -0.1311 0.0382 0.9906
vn -0.7528 0.4805 0.4499
vn -0.0909 -0.8940 0.4388
vn -0.9996 0.0253 -0.0083
vn -0.9439 0.0086 -0.3301
vn 0.8729 0.4139 0.2582
vn 0.7765 0.5027 0.3799
vn -0.0881 -0.2442 0.9657
vn -0.0902 -0.6365 0.7660
vn 0.4026 -0.2076 0.8915
vn 0.3857 -0.5819 0.7160
vn 0.8886 -0.2078 0.4090
vn -0.8886 -0.2078 0.4090
vn -0.4026 -0.2076 0.8915
vn -0.5165 0.0154 0.8561
vn -0.9441 0.0084 0.3295
vn 0.0034 -0.9997 0.0261
vn 0.0001 -0.9997 0.0262
vn -0.0000 -0.9997 0.0262
vn 0.7528 0.4805 0.4499
vn 0.7764 0.5027 -0.3800
vn 0.7528 0.4805 -0.4499
vn 0.8403 0.5414 -0.0261
vn 0.8596 0.5108 -0.0135
vn 0.0013 -0.2466 -0.9691
vn 0.0025 -0.6379 -0.7701
vn -0.5071 0.8582 0.0795
vn 0.1310 0.0382 -0.9906
vn -0.1311 0.0382 -0.9906
vn -0.5165 0.0154 -0.8562
vn -0.7765 0.5027 -0.3799
vn 0.4035 0.6192 -0.6736
vn 0.0397 0.0394 -0.9984
vn -0.4025 -0.2076 -0.8916
vn -0.6932 -0.1873 -0.6960
vn -0.7938 0.0074 -0.6081
vn 0.1065 -0.9941 -0.0227
vn 0.8596 0.5108 0.0135
vn 0.8405 0.5412 0.0262
vn 0.0001 -0.6362 -0.7715
vn -0.0029 -0.8940 -0.4481
vn 0.8886 -0.2077 -0.4089
vn 0.3856 -0.5817 -0.7162
vn -0.0015 -0.2469 -0.9690
vn -0.0875 -0.2443 -0.9658
vn -0.0743 0.0426 -0.9963
vn 0.7768 0.5025 -0.3795
vn 0.9442 0.0085 -0.3293
vn 0.7936 0.0075 -0.6084
vn 0.2943 0.1736 -0.9398
vn -0.0906 -0.8939 -0.4390
vn -0.0901 -0.6365 -0.7660
vn -0.7528 0.4806 -0.4498
vn -0.5071 0.8582 -0.0795
vn -0.7662 -0.6423 -0.0201
vn -0.7127 -0.5816 -0.3922
vn -0.3978 -0.8238 -0.4040
vn -0.4410 -0.8973 -0.0202
vn -0.4410 -0.8973 0.0202
vn -0.3977 -0.8238 0.4040
vn 0.5166 0.0154 -0.8561
vn 0.9441 0.0084 -0.3295
vn -0.0035 -0.9997 -0.0261
vn -0.0035 -0.9997 0.0261
vn 0.0021 -0.6378 0.7702
vn -0.0001 -0.6354 0.7722
vn 0.0004 -0.2431 0.9700
vn 0.7662 -0.6423 -0.0202
vn 0.8595 0.5109 -0.0135
vn 0.8405 0.5412 -0.0262
vn 0.0003 -0.2427 -0.9701
vn -0.9674 -0.2524 -0.0197
vn -0.8886 -0.2078 -0.4089
vn -0.0397 0.0395 0.9984
vn 0.0004 -0.2432 0.9700
vn 0.7938 0.0073 -0.6081
vn 0.5071 0.8582 -0.0795
vn 0.5071 0.8582 0.0795
vn 0.4025 -0.2076 0.8916
vn 0.8886 -0.2078 0.4089
vn 0.0015 -0.2469 -0.9690
vn 0.8729 0.4139 -0.2582
vn -0.3856 -0.5819 -0.7160
vn -0.6218 -0.4724 -0.6247
vn -0.0004 -0.2432 -0.9700
vn -0.9440 0.0085 -0.3299
vn -0.1315 0.0381 -0.9906
vn 0.0035 -0.9997 -0.0261
vn 0.0028 -0.8940 -0.4481
vn -0.9997 0.0250 0.0084
vn -0.9205 0.3909 -0.0010
vn -0.0875 -0.2443 0.9658
vn -0.7123 -0.5818 -0.3926
vn -0.0909 -0.8940 -0.4388
vn -0.7659 -0.6427 -0.0202
vn 0.0029 -0.8940 0.4481
vn 0.0035 -0.9997 0.0261
vn -0.0735 0.0429 0.9964
vn 0.0006 -0.2432 0.9700
vn 0.0014 -0.2466 0.9691
vn -0.9674 -0.2524 0.0195
vn -0.7662 -0.6423 0.0202
vn -0.7127 -0.5816 0.3922
vn -0.0002 -0.6357 -0.7719
vn -0.8730 0.4139 0.2582
vn 0.7528 0.4806 0.4498
vn 0.5073 0.8581 0.0794
vn -0.3857 -0.5819 0.7160
vn -0.0006 -0.2432 0.9700
vn 0.8730 0.4139 0.2581
vn 0.1311 0.0381 0.9906
vn -0.0879 -0.2442 -0.9657
vn -0.0902 -0.6365 -0.7660
vn -0.0015 -0.2469 0.9690
vn 0.9996 0.0252 0.0082
vn 0.9674 -0.2525 0.0195
vn 0.7765 0.5027 -0.3800
vn 0.8730 0.4139 -0.2581
vn -0.8884 -0.2078 -0.4094
vn 0.9442 0.0084 -0.3294
vn -0.7528 0.4806 0.4498
vn -0.5073 0.8581 0.0794
vn 0.7529 0.4805 -0.4498
vn -0.9441 0.0083 0.3295
vn -0.9997 0.0251 0.0083
vn -0.9674 -0.2524 0.0196
vn -0.8597 0.5106 0.0135
vn -0.8405 0.5412 -0.0261
vn -0.7123 -0.5818 0.3926
vn -0.7659 -0.6427 0.0202
vn -0.0036 -0.9997 0.0261
vn 0.8597 0.5106 0.0135
vn 0.8597 0.5106 -0.0136
vn 0.8404 0.5413 0.0261
vn -0.8883 -0.2078 0.4095
vn -0.0879 -0.2442 0.9657
vn -0.1315 0.0381 0.9906
vn -0.9440 0.0084 0.3299
vn -0.9996 0.0252 -0.0083
vn -0.9674 -0.2524 0.0197
vn 0.9996 0.0253 0.0084
vn 0.9996 0.0253 -0.0084
vn 0.7528 0.4809 -0.4495
vn -0.9996 0.0253 0.0084
vn 0.0036 -0.9997 0.0261
vn -0.0742 0.0425 -0.9963
vn -0.0396 0.0393 -0.9984
vn -0.0002 -0.6356 0.7720
vn -0.2597 0.1625 -0.9519
vn -0.1280 0.1625 -0.9784
vn -0.5074 0.8580 -0.0794
vn -0.0001 -0.6362 -0.7715
vn 0.5074 0.8581 -0.0794
vn 0.9440 0.0085 0.3299
vn 0.7766 0.5026 0.3799
vn 0.1314 0.0381 0.9906
vn -0.7765 0.5027 0.3799
vn -0.8730 0.4139 0.2580
vn -0.0028 -0.8940 -0.4481
vn 0.6928 -0.1873 -0.6963
vn 0.0015 -0.2468 0.9691
vn 0.0902 -0.6365 0.7660
vn 0.0879 -0.2442 0.9657
vn 0.7124 -0.5820 -0.3920
vn 0.7659 -0.6427 -0.0203
vn -0.8730 0.4139 -0.2579
vn -0.5833 0.1115 -0.8045
vn -0.9205 0.3909 0.0010
vn -0.9997 0.0251 -0.0082
vn 0.0741 0.0425 -0.9963
vn 0.0397 0.0393 -0.9984
vn 0.1281 0.1627 -0.9783
vn 0.2594 0.1620 -0.9521
vn 0.0909 -0.8940 0.4388
vn 0.0028 -0.8940 0.4481
vn 0.0001 -0.8939 -0.4482
vn 0.0397 0.0395 0.9984
vn -0.1309 0.0380 -0.9907
vn -0.7530 0.4806 -0.4495
vn -0.4042 0.6191 -0.6733
vn 0.0876 -0.2442 -0.9658
vn 0.1310 0.0380 -0.9907
vn 0.0735 0.0429 0.9964
vn -0.8596 0.5109 0.0135
vn -0.8404 0.5413 0.0261
vn -0.8405 0.5411 -0.0261
vn -0.5164 0.0154 -0.8562
vn -0.2942 0.1737 -0.9398
vn -0.9674 -0.2524 -0.0196
vn -0.7662 -0.6423 -0.0202
vn 0.8883 -0.2080 0.4095
vn -0.3977 -0.8238 -0.4040
vn 0.6213 -0.4727 -0.6249
vn 0.0909 -0.8940 -0.4387
vn 0.7659 -0.6427 0.0203
vn 0.7123 -0.5818 0.3926
vn -0.7766 0.5028 -0.3797
vn -0.5073 0.8581 -0.0794
vn 0.4036 0.6192 -0.6736
vn -0.5074 0.8581 0.0794
vt 0.274776 0.996365
vt 0.275045 0.955400
vt 0.459957 0.952952
vt 0.463946 0.995537
vt 0.479919 0.999997
vt 0.323259 1.000000
vt 0.313227 0.999992
vt 0.477971 0.999931
vt 0.301327 0.000000
vt 0.112262 0.001429
vt 0.113023 0.003788
vt 0.273554 0.956445
vt 0.081562 0.960988
vt 0.046195 0.998580
vt 0.275987 1.000000
vt 0.993126 0.986561
vt 0.999967 0.975847
vt 0.994480 0.008826
vt 0.978382 0.011108
vt 0.459952 0.952974
vt 0.464235 0.995605
vt 0.463091 0.000001
vt 0.463160 0.002122
vt 0.536840 0.002122
vt 0.536909 0.000001
vt 0.975325 0.005142
vt 0.965930 0.007064
vt 0.946373 0.004544
vt 0.952497 0.002192
vt 0.116636 0.002462
vt 0.297415 0.002017
vt 0.297416 0.004739
vt 0.116824 0.005317
vt 0.068906 0.999962
vt 0.075804 0.999922
vt 0.989482 0.009917
vt 1.000000 0.975989
vt 0.065903 0.997039
vt 0.084991 0.960079
vt 0.022940 0.998854
vt 0.022786 0.996386
vt 0.006874 0.986552
vt 0.000785 0.975293
vt 0.953805 0.998580
vt 0.724013 1.000000
vt 0.676741 1.000000
vt 0.931192 1.000000
vt 0.463138 0.004734
vt 0.686773 0.999992
vt 0.522029 0.999931
vt 0.536054 0.995537
vt 0.725224 0.996365
vt 0.724955 0.955400
vt 0.915009 0.960079
vt 0.934101 0.997041
vt 0.982847 0.003574
vt 0.115065 0.000115
vt 0.112867 0.000040
vt 0.299182 0.000000
vt 0.297473 0.000004
vt 0.463012 0.011229
vt 0.536988 0.011229
vt 0.540043 0.952952
vt 0.114585 0.011122
vt 0.299237 0.009420
vt 0.966198 0.011814
vt 0.984268 0.983196
vt 0.946648 0.012109
vt 0.968607 0.974983
vt 0.984269 0.983196
vt 0.883364 0.002462
vt 0.884935 0.000115
vt 0.033800 0.007008
vt 0.017153 0.003574
vt 0.021618 0.011108
vt 0.924388 0.999997
vt 0.702585 0.011398
vt 0.918438 0.960988
vt 0.726446 0.956445
vt 0.980073 0.999975
vt 0.976501 0.996327
vt 0.991773 0.967780
vt 0.702584 0.004739
vt 0.883176 0.005317
vt 0.883364 0.012143
vt 0.702585 0.002017
vt 0.702527 0.000004
vt 0.966200 0.007008
vt 0.005521 0.009959
vt 0.886978 0.003788
vt 0.944717 0.006950
vt 0.946730 0.004464
vt 0.887738 0.001429
vt 0.463012 0.004784
vt 0.297415 0.011398
vt 0.520081 0.999997
vt 0.540048 0.952974
vt 0.536912 0.011194
vt 0.463088 0.011194
vt 0.887133 0.000040
vt 0.957571 0.001150
vt 0.698673 0.000000
vt 0.960178 0.008229
vt 0.885415 0.011122
vt 0.008260 0.967386
vt 0.001573 0.965867
vt 0.967111 0.964965
vt 0.700818 0.000000
vt 0.980000 1.000000
vt 0.977215 0.996387
vt 0.535765 0.995605
vt 0.463012 0.002159
vt 0.536862 0.004734
vt 0.700763 0.009420
vt 0.010519 0.012185
vt 0.024675 0.005142
vt 0.034070 0.007064
vt 0.022011 0.013479
vt 0.536988 0.004784
vt 0.536988 0.002159
vt 0.116636 0.012143
vt 0.946373 0.013337
vt 0.944579 0.007003
vt 0.977989 0.013429
vt 0.053627 0.013337
vt 0.032889 0.964965
vt 0.536985 0.000030
vt 0.463016 0.000030
vt 0.031393 0.974983
vt 0.053352 0.012109
vt 0.033802 0.011814
vt 0.015732 0.983196
vt 0.935564 0.986046
vt 0.053270 0.004464
vt 0.042430 0.001150
vt 0.047503 0.002192
vt 0.053627 0.004544
vt 0.055283 0.006950
vt 0.039822 0.008229
vt 0.025173 0.997930
vt 0.023593 0.996291
vt 0.055421 0.007003
vt 0.264621 0.984974
vt 0.459833 0.979629
vt 0.028267 0.988534
vt 0.540167 0.979629
vt 0.735379 0.984974
vt 0.064436 0.986046
s 1
usemtl WoodenFence(Material)
f 708/408/518 709/409/519 695/410/520 694/411/521
f 714/412/522 648/413/523 649/414/524 715/415/525
f 635/416/526 703/416/527 652/417/528 619/418/529
f 700/419/530 660/420/531 659/421/532 701/422/533
f 661/423/534 719/424/535 728/425/536 657/426/537
f 673/427/538 700/419/530 701/422/533 670/428/539
f 735/429/540 667/430/541 666/431/541 737/432/540
f 638/433/542 629/434/543 678/435/544 731/436/545
f 806/437/546 845/438/547 764/439/548 754/440/549
f 726/441/550 727/442/551 649/414/524 648/413/523
f 866/443/552 865/425/553 854/424/535 853/444/554
f 684/445/555 683/446/556 709/409/519 708/408/518
f 861/447/557 789/448/558 787/449/559 859/450/560
f 664/451/561 705/452/562 644/453/563 723/454/564
f 762/416/526 752/455/565 798/430/541 838/416/527
f 645/456/566 717/457/567 697/458/568 712/459/569
f 712/459/569 713/460/570 688/461/571 686/462/572
f 728/425/536 729/443/552 638/433/542 639/463/573
f 879/464/574 880/465/575 769/466/576 770/467/577
f 695/410/520 692/468/578 691/469/579 696/470/580
f 651/471/581 702/472/582 635/416/526 619/418/529
f 661/423/534 657/426/537 623/473/583 624/474/584
f 656/475/585 663/476/586 624/477/584 623/473/583
f 731/436/545 678/435/544 677/478/587 733/479/588
f 618/480/589 652/417/528 741/465/590 640/481/591
f 618/480/589 650/482/592 651/471/581 619/418/529
f 723/454/564 644/453/563 645/456/566 722/483/593
f 713/460/570 696/470/580 691/469/579 707/484/594
f 701/422/533 659/421/532 726/441/550 648/413/523
f 662/485/595 704/486/596 705/452/562 664/451/561
f 720/487/597 687/488/598 685/489/599 718/444/554
f 863/441/600 864/442/601 776/414/524 775/413/602
f 636/490/603 631/491/604 680/492/605 707/484/594
f 841/493/606 774/494/607 870/479/588 810/478/608
f 622/495/609 657/426/537 728/425/536 639/463/573
f 739/496/610 650/482/592 618/480/589 640/481/591
f 706/493/606 677/478/587 631/491/604 636/490/603
f 703/416/527 642/466/576 741/465/590 652/417/528
f 620/497/611 621/498/612 654/499/613 653/500/614
f 637/439/548 633/501/615 692/468/578 711/502/616
f 652/417/528 618/480/589 619/418/529
f 644/453/563 716/503/617 717/457/567 645/456/566
f 672/504/618 669/505/619 668/506/620 673/427/538
f 732/507/621 653/500/614 654/499/613 730/508/622
f 653/500/614 699/509/623 634/509/624 620/497/611
f 654/499/613 621/498/612 617/510/625 622/495/609
f 655/511/626 656/475/585 621/498/612 620/497/611
f 656/475/585 623/473/583 617/510/625 621/498/612
f 682/512/627 684/445/555 727/442/551 725/513/628
f 657/426/537 622/495/609 617/510/625 623/473/583
f 673/427/538 668/506/620 702/472/582 700/419/530
f 688/461/571 689/514/629 687/488/598 686/462/572
f 797/431/541 834/509/630 773/515/631 874/432/540
f 723/454/564 721/516/632 665/517/633 664/451/561
f 694/411/521 715/415/525 649/414/524 708/408/518
f 665/517/633 661/423/534 624/477/584 663/476/586
f 664/451/561 665/517/633 663/476/586 662/485/595
f 684/445/555 682/512/627 683/446/556
f 653/500/614 732/507/621 646/515/634 699/509/623
f 716/503/617 671/518/635 670/428/539 714/412/522
f 710/438/636 693/519/637 633/501/615 637/439/548
f 625/520/638 669/505/619 698/521/639 634/509/624
f 702/472/582 668/506/620 626/455/565 635/416/526
f 667/430/541 626/455/565 625/520/638 666/431/541
f 738/522/640 641/523/641 627/524/642 674/525/643
f 680/492/605 688/461/571 713/460/570 707/484/594
f 706/493/606 636/490/603 632/526/644 690/527/645
f 687/488/598 689/514/629 685/489/599
f 818/445/646 816/446/647 844/409/519 843/408/648
f 669/505/619 625/520/638 626/455/565 668/506/620
f 725/513/628 738/522/640 674/525/643 682/512/627
f 675/437/649 740/464/574 643/467/577 710/438/636
f 716/503/617 644/453/563 705/452/562 671/518/635
f 724/450/650 658/449/651 650/482/592 739/496/610
f 627/524/642 641/523/641 740/464/574 675/437/649
f 654/499/613 622/495/609 639/463/573 730/508/622
f 838/416/527 798/430/541 872/429/540 769/466/576
f 823/461/571 824/514/629 822/488/652 821/462/653
f 676/528/654 674/525/643 627/524/642 628/440/655
f 719/424/535 721/516/632 720/487/597 718/444/554
f 689/514/629 688/461/571 680/492/605 681/529/656
f 637/439/548 711/502/616 676/528/654 628/440/655
f 627/524/642 675/437/649 628/440/655
f 686/462/572 722/483/593 645/456/566 712/459/569
f 692/468/578 695/410/520 709/409/519 711/502/616
f 681/529/656 630/530/657 629/434/543 679/531/658
f 676/528/654 683/446/556 682/512/627 674/525/643
f 677/478/587 678/435/544 630/530/657 631/491/604
f 679/531/658 629/434/543 638/433/542 729/443/552
f 678/435/544 629/434/543 630/530/657
f 675/437/649 710/438/636 637/439/548 628/440/655
f 720/487/597 722/483/593 686/462/572 687/488/598
f 805/525/659 809/532/660 817/533/661 815/512/662
f 697/458/568 696/470/580 713/460/570 712/459/569
f 630/530/657 681/529/656 680/492/605 631/491/604
f 725/513/628 727/442/551 726/441/550 724/450/650
f 727/442/551 684/445/555 708/408/518 649/414/524
f 715/415/525 694/411/521 697/458/568 717/457/567
f 737/432/540 646/515/634 647/494/663 736/534/664
f 650/482/592 658/449/651 660/420/531 651/471/581
f 632/526/644 636/490/603 707/484/594 691/469/579
f 696/470/580 697/458/568 694/411/521 695/410/520
f 736/534/664 690/527/645 693/519/637 734/535/665
f 847/459/666 848/460/570 823/461/571 821/462/653
f 693/519/637 690/527/645 632/526/644 633/501/615
f 701/422/533 648/413/523 714/412/522 670/428/539
f 795/451/667 840/452/668 771/453/669 858/454/670
f 833/521/671 784/511/626 747/497/611 761/509/672
f 692/468/578 633/501/615 632/526/644 691/469/579
f 725/513/628 724/450/650 739/496/610 738/522/640
f 734/535/665 643/467/577 642/466/576 735/429/540
f 710/438/636 643/467/577 734/535/665 693/519/637
f 685/489/599 679/531/658 729/443/552 718/444/554
f 829/411/521 850/415/673 776/414/524 843/408/648
f 719/424/535 661/423/534 665/517/633 721/516/632
f 839/486/596 840/452/668 795/451/667 793/485/674
f 790/420/675 791/536/676 789/448/558 788/421/677
f 703/416/527 667/430/541 735/429/540 642/466/576
f 802/518/678 840/452/668 839/486/596 803/504/679
f 779/537/680 743/538/681 750/539/682 791/536/676
f 677/478/587 706/493/606 647/494/663 733/479/588
f 704/486/596 672/504/618 671/518/635 705/452/562
f 869/507/683 870/479/588 774/494/607 773/515/631
f 724/450/650 726/441/550 659/421/532 658/449/651
f 857/483/684 858/454/670 771/453/669 772/456/685
f 715/415/525 717/457/567 716/503/617 714/412/522
f 735/429/540 737/432/540 736/534/664 734/535/665
f 722/483/593 720/487/597 721/516/632 723/454/564
f 704/486/596 698/521/639 669/505/619 672/504/618
f 732/507/621 730/508/622 731/436/545 733/479/588
f 625/520/638 634/509/624 699/509/623 666/431/541
f 706/493/606 690/527/645 736/534/664 647/494/663
f 638/433/542 731/436/545 730/508/622 639/463/573
f 806/437/546 879/464/574 770/467/577 845/438/547
f 738/522/640 739/496/610 640/481/591 641/523/641
f 640/481/591 741/465/590 740/464/574 641/523/641
f 899/416/526 890/455/686 931/430/541 967/416/687
f 786/426/688 749/495/609 748/498/689 785/475/585
f 837/472/690 778/471/691 790/420/675 835/419/692
f 779/537/680 791/536/676 790/420/675 778/471/691
f 1060/451/693 1057/423/694 1016/474/695 1059/540/696
f 762/416/526 838/416/527 780/417/697 745/418/698
f 836/422/699 775/413/602 849/412/700 801/428/539
f 767/481/701 744/480/702 781/541/703 878/542/704
f 877/543/705 879/464/574 806/437/546 807/544/706
f 822/488/652 824/514/629 820/489/599
f 794/476/707 792/423/708 786/426/688 785/475/585
f 1004/464/574 1005/465/575 906/466/709 907/467/710
f 879/464/574 877/543/705 878/542/704 880/465/575
f 841/493/606 763/490/711 759/526/712 825/527/645
f 764/439/548 760/501/615 827/468/713 846/502/616
f 927/476/586 920/475/585 919/511/626 926/485/595
f 865/425/553 866/443/552 765/433/542 766/463/714
f 986/483/593 987/454/715 908/453/716 909/456/685
f 780/417/697 880/465/575 878/542/704 781/541/703
f 836/422/699 788/421/677 863/441/600 775/413/602
f 804/427/538 801/428/539 802/518/678 803/504/679
f 835/419/692 804/427/538 799/506/717 837/472/690
f 876/496/718 777/482/719 744/480/702 767/481/701
f 837/472/690 762/416/526 745/418/698 778/471/691
f 960/470/580 959/410/720 956/468/721 955/469/579
f 927/476/586 888/477/722 887/473/583 920/475/585
f 772/456/685 771/453/669 851/503/723 852/457/724
f 782/500/614 834/509/630 761/509/672 747/497/611
f 820/489/599 824/514/629 814/529/725 812/531/726
f 776/414/524 850/415/673 849/412/700 775/413/602
f 852/457/724 832/458/568 847/459/666 772/456/685
f 926/485/595 919/511/626 962/521/727 968/486/596
f 782/500/614 783/499/613 867/508/622 869/507/683
f 854/424/535 792/423/708 796/517/728 856/516/632
f 745/418/698 746/545/729 779/537/680 778/471/691
f 854/424/535 865/425/553 786/426/688 792/423/708
f 814/529/725 824/514/629 823/461/571 813/492/605
f 777/482/719 743/538/681 742/546/730 744/480/702
f 839/486/596 833/521/671 800/505/731 803/504/679
f 780/417/697 838/416/527 769/466/576 880/465/575
f 876/496/718 859/450/560 787/449/559 777/482/719
f 835/419/692 836/422/699 801/428/539 804/427/538
f 779/537/680 746/545/729 742/546/730 743/538/681
f 794/476/707 785/475/585 784/511/626 793/485/674
f 780/417/697 781/541/703 746/545/729 745/418/698
f 844/409/519 846/502/616 827/468/713 830/410/520
f 781/541/703 744/480/702 742/546/730 746/545/729
f 922/449/732 923/421/532 924/420/733
f 799/506/717 804/427/538 803/504/679 800/505/731
f 783/499/613 748/498/689 749/495/609
f 784/511/626 785/475/585 748/498/689 747/497/611
f 796/517/728 792/423/708 794/476/707
f 910/515/734 1001/432/540 930/431/541 963/509/735
f 872/429/540 798/430/541 797/431/541 874/432/540
f 860/513/736 862/547/737 861/447/557 859/450/560
f 795/451/667 858/454/670 856/516/632 796/517/728
f 787/449/559 789/448/558 791/536/676 750/539/682
f 835/419/692 790/420/675 788/421/677 836/422/699
f 856/516/632 855/487/597 853/444/554 854/424/535
f 799/506/717 752/455/565 762/416/526 837/472/690
f 855/487/597 822/488/652 820/489/599 853/444/554
f 764/439/548 846/502/616 808/528/738 754/440/549
f 960/470/580 961/458/568 958/411/521 959/410/720
f 882/480/739 916/417/740 1005/465/575 904/481/741
f 970/493/742 911/494/743 997/479/588 941/478/608
f 810/478/608 811/435/544 757/530/657 758/491/604
f 1108/409/744 1110/502/616 1089/468/745 1092/410/520
f 842/484/746 763/490/711 758/491/604 813/492/605
f 805/525/659 875/522/747 768/523/748 753/524/749
f 833/521/671 761/509/672 751/520/750 800/505/731
f 819/548/751 817/533/661 816/446/647 818/445/646
f 800/505/731 751/520/750 752/455/565 799/506/717
f 840/452/668 802/518/678 851/503/723 771/453/669
f 823/461/571 848/460/570 842/484/746 813/492/605
f 961/458/568 976/459/752 909/456/685 981/457/753
f 841/493/606 825/527/645 873/534/665 774/494/607
f 862/547/737 819/548/751 818/445/646 864/442/601
f 809/532/660 805/525/659 753/524/749 755/549/754
f 842/484/746 826/469/755 759/526/712 763/490/711
f 953/514/629 951/488/756 950/462/653 952/461/757
f 753/524/749 768/523/748 877/543/705 807/544/706
f 870/479/588 868/436/545 811/435/544 810/478/608
f 831/470/580 826/469/755 842/484/746 848/460/570
f 819/548/751 862/547/737 860/513/736 815/512/662
f 828/519/645 825/527/645 759/526/712 760/501/615
f 915/471/758 966/472/582 899/416/526 883/418/759
f 845/438/547 828/519/645 760/501/615 764/439/548
f 821/462/653 822/488/652 855/487/597 857/483/684
f 765/433/542 756/434/543 811/435/544 868/436/545
f 901/439/548 897/501/615 956/468/721 975/502/760
f 754/440/549 755/549/754 807/544/706 806/437/546
f 807/544/706 755/549/754 753/524/749
f 814/529/725 757/530/657 756/434/543 812/531/726
f 808/528/738 809/532/660 755/549/754 754/440/549
f 831/470/580 848/460/570 847/459/666 832/458/568
f 847/459/666 821/462/653 857/483/684 772/456/685
f 937/427/538 932/506/620 966/472/582 964/419/692
f 831/470/580 832/458/568 829/411/521 830/410/520
f 866/443/552 812/531/726 756/434/543 765/433/542
f 811/435/544 756/434/543 757/530/657
f 850/415/673 829/411/521 832/458/568 852/457/724
f 757/530/657 814/529/725 813/492/605 758/491/604
f 875/522/747 805/525/659 815/512/662 860/513/736
f 774/494/607 873/534/665 874/432/540 773/515/631
f 748/498/689 783/499/613 782/500/614 747/497/611
f 994/508/622 918/499/613 886/495/609 903/463/714
f 871/535/665 770/467/577 769/466/576 872/429/540
f 825/527/645 828/519/645 871/535/665 873/534/665
f 818/445/646 843/408/648 776/414/524 864/442/601
f 983/424/535 982/444/761 993/443/762 992/425/553
f 827/468/713 760/501/615 759/526/712 826/469/755
f 849/412/700 851/503/723 802/518/678 801/428/539
f 928/451/763 929/517/764 927/476/586 926/485/595
f 914/482/765 922/449/732 924/420/733 915/471/758
f 925/423/766 929/517/764 985/516/632 983/424/535
f 841/493/606 810/478/608 758/491/604 763/490/711
f 913/414/524 972/408/767 958/411/521 979/415/768
f 843/408/648 844/409/519 830/410/520 829/411/521
f 937/427/538 936/504/679 933/505/731 932/506/620
f 969/452/769 968/486/596 936/504/679 935/518/635
f 777/482/719 787/449/559 750/539/682 743/538/681
f 827/468/713 826/469/755 831/470/580 830/410/520
f 782/500/614 869/507/683 773/515/631 834/509/630
f 749/495/609 786/426/688 865/425/553 766/463/714
f 853/444/554 820/489/599 812/531/726 866/443/552
f 972/408/767 973/409/519 959/410/720 958/411/521
f 876/496/718 875/522/747 860/513/736 859/450/560
f 916/417/740 967/416/687 906/466/709 1005/465/575
f 850/415/673 852/457/724 851/503/723 849/412/700
f 924/420/733 964/419/692 966/472/582 915/471/758
f 967/416/687 931/430/541 999/429/540 906/466/709
f 1079/512/770 1122/513/771 1135/522/772 1071/525/659
f 834/509/630 797/431/541 751/520/750 761/509/672
f 817/533/661 809/532/660 808/528/738 816/446/647
f 872/429/540 874/432/540 873/534/665 871/535/665
f 864/442/601 863/441/600 861/447/557 862/547/737
f 856/516/632 858/454/670 857/483/684 855/487/597
f 868/436/545 870/479/588 869/507/683 867/508/622
f 845/438/547 770/467/577 871/535/665 828/519/645
f 765/433/542 868/436/545 867/508/622 766/463/714
f 798/430/541 752/455/565 751/520/750 797/431/541
f 875/522/747 876/496/718 767/481/701 768/523/748
f 767/481/701 878/542/704 877/543/705 768/523/748
f 982/444/761 949/489/599 943/531/658 993/443/762
f 990/441/550 991/442/773 913/414/524 912/413/774
f 964/419/692 965/422/699 934/428/539 937/427/538
f 891/524/775 905/523/776 1004/464/574 939/437/649
f 973/409/519 975/502/760 956/468/721 959/410/720
f 1139/464/574 1140/465/575 1034/466/709 1035/467/777
f 928/451/763 969/452/769 908/453/716 987/454/715
f 910/515/734 996/507/621 997/479/588 911/494/743
f 970/493/742 941/478/608 895/491/604 900/490/603
f 1119/483/778 1120/454/779 1036/453/716 1037/456/780
f 938/525/781 940/528/782 947/446/783 946/512/784
f 986/483/593 984/487/597 985/516/632 987/454/715
f 1003/496/718 914/482/765 882/480/739 904/481/741
f 924/420/733 923/421/532 965/422/699 964/419/692
f 988/450/785 922/449/732 914/482/765 1003/496/718
f 1002/522/786 905/523/776 891/524/775 938/525/781
f 1117/444/787 1128/443/552 1127/425/553 1118/424/788
f 943/531/658 949/489/599 953/514/629 945/529/656
f 974/438/636 901/439/548 892/440/549 939/437/649
f 994/508/622 996/507/621 917/500/614 918/499/613
f 1036/453/716 1120/454/779 1060/451/693 1104/452/789
f 952/461/757 944/492/605 945/529/656 953/514/629
f 913/414/524 991/442/773 948/445/555 972/408/767
f 882/480/739 914/482/765 915/471/758 883/418/759
f 983/424/535 992/425/553 921/426/537 925/423/766
f 972/408/767 948/445/555 947/446/783 973/409/519
f 883/418/759 899/416/526 967/416/687 916/417/740
f 884/497/611 885/498/612 918/499/613 917/500/614
f 882/480/739 883/418/759 916/417/740
f 886/495/609 921/426/537 992/425/553 903/463/714
f 962/521/727 919/511/626 884/497/611 898/509/624
f 968/486/596 962/521/727 933/505/731 936/504/679
f 938/525/781 946/512/784 989/513/790 1002/522/786
f 917/500/614 963/509/735 898/509/624 884/497/611
f 918/499/613 885/498/612 881/510/625 886/495/609
f 919/511/626 920/475/585 885/498/612 884/497/611
f 920/475/585 887/473/583 881/510/625 885/498/612
f 921/426/537 886/495/609 881/510/625 887/473/583
f 921/426/537 887/473/583 888/474/722 925/423/766
f 1129/507/621 1130/479/588 1039/494/791 1038/515/734
f 984/487/597 951/488/756 949/489/599 982/444/761
f 1100/472/582 1097/419/792 1069/427/793 1063/506/620
f 970/493/742 900/490/603 896/526/794 954/527/645
f 989/513/790 991/442/773 990/441/550 988/450/785
f 985/516/632 929/517/764 928/451/763 987/454/715
f 929/517/764 925/423/766 888/477/722 927/476/586
f 1098/550/795 1070/551/796 1069/427/793 1097/419/792
f 969/452/769 928/451/763 926/485/595 968/486/596
f 965/422/699 912/413/774 978/412/797 934/428/539
f 1001/432/540 999/429/540 931/430/541 930/431/541
f 889/520/798 933/505/731 962/521/727 898/509/624
f 966/472/582 932/506/620 890/455/686 899/416/526
f 931/430/541 890/455/686 889/520/798 930/431/541
f 970/493/742 954/527/645 1000/534/665 911/494/743
f 974/438/636 957/519/637 897/501/615 901/439/548
f 933/505/731 889/520/798 890/455/686 932/506/620
f 974/438/636 939/437/649 1004/464/574 907/467/710
f 969/452/769 935/518/635 980/503/799 908/453/716
f 955/469/579 971/484/594 977/460/570 960/470/580
f 980/503/799 935/518/635 934/428/539 978/412/797
f 951/488/756 953/514/629 949/489/599
f 946/512/784 947/446/783 948/445/555
f 909/456/685 976/459/752 950/462/653 986/483/593
f 946/512/784 948/445/555 991/442/773 989/513/790
f 1084/489/800 1085/462/801 1086/461/802
f 934/428/539 935/518/635 936/504/679 937/427/538
f 940/528/782 938/525/781 891/524/775 892/440/549
f 901/439/548 975/502/760 940/528/782 892/440/549
f 951/488/756 984/487/597 986/483/593 950/462/653
f 902/433/542 893/434/543 942/435/544 995/436/545
f 1082/445/803 1083/548/804 1081/533/661 1080/446/647
f 891/524/775 939/437/649 892/440/549
f 942/435/544 941/478/608 997/479/588 995/436/545
f 1027/416/526 1018/455/686 1062/430/541 1101/416/805
f 944/492/605 971/484/594 900/490/603 895/491/604
f 945/529/656 894/530/657 893/434/543 943/531/658
f 941/478/608 942/435/544 894/530/657 895/491/604
f 942/435/544 893/434/543 894/530/657
f 940/528/782 975/502/760 973/409/519 947/446/783
f 1049/426/537 1014/473/806 1016/474/695 1057/423/694
f 993/443/762 943/531/658 893/434/543 902/433/542
f 894/530/657 945/529/656 944/492/605 895/491/604
f 988/450/785 990/441/550 923/421/532 922/449/732
f 1002/522/786 989/513/790 988/450/785 1003/496/718
f 917/500/614 996/507/621 910/515/734 963/509/735
f 999/429/540 998/535/665 907/467/710 906/466/709
f 913/414/524 979/415/768 978/412/797 912/413/774
f 961/458/568 981/457/753 979/415/768 958/411/521
f 976/459/752 961/458/568 960/470/580 977/460/570
f 900/490/603 971/484/594 955/469/579 896/526/794
f 998/535/665 1000/534/665 954/527/645 957/519/637
f 982/444/761 983/424/535 985/516/632 984/487/597
f 1106/484/807 1028/490/603 1023/491/808 1078/492/809
f 718/444/554 729/443/552 728/425/536 719/424/535
f 957/519/637 954/527/645 896/526/794 897/501/615
f 1013/495/810 1049/426/537 1127/425/553 1031/463/811
f 965/422/699 923/421/532 990/441/550 912/413/774
f 956/468/721 897/501/615 896/526/794 955/469/579
f 974/438/636 907/467/710 998/535/665 957/519/637
f 1052/448/812 1056/552/813 1015/539/682 1050/449/559
f 1122/513/771 1124/547/737 1123/447/814 1121/450/815
f 910/515/734 911/494/743 1000/534/665 1001/432/540
f 971/484/594 944/492/605 952/461/757 977/460/570
f 909/456/685 908/453/716 980/503/799 981/457/753
f 977/460/570 952/461/757 950/462/653 976/459/752
f 1102/486/816 1067/504/817 1068/553/818 1103/554/819
f 979/415/768 981/457/753 980/503/799 978/412/797
f 1083/548/804 1079/512/770 1081/533/661
f 1057/423/694 1060/451/693 1120/454/779 1118/424/788
f 1076/478/820 1105/493/821 1039/494/791 1130/479/588
f 992/425/553 993/443/762 902/433/542 903/463/714
f 1026/509/672 1096/509/623 1061/431/822 1017/520/798
f 1109/438/636 1029/439/548 1020/440/549 1072/437/546
f 1093/470/823 1094/458/568 1091/411/521 1092/410/520
f 996/507/621 994/508/622 995/436/545 997/479/588
f 898/509/624 963/509/735 930/431/541 889/520/798
f 1053/420/824 1097/419/792 1100/472/582 1043/471/691
f 902/433/542 995/436/545 994/508/622 903/463/714
f 1111/459/569 1037/456/780 1116/457/753 1094/458/568
f 740/464/574 741/465/590 642/466/576 643/467/577
f 999/429/540 1001/432/540 1000/534/665 998/535/665
f 685/489/599 689/514/629 681/529/656 679/531/658
f 788/421/677 789/448/558 861/447/557 863/441/600
f 1101/416/805 1062/430/541 1132/429/540 1034/466/709
f 905/523/776 904/481/741 1005/465/575 1004/464/574
f 1002/522/786 1003/496/718 904/481/741 905/523/776
f 1098/550/795 1099/422/825 1065/428/826 1070/551/796
f 1014/473/806 1048/511/827 1058/485/828 1016/477/695
f 1093/470/823 1088/469/579 1106/484/807 1112/460/829
f 1125/441/600 1126/442/830 1041/414/831 1040/413/832
f 1044/537/680 1054/536/833 1053/420/824 1043/471/691
f 1097/419/792 1053/420/824 1055/555/834 1098/550/795
f 1105/493/821 1076/478/820 1023/491/808 1028/490/603
f 646/515/634 732/507/621 733/479/588 647/494/663
f 1111/459/569 1094/458/568 1093/470/823 1112/460/829
f 1058/485/828 1102/486/816 1103/554/819 1059/540/696
f 1136/496/835 1042/482/719 1009/480/702 1032/481/836
f 1096/509/623 1038/515/734 1134/432/540 1061/431/822
f 1107/408/767 1108/409/744 1092/410/520 1091/411/521
f 660/420/531 700/419/530 702/472/582 651/471/581
f 1061/431/822 1134/432/540 1132/429/540 1062/430/541
f 1077/531/837 1128/443/552 1117/444/787 1084/489/800
f 1009/480/702 1046/541/838 1138/542/704 1032/481/836
f 1007/510/839 1013/495/810 1047/500/840 1012/497/611
f 1138/542/704 1046/541/838 1045/417/697 1140/465/575
f 1076/478/820 1130/479/588 1030/433/841 1022/434/842
f 1048/511/827 1095/521/727 1102/486/816 1058/485/828
f 1102/486/816 1095/521/727 1064/505/731 1067/504/817
f 1121/450/815 1050/449/559 1042/482/719 1136/496/835
f 1117/444/787 1119/483/778 1085/462/801 1084/489/800
f 1010/418/698 1011/545/729 1044/537/680 1043/471/691
f 1051/421/843 1052/448/812 1123/447/814 1125/441/600
f 1082/445/803 1080/446/647 1108/409/744 1107/408/767
f 1042/482/719 1008/538/681 1006/546/730 1009/480/702
f 1013/495/810 1031/463/811 1129/507/621 1047/500/840
f 1027/416/526 1101/416/805 1045/417/697 1010/418/698
f 1044/537/680 1011/545/729 1006/546/730 1008/538/681
f 1054/536/833 1044/537/680 1008/538/681 1015/539/682
f 1045/417/697 1046/541/838 1011/545/729 1010/418/698
f 1046/541/838 1009/480/702 1006/546/730 1011/545/729
f 1034/466/709 1140/465/575 1045/417/697 1101/416/805
f 1047/500/840 1096/509/623 1026/509/672 1012/497/611
f 1014/473/806 1007/510/839 1012/497/611 1048/511/827
f 1079/512/770 1083/548/804 1124/547/737 1122/513/771
f 1095/521/727 1048/511/827 1012/497/611 1026/509/672
f 1049/426/537 1013/495/810 1007/510/839 1014/473/806
f 1079/512/770 1071/525/659 1075/532/660 1081/533/661
f 1055/555/834 1056/552/813 1052/448/812 1051/421/843
f 1116/457/753 1037/456/780 1036/453/716 1115/503/799
f 1113/412/844 1115/503/799 1066/518/845 1065/428/826
f 1053/420/824 1054/536/833 1056/552/813 1055/555/834
f 1069/427/793 1067/504/817 1064/505/731 1063/506/620
f 737/432/540 666/431/541 699/509/623 646/515/634
f 1054/536/833 1015/539/682 1056/552/813
f 1016/477/695 1058/485/828 1059/540/696
f 1103/554/819 1104/452/789 1060/451/693 1059/540/696
f 1070/551/796 1065/428/826 1066/518/845 1068/553/818
f 1096/509/623 1047/500/840 1129/507/621 1038/515/734
f 1029/439/548 1025/501/615 1089/468/745 1110/502/616
f 1041/414/831 1107/408/767 1091/411/521 1114/415/846
f 1026/509/672 1017/520/798 1064/505/731 1095/521/727
f 1100/472/582 1063/506/620 1018/455/686 1027/416/526
f 1062/430/541 1018/455/686 1017/520/798 1061/431/822
f 1071/525/659 1135/522/772 1033/523/748 1019/524/749
f 1126/442/830 1082/445/803 1107/408/767 1041/414/831
f 1099/422/825 1040/413/832 1113/412/844 1065/428/826
f 1073/544/706 1137/543/705 1139/464/574 1072/437/546
f 1087/527/645 1105/493/821 1028/490/603 1024/526/794
f 1064/505/731 1017/520/798 1018/455/686 1063/506/620
f 1075/532/660 1074/528/738 1080/446/647 1081/533/661
f 683/446/556 676/528/654 711/502/616 709/409/519
f 1078/492/809 1077/531/837 1084/489/800 1086/461/802
f 1109/438/636 1090/519/637 1025/501/615 1029/439/548
f 1115/503/799 1036/453/716 1104/452/789 1066/518/845
f 1033/523/748 1137/543/705 1073/544/706 1019/524/749
f 1069/427/793 1070/551/796 1068/553/818 1067/504/817
f 1125/441/600 1040/413/832 1099/422/825 1051/421/843
f 1103/554/819 1068/553/818 1066/518/845 1104/452/789
f 1075/532/660 1071/525/659 1019/524/749 1021/549/754
f 1029/439/548 1110/502/616 1074/528/738 1020/440/549
f 1022/434/842 1023/491/808 1076/478/820
f 1020/440/549 1021/549/754 1073/544/706 1072/437/546
f 1073/544/706 1021/549/754 1019/524/749
f 1074/528/738 1075/532/660 1021/549/754 1020/440/549
f 698/521/639 704/486/596 662/485/595 655/511/626
f 1078/492/809 1023/491/808 1022/434/842 1077/531/837
f 1128/443/552 1077/531/837 1022/434/842 1030/433/841
f 1083/548/804 1082/445/803 1126/442/830 1124/547/737
f 1121/450/815 1123/447/814 1052/448/812 1050/449/559
f 1109/438/636 1072/437/546 1139/464/574 1035/467/777
f 1034/466/709 1132/429/540 1131/535/665 1035/467/777
f 1085/462/801 1119/483/778 1037/456/780 1111/459/569
f 1116/457/753 1114/415/846 1091/411/521 1094/458/568
f 1133/534/665 1087/527/645 1090/519/637 1131/535/665
f 1024/526/794 1028/490/603 1106/484/807 1088/469/579
f 1118/424/788 1120/454/779 1119/483/778 1117/444/787
f 1090/519/637 1087/527/645 1024/526/794 1025/501/615
f 1098/550/795 1055/555/834 1051/421/843 1099/422/825
f 1093/470/823 1092/410/520 1089/468/745 1088/469/579
f 1089/468/745 1025/501/615 1024/526/794 1088/469/579
f 1109/438/636 1035/467/777 1131/535/665 1090/519/637
f 1043/471/691 1100/472/582 1027/416/526 1010/418/698
f 1127/425/553 1049/426/537 1057/423/694 1118/424/788
f 673/427/538 670/428/539 671/518/635 672/504/618
f 1038/515/734 1039/494/791 1133/534/665 1134/432/540
f 1080/446/647 1074/528/738 1110/502/616 1108/409/744
f 1042/482/719 1050/449/559 1015/539/682 1008/538/681
f 1135/522/772 1122/513/771 1121/450/815 1136/496/835
f 1041/414/831 1114/415/846 1113/412/844 1040/413/832
f 1112/460/829 1086/461/802 1085/462/801 1111/459/569
f 635/416/526 626/455/565 667/430/541 703/416/527
f 1078/492/809 1086/461/802 1112/460/829 1106/484/807
f 749/495/609 766/463/714 867/508/622 783/499/613
f 819/548/751 815/512/662 817/533/661
f 1114/415/846 1116/457/753 1115/503/799 1113/412/844
f 1127/425/553 1128/443/552 1030/433/841 1031/463/811
f 1138/542/704 1140/465/575 1139/464/574 1137/543/705
f 1124/547/737 1126/442/830 1125/441/600 1123/447/814
f 795/451/667 796/517/728 794/476/707 793/485/674
f 658/449/651 659/421/532 660/420/531
f 816/446/647 808/528/738 846/502/616 844/409/519
f 1132/429/540 1134/432/540 1133/534/665 1131/535/665
f 663/476/586 656/475/585 655/511/626 662/485/595
f 1030/433/841 1130/479/588 1129/507/621 1031/463/811
f 1133/534/665 1039/494/791 1105/493/821 1087/527/645
f 793/485/674 784/511/626 833/521/671 839/486/596
f 1135/522/772 1136/496/835 1032/481/836 1033/523/748
f 1032/481/836 1138/542/704 1137/543/705 1033/523/748
f 698/521/639 655/511/626 620/497/611 634/509/624
o H_Fence_Empty_Nails.001
v 0.459556 2.384086 0.291348
v 0.464828 2.386263 0.291348
v 0.470372 2.387601 0.291348
v 0.446666 2.373068 0.291348
v 0.450365 2.377409 0.291348
v 0.440170 2.346032 0.291348
v 0.439729 2.351718 0.291348
v 0.440170 2.357404 0.291348
v 0.450365 2.326027 0.291348
v 0.446666 2.330368 0.291348
v 0.470372 2.315835 0.291348
v 0.464828 2.317173 0.291348
v 0.459556 2.319349 0.291348
v 0.492548 2.319349 0.291348
v 0.487276 2.317173 0.291348
v 0.481732 2.315835 0.291348
v 0.505437 2.330368 0.291348
v 0.501738 2.326027 0.291348
v 0.511934 2.357404 0.291348
v 0.512374 2.351718 0.291348
v 0.511934 2.346032 0.291348
v 0.501738 2.377409 0.291348
v 0.505437 2.373068 0.291348
v 0.481732 2.387601 0.291348
v 0.487276 2.386263 0.291348
v 0.492548 2.384086 0.291348
v 0.461089 2.366684 0.256868
v 0.458934 2.364155 0.256868
v 0.466442 2.332862 0.256868
v 0.469513 2.331594 0.256868
v 0.472743 2.330815 0.256868
v 0.496954 2.348405 0.256868
v 0.497211 2.351718 0.256868
v 0.496954 2.355030 0.256868
v 0.472743 2.372621 0.256868
v 0.469513 2.371841 0.256868
v 0.466442 2.370574 0.256868
v 0.458934 2.339281 0.256868
v 0.461089 2.336752 0.256868
v 0.491015 2.336752 0.256868
v 0.493170 2.339281 0.256868
v 0.485661 2.370574 0.256868
v 0.482590 2.371841 0.256868
v 0.479361 2.372621 0.256868
v 0.455150 2.355030 0.256868
v 0.454893 2.351718 0.256868
v 0.455150 2.348405 0.256868
v 0.479361 2.330815 0.256868
v 0.482590 2.331594 0.256868
v 0.485661 2.332862 0.256868
v 0.493170 2.364155 0.256868
v 0.491015 2.366684 0.256868
v 0.476052 2.351718 0.351417
v 0.476052 2.391634 0.351417
v 0.466215 2.381993 0.351417
v 0.452589 2.384011 0.351417
v 0.450299 2.370429 0.351417
v 0.450299 2.333007 0.351417
v 0.452589 2.319425 0.351417
v 0.466215 2.321443 0.351417
v 0.476052 2.311801 0.351417
v 0.485889 2.321443 0.351417
v 0.499514 2.319425 0.351417
v 0.501805 2.333007 0.351417
v 0.501805 2.370429 0.351417
v 0.499514 2.384011 0.351417
v 0.485889 2.381993 0.351417
v 0.489239 2.377594 0.289489
v 0.487394 2.373974 0.284690
v 0.486405 2.372032 0.274600
v 0.485025 2.379333 0.289489
v 0.483769 2.375470 0.284690
v 0.483096 2.373398 0.274600
v 0.480593 2.380403 0.289489
v 0.479957 2.376390 0.284690
v 0.479617 2.374238 0.274600
v 0.432863 2.266972 0.332830
v 0.432593 2.266444 0.322166
v 0.433929 2.269065 0.311501
v 0.446665 2.261275 0.332830
v 0.446482 2.260711 0.322166
v 0.447391 2.263508 0.311501
v 0.461180 2.257771 0.332830
v 0.461087 2.257185 0.322166
v 0.461547 2.260092 0.311501
v 0.408800 2.418981 0.332830
v 0.408381 2.419400 0.322166
v 0.410461 2.417320 0.311501
v 0.399116 2.407615 0.332830
v 0.398636 2.407963 0.322166
v 0.401016 2.406234 0.311501
v 0.552987 2.407615 0.332830
v 0.553467 2.407963 0.322166
v 0.551087 2.406234 0.311501
v 0.543304 2.418981 0.332830
v 0.543723 2.419400 0.322166
v 0.541643 2.417320 0.311501
v 0.490923 2.257771 0.332830
v 0.491016 2.257185 0.322166
v 0.490556 2.260091 0.311501
v 0.505439 2.261275 0.332830
v 0.505622 2.260711 0.322166
v 0.504713 2.263508 0.311501
v 0.519241 2.266972 0.332830
v 0.519510 2.266444 0.322166
v 0.518174 2.269065 0.311501
v 0.382108 2.366605 0.332830
v 0.381522 2.366698 0.322166
v 0.384428 2.366238 0.311501
v 0.380954 2.351718 0.332830
v 0.380361 2.351718 0.322166
v 0.383303 2.351718 0.311501
v 0.382108 2.336831 0.332830
v 0.381522 2.336738 0.322166
v 0.384428 2.337198 0.311501
v 0.519241 2.436464 0.332830
v 0.519510 2.436992 0.322166
v 0.518174 2.434371 0.311501
v 0.505439 2.442161 0.332830
v 0.505622 2.442725 0.322166
v 0.504713 2.439927 0.311501
v 0.490923 2.445664 0.332830
v 0.491016 2.446250 0.322166
v 0.490556 2.443344 0.311501
v 0.543303 2.284455 0.332830
v 0.543723 2.284035 0.322166
v 0.541643 2.286116 0.311501
v 0.552987 2.295821 0.332830
v 0.553467 2.295472 0.322166
v 0.551087 2.297202 0.311501
v 0.399116 2.295821 0.332830
v 0.398637 2.295472 0.322166
v 0.401016 2.297201 0.311501
v 0.408800 2.284455 0.332830
v 0.408381 2.284035 0.322166
v 0.410461 2.286116 0.311501
v 0.461180 2.445664 0.332830
v 0.461087 2.446250 0.322166
v 0.461547 2.443344 0.311501
v 0.446665 2.442161 0.332830
v 0.446482 2.442725 0.322166
v 0.447391 2.439927 0.311501
v 0.432863 2.436464 0.332830
v 0.432593 2.436992 0.322166
v 0.433929 2.434371 0.311501
v 0.569996 2.336831 0.332830
v 0.570582 2.336738 0.322166
v 0.567676 2.337198 0.311501
v 0.571149 2.351718 0.332830
v 0.571742 2.351718 0.322166
v 0.568801 2.351718 0.311501
v 0.569996 2.366605 0.332830
v 0.570582 2.366698 0.322166
v 0.567676 2.366237 0.311501
v 0.454449 2.394107 0.292406
v 0.448312 2.406149 0.293937
v 0.442187 2.418168 0.297003
v 0.461353 2.396957 0.292406
v 0.457177 2.409809 0.293937
v 0.453009 2.422635 0.297003
v 0.468613 2.398709 0.292406
v 0.466500 2.412059 0.293937
v 0.464391 2.425382 0.297003
v 0.437569 2.379677 0.292406
v 0.426637 2.387620 0.293937
v 0.415726 2.395547 0.297003
v 0.442413 2.385362 0.292406
v 0.432857 2.394920 0.293937
v 0.423319 2.404459 0.297003
v 0.429062 2.344271 0.292406
v 0.415712 2.342156 0.293937
v 0.402389 2.340044 0.297003
v 0.428485 2.351718 0.292406
v 0.414971 2.351718 0.293937
v 0.401485 2.351718 0.297003
v 0.429062 2.359164 0.292406
v 0.415712 2.361280 0.293937
v 0.402389 2.363391 0.297003
v 0.442413 2.318074 0.292406
v 0.432857 2.308516 0.293937
v 0.423319 2.298976 0.297003
v 0.437569 2.323759 0.292406
v 0.426637 2.315816 0.293937
v 0.415726 2.307889 0.297003
v 0.468613 2.304727 0.292406
v 0.466500 2.291377 0.293937
v 0.464391 2.278054 0.297003
v 0.461353 2.306479 0.292406
v 0.457177 2.293627 0.293937
v 0.453009 2.280801 0.297003
v 0.454449 2.309329 0.292406
v 0.448312 2.297287 0.293937
v 0.442187 2.285268 0.297003
v 0.497654 2.309329 0.292406
v 0.503792 2.297287 0.293937
v 0.509917 2.285268 0.297003
v 0.490751 2.306479 0.292406
v 0.494927 2.293627 0.293937
v 0.499094 2.280801 0.297003
v 0.483490 2.304727 0.292406
v 0.485604 2.291377 0.293937
v 0.487713 2.278053 0.297003
v 0.514534 2.323759 0.292406
v 0.525467 2.315816 0.293937
v 0.536378 2.307889 0.297003
v 0.509690 2.318074 0.292406
v 0.519247 2.308515 0.293937
v 0.528785 2.298976 0.297003
v 0.523042 2.359164 0.292406
v 0.536391 2.361280 0.293937
v 0.549714 2.363391 0.297003
v 0.523619 2.351718 0.292406
v 0.537132 2.351718 0.293937
v 0.550619 2.351718 0.297003
v 0.523042 2.344271 0.292406
v 0.536391 2.342156 0.293937
v 0.549714 2.340044 0.297003
v 0.509690 2.385362 0.292406
v 0.519247 2.394920 0.293937
v 0.528784 2.404459 0.297003
v 0.514534 2.379677 0.292406
v 0.525467 2.387620 0.293937
v 0.536378 2.395547 0.297003
v 0.483490 2.398709 0.292406
v 0.485604 2.412059 0.293937
v 0.487713 2.425382 0.297003
v 0.490751 2.396957 0.292406
v 0.494927 2.409809 0.293937
v 0.499094 2.422635 0.297003
v 0.497654 2.394107 0.292406
v 0.503792 2.406149 0.293937
v 0.509917 2.418168 0.297003
v 0.496586 2.331180 0.289489
v 0.493714 2.334053 0.284690
v 0.492173 2.335594 0.274600
v 0.499543 2.334651 0.289489
v 0.496257 2.337038 0.284690
v 0.494494 2.338319 0.274600
v 0.452561 2.334651 0.289489
v 0.455847 2.337038 0.284690
v 0.457610 2.338319 0.274600
v 0.455517 2.331180 0.289489
v 0.458390 2.334053 0.284690
v 0.459931 2.335594 0.274600
v 0.499543 2.368785 0.289489
v 0.496257 2.366398 0.284690
v 0.494494 2.365117 0.274600
v 0.496586 2.372256 0.289489
v 0.493714 2.369383 0.284690
v 0.492173 2.367841 0.274600
v 0.480593 2.323033 0.289489
v 0.479957 2.327045 0.284690
v 0.479617 2.329198 0.274600
v 0.485025 2.324102 0.289489
v 0.483769 2.327965 0.284690
v 0.483096 2.330038 0.274600
v 0.489239 2.325842 0.289489
v 0.487394 2.329462 0.284690
v 0.486405 2.331403 0.274600
v 0.447367 2.356263 0.289489
v 0.451380 2.355628 0.284690
v 0.453533 2.355286 0.274600
v 0.447015 2.351718 0.289489
v 0.451077 2.351718 0.284690
v 0.453256 2.351718 0.274600
v 0.447367 2.347172 0.289489
v 0.451380 2.347808 0.284690
v 0.453533 2.348149 0.274600
v 0.471511 2.380403 0.289489
v 0.472146 2.376390 0.284690
v 0.472487 2.374238 0.274600
v 0.467079 2.379333 0.289489
v 0.468334 2.375470 0.284690
v 0.469007 2.373398 0.274600
v 0.462865 2.377594 0.289489
v 0.464709 2.373974 0.284690
v 0.465699 2.372032 0.274600
v 0.455518 2.372256 0.289489
v 0.458390 2.369383 0.284690
v 0.459931 2.367841 0.274600
v 0.452561 2.368785 0.289489
v 0.455847 2.366398 0.284690
v 0.457610 2.365117 0.274600
v 0.462865 2.325842 0.289489
v 0.464709 2.329462 0.284690
v 0.465699 2.331403 0.274600
v 0.467079 2.324102 0.289489
v 0.468334 2.327965 0.284690
v 0.469007 2.330038 0.274600
v 0.471511 2.323033 0.289489
v 0.472146 2.327045 0.284690
v 0.472487 2.329198 0.274600
v 0.504736 2.347172 0.289489
v 0.500723 2.347808 0.284690
v 0.498571 2.348149 0.274600
v 0.505088 2.351718 0.289489
v 0.501026 2.351718 0.284690
v 0.498847 2.351718 0.274600
v 0.504736 2.356264 0.289489
v 0.500723 2.355628 0.284690
v 0.498571 2.355287 0.274600
v 0.462712 2.436081 0.347304
v 0.449676 2.432895 0.347304
v 0.437256 2.427810 0.347304
v 0.415672 2.412128 0.347304
v 0.406998 2.401888 0.347304
v 0.391696 2.365101 0.347304
v 0.390697 2.351718 0.347304
v 0.391695 2.338335 0.347304
v 0.406998 2.301548 0.347304
v 0.415672 2.291307 0.347304
v 0.437256 2.275626 0.347304
v 0.449676 2.270541 0.347304
v 0.462712 2.267355 0.347304
v 0.489391 2.267355 0.347304
v 0.502428 2.270541 0.347304
v 0.514847 2.275626 0.347304
v 0.536431 2.291307 0.347304
v 0.545105 2.301548 0.347304
v 0.560408 2.338335 0.347304
v 0.561407 2.351718 0.347304
v 0.560408 2.365101 0.347304
v 0.545105 2.401888 0.347304
v 0.536431 2.412128 0.347304
v 0.514847 2.427810 0.347304
v 0.502428 2.432895 0.347304
v 0.489391 2.436081 0.347304
vn -0.0000 -0.0000 1.0000
vn 0.0842 -0.5114 0.8552
vn 0.1592 -0.4901 0.8570
vn 0.9824 0.1542 -0.1057
vn 0.8824 0.1387 -0.4495
vn 0.7228 0.5249 -0.4495
vn 0.8045 0.5844 -0.1058
vn 0.1564 0.3078 -0.9385
vn 0.4045 0.7965 -0.4494
vn 0.6326 0.6309 -0.4492
vn 0.2444 0.2438 -0.9385
vn 0.1569 0.9819 -0.1057
vn -0.1569 0.9819 -0.1058
vn -0.1539 0.9639 0.2173
vn 0.1540 0.9639 0.2171
vn 0.0842 0.5114 0.8552
vn -0.0842 0.5114 0.8552
vn -0.5124 0.0779 0.8552
vn -0.4169 0.3029 0.8570
vn -0.2325 0.4632 0.8552
vn -0.3687 0.3642 0.8552
vn -0.1592 -0.4901 0.8570
vn -0.0842 -0.5114 0.8552
vn -0.4169 -0.3029 0.8570
vn -0.3687 -0.3642 0.8552
vn -0.9824 -0.1542 -0.1058
vn -0.8825 -0.1387 -0.4495
vn -0.7228 -0.5249 -0.4494
vn -0.8045 -0.5845 -0.1057
vn -0.2325 -0.4632 0.8552
vn 0.1184 0.1181 -0.9859
vn 0.3677 0.3667 -0.8546
vn 0.2351 0.4630 -0.8546
vn 0.0757 0.1491 -0.9859
vn 0.4169 0.3029 0.8570
vn 0.3687 0.3642 0.8552
vn 0.2324 -0.4633 0.8552
vn 0.3688 -0.3642 0.8552
vn 0.1572 0.9838 -0.0864
vn -0.1572 0.9838 -0.0864
vn -0.1559 0.9760 -0.1523
vn 0.1560 0.9760 -0.1522
vn 0.6335 0.6318 -0.4467
vn 0.6998 0.6979 -0.1523
vn 0.4475 0.8812 -0.1523
vn 0.4050 0.7978 -0.4467
vn 0.1680 0.0264 -0.9854
vn 0.1023 0.0160 -0.9946
vn 0.0838 0.0609 -0.9946
vn 0.1376 0.0999 -0.9854
vn 0.2324 0.4633 0.8552
vn -0.1412 0.8835 -0.4467
vn 0.1412 0.8835 -0.4467
vn -0.8045 0.5845 -0.1058
vn -0.9824 0.1542 -0.1058
vn -0.9643 0.1516 0.2173
vn -0.7898 0.5736 0.2172
vn 0.2765 0.8510 -0.4465
vn 0.1605 0.4941 -0.8545
vn 0.3054 0.9400 -0.1522
vn 0.0820 0.5128 -0.8546
vn -0.0820 0.5128 -0.8546
vn -0.0264 0.1651 -0.9859
vn 0.0264 0.1651 -0.9859
vn -0.7041 -0.7022 -0.1058
vn -0.6324 -0.6308 -0.4495
vn -0.4045 -0.7964 -0.4495
vn -0.4502 -0.8866 -0.1058
vn -0.6912 -0.6893 0.2171
vn -0.4415 -0.8706 0.2172
vn 0.4502 0.8866 -0.1058
vn 0.7041 0.7022 -0.1058
vn 0.4511 0.8883 -0.0864
vn 0.3079 0.9475 -0.0863
vn -0.4420 0.8703 0.2173
vn -0.4502 0.8866 -0.1058
vn -0.7041 0.7022 -0.1058
vn -0.6912 0.6893 0.2171
vn -0.1408 -0.8821 -0.4496
vn 0.1409 -0.8821 -0.4495
vn 0.1569 -0.9819 -0.1057
vn -0.1569 -0.9819 -0.1058
vn -0.7228 0.5249 -0.4495
vn -0.8825 0.1387 -0.4495
vn 0.0517 0.1591 -0.9859
vn -0.3073 -0.9457 -0.1058
vn -0.3017 -0.9284 0.2171
vn -0.2760 -0.8496 -0.4494
vn -0.1540 -0.9639 0.2171
vn 0.0163 -0.1023 -0.9946
vn 0.0268 -0.1679 -0.9854
vn -0.0268 -0.1679 -0.9854
vn -0.0163 -0.1023 -0.9946
vn 0.4420 0.8704 0.2171
vn 0.6912 0.6893 0.2171
vn 0.4045 -0.7964 -0.4495
vn 0.6325 -0.6309 -0.4493
vn 0.7041 -0.7022 -0.1057
vn 0.4502 -0.8866 -0.1058
vn 0.7898 0.5736 0.2172
vn 0.1592 0.4901 0.8570
vn 0.3016 0.9284 0.2170
vn -0.2794 0.2028 -0.9385
vn -0.6326 0.6309 -0.4493
vn -0.2445 0.2438 -0.9385
vn -0.1592 0.4901 0.8570
vn -0.4045 0.7964 -0.4495
vn 0.9643 0.1515 0.2173
vn 0.5124 0.0779 0.8552
vn 0.4051 -0.7977 -0.4467
vn 0.4475 -0.8812 -0.1522
vn 0.6998 -0.6979 -0.1523
vn 0.6335 -0.6318 -0.4467
vn -0.0733 0.0731 -0.9946
vn -0.1204 0.1201 -0.9854
vn -0.0770 0.1516 -0.9854
vn -0.0469 0.0924 -0.9946
vn -0.1184 0.1181 -0.9859
vn -0.0757 0.1491 -0.9859
vn -0.0544 0.3409 -0.9385
vn 0.0544 0.3409 -0.9385
vn 0.0269 0.1679 -0.9854
vn -0.0269 0.1679 -0.9854
vn 0.6911 -0.6893 0.2173
vn 0.4420 -0.8703 0.2171
vn 0.1409 0.8821 -0.4495
vn -0.1408 0.8821 -0.4495
vn 0.1651 0.0259 -0.9859
vn 0.1353 0.0983 -0.9859
vn 0.0163 0.1023 -0.9946
vn -0.0163 0.1023 -0.9946
vn -0.1564 0.3078 -0.9385
vn 0.3017 -0.9284 0.2171
vn -0.2445 -0.2438 -0.9385
vn -0.2794 -0.2028 -0.9385
vn -0.1023 0.0161 -0.9946
vn -0.1680 0.0264 -0.9854
vn -0.1376 0.0999 -0.9854
vn -0.0838 0.0609 -0.9946
vn 0.1066 -0.3280 -0.9386
vn 0.2760 -0.8495 -0.4496
vn 0.0544 -0.3410 -0.9385
vn -0.9643 -0.1515 0.2173
vn -0.7898 -0.5736 0.2173
vn 0.7228 -0.5249 -0.4495
vn 0.8825 -0.1387 -0.4495
vn 0.9824 -0.1542 -0.1057
vn 0.8045 -0.5845 -0.1058
vn 0.1564 -0.3078 -0.9385
vn 0.1540 -0.9639 0.2171
vn 0.3073 -0.9457 -0.1057
vn 0.1651 -0.0259 -0.9859
vn 0.1023 -0.0160 -0.9946
vn 0.0838 -0.0609 -0.9946
vn 0.1353 -0.0983 -0.9859
vn 0.2760 0.8496 -0.4495
vn 0.1067 0.3284 -0.9385
vn -0.3453 -0.0000 -0.9385
vn -0.8932 -0.0000 -0.4496
vn -0.3411 0.0536 -0.9385
vn 0.9643 -0.1515 0.2173
vn 0.7898 -0.5736 0.2173
vn 0.0264 -0.1651 -0.9859
vn -0.0264 -0.1651 -0.9859
vn -0.9944 -0.0000 -0.1058
vn -0.9762 -0.0000 0.2170
vn -0.0757 -0.1490 -0.9859
vn -0.0469 -0.0924 -0.9946
vn -0.0733 -0.0731 -0.9946
vn -0.1184 -0.1180 -0.9859
vn -0.5153 -0.0000 0.8570
vn -0.5124 -0.0779 0.8552
vn -0.2760 0.8496 -0.4495
vn -0.1067 0.3284 -0.9385
vn 0.3073 0.9457 -0.1058
vn -0.1023 -0.0161 -0.9946
vn -0.1652 -0.0259 -0.9859
vn -0.1353 -0.0983 -0.9859
vn -0.0838 -0.0609 -0.9946
vn 0.2794 -0.2028 -0.9385
vn 0.2445 -0.2438 -0.9385
vn 0.0469 0.0923 -0.9946
vn 0.0733 0.0731 -0.9946
vn 0.4169 -0.3029 0.8570
vn -0.1067 -0.3284 -0.9385
vn -0.1563 -0.3078 -0.9385
vn -0.0770 -0.1516 -0.9854
vn -0.1204 -0.1201 -0.9854
vn -0.5130 -0.0806 -0.8546
vn -0.8839 -0.1388 -0.4467
vn -0.7239 -0.5259 -0.4465
vn -0.4203 -0.3053 -0.8545
vn -0.0819 -0.5128 -0.8546
vn -0.1412 -0.8835 -0.4467
vn 0.1412 -0.8835 -0.4467
vn 0.0819 -0.5128 -0.8546
vn -0.3411 -0.0536 -0.9385
vn -0.3016 0.9284 0.2171
vn -0.3073 0.9457 -0.1058
vn 0.5153 -0.0000 0.8570
vn 0.9762 -0.0000 0.2170
vn 0.5124 -0.0779 0.8552
vn 0.3453 -0.0000 -0.9385
vn 0.8933 -0.0000 -0.4496
vn 0.3411 -0.0536 -0.9385
vn -0.0544 -0.3409 -0.9385
vn 0.9944 -0.0000 -0.1057
vn 0.3411 0.0536 -0.9385
vn 0.0770 0.1516 -0.9854
vn 0.1204 0.1201 -0.9854
vn -0.0525 0.1617 -0.9854
vn -0.0320 0.0985 -0.9946
vn -0.1680 -0.0264 -0.9854
vn -0.1376 -0.0999 -0.9854
vn -0.1652 0.0259 -0.9859
vn -0.1353 0.0983 -0.9859
vn 0.0733 -0.0732 -0.9946
vn 0.1204 -0.1201 -0.9854
vn 0.0770 -0.1516 -0.9854
vn 0.0468 -0.0924 -0.9946
vn -0.0517 0.1591 -0.9859
vn -0.1700 -0.0000 -0.9854
vn -0.1036 -0.0000 -0.9946
vn -0.1672 -0.0000 -0.9859
vn 0.1680 -0.0264 -0.9854
vn 0.1376 -0.0999 -0.9854
vn 0.2794 0.2028 -0.9385
vn 0.4203 -0.3054 -0.8545
vn 0.5130 -0.0805 -0.8546
vn -0.0525 -0.1617 -0.9854
vn -0.0320 -0.0985 -0.9946
vn 0.1184 -0.1181 -0.9859
vn 0.0757 -0.1490 -0.9859
vn 0.8060 -0.5855 -0.0863
vn 0.9842 -0.1545 -0.0864
vn 0.9764 -0.1532 -0.1522
vn 0.7996 -0.5809 -0.1522
vn -0.0517 -0.1591 -0.9859
vn 0.0525 -0.1617 -0.9854
vn 0.0320 -0.0985 -0.9946
vn 0.0517 -0.1591 -0.9859
vn 0.8839 -0.1387 -0.4467
vn 0.7239 -0.5259 -0.4465
vn 0.2351 -0.4630 -0.8546
vn 0.3677 -0.3667 -0.8546
vn -0.6999 -0.6978 -0.1523
vn -0.4475 -0.8812 -0.1523
vn -0.4051 -0.7977 -0.4466
vn -0.6336 -0.6317 -0.4467
vn 0.1700 -0.0000 -0.9854
vn 0.1036 -0.0000 -0.9946
vn 0.1673 -0.0000 -0.9859
vn -0.2351 -0.4630 -0.8546
vn -0.3677 -0.3667 -0.8546
vn -0.9764 -0.1533 -0.1523
vn -0.9842 -0.1545 -0.0864
vn -0.8060 -0.5855 -0.0863
vn -0.7996 -0.5809 -0.1522
vn 0.0525 0.1617 -0.9854
vn 0.0320 0.0985 -0.9946
vn -0.7055 -0.7035 -0.0864
vn -0.4511 -0.8883 -0.0864
vn 0.5130 0.0805 -0.8546
vn 0.8839 0.1387 -0.4467
vn 0.7239 0.5259 -0.4465
vn 0.4203 0.3053 -0.8545
vn 0.9764 0.1532 -0.1523
vn 0.7996 0.5809 -0.1523
vn 0.4511 -0.8883 -0.0864
vn 0.7054 -0.7035 -0.0863
vn -0.5130 0.0806 -0.8546
vn -0.4203 0.3053 -0.8545
vn 0.9842 0.1545 -0.0864
vn 0.8060 0.5855 -0.0863
vn -0.4051 0.7977 -0.4467
vn -0.6335 0.6318 -0.4467
vn -0.3677 0.3667 -0.8546
vn -0.2351 0.4630 -0.8546
vn -0.7239 0.5259 -0.4465
vn -0.8839 0.1388 -0.4467
vn -0.1559 -0.9760 -0.1523
vn 0.1559 -0.9760 -0.1523
vn -0.7996 0.5809 -0.1522
vn -0.9764 0.1533 -0.1523
vn -0.1572 -0.9838 -0.0863
vn 0.1572 -0.9838 -0.0863
vn 0.7054 0.7036 -0.0864
vn 0.2765 -0.8510 -0.4466
vn 0.1605 -0.4941 -0.8545
vn 0.3054 -0.9400 -0.1522
vn -0.8060 0.5856 -0.0863
vn -0.9842 0.1545 -0.0864
vn 0.3078 -0.9475 -0.0863
vn -0.8948 -0.0000 -0.4466
vn -0.5195 -0.0000 -0.8545
vn -0.9883 -0.0000 -0.1522
vn -0.4475 0.8812 -0.1523
vn -0.6998 0.6979 -0.1523
vn -0.4511 0.8883 -0.0864
vn -0.7054 0.7035 -0.0864
vn -0.9963 -0.0000 -0.0863
vn -0.2765 0.8510 -0.4465
vn -0.1605 0.4941 -0.8545
vn -0.3054 0.9400 -0.1522
vn -0.3079 0.9475 -0.0863
vn -0.2765 -0.8510 -0.4465
vn -0.1605 -0.4941 -0.8545
vn -0.3054 -0.9400 -0.1522
vn -0.3078 -0.9475 -0.0863
vn 0.8948 -0.0000 -0.4465
vn 0.5195 -0.0000 -0.8545
vn 0.9884 -0.0000 -0.1522
vn 0.9963 -0.0000 -0.0863
vt 0.500000 0.690515
vt 0.453051 0.644496
vt 0.500000 0.500000
vt 0.546949 0.644496
vt 0.388018 0.654130
vt 0.377085 0.589303
vt 0.500000 0.309485
vt 0.563667 0.097350
vt 0.625888 0.112556
vt 0.546949 0.355504
vt 0.960325 0.573211
vt 0.968031 0.575046
vt 0.881382 0.777090
vt 0.876454 0.773510
vt 0.388018 0.345870
vt 0.453051 0.355504
vt 0.377085 0.410697
vt 0.611982 0.345870
vt 0.622915 0.410697
vt 0.676213 0.843841
vt 0.716002 0.921933
vt 0.834534 0.835814
vt 0.772560 0.773841
vt 0.572620 0.960418
vt 0.427380 0.960418
vt 0.428871 0.949544
vt 0.571129 0.949544
vt 0.611982 0.654130
vt 0.546950 0.644496
vt 0.622915 0.589303
vt 0.563667 0.902650
vt 0.436333 0.902650
vt 0.097383 0.563874
vt 0.170420 0.739454
vt 0.314836 0.863173
vt 0.211821 0.788328
vt 0.374112 0.112556
vt 0.436333 0.097350
vt 0.170420 0.260546
vt 0.211821 0.211672
vt 0.039675 0.426789
vt 0.031969 0.424955
vt 0.118618 0.222910
vt 0.123546 0.226490
vt 0.314837 0.136827
vt 0.583572 0.584239
vt 0.582485 0.582799
vt 0.553257 0.604032
vt 0.554291 0.605513
vt 0.829580 0.739454
vt 0.788180 0.788328
vt 0.685164 0.136827
vt 0.788179 0.211672
vt 0.518025 0.613867
vt 0.481975 0.613867
vt 0.481974 0.613927
vt 0.518026 0.613927
vt 0.581827 0.581918
vt 0.581607 0.581593
vt 0.552381 0.602765
vt 0.552623 0.603115
vt 0.790432 0.546354
vt 0.702739 0.532377
vt 0.665496 0.620240
vt 0.737190 0.672329
vt 0.685163 0.863173
vt 0.481963 0.614353
vt 0.518037 0.614353
vt 0.123546 0.773510
vt 0.039675 0.573212
vt 0.050478 0.571269
vt 0.131930 0.767418
vt 0.535714 0.609916
vt 0.535918 0.610544
vt 0.535630 0.609657
vt 0.518062 0.615467
vt 0.481938 0.615467
vt 0.481903 0.617273
vt 0.518097 0.617273
vt 0.170622 0.170199
vt 0.165466 0.164185
vt 0.283998 0.078067
vt 0.288124 0.084829
vt 0.178220 0.178120
vt 0.293310 0.094503
vt 0.711876 0.915171
vt 0.829378 0.829801
vt 0.552347 0.602715
vt 0.535618 0.609621
vt 0.293310 0.905497
vt 0.288124 0.915171
vt 0.170622 0.829801
vt 0.178220 0.821880
vt 0.426743 0.031686
vt 0.573257 0.031686
vt 0.572620 0.039582
vt 0.427380 0.039582
vt 0.118618 0.777090
vt 0.031969 0.575046
vt 0.536194 0.611393
vt 0.356207 0.057452
vt 0.359410 0.067308
vt 0.354325 0.051658
vt 0.428871 0.050456
vt 0.531858 0.297179
vt 0.545664 0.209459
vt 0.454336 0.209459
vt 0.468143 0.297178
vt 0.706690 0.905497
vt 0.821780 0.821880
vt 0.716002 0.078067
vt 0.834534 0.164186
vt 0.829378 0.170199
vt 0.711876 0.084829
vt 0.868070 0.767418
vt 0.625888 0.887444
vt 0.640590 0.932692
vt 0.189527 0.725572
vt 0.165466 0.835815
vt 0.227440 0.773841
vt 0.374112 0.887444
vt 0.283998 0.921933
vt 0.949522 0.571269
vt 0.902617 0.563874
vt 0.554291 0.394589
vt 0.554265 0.394642
vt 0.583918 0.415510
vt 0.586341 0.413749
vt 0.355011 0.645361
vt 0.292282 0.708212
vt 0.366167 0.761893
vt 0.406558 0.682811
vt 0.416428 0.584239
vt 0.445709 0.605513
vt 0.440454 0.881749
vt 0.559546 0.881749
vt 0.545664 0.790541
vt 0.454336 0.790541
vt 0.821780 0.178120
vt 0.706690 0.094503
vt 0.573257 0.968314
vt 0.426743 0.968314
vt 0.617126 0.519028
vt 0.594757 0.568845
vt 0.531858 0.702822
vt 0.468143 0.702822
vt 0.323787 0.843841
vt 0.640590 0.067308
vt 0.227440 0.226159
vt 0.189527 0.274428
vt 0.284091 0.532750
vt 0.205990 0.546354
vt 0.262810 0.672329
vt 0.334504 0.620240
vt 0.618590 0.135017
vt 0.645675 0.051658
vt 0.559546 0.118251
vt 0.050478 0.428731
vt 0.131930 0.232582
vt 0.881382 0.222910
vt 0.968031 0.424955
vt 0.960325 0.426789
vt 0.876454 0.226490
vt 0.676229 0.156147
vt 0.571129 0.050456
vt 0.643793 0.057452
vt 0.617126 0.480972
vt 0.703007 0.467429
vt 0.680015 0.369211
vt 0.634392 0.402358
vt 0.645675 0.948342
vt 0.618590 0.864983
vt 0.115612 0.500000
vt 0.028585 0.500000
vt 0.118088 0.561336
vt 0.949522 0.428731
vt 0.868070 0.232582
vt 0.518097 0.382727
vt 0.481903 0.382727
vt 0.034677 0.500000
vt 0.045041 0.500000
vt 0.445709 0.394487
vt 0.406558 0.317189
vt 0.355011 0.354639
vt 0.416428 0.415761
vt 0.092617 0.500000
vt 0.097383 0.436126
vt 0.354325 0.948342
vt 0.381410 0.864983
vt 0.643793 0.942548
vt 0.284091 0.467251
vt 0.342898 0.477276
vt 0.405243 0.431155
vt 0.334504 0.379760
vt 0.810977 0.274062
vt 0.772922 0.225896
vt 0.593442 0.682812
vt 0.644989 0.645361
vt 0.829580 0.260546
vt 0.381410 0.135017
vt 0.323787 0.156159
vt 0.366167 0.238107
vt 0.292282 0.291788
vt 0.370035 0.480599
vt 0.379452 0.480972
vt 0.405723 0.431816
vt 0.405519 0.431535
vt 0.481938 0.384533
vt 0.481963 0.385647
vt 0.518097 0.385565
vt 0.518097 0.384485
vt 0.118088 0.438664
vt 0.359410 0.932692
vt 0.356207 0.942548
vt 0.907383 0.500000
vt 0.954959 0.500000
vt 0.902617 0.436126
vt 0.883766 0.500000
vt 0.971415 0.500000
vt 0.881481 0.438653
vt 0.440454 0.118251
vt 0.965323 0.500000
vt 0.881465 0.561336
vt 0.633833 0.761893
vt 0.707718 0.708212
vt 0.409402 0.778834
vt 0.436786 0.694553
vt 0.205990 0.453647
vt 0.262810 0.327671
vt 0.342898 0.522724
vt 0.405243 0.568845
vt 0.655425 0.346597
vt 0.710613 0.289685
vt 0.633959 0.238015
vt 0.593710 0.316994
vt 0.463806 0.611393
vt 0.201839 0.500000
vt 0.277489 0.500000
vt 0.333882 0.500000
vt 0.790558 0.453555
vt 0.741217 0.324746
vt 0.810473 0.725572
vt 0.609276 0.420607
vt 0.617072 0.480954
vt 0.409402 0.221166
vt 0.436786 0.305447
vt 0.613741 0.389274
vt 0.554291 0.394487
vt 0.594757 0.431155
vt 0.595260 0.430789
vt 0.463806 0.388607
vt 0.590598 0.221166
vt 0.563214 0.305447
vt 0.536194 0.388607
vt 0.617048 0.480947
vt 0.598784 0.428229
vt 0.554291 0.394546
vt 0.593741 0.407913
vt 0.418337 0.418389
vt 0.447619 0.397235
vt 0.447377 0.396885
vt 0.418096 0.418057
vt 0.793183 0.500000
vt 0.704565 0.500000
vt 0.617126 0.500000
vt 0.446743 0.395968
vt 0.417461 0.417184
vt 0.382446 0.480972
vt 0.382874 0.480972
vt 0.405819 0.431948
vt 0.405807 0.431932
vt 0.590599 0.778834
vt 0.563214 0.694553
vt 0.418372 0.418437
vt 0.447653 0.397285
vt 0.615509 0.518503
vt 0.614873 0.518296
vt 0.593655 0.567982
vt 0.594054 0.568326
vt 0.593746 0.567923
vt 0.554003 0.395006
vt 0.583572 0.415761
vt 0.370035 0.519401
vt 0.405519 0.568465
vt 0.594025 0.568002
vt 0.447377 0.603115
vt 0.418096 0.581943
vt 0.417461 0.582816
vt 0.446743 0.604032
vt 0.405723 0.568184
vt 0.379452 0.519028
vt 0.481974 0.386073
vt 0.518095 0.385978
vt 0.405807 0.568069
vt 0.382446 0.519028
vt 0.481975 0.386133
vt 0.518085 0.386051
vt 0.581609 0.581557
vt 0.536194 0.389423
vt 0.536194 0.389076
vt 0.536182 0.389583
vt 0.405819 0.568052
vt 0.382874 0.519028
vt 0.536098 0.389719
vt 0.377896 0.500000
vt 0.364928 0.500000
vt 0.382252 0.500000
vt 0.447619 0.602765
vt 0.418337 0.581611
vt 0.447653 0.602715
vt 0.418372 0.581563
vt 0.382874 0.500000
vt 0.464286 0.609916
vt 0.464082 0.610544
vt 0.464370 0.609657
vt 0.464382 0.609620
vt 0.464286 0.390084
vt 0.464082 0.389456
vt 0.464370 0.390343
vt 0.464382 0.390380
vt 0.616504 0.499798
vt 0.616699 0.499861
s 1
usemtl WoodenFence_Nails(Material).001
f 1194/556/847 1195/557/847 1193/558/847 1207/559/847
f 1196/560/847 1197/561/847 1193/558/847 1195/557/847
f 1201/562/847 1455/563/848 1456/564/849 1202/565/847
f 1293/566/850 1294/567/851 1234/568/852 1233/569/853
f 1199/570/847 1200/571/847 1193/558/847 1198/572/847
f 1201/562/847 1202/565/847 1193/558/847 1200/571/847
f 1203/573/847 1204/574/847 1193/558/847 1202/565/847
f 1372/575/854 1258/576/855 1237/577/856 1360/578/857
f 1263/579/858 1278/580/859 1277/581/860 1262/582/861
f 1206/583/847 1207/584/847 1193/558/847 1205/585/847
f 1467/586/862 1442/587/863 1194/556/847
f 1447/588/864 1197/561/847 1446/589/865
f 1196/560/847 1444/590/866 1445/591/867
f 1200/571/847 1453/592/868 1454/593/869 1201/562/847
f 1198/572/847 1450/594/870 1451/595/871 1199/570/847
f 1254/596/872 1255/597/873 1273/598/874 1272/599/875
f 1199/570/847 1451/595/871 1452/600/876
f 1162/601/877 1388/602/878 1208/603/879 1166/604/880
f 1454/593/869 1455/563/848 1201/562/847
f 1463/605/881 1464/606/882 1206/583/847 1205/585/847
f 1203/573/847 1457/607/883 1458/608/884
f 1184/609/885 1175/610/886 1411/611/887 1216/612/888
f 1389/613/889 1390/614/890 1210/615/891 1209/616/892
f 1350/617/893 1349/618/894 1361/619/895 1362/620/896
f 1206/583/847 1464/606/882 1465/621/897
f 1216/612/888 1411/611/887 1410/622/898 1215/623/899
f 1230/624/900 1248/625/901 1247/626/902 1229/627/903
f 1208/603/879 1209/616/892 1212/628/904 1211/629/905
f 1209/616/892 1210/615/891 1213/630/906 1212/628/904
f 1211/629/905 1212/628/904 1215/623/899 1214/631/907
f 1212/628/904 1213/630/906 1216/612/888 1215/623/899
f 1214/631/907 1409/632/908 1143/633/909 1164/634/910
f 1275/635/911 1276/636/912 1219/637/913 1218/638/914
f 1274/639/915 1275/635/911 1218/638/914 1217/640/916
f 1237/577/856 1258/576/855 1257/641/917 1236/642/918
f 1210/615/891 1182/643/919 1183/644/920 1213/630/906
f 1213/630/906 1183/644/920 1184/609/885 1216/612/888
f 1215/623/899 1410/622/898 1409/632/908 1214/631/907
f 1283/645/921 1284/646/922 1227/647/923 1226/648/924
f 1225/649/925 1240/650/926 1239/651/927 1224/652/928
f 1231/653/929 1249/654/930 1248/625/901 1230/624/900
f 1165/655/931 1211/629/905 1214/631/907 1164/634/910
f 1166/604/880 1208/603/879 1211/629/905 1165/655/931
f 1217/640/916 1218/638/914 1221/656/932 1220/657/933
f 1218/638/914 1219/637/913 1222/658/934 1221/656/932
f 1220/657/933 1221/656/932 1224/652/928 1223/659/935
f 1221/656/932 1222/658/934 1225/649/925 1224/652/928
f 1340/660/936 1341/661/937 1326/662/938 1325/663/939
f 1236/642/918 1257/641/917 1256/664/940 1235/665/941
f 1246/666/942 1267/667/943 1266/668/944 1245/669/945
f 1463/605/881 1232/670/946 1235/665/941 1464/606/882
f 1466/671/947 1259/672/948 1262/582/861 1467/586/862
f 1306/673/949 1231/653/929 1228/674/950 1309/675/951
f 1443/676/952 1444/590/866 1196/560/847 1195/557/847
f 1284/646/922 1285/677/953 1228/674/950 1227/647/923
f 1292/678/954 1293/566/850 1233/569/853 1232/670/946
f 1462/679/955 1292/678/954 1232/670/946 1463/605/881
f 1398/680/956 1399/681/957 1375/682/958 1374/683/959
f 1226/648/924 1227/647/923 1230/624/900 1229/627/903
f 1227/647/923 1228/674/950 1231/653/929 1230/624/900
f 1307/684/960 1308/685/961 1296/686/962 1295/687/963
f 1145/688/964 1307/684/960 1295/687/963 1141/689/965
f 1303/690/966 1366/691/967 1365/692/968 1302/693/969
f 1245/669/945 1266/668/944 1265/694/970 1244/695/971
f 1264/696/972 1279/697/973 1278/580/859 1263/579/858
f 1445/591/867 1226/648/924 1229/627/903 1446/589/865
f 1349/618/894 1159/698/974 1163/699/975 1361/619/895
f 1302/693/969 1365/692/968 1364/700/976 1301/701/977
f 1308/685/961 1309/675/951 1297/702/978 1296/686/962
f 1207/559/847 1466/671/947 1467/586/862 1194/556/847
f 1456/564/849 1241/703/979 1244/695/971 1457/607/883
f 1321/704/980 1276/636/912 1273/598/874 1324/705/981
f 1232/670/946 1233/569/853 1236/642/918 1235/665/941
f 1233/569/853 1234/568/852 1237/577/856 1236/642/918
f 1316/706/982 1317/707/983 1305/708/984 1304/709/985
f 1339/710/986 1243/711/987 1240/650/926 1342/712/988
f 1196/560/847 1445/591/867 1446/589/865 1197/561/847
f 1253/713/989 1254/596/872 1272/599/875 1271/714/990
f 1270/715/991 1288/716/992 1287/717/993 1269/718/994
f 1336/719/995 1246/666/942 1243/711/987 1339/710/986
f 1455/563/848 1238/720/996 1241/703/979 1456/564/849
f 1238/720/996 1239/651/927 1242/721/997 1241/703/979
f 1239/651/927 1240/650/926 1243/711/987 1242/721/997
f 1241/703/979 1242/721/997 1245/669/945 1244/695/971
f 1242/721/997 1243/711/987 1246/666/942 1245/669/945
f 1161/722/998 1355/723/999 1343/724/1000 1157/725/1001
f 1366/691/967 1264/696/972 1261/726/1002 1369/727/1003
f 1199/570/847 1452/600/876 1453/592/868 1200/571/847
f 1315/728/1004 1252/729/1005 1249/654/930 1318/730/1006
f 1194/556/847 1442/587/863 1443/676/952 1195/557/847
f 1269/718/994 1287/717/993 1286/731/1007 1268/732/1008
f 1317/707/983 1318/730/1006 1306/673/949 1305/708/984
f 1369/727/1003 1261/726/1002 1258/576/855 1372/575/854
f 1156/733/1009 1340/660/936 1325/663/939 1151/734/1010
f 1247/626/902 1248/625/901 1251/735/1011 1250/736/1012
f 1248/625/901 1249/654/930 1252/729/1005 1251/735/1011
f 1250/736/1012 1251/735/1011 1254/596/872 1253/713/989
f 1251/735/1011 1252/729/1005 1255/597/873 1254/596/872
f 1153/737/1013 1331/738/1014 1319/739/1015 1149/740/1016
f 1448/741/1017 1250/736/1012 1253/713/989 1449/742/1018
f 1465/621/897 1256/664/940 1259/672/948 1466/671/947
f 1447/588/864 1247/626/902 1250/736/1012 1448/741/1017
f 1297/702/978 1285/677/953 1282/743/1019 1300/744/1020
f 1256/664/940 1257/641/917 1260/745/1021 1259/672/948
f 1257/641/917 1258/576/855 1261/726/1002 1260/745/1021
f 1259/672/948 1260/745/1021 1263/579/858 1262/582/861
f 1260/745/1021 1261/726/1002 1264/696/972 1263/579/858
f 1310/746/1022 1146/747/1023 1150/748/1024 1322/749/1025
f 1345/750/1026 1270/715/991 1267/667/943 1348/751/1027
f 1235/665/941 1256/664/940 1465/621/897 1464/606/882
f 1303/690/966 1279/697/973 1264/696/972 1366/691/967
f 1228/674/950 1285/677/953 1297/702/978 1309/675/951
f 1166/604/880 1370/752/1028 1358/753/1029 1162/601/877
f 1265/694/970 1266/668/944 1269/718/994 1268/732/1008
f 1266/668/944 1267/667/943 1270/715/991 1269/718/994
f 1458/608/884 1265/694/970 1268/732/1008 1459/754/1030
f 1330/755/1031 1222/658/934 1219/637/913 1333/756/1032
f 1450/594/870 1271/714/990 1274/639/915 1451/595/871
f 1231/653/929 1306/673/949 1318/730/1006 1249/654/930
f 1332/757/1033 1333/756/1032 1321/704/980 1320/758/1034
f 1406/759/1035 1407/760/1036 1380/761/1037 1379/762/1038
f 1271/714/990 1272/599/875 1275/635/911 1274/639/915
f 1272/599/875 1273/598/874 1276/636/912 1275/635/911
f 1430/763/1039 1431/764/1040 1392/765/1041 1391/766/1042
f 1312/767/1043 1324/705/981 1273/598/874 1255/597/873
f 1300/744/1020 1282/743/1019 1279/697/973 1303/690/966
f 1205/585/847 1462/679/955 1463/605/881
f 1443/676/952 1280/768/1044 1283/645/921 1444/590/866
f 1442/587/863 1277/581/860 1280/768/1044 1443/676/952
f 1277/581/860 1278/580/859 1281/769/1045 1280/768/1044
f 1278/580/859 1279/697/973 1282/743/1019 1281/769/1045
f 1280/768/1044 1281/769/1045 1284/646/922 1283/645/921
f 1281/769/1045 1282/743/1019 1285/677/953 1284/646/922
f 1461/770/1046 1289/771/1047 1292/678/954 1462/679/955
f 1460/772/1048 1286/731/1007 1289/771/1047 1461/770/1046
f 1354/773/1049 1291/774/1050 1288/716/992 1357/775/1051
f 1327/776/1052 1225/649/925 1222/658/934 1330/755/1031
f 1286/731/1007 1287/717/993 1290/777/1053 1289/771/1047
f 1287/717/993 1288/716/992 1291/774/1050 1290/777/1053
f 1289/771/1047 1290/777/1053 1293/566/850 1292/678/954
f 1290/777/1053 1291/774/1050 1294/567/851 1293/566/850
f 1351/778/1054 1294/567/851 1291/774/1050 1354/773/1049
f 1370/752/1028 1371/779/1055 1359/780/1056 1358/753/1029
f 1453/592/868 1220/657/933 1223/659/935 1454/593/869
f 1452/600/876 1217/640/916 1220/657/933 1453/592/868
f 1295/687/963 1296/686/962 1299/781/1057 1298/782/1058
f 1296/686/962 1297/702/978 1300/744/1020 1299/781/1057
f 1298/782/1058 1299/781/1057 1302/693/969 1301/701/977
f 1299/781/1057 1300/744/1020 1303/690/966 1302/693/969
f 1311/783/1059 1310/746/1022 1322/749/1025 1323/784/1060
f 1312/767/1043 1311/783/1059 1323/784/1060 1324/705/981
f 1219/637/913 1276/636/912 1321/704/980 1333/756/1032
f 1148/785/1061 1316/706/982 1304/709/985 1144/786/1062
f 1301/701/977 1364/700/976 1164/634/910 1143/633/909
f 1346/787/1063 1347/788/1064 1335/789/1065 1334/790/1066
f 1142/791/1067 1298/782/1058 1301/701/977 1143/633/909
f 1141/689/965 1295/687/963 1298/782/1058 1142/791/1067
f 1225/649/925 1327/776/1052 1342/712/988 1240/650/926
f 1304/709/985 1305/708/984 1308/685/961 1307/684/960
f 1305/708/984 1306/673/949 1309/675/951 1308/685/961
f 1331/738/1014 1332/757/1033 1320/758/1034 1319/739/1015
f 1347/788/1064 1348/751/1027 1336/719/995 1335/789/1065
f 1144/786/1062 1304/709/985 1307/684/960 1145/688/964
f 1310/746/1022 1311/783/1059 1314/792/1068 1313/793/1069
f 1311/783/1059 1312/767/1043 1315/728/1004 1314/792/1068
f 1313/793/1069 1314/792/1068 1317/707/983 1316/706/982
f 1314/792/1068 1315/728/1004 1318/730/1006 1317/707/983
f 1147/794/1070 1313/793/1069 1316/706/982 1148/785/1061
f 1146/747/1023 1310/746/1022 1313/793/1069 1147/794/1070
f 1319/739/1015 1320/758/1034 1323/784/1060 1322/749/1025
f 1320/758/1034 1321/704/980 1324/705/981 1323/784/1060
f 1355/723/999 1356/795/1071 1344/796/1072 1343/724/1000
f 1356/795/1071 1357/775/1051 1345/750/1026 1344/796/1072
f 1351/778/1054 1363/797/1073 1234/568/852 1294/567/851
f 1376/798/1074 1433/799/1075 1161/722/998 1157/725/1001
f 1149/740/1016 1319/739/1015 1322/749/1025 1150/748/1024
f 1325/663/939 1326/662/938 1329/800/1076 1328/801/1077
f 1326/662/938 1327/776/1052 1330/755/1031 1329/800/1076
f 1328/801/1077 1329/800/1076 1332/757/1033 1331/738/1014
f 1329/800/1076 1330/755/1031 1333/756/1032 1332/757/1033
f 1341/661/937 1342/712/988 1327/776/1052 1326/662/938
f 1158/802/1078 1346/787/1063 1334/790/1066 1154/803/1079
f 1181/804/1080 1172/722/1081 1435/799/1082 1378/805/1083
f 1152/806/1084 1328/801/1077 1331/738/1014 1153/737/1013
f 1151/734/1010 1325/663/939 1328/801/1077 1152/806/1084
f 1334/790/1066 1335/789/1065 1338/807/1085 1337/808/1086
f 1335/789/1065 1336/719/995 1339/710/986 1338/807/1085
f 1337/808/1086 1338/807/1085 1341/661/937 1340/660/936
f 1338/807/1085 1339/710/986 1342/712/988 1341/661/937
f 1351/778/1054 1350/617/893 1362/620/896 1363/797/1073
f 1357/775/1051 1288/716/992 1270/715/991 1345/750/1026
f 1348/751/1027 1267/667/943 1246/666/942 1336/719/995
f 1155/809/1087 1337/808/1086 1340/660/936 1156/733/1009
f 1154/803/1079 1334/790/1066 1337/808/1086 1155/809/1087
f 1434/810/1088 1433/799/1075 1376/798/1074 1377/811/1089
f 1154/803/1079 1397/812/1090 1373/813/1091 1158/802/1078
f 1343/724/1000 1344/796/1072 1347/788/1064 1346/787/1063
f 1344/796/1072 1345/750/1026 1348/751/1027 1347/788/1064
f 1384/814/1092 1426/815/1093 1425/816/1094 1383/817/1095
f 1157/725/1001 1343/724/1000 1346/787/1063 1158/802/1078
f 1349/618/894 1350/617/893 1353/818/1096 1352/819/1097
f 1350/617/893 1351/778/1054 1354/773/1049 1353/818/1096
f 1352/819/1097 1353/818/1096 1356/795/1071 1355/723/999
f 1353/818/1096 1354/773/1049 1357/775/1051 1356/795/1071
f 1160/820/1098 1352/819/1097 1355/723/999 1161/722/998
f 1159/698/974 1349/618/894 1352/819/1097 1160/820/1098
f 1358/753/1029 1359/780/1056 1362/620/896 1361/619/895
f 1359/780/1056 1360/578/857 1363/797/1073 1362/620/896
f 1217/640/916 1452/600/876 1451/595/871 1274/639/915
f 1371/779/1055 1372/575/854 1360/578/857 1359/780/1056
f 1397/812/1090 1398/680/956 1374/683/959 1373/813/1091
f 1383/817/1095 1425/816/1094 1424/821/1099 1382/822/1100
f 1408/823/1101 1187/824/1102 1178/825/1103 1381/826/1104
f 1162/601/877 1358/753/1029 1361/619/895 1163/699/975
f 1364/700/976 1365/692/968 1368/827/1105 1367/828/1106
f 1365/692/968 1366/691/967 1369/727/1003 1368/827/1105
f 1367/828/1106 1368/827/1105 1371/779/1055 1370/752/1028
f 1368/827/1105 1369/727/1003 1372/575/854 1371/779/1055
f 1165/655/931 1367/828/1106 1370/752/1028 1166/604/880
f 1164/634/910 1364/700/976 1367/828/1106 1165/655/931
f 1179/829/1107 1169/830/1108 1426/815/1093 1384/814/1092
f 1407/760/1036 1408/823/1101 1381/826/1104 1380/761/1037
f 1382/822/1100 1424/821/1099 1153/737/1013 1149/740/1016
f 1151/734/1010 1430/763/1039 1391/766/1042 1156/733/1009
f 1373/813/1091 1374/683/959 1377/811/1089 1376/798/1074
f 1374/683/959 1375/682/958 1378/805/1083 1377/811/1089
f 1439/831/1109 1440/832/1110 1386/833/1111 1385/834/1112
f 1435/799/1082 1434/810/1088 1377/811/1089 1378/805/1083
f 1440/832/1110 1441/831/1113 1387/835/1114 1386/833/1111
f 1399/681/957 1190/836/1115 1180/837/1116 1375/682/958
f 1146/747/1023 1406/759/1035 1379/762/1038 1150/748/1024
f 1375/682/958 1180/837/1116 1181/804/1080 1378/805/1083
f 1400/838/1117 1148/785/1061 1144/786/1062 1421/839/1118
f 1441/831/1113 1174/698/1119 1191/840/1120 1387/835/1114
f 1158/802/1078 1373/813/1091 1376/798/1074 1157/725/1001
f 1416/841/1121 1419/842/1122 1418/843/1123 1415/844/1124
f 1379/762/1038 1380/761/1037 1383/817/1095 1382/822/1100
f 1380/761/1037 1381/826/1104 1384/814/1092 1383/817/1095
f 1400/838/1117 1421/839/1118 1422/845/1125 1401/846/1126
f 1381/826/1104 1178/825/1103 1179/829/1107 1384/814/1092
f 1431/764/1040 1432/847/1127 1393/848/1128 1392/765/1041
f 1159/698/974 1439/831/1109 1385/834/1112 1163/699/975
f 1423/849/1129 1402/850/1130 1401/846/1126 1422/845/1125
f 1432/847/1127 1171/851/1131 1188/852/1132 1393/848/1128
f 1150/748/1024 1379/762/1038 1382/822/1100 1149/740/1016
f 1385/834/1112 1386/833/1111 1389/613/889 1388/602/878
f 1386/833/1111 1387/835/1114 1390/614/890 1389/613/889
f 1387/835/1114 1191/840/1120 1192/853/1133 1390/614/890
f 1163/699/975 1385/834/1112 1388/602/878 1162/601/877
f 1391/766/1042 1392/765/1041 1395/854/1134 1394/855/1135
f 1392/765/1041 1393/848/1128 1396/856/1136 1395/854/1134
f 1394/855/1135 1395/854/1134 1398/680/956 1397/812/1090
f 1395/854/1134 1396/856/1136 1399/681/957 1398/680/956
f 1271/714/990 1450/594/870 1449/742/1018 1253/713/989
f 1402/850/1130 1423/849/1129 1168/857/1137 1185/858/1138
f 1223/659/935 1238/720/996 1455/563/848 1454/593/869
f 1229/627/903 1247/626/902 1447/588/864 1446/589/865
f 1393/848/1128 1188/852/1132 1189/859/1139 1396/856/1136
f 1396/856/1136 1189/859/1139 1190/836/1115 1399/681/957
f 1155/809/1087 1394/855/1135 1397/812/1090 1154/803/1079
f 1156/733/1009 1391/766/1042 1394/855/1135 1155/809/1087
f 1400/838/1117 1401/846/1126 1404/860/1140 1403/861/1141
f 1401/846/1126 1402/850/1130 1405/862/1142 1404/860/1140
f 1403/861/1141 1404/860/1140 1407/760/1036 1406/759/1035
f 1404/860/1140 1405/862/1142 1408/823/1101 1407/760/1036
f 1417/863/1143 1420/864/1144 1419/842/1122 1416/841/1121
f 1177/865/1145 1167/866/1146 1420/864/1144 1417/863/1143
f 1415/844/1124 1418/843/1123 1145/688/964 1141/689/965
f 1402/850/1130 1185/858/1138 1186/867/1147 1405/862/1142
f 1405/862/1142 1186/867/1147 1187/824/1102 1408/823/1101
f 1147/794/1070 1403/861/1141 1406/759/1035 1146/747/1023
f 1148/785/1061 1400/838/1117 1403/861/1141 1147/794/1070
f 1409/632/908 1410/622/898 1413/868/1148 1412/869/1149
f 1410/622/898 1411/611/887 1414/870/1150 1413/868/1148
f 1412/869/1149 1413/868/1148 1416/841/1121 1415/844/1124
f 1413/868/1148 1414/870/1150 1417/863/1143 1416/841/1121
f 1411/611/887 1175/610/886 1176/871/1151 1414/870/1150
f 1414/870/1150 1176/871/1151 1177/865/1145 1417/863/1143
f 1449/742/1018 1450/594/870 1198/572/847
f 1444/590/866 1283/645/921 1226/648/924 1445/591/867
f 1262/582/861 1277/581/860 1442/587/863 1467/586/862
f 1244/695/971 1265/694/970 1458/608/884 1457/607/883
f 1142/791/1067 1412/869/1149 1415/844/1124 1141/689/965
f 1143/633/909 1409/632/908 1412/869/1149 1142/791/1067
f 1418/843/1123 1419/842/1122 1422/845/1125 1421/839/1118
f 1419/842/1122 1420/864/1144 1423/849/1129 1422/845/1125
f 1420/864/1144 1167/866/1146 1168/857/1137 1423/849/1129
f 1145/688/964 1418/843/1123 1421/839/1118 1144/786/1062
f 1424/821/1099 1425/816/1094 1428/872/1152 1427/873/1153
f 1425/816/1094 1426/815/1093 1429/874/1154 1428/872/1152
f 1427/873/1153 1428/872/1152 1431/764/1040 1430/763/1039
f 1428/872/1152 1429/874/1154 1432/847/1127 1431/764/1040
f 1426/815/1093 1169/830/1108 1170/875/1155 1429/874/1154
f 1429/874/1154 1170/875/1155 1171/851/1131 1432/847/1127
f 1152/806/1084 1427/873/1153 1430/763/1039 1151/734/1010
f 1153/737/1013 1424/821/1099 1427/873/1153 1152/806/1084
f 1433/799/1075 1434/810/1088 1437/876/1156 1436/877/1157
f 1434/810/1088 1435/799/1082 1438/877/1158 1437/876/1156
f 1436/877/1157 1437/876/1156 1440/832/1110 1439/831/1109
f 1437/876/1156 1438/877/1158 1441/831/1113 1440/832/1110
f 1435/799/1082 1172/722/1081 1173/820/1159 1438/877/1158
f 1438/877/1158 1173/820/1159 1174/698/1119 1441/831/1113
f 1160/820/1098 1436/877/1157 1439/831/1109 1159/698/974
f 1161/722/998 1433/799/1075 1436/877/1157 1160/820/1098
f 1449/742/1018 1198/572/847 1193/558/847 1448/741/1017
f 1193/558/847 1204/574/847 1460/772/1048 1461/770/1046
f 1202/565/847 1456/564/849 1457/607/883 1203/573/847
f 1360/578/857 1237/577/856 1234/568/852 1363/797/1073
f 1193/558/847 1197/561/847 1447/588/864 1448/741/1017
f 1268/732/1008 1286/731/1007 1460/772/1048 1459/754/1030
f 1460/772/1048 1204/574/847 1459/754/1030
f 1224/652/928 1239/651/927 1238/720/996 1223/659/935
f 1203/573/847 1458/608/884 1459/754/1030 1204/574/847
f 1388/602/878 1389/613/889 1209/616/892 1208/603/879
f 1206/583/847 1465/621/897 1466/671/947 1207/584/847
f 1312/767/1043 1255/597/873 1252/729/1005 1315/728/1004
f 1205/585/847 1193/558/847 1461/770/1046 1462/679/955
f 1390/614/890 1192/853/1133 1182/643/919 1210/615/891
o H_Fence_Empty_Nails.002
v -0.380840 2.384086 0.291348
v -0.375568 2.386263 0.291348
v -0.370024 2.387601 0.291348
v -0.393730 2.373068 0.291348
v -0.390031 2.377409 0.291348
v -0.400226 2.346032 0.291348
v -0.400667 2.351718 0.291348
v -0.400226 2.357404 0.291348
v -0.390031 2.326027 0.291348
v -0.393730 2.330368 0.291348
v -0.370024 2.315835 0.291348
v -0.375568 2.317173 0.291348
v -0.380840 2.319349 0.291348
v -0.347848 2.319349 0.291348
v -0.353120 2.317173 0.291348
v -0.358664 2.315835 0.291348
v -0.334959 2.330368 0.291348
v -0.338658 2.326027 0.291348
v -0.328462 2.357404 0.291348
v -0.328022 2.351718 0.291348
v -0.328462 2.346032 0.291348
v -0.338658 2.377409 0.291348
v -0.334959 2.373068 0.291348
v -0.358664 2.387601 0.291348
v -0.353120 2.386263 0.291348
v -0.347848 2.384086 0.291348
v -0.379307 2.366684 0.256868
v -0.381462 2.364155 0.256868
v -0.373954 2.332862 0.256868
v -0.370883 2.331594 0.256868
v -0.367653 2.330815 0.256868
v -0.343442 2.348405 0.256868
v -0.343185 2.351718 0.256868
v -0.343442 2.355030 0.256868
v -0.367653 2.372621 0.256868
v -0.370883 2.371841 0.256868
v -0.373954 2.370574 0.256868
v -0.381462 2.339281 0.256868
v -0.379307 2.336752 0.256868
v -0.349381 2.336752 0.256868
v -0.347226 2.339281 0.256868
v -0.354735 2.370574 0.256868
v -0.357806 2.371841 0.256868
v -0.361035 2.372621 0.256868
v -0.385246 2.355030 0.256868
v -0.385503 2.351718 0.256868
v -0.385246 2.348405 0.256868
v -0.361035 2.330815 0.256868
v -0.357806 2.331594 0.256868
v -0.354735 2.332862 0.256868
v -0.347226 2.364155 0.256868
v -0.349381 2.366684 0.256868
v -0.364344 2.351718 0.351417
v -0.364344 2.391634 0.351417
v -0.374181 2.381993 0.351417
v -0.387807 2.384011 0.351417
v -0.390097 2.370429 0.351417
v -0.390097 2.333007 0.351417
v -0.387807 2.319425 0.351417
v -0.374181 2.321443 0.351417
v -0.364344 2.311801 0.351417
v -0.354507 2.321443 0.351417
v -0.340882 2.319425 0.351417
v -0.338591 2.333007 0.351417
v -0.338591 2.370429 0.351417
v -0.340882 2.384011 0.351417
v -0.354507 2.381993 0.351417
v -0.351157 2.377594 0.289489
v -0.353002 2.373974 0.284690
v -0.353991 2.372032 0.274600
v -0.355371 2.379333 0.289489
v -0.356627 2.375470 0.284690
v -0.357300 2.373398 0.274600
v -0.359803 2.380403 0.289489
v -0.360439 2.376390 0.284690
v -0.360779 2.374238 0.274600
v -0.407533 2.266972 0.332830
v -0.407803 2.266444 0.322166
v -0.406467 2.269065 0.311501
v -0.393731 2.261275 0.332830
v -0.393914 2.260711 0.322166
v -0.393005 2.263508 0.311501
v -0.379216 2.257771 0.332830
v -0.379309 2.257185 0.322166
v -0.378849 2.260092 0.311501
v -0.431596 2.418981 0.332830
v -0.432015 2.419400 0.322166
v -0.429935 2.417320 0.311501
v -0.441280 2.407615 0.332830
v -0.441760 2.407963 0.322166
v -0.439380 2.406234 0.311501
v -0.287409 2.407615 0.332830
v -0.286929 2.407963 0.322166
v -0.289309 2.406234 0.311501
v -0.297092 2.418981 0.332830
v -0.296673 2.419400 0.322166
v -0.298753 2.417320 0.311501
v -0.349473 2.257771 0.332830
v -0.349380 2.257185 0.322166
v -0.349840 2.260091 0.311501
v -0.334957 2.261275 0.332830
v -0.334774 2.260711 0.322166
v -0.335683 2.263508 0.311501
v -0.321155 2.266972 0.332830
v -0.320886 2.266444 0.322166
v -0.322222 2.269065 0.311501
v -0.458288 2.366605 0.332830
v -0.458874 2.366698 0.322166
v -0.455968 2.366238 0.311501
v -0.459442 2.351718 0.332830
v -0.460035 2.351718 0.322166
v -0.457093 2.351718 0.311501
v -0.458288 2.336831 0.332830
v -0.458874 2.336738 0.322166
v -0.455968 2.337198 0.311501
v -0.321155 2.436464 0.332830
v -0.320886 2.436992 0.322166
v -0.322222 2.434371 0.311501
v -0.334957 2.442161 0.332830
v -0.334774 2.442725 0.322166
v -0.335683 2.439927 0.311501
v -0.349473 2.445664 0.332830
v -0.349380 2.446250 0.322166
v -0.349840 2.443344 0.311501
v -0.297093 2.284455 0.332830
v -0.296673 2.284035 0.322166
v -0.298753 2.286116 0.311501
v -0.287409 2.295821 0.332830
v -0.286929 2.295472 0.322166
v -0.289309 2.297202 0.311501
v -0.441280 2.295821 0.332830
v -0.441759 2.295472 0.322166
v -0.439380 2.297201 0.311501
v -0.431596 2.284455 0.332830
v -0.432015 2.284035 0.322166
v -0.429935 2.286116 0.311501
v -0.379216 2.445664 0.332830
v -0.379309 2.446250 0.322166
v -0.378849 2.443344 0.311501
v -0.393731 2.442161 0.332830
v -0.393914 2.442725 0.322166
v -0.393005 2.439927 0.311501
v -0.407533 2.436464 0.332830
v -0.407803 2.436992 0.322166
v -0.406467 2.434371 0.311501
v -0.270400 2.336831 0.332830
v -0.269814 2.336738 0.322166
v -0.272720 2.337198 0.311501
v -0.269247 2.351718 0.332830
v -0.268654 2.351718 0.322166
v -0.271595 2.351718 0.311501
v -0.270400 2.366605 0.332830
v -0.269814 2.366698 0.322166
v -0.272720 2.366237 0.311501
v -0.385947 2.394107 0.292406
v -0.392084 2.406149 0.293937
v -0.398209 2.418168 0.297003
v -0.379043 2.396957 0.292406
v -0.383219 2.409809 0.293937
v -0.387387 2.422635 0.297003
v -0.371783 2.398709 0.292406
v -0.373896 2.412059 0.293937
v -0.376005 2.425382 0.297003
v -0.402827 2.379677 0.292406
v -0.413759 2.387620 0.293937
v -0.424670 2.395547 0.297003
v -0.397983 2.385362 0.292406
v -0.407539 2.394920 0.293937
v -0.417077 2.404459 0.297003
v -0.411334 2.344271 0.292406
v -0.424684 2.342156 0.293937
v -0.438007 2.340044 0.297003
v -0.411911 2.351718 0.292406
v -0.425425 2.351718 0.293937
v -0.438911 2.351718 0.297003
v -0.411334 2.359164 0.292406
v -0.424684 2.361280 0.293937
v -0.438007 2.363391 0.297003
v -0.397983 2.318074 0.292406
v -0.407539 2.308516 0.293937
v -0.417077 2.298976 0.297003
v -0.402827 2.323759 0.292406
v -0.413759 2.315816 0.293937
v -0.424670 2.307889 0.297003
v -0.371783 2.304727 0.292406
v -0.373896 2.291377 0.293937
v -0.376005 2.278054 0.297003
v -0.379043 2.306479 0.292406
v -0.383219 2.293627 0.293937
v -0.387387 2.280801 0.297003
v -0.385947 2.309329 0.292406
v -0.392084 2.297287 0.293937
v -0.398209 2.285268 0.297003
v -0.342742 2.309329 0.292406
v -0.336604 2.297287 0.293937
v -0.330479 2.285268 0.297003
v -0.349645 2.306479 0.292406
v -0.345469 2.293627 0.293937
v -0.341302 2.280801 0.297003
v -0.356906 2.304727 0.292406
v -0.354792 2.291377 0.293937
v -0.352683 2.278053 0.297003
v -0.325862 2.323759 0.292406
v -0.314929 2.315816 0.293937
v -0.304018 2.307889 0.297003
v -0.330706 2.318074 0.292406
v -0.321149 2.308515 0.293937
v -0.311611 2.298976 0.297003
v -0.317354 2.359164 0.292406
v -0.304005 2.361280 0.293937
v -0.290682 2.363391 0.297003
v -0.316777 2.351718 0.292406
v -0.303264 2.351718 0.293937
v -0.289777 2.351718 0.297003
v -0.317354 2.344271 0.292406
v -0.304005 2.342156 0.293937
v -0.290682 2.340044 0.297003
v -0.330706 2.385362 0.292406
v -0.321149 2.394920 0.293937
v -0.311612 2.404459 0.297003
v -0.325862 2.379677 0.292406
v -0.314929 2.387620 0.293937
v -0.304018 2.395547 0.297003
v -0.356906 2.398709 0.292406
v -0.354792 2.412059 0.293937
v -0.352683 2.425382 0.297003
v -0.349645 2.396957 0.292406
v -0.345469 2.409809 0.293937
v -0.341302 2.422635 0.297003
v -0.342742 2.394107 0.292406
v -0.336604 2.406149 0.293937
v -0.330479 2.418168 0.297003
v -0.343810 2.331180 0.289489
v -0.346682 2.334053 0.284690
v -0.348223 2.335594 0.274600
v -0.340853 2.334651 0.289489
v -0.344139 2.337038 0.284690
v -0.345902 2.338319 0.274600
v -0.387835 2.334651 0.289489
v -0.384549 2.337038 0.284690
v -0.382786 2.338319 0.274600
v -0.384879 2.331180 0.289489
v -0.382006 2.334053 0.284690
v -0.380465 2.335594 0.274600
v -0.340853 2.368785 0.289489
v -0.344139 2.366398 0.284690
v -0.345902 2.365117 0.274600
v -0.343810 2.372256 0.289489
v -0.346682 2.369383 0.284690
v -0.348223 2.367841 0.274600
v -0.359803 2.323033 0.289489
v -0.360439 2.327045 0.284690
v -0.360779 2.329198 0.274600
v -0.355371 2.324102 0.289489
v -0.356627 2.327965 0.284690
v -0.357300 2.330038 0.274600
v -0.351157 2.325842 0.289489
v -0.353002 2.329462 0.284690
v -0.353991 2.331403 0.274600
v -0.393029 2.356263 0.289489
v -0.389016 2.355628 0.284690
v -0.386863 2.355286 0.274600
v -0.393381 2.351718 0.289489
v -0.389319 2.351718 0.284690
v -0.387140 2.351718 0.274600
v -0.393029 2.347172 0.289489
v -0.389016 2.347808 0.284690
v -0.386863 2.348149 0.274600
v -0.368885 2.380403 0.289489
v -0.368250 2.376390 0.284690
v -0.367909 2.374238 0.274600
v -0.373317 2.379333 0.289489
v -0.372062 2.375470 0.284690
v -0.371389 2.373398 0.274600
v -0.377531 2.377594 0.289489
v -0.375687 2.373974 0.284690
v -0.374697 2.372032 0.274600
v -0.384878 2.372256 0.289489
v -0.382006 2.369383 0.284690
v -0.380465 2.367841 0.274600
v -0.387835 2.368785 0.289489
v -0.384549 2.366398 0.284690
v -0.382786 2.365117 0.274600
v -0.377531 2.325842 0.289489
v -0.375687 2.329462 0.284690
v -0.374697 2.331403 0.274600
v -0.373317 2.324102 0.289489
v -0.372062 2.327965 0.284690
v -0.371389 2.330038 0.274600
v -0.368885 2.323033 0.289489
v -0.368250 2.327045 0.284690
v -0.367909 2.329198 0.274600
v -0.335660 2.347172 0.289489
v -0.339673 2.347808 0.284690
v -0.341825 2.348149 0.274600
v -0.335308 2.351718 0.289489
v -0.339370 2.351718 0.284690
v -0.341549 2.351718 0.274600
v -0.335660 2.356264 0.289489
v -0.339673 2.355628 0.284690
v -0.341825 2.355287 0.274600
v -0.377684 2.436081 0.347304
v -0.390720 2.432895 0.347304
v -0.403140 2.427810 0.347304
v -0.424724 2.412128 0.347304
v -0.433398 2.401888 0.347304
v -0.448700 2.365101 0.347304
v -0.449699 2.351718 0.347304
v -0.448701 2.338335 0.347304
v -0.433398 2.301548 0.347304
v -0.424724 2.291307 0.347304
v -0.403140 2.275626 0.347304
v -0.390720 2.270541 0.347304
v -0.377684 2.267355 0.347304
v -0.351005 2.267355 0.347304
v -0.337968 2.270541 0.347304
v -0.325549 2.275626 0.347304
v -0.303965 2.291307 0.347304
v -0.295291 2.301548 0.347304
v -0.279988 2.338335 0.347304
v -0.278989 2.351718 0.347304
v -0.279988 2.365101 0.347304
v -0.295291 2.401888 0.347304
v -0.303965 2.412128 0.347304
v -0.325549 2.427810 0.347304
v -0.337968 2.432895 0.347304
v -0.351005 2.436081 0.347304
vn -0.0000 -0.0000 1.0000
vn 0.0842 -0.5114 0.8552
vn 0.1592 -0.4901 0.8570
vn 0.9824 0.1542 -0.1057
vn 0.8824 0.1387 -0.4495
vn 0.7228 0.5249 -0.4495
vn 0.8045 0.5844 -0.1058
vn 0.1564 0.3078 -0.9385
vn 0.4045 0.7965 -0.4494
vn 0.6326 0.6309 -0.4492
vn 0.2444 0.2438 -0.9385
vn 0.1569 0.9819 -0.1057
vn -0.1569 0.9819 -0.1058
vn -0.1539 0.9639 0.2173
vn 0.1540 0.9639 0.2171
vn 0.0842 0.5114 0.8552
vn -0.0842 0.5114 0.8552
vn -0.5124 0.0779 0.8552
vn -0.4169 0.3029 0.8570
vn -0.2325 0.4632 0.8552
vn -0.3687 0.3642 0.8552
vn -0.1592 -0.4901 0.8570
vn -0.0842 -0.5114 0.8552
vn -0.4169 -0.3029 0.8570
vn -0.3687 -0.3642 0.8552
vn -0.9824 -0.1542 -0.1058
vn -0.8825 -0.1387 -0.4495
vn -0.7228 -0.5249 -0.4494
vn -0.8045 -0.5845 -0.1057
vn -0.2325 -0.4632 0.8552
vn 0.1184 0.1181 -0.9859
vn 0.3677 0.3667 -0.8546
vn 0.2351 0.4630 -0.8546
vn 0.0757 0.1491 -0.9859
vn 0.4169 0.3029 0.8570
vn 0.3687 0.3642 0.8552
vn 0.2324 -0.4633 0.8552
vn 0.3688 -0.3642 0.8552
vn 0.1572 0.9838 -0.0864
vn -0.1572 0.9838 -0.0864
vn -0.1559 0.9760 -0.1523
vn 0.1560 0.9760 -0.1522
vn 0.6335 0.6318 -0.4467
vn 0.6998 0.6979 -0.1523
vn 0.4475 0.8812 -0.1523
vn 0.4050 0.7978 -0.4467
vn 0.1680 0.0264 -0.9854
vn 0.1023 0.0160 -0.9946
vn 0.0838 0.0609 -0.9946
vn 0.1376 0.0999 -0.9854
vn 0.2324 0.4633 0.8552
vn -0.1412 0.8835 -0.4467
vn 0.1412 0.8835 -0.4467
vn -0.8045 0.5845 -0.1058
vn -0.9824 0.1542 -0.1058
vn -0.9643 0.1516 0.2173
vn -0.7898 0.5736 0.2172
vn 0.2765 0.8510 -0.4465
vn 0.1605 0.4941 -0.8545
vn 0.3054 0.9400 -0.1522
vn 0.0820 0.5128 -0.8546
vn -0.0820 0.5128 -0.8546
vn -0.0264 0.1651 -0.9859
vn 0.0264 0.1651 -0.9859
vn -0.7041 -0.7022 -0.1058
vn -0.6324 -0.6308 -0.4495
vn -0.4045 -0.7964 -0.4495
vn -0.4502 -0.8866 -0.1058
vn -0.6912 -0.6893 0.2171
vn -0.4415 -0.8706 0.2172
vn 0.4502 0.8866 -0.1058
vn 0.7041 0.7022 -0.1058
vn 0.4511 0.8883 -0.0864
vn 0.3079 0.9475 -0.0863
vn -0.4420 0.8703 0.2173
vn -0.4502 0.8866 -0.1058
vn -0.7041 0.7022 -0.1058
vn -0.6912 0.6893 0.2171
vn -0.1408 -0.8821 -0.4496
vn 0.1409 -0.8821 -0.4495
vn 0.1569 -0.9819 -0.1057
vn -0.1569 -0.9819 -0.1058
vn -0.7228 0.5249 -0.4495
vn -0.8825 0.1387 -0.4495
vn 0.0517 0.1591 -0.9859
vn -0.3073 -0.9457 -0.1058
vn -0.3017 -0.9284 0.2171
vn -0.2760 -0.8496 -0.4494
vn -0.1540 -0.9639 0.2171
vn 0.0163 -0.1023 -0.9946
vn 0.0268 -0.1679 -0.9854
vn -0.0268 -0.1679 -0.9854
vn -0.0163 -0.1023 -0.9946
vn 0.4420 0.8704 0.2171
vn 0.6912 0.6893 0.2171
vn 0.4045 -0.7964 -0.4495
vn 0.6325 -0.6309 -0.4493
vn 0.7041 -0.7022 -0.1057
vn 0.4502 -0.8866 -0.1058
vn 0.7898 0.5736 0.2172
vn 0.1592 0.4901 0.8570
vn 0.3016 0.9284 0.2170
vn -0.2794 0.2028 -0.9385
vn -0.6326 0.6309 -0.4493
vn -0.2445 0.2438 -0.9385
vn -0.1592 0.4901 0.8570
vn -0.4045 0.7964 -0.4495
vn 0.9643 0.1515 0.2173
vn 0.5124 0.0779 0.8552
vn 0.4051 -0.7977 -0.4467
vn 0.4475 -0.8812 -0.1522
vn 0.6998 -0.6979 -0.1523
vn 0.6335 -0.6318 -0.4467
vn -0.0733 0.0731 -0.9946
vn -0.1204 0.1201 -0.9854
vn -0.0770 0.1516 -0.9854
vn -0.0469 0.0924 -0.9946
vn -0.1184 0.1181 -0.9859
vn -0.0757 0.1491 -0.9859
vn -0.0544 0.3409 -0.9385
vn 0.0544 0.3409 -0.9385
vn 0.0269 0.1679 -0.9854
vn -0.0269 0.1679 -0.9854
vn 0.6911 -0.6893 0.2173
vn 0.4420 -0.8703 0.2171
vn 0.1409 0.8821 -0.4495
vn -0.1408 0.8821 -0.4495
vn 0.1651 0.0259 -0.9859
vn 0.1353 0.0983 -0.9859
vn 0.0163 0.1023 -0.9946
vn -0.0163 0.1023 -0.9946
vn -0.1564 0.3078 -0.9385
vn 0.3017 -0.9284 0.2171
vn -0.2445 -0.2438 -0.9385
vn -0.2794 -0.2028 -0.9385
vn -0.1023 0.0161 -0.9946
vn -0.1680 0.0264 -0.9854
vn -0.1376 0.0999 -0.9854
vn -0.0838 0.0609 -0.9946
vn 0.1066 -0.3280 -0.9386
vn 0.2760 -0.8495 -0.4496
vn 0.0544 -0.3410 -0.9385
vn -0.9643 -0.1515 0.2173
vn -0.7898 -0.5736 0.2173
vn 0.7228 -0.5249 -0.4495
vn 0.8825 -0.1387 -0.4495
vn 0.9824 -0.1542 -0.1057
vn 0.8045 -0.5845 -0.1058
vn 0.1564 -0.3078 -0.9385
vn 0.1540 -0.9639 0.2171
vn 0.3073 -0.9457 -0.1057
vn 0.1651 -0.0259 -0.9859
vn 0.1023 -0.0160 -0.9946
vn 0.0838 -0.0609 -0.9946
vn 0.1353 -0.0983 -0.9859
vn 0.2760 0.8496 -0.4495
vn 0.1067 0.3284 -0.9385
vn -0.3453 -0.0000 -0.9385
vn -0.8932 -0.0000 -0.4496
vn -0.3411 0.0536 -0.9385
vn 0.9643 -0.1515 0.2173
vn 0.7898 -0.5736 0.2173
vn 0.0264 -0.1651 -0.9859
vn -0.0264 -0.1651 -0.9859
vn -0.9944 -0.0000 -0.1058
vn -0.9762 -0.0000 0.2170
vn -0.0757 -0.1490 -0.9859
vn -0.0469 -0.0924 -0.9946
vn -0.0733 -0.0731 -0.9946
vn -0.1184 -0.1180 -0.9859
vn -0.5153 -0.0000 0.8570
vn -0.5124 -0.0779 0.8552
vn -0.2760 0.8496 -0.4495
vn -0.1067 0.3284 -0.9385
vn 0.3073 0.9457 -0.1058
vn -0.1023 -0.0161 -0.9946
vn -0.1652 -0.0259 -0.9859
vn -0.1353 -0.0983 -0.9859
vn -0.0838 -0.0609 -0.9946
vn 0.2794 -0.2028 -0.9385
vn 0.2445 -0.2438 -0.9385
vn 0.0469 0.0923 -0.9946
vn 0.0733 0.0731 -0.9946
vn 0.4169 -0.3029 0.8570
vn -0.1067 -0.3284 -0.9385
vn -0.1563 -0.3078 -0.9385
vn -0.0770 -0.1516 -0.9854
vn -0.1204 -0.1201 -0.9854
vn -0.5130 -0.0806 -0.8546
vn -0.8839 -0.1388 -0.4467
vn -0.7239 -0.5259 -0.4465
vn -0.4203 -0.3053 -0.8545
vn -0.0819 -0.5128 -0.8546
vn -0.1412 -0.8835 -0.4467
vn 0.1412 -0.8835 -0.4467
vn 0.0819 -0.5128 -0.8546
vn -0.3411 -0.0536 -0.9385
vn -0.3016 0.9284 0.2171
vn -0.3073 0.9457 -0.1058
vn 0.5153 -0.0000 0.8570
vn 0.9762 -0.0000 0.2170
vn 0.5124 -0.0779 0.8552
vn 0.3453 -0.0000 -0.9385
vn 0.8933 -0.0000 -0.4496
vn 0.3411 -0.0536 -0.9385
vn -0.0544 -0.3409 -0.9385
vn 0.9944 -0.0000 -0.1057
vn 0.3411 0.0536 -0.9385
vn 0.0770 0.1516 -0.9854
vn 0.1204 0.1201 -0.9854
vn -0.0525 0.1617 -0.9854
vn -0.0320 0.0985 -0.9946
vn -0.1680 -0.0264 -0.9854
vn -0.1376 -0.0999 -0.9854
vn -0.1652 0.0259 -0.9859
vn -0.1353 0.0983 -0.9859
vn 0.0733 -0.0732 -0.9946
vn 0.1204 -0.1201 -0.9854
vn 0.0770 -0.1516 -0.9854
vn 0.0468 -0.0924 -0.9946
vn -0.0517 0.1591 -0.9859
vn -0.1700 -0.0000 -0.9854
vn -0.1036 -0.0000 -0.9946
vn -0.1672 -0.0000 -0.9859
vn 0.1680 -0.0264 -0.9854
vn 0.1376 -0.0999 -0.9854
vn 0.2794 0.2028 -0.9385
vn 0.4203 -0.3054 -0.8545
vn 0.5130 -0.0805 -0.8546
vn -0.0525 -0.1617 -0.9854
vn -0.0320 -0.0985 -0.9946
vn 0.1184 -0.1181 -0.9859
vn 0.0757 -0.1490 -0.9859
vn 0.8060 -0.5855 -0.0863
vn 0.9842 -0.1545 -0.0864
vn 0.9764 -0.1532 -0.1522
vn 0.7996 -0.5809 -0.1522
vn -0.0517 -0.1591 -0.9859
vn 0.0525 -0.1617 -0.9854
vn 0.0320 -0.0985 -0.9946
vn 0.0517 -0.1591 -0.9859
vn 0.8839 -0.1387 -0.4467
vn 0.7239 -0.5259 -0.4465
vn 0.2351 -0.4630 -0.8546
vn 0.3677 -0.3667 -0.8546
vn -0.6999 -0.6978 -0.1523
vn -0.4475 -0.8812 -0.1523
vn -0.4051 -0.7977 -0.4466
vn -0.6336 -0.6317 -0.4467
vn 0.1700 -0.0000 -0.9854
vn 0.1036 -0.0000 -0.9946
vn 0.1673 -0.0000 -0.9859
vn -0.2351 -0.4630 -0.8546
vn -0.3677 -0.3667 -0.8546
vn -0.9764 -0.1533 -0.1523
vn -0.9842 -0.1545 -0.0864
vn -0.8060 -0.5855 -0.0863
vn -0.7996 -0.5809 -0.1522
vn 0.0525 0.1617 -0.9854
vn 0.0320 0.0985 -0.9946
vn -0.7055 -0.7035 -0.0864
vn -0.4511 -0.8883 -0.0864
vn 0.5130 0.0805 -0.8546
vn 0.8839 0.1387 -0.4467
vn 0.7239 0.5259 -0.4465
vn 0.4203 0.3053 -0.8545
vn 0.9764 0.1532 -0.1523
vn 0.7996 0.5809 -0.1523
vn 0.4511 -0.8883 -0.0864
vn 0.7054 -0.7035 -0.0863
vn -0.5130 0.0806 -0.8546
vn -0.4203 0.3053 -0.8545
vn 0.9842 0.1545 -0.0864
vn 0.8060 0.5855 -0.0863
vn -0.4051 0.7977 -0.4467
vn -0.6335 0.6318 -0.4467
vn -0.3677 0.3667 -0.8546
vn -0.2351 0.4630 -0.8546
vn -0.7239 0.5259 -0.4465
vn -0.8839 0.1388 -0.4467
vn -0.1559 -0.9760 -0.1523
vn 0.1559 -0.9760 -0.1523
vn -0.7996 0.5809 -0.1522
vn -0.9764 0.1533 -0.1523
vn -0.1572 -0.9838 -0.0863
vn 0.1572 -0.9838 -0.0863
vn 0.7054 0.7036 -0.0864
vn 0.2765 -0.8510 -0.4466
vn 0.1605 -0.4941 -0.8545
vn 0.3054 -0.9400 -0.1522
vn -0.8060 0.5856 -0.0863
vn -0.9842 0.1545 -0.0864
vn 0.3078 -0.9475 -0.0863
vn -0.8948 -0.0000 -0.4466
vn -0.5195 -0.0000 -0.8545
vn -0.9883 -0.0000 -0.1522
vn -0.4475 0.8812 -0.1523
vn -0.6998 0.6979 -0.1523
vn -0.4511 0.8883 -0.0864
vn -0.7054 0.7035 -0.0864
vn -0.9963 -0.0000 -0.0863
vn -0.2765 0.8510 -0.4465
vn -0.1605 0.4941 -0.8545
vn -0.3054 0.9400 -0.1522
vn -0.3079 0.9475 -0.0863
vn -0.2765 -0.8510 -0.4465
vn -0.1605 -0.4941 -0.8545
vn -0.3054 -0.9400 -0.1522
vn -0.3078 -0.9475 -0.0863
vn 0.8948 -0.0000 -0.4465
vn 0.5195 -0.0000 -0.8545
vn 0.9884 -0.0000 -0.1522
vn 0.9963 -0.0000 -0.0863
vt 0.500000 0.690515
vt 0.453051 0.644496
vt 0.500000 0.500000
vt 0.546949 0.644496
vt 0.388018 0.654130
vt 0.377085 0.589303
vt 0.500000 0.309485
vt 0.563667 0.097350
vt 0.625888 0.112556
vt 0.546949 0.355504
vt 0.960325 0.573211
vt 0.968031 0.575046
vt 0.881382 0.777090
vt 0.876454 0.773510
vt 0.388018 0.345870
vt 0.453051 0.355504
vt 0.377085 0.410697
vt 0.611982 0.345870
vt 0.622915 0.410697
vt 0.676213 0.843841
vt 0.716002 0.921933
vt 0.834534 0.835814
vt 0.772560 0.773841
vt 0.572620 0.960418
vt 0.427380 0.960418
vt 0.428871 0.949544
vt 0.571129 0.949544
vt 0.611982 0.654130
vt 0.546950 0.644496
vt 0.622915 0.589303
vt 0.563667 0.902650
vt 0.436333 0.902650
vt 0.097383 0.563874
vt 0.170420 0.739454
vt 0.314836 0.863173
vt 0.211821 0.788328
vt 0.374112 0.112556
vt 0.436333 0.097350
vt 0.170420 0.260546
vt 0.211821 0.211672
vt 0.039675 0.426789
vt 0.031969 0.424955
vt 0.118618 0.222910
vt 0.123546 0.226490
vt 0.314837 0.136827
vt 0.583572 0.584239
vt 0.582485 0.582799
vt 0.553257 0.604032
vt 0.554291 0.605513
vt 0.829580 0.739454
vt 0.788180 0.788328
vt 0.685164 0.136827
vt 0.788179 0.211672
vt 0.518025 0.613867
vt 0.481975 0.613867
vt 0.481974 0.613927
vt 0.518026 0.613927
vt 0.581827 0.581918
vt 0.581607 0.581593
vt 0.552381 0.602765
vt 0.552623 0.603115
vt 0.790432 0.546354
vt 0.702739 0.532377
vt 0.665496 0.620240
vt 0.737190 0.672329
vt 0.685163 0.863173
vt 0.481963 0.614353
vt 0.518037 0.614353
vt 0.123546 0.773510
vt 0.039675 0.573212
vt 0.050478 0.571269
vt 0.131930 0.767418
vt 0.535714 0.609916
vt 0.535918 0.610544
vt 0.535630 0.609657
vt 0.518062 0.615467
vt 0.481938 0.615467
vt 0.481903 0.617273
vt 0.518097 0.617273
vt 0.170622 0.170199
vt 0.165466 0.164185
vt 0.283998 0.078067
vt 0.288124 0.084829
vt 0.178220 0.178120
vt 0.293310 0.094503
vt 0.711876 0.915171
vt 0.829378 0.829801
vt 0.552347 0.602715
vt 0.535618 0.609621
vt 0.293310 0.905497
vt 0.288124 0.915171
vt 0.170622 0.829801
vt 0.178220 0.821880
vt 0.426743 0.031686
vt 0.573257 0.031686
vt 0.572620 0.039582
vt 0.427380 0.039582
vt 0.118618 0.777090
vt 0.031969 0.575046
vt 0.536194 0.611393
vt 0.356207 0.057452
vt 0.359410 0.067308
vt 0.354325 0.051658
vt 0.428871 0.050456
vt 0.531858 0.297179
vt 0.545664 0.209459
vt 0.454336 0.209459
vt 0.468143 0.297178
vt 0.706690 0.905497
vt 0.821780 0.821880
vt 0.716002 0.078067
vt 0.834534 0.164186
vt 0.829378 0.170199
vt 0.711876 0.084829
vt 0.868070 0.767418
vt 0.625888 0.887444
vt 0.640590 0.932692
vt 0.189527 0.725572
vt 0.165466 0.835815
vt 0.227440 0.773841
vt 0.374112 0.887444
vt 0.283998 0.921933
vt 0.949522 0.571269
vt 0.902617 0.563874
vt 0.554291 0.394589
vt 0.554265 0.394642
vt 0.583918 0.415510
vt 0.586341 0.413749
vt 0.355011 0.645361
vt 0.292282 0.708212
vt 0.366167 0.761893
vt 0.406558 0.682811
vt 0.416428 0.584239
vt 0.445709 0.605513
vt 0.440454 0.881749
vt 0.559546 0.881749
vt 0.545664 0.790541
vt 0.454336 0.790541
vt 0.821780 0.178120
vt 0.706690 0.094503
vt 0.573257 0.968314
vt 0.426743 0.968314
vt 0.617126 0.519028
vt 0.594757 0.568845
vt 0.531858 0.702822
vt 0.468143 0.702822
vt 0.323787 0.843841
vt 0.640590 0.067308
vt 0.227440 0.226159
vt 0.189527 0.274428
vt 0.284091 0.532750
vt 0.205990 0.546354
vt 0.262810 0.672329
vt 0.334504 0.620240
vt 0.618590 0.135017
vt 0.645675 0.051658
vt 0.559546 0.118251
vt 0.050478 0.428731
vt 0.131930 0.232582
vt 0.881382 0.222910
vt 0.968031 0.424955
vt 0.960325 0.426789
vt 0.876454 0.226490
vt 0.676229 0.156147
vt 0.571129 0.050456
vt 0.643793 0.057452
vt 0.617126 0.480972
vt 0.703007 0.467429
vt 0.680015 0.369211
vt 0.634392 0.402358
vt 0.645675 0.948342
vt 0.618590 0.864983
vt 0.115612 0.500000
vt 0.028585 0.500000
vt 0.118088 0.561336
vt 0.949522 0.428731
vt 0.868070 0.232582
vt 0.518097 0.382727
vt 0.481903 0.382727
vt 0.034677 0.500000
vt 0.045041 0.500000
vt 0.445709 0.394487
vt 0.406558 0.317189
vt 0.355011 0.354639
vt 0.416428 0.415761
vt 0.092617 0.500000
vt 0.097383 0.436126
vt 0.354325 0.948342
vt 0.381410 0.864983
vt 0.643793 0.942548
vt 0.284091 0.467251
vt 0.342898 0.477276
vt 0.405243 0.431155
vt 0.334504 0.379760
vt 0.810977 0.274062
vt 0.772922 0.225896
vt 0.593442 0.682812
vt 0.644989 0.645361
vt 0.829580 0.260546
vt 0.381410 0.135017
vt 0.323787 0.156159
vt 0.366167 0.238107
vt 0.292282 0.291788
vt 0.370035 0.480599
vt 0.379452 0.480972
vt 0.405723 0.431816
vt 0.405519 0.431535
vt 0.481938 0.384533
vt 0.481963 0.385647
vt 0.518097 0.385565
vt 0.518097 0.384485
vt 0.118088 0.438664
vt 0.359410 0.932692
vt 0.356207 0.942548
vt 0.907383 0.500000
vt 0.954959 0.500000
vt 0.902617 0.436126
vt 0.883766 0.500000
vt 0.971415 0.500000
vt 0.881481 0.438653
vt 0.440454 0.118251
vt 0.965323 0.500000
vt 0.881465 0.561336
vt 0.633833 0.761893
vt 0.707718 0.708212
vt 0.409402 0.778834
vt 0.436786 0.694553
vt 0.205990 0.453647
vt 0.262810 0.327671
vt 0.342898 0.522724
vt 0.405243 0.568845
vt 0.655425 0.346597
vt 0.710613 0.289685
vt 0.633959 0.238015
vt 0.593710 0.316994
vt 0.463806 0.611393
vt 0.201839 0.500000
vt 0.277489 0.500000
vt 0.333882 0.500000
vt 0.790558 0.453555
vt 0.741217 0.324746
vt 0.810473 0.725572
vt 0.609276 0.420607
vt 0.617072 0.480954
vt 0.409402 0.221166
vt 0.436786 0.305447
vt 0.613741 0.389274
vt 0.554291 0.394487
vt 0.594757 0.431155
vt 0.595260 0.430789
vt 0.463806 0.388607
vt 0.590598 0.221166
vt 0.563214 0.305447
vt 0.536194 0.388607
vt 0.617048 0.480947
vt 0.598784 0.428229
vt 0.554291 0.394546
vt 0.593741 0.407913
vt 0.418337 0.418389
vt 0.447619 0.397235
vt 0.447377 0.396885
vt 0.418096 0.418057
vt 0.793183 0.500000
vt 0.704565 0.500000
vt 0.617126 0.500000
vt 0.446743 0.395968
vt 0.417461 0.417184
vt 0.382446 0.480972
vt 0.382874 0.480972
vt 0.405819 0.431948
vt 0.405807 0.431932
vt 0.590599 0.778834
vt 0.563214 0.694553
vt 0.418372 0.418437
vt 0.447653 0.397285
vt 0.615509 0.518503
vt 0.614873 0.518296
vt 0.593655 0.567982
vt 0.594054 0.568326
vt 0.593746 0.567923
vt 0.554003 0.395006
vt 0.583572 0.415761
vt 0.370035 0.519401
vt 0.405519 0.568465
vt 0.594025 0.568002
vt 0.447377 0.603115
vt 0.418096 0.581943
vt 0.417461 0.582816
vt 0.446743 0.604032
vt 0.405723 0.568184
vt 0.379452 0.519028
vt 0.481974 0.386073
vt 0.518095 0.385978
vt 0.405807 0.568069
vt 0.382446 0.519028
vt 0.481975 0.386133
vt 0.518085 0.386051
vt 0.581609 0.581557
vt 0.536194 0.389423
vt 0.536194 0.389076
vt 0.536182 0.389583
vt 0.405819 0.568052
vt 0.382874 0.519028
vt 0.536098 0.389719
vt 0.377896 0.500000
vt 0.364928 0.500000
vt 0.382252 0.500000
vt 0.447619 0.602765
vt 0.418337 0.581611
vt 0.447653 0.602715
vt 0.418372 0.581563
vt 0.382874 0.500000
vt 0.464286 0.609916
vt 0.464082 0.610544
vt 0.464370 0.609657
vt 0.464382 0.609620
vt 0.464286 0.390084
vt 0.464082 0.389456
vt 0.464370 0.390343
vt 0.464382 0.390380
vt 0.616504 0.499798
vt 0.616699 0.499861
s 1
usemtl WoodenFence_Nails(Material).002
f 1521/878/1160 1522/879/1160 1520/880/1160 1534/881/1160
f 1523/882/1160 1524/883/1160 1520/880/1160 1522/879/1160
f 1528/884/1160 1782/885/1161 1783/886/1162 1529/887/1160
f 1620/888/1163 1621/889/1164 1561/890/1165 1560/891/1166
f 1526/892/1160 1527/893/1160 1520/880/1160 1525/894/1160
f 1528/884/1160 1529/887/1160 1520/880/1160 1527/893/1160
f 1530/895/1160 1531/896/1160 1520/880/1160 1529/887/1160
f 1699/897/1167 1585/898/1168 1564/899/1169 1687/900/1170
f 1590/901/1171 1605/902/1172 1604/903/1173 1589/904/1174
f 1533/905/1160 1534/906/1160 1520/880/1160 1532/907/1160
f 1794/908/1175 1769/909/1176 1521/878/1160
f 1774/910/1177 1524/883/1160 1773/911/1178
f 1523/882/1160 1771/912/1179 1772/913/1180
f 1527/893/1160 1780/914/1181 1781/915/1182 1528/884/1160
f 1525/894/1160 1777/916/1183 1778/917/1184 1526/892/1160
f 1581/918/1185 1582/919/1186 1600/920/1187 1599/921/1188
f 1526/892/1160 1778/917/1184 1779/922/1189
f 1489/923/1190 1715/924/1191 1535/925/1192 1493/926/1193
f 1781/915/1182 1782/885/1161 1528/884/1160
f 1790/927/1194 1791/928/1195 1533/905/1160 1532/907/1160
f 1530/895/1160 1784/929/1196 1785/930/1197
f 1511/931/1198 1502/932/1199 1738/933/1200 1543/934/1201
f 1716/935/1202 1717/936/1203 1537/937/1204 1536/938/1205
f 1677/939/1206 1676/940/1207 1688/941/1208 1689/942/1209
f 1533/905/1160 1791/928/1195 1792/943/1210
f 1543/934/1201 1738/933/1200 1737/944/1211 1542/945/1212
f 1557/946/1213 1575/947/1214 1574/948/1215 1556/949/1216
f 1535/925/1192 1536/938/1205 1539/950/1217 1538/951/1218
f 1536/938/1205 1537/937/1204 1540/952/1219 1539/950/1217
f 1538/951/1218 1539/950/1217 1542/945/1212 1541/953/1220
f 1539/950/1217 1540/952/1219 1543/934/1201 1542/945/1212
f 1541/953/1220 1736/954/1221 1470/955/1222 1491/956/1223
f 1602/957/1224 1603/958/1225 1546/959/1226 1545/960/1227
f 1601/961/1228 1602/957/1224 1545/960/1227 1544/962/1229
f 1564/899/1169 1585/898/1168 1584/963/1230 1563/964/1231
f 1537/937/1204 1509/965/1232 1510/966/1233 1540/952/1219
f 1540/952/1219 1510/966/1233 1511/931/1198 1543/934/1201
f 1542/945/1212 1737/944/1211 1736/954/1221 1541/953/1220
f 1610/967/1234 1611/968/1235 1554/969/1236 1553/970/1237
f 1552/971/1238 1567/972/1239 1566/973/1240 1551/974/1241
f 1558/975/1242 1576/976/1243 1575/947/1214 1557/946/1213
f 1492/977/1244 1538/951/1218 1541/953/1220 1491/956/1223
f 1493/926/1193 1535/925/1192 1538/951/1218 1492/977/1244
f 1544/962/1229 1545/960/1227 1548/978/1245 1547/979/1246
f 1545/960/1227 1546/959/1226 1549/980/1247 1548/978/1245
f 1547/979/1246 1548/978/1245 1551/974/1241 1550/981/1248
f 1548/978/1245 1549/980/1247 1552/971/1238 1551/974/1241
f 1667/982/1249 1668/983/1250 1653/984/1251 1652/985/1252
f 1563/964/1231 1584/963/1230 1583/986/1253 1562/987/1254
f 1573/988/1255 1594/989/1256 1593/990/1257 1572/991/1258
f 1790/927/1194 1559/992/1259 1562/987/1254 1791/928/1195
f 1793/993/1260 1586/994/1261 1589/904/1174 1794/908/1175
f 1633/995/1262 1558/975/1242 1555/996/1263 1636/997/1264
f 1770/998/1265 1771/912/1179 1523/882/1160 1522/879/1160
f 1611/968/1235 1612/999/1266 1555/996/1263 1554/969/1236
f 1619/1000/1267 1620/888/1163 1560/891/1166 1559/992/1259
f 1789/1001/1268 1619/1000/1267 1559/992/1259 1790/927/1194
f 1725/1002/1269 1726/1003/1270 1702/1004/1271 1701/1005/1272
f 1553/970/1237 1554/969/1236 1557/946/1213 1556/949/1216
f 1554/969/1236 1555/996/1263 1558/975/1242 1557/946/1213
f 1634/1006/1273 1635/1007/1274 1623/1008/1275 1622/1009/1276
f 1472/1010/1277 1634/1006/1273 1622/1009/1276 1468/1011/1278
f 1630/1012/1279 1693/1013/1280 1692/1014/1281 1629/1015/1282
f 1572/991/1258 1593/990/1257 1592/1016/1283 1571/1017/1284
f 1591/1018/1285 1606/1019/1286 1605/902/1172 1590/901/1171
f 1772/913/1180 1553/970/1237 1556/949/1216 1773/911/1178
f 1676/940/1207 1486/1020/1287 1490/1021/1288 1688/941/1208
f 1629/1015/1282 1692/1014/1281 1691/1022/1289 1628/1023/1290
f 1635/1007/1274 1636/997/1264 1624/1024/1291 1623/1008/1275
f 1534/881/1160 1793/993/1260 1794/908/1175 1521/878/1160
f 1783/886/1162 1568/1025/1292 1571/1017/1284 1784/929/1196
f 1648/1026/1293 1603/958/1225 1600/920/1187 1651/1027/1294
f 1559/992/1259 1560/891/1166 1563/964/1231 1562/987/1254
f 1560/891/1166 1561/890/1165 1564/899/1169 1563/964/1231
f 1643/1028/1295 1644/1029/1296 1632/1030/1297 1631/1031/1298
f 1666/1032/1299 1570/1033/1300 1567/972/1239 1669/1034/1301
f 1523/882/1160 1772/913/1180 1773/911/1178 1524/883/1160
f 1580/1035/1302 1581/918/1185 1599/921/1188 1598/1036/1303
f 1597/1037/1304 1615/1038/1305 1614/1039/1306 1596/1040/1307
f 1663/1041/1308 1573/988/1255 1570/1033/1300 1666/1032/1299
f 1782/885/1161 1565/1042/1309 1568/1025/1292 1783/886/1162
f 1565/1042/1309 1566/973/1240 1569/1043/1310 1568/1025/1292
f 1566/973/1240 1567/972/1239 1570/1033/1300 1569/1043/1310
f 1568/1025/1292 1569/1043/1310 1572/991/1258 1571/1017/1284
f 1569/1043/1310 1570/1033/1300 1573/988/1255 1572/991/1258
f 1488/1044/1311 1682/1045/1312 1670/1046/1313 1484/1047/1314
f 1693/1013/1280 1591/1018/1285 1588/1048/1315 1696/1049/1316
f 1526/892/1160 1779/922/1189 1780/914/1181 1527/893/1160
f 1642/1050/1317 1579/1051/1318 1576/976/1243 1645/1052/1319
f 1521/878/1160 1769/909/1176 1770/998/1265 1522/879/1160
f 1596/1040/1307 1614/1039/1306 1613/1053/1320 1595/1054/1321
f 1644/1029/1296 1645/1052/1319 1633/995/1262 1632/1030/1297
f 1696/1049/1316 1588/1048/1315 1585/898/1168 1699/897/1167
f 1483/1055/1322 1667/982/1249 1652/985/1252 1478/1056/1323
f 1574/948/1215 1575/947/1214 1578/1057/1324 1577/1058/1325
f 1575/947/1214 1576/976/1243 1579/1051/1318 1578/1057/1324
f 1577/1058/1325 1578/1057/1324 1581/918/1185 1580/1035/1302
f 1578/1057/1324 1579/1051/1318 1582/919/1186 1581/918/1185
f 1480/1059/1326 1658/1060/1327 1646/1061/1328 1476/1062/1329
f 1775/1063/1330 1577/1058/1325 1580/1035/1302 1776/1064/1331
f 1792/943/1210 1583/986/1253 1586/994/1261 1793/993/1260
f 1774/910/1177 1574/948/1215 1577/1058/1325 1775/1063/1330
f 1624/1024/1291 1612/999/1266 1609/1065/1332 1627/1066/1333
f 1583/986/1253 1584/963/1230 1587/1067/1334 1586/994/1261
f 1584/963/1230 1585/898/1168 1588/1048/1315 1587/1067/1334
f 1586/994/1261 1587/1067/1334 1590/901/1171 1589/904/1174
f 1587/1067/1334 1588/1048/1315 1591/1018/1285 1590/901/1171
f 1637/1068/1335 1473/1069/1336 1477/1070/1337 1649/1071/1338
f 1672/1072/1339 1597/1037/1304 1594/989/1256 1675/1073/1340
f 1562/987/1254 1583/986/1253 1792/943/1210 1791/928/1195
f 1630/1012/1279 1606/1019/1286 1591/1018/1285 1693/1013/1280
f 1555/996/1263 1612/999/1266 1624/1024/1291 1636/997/1264
f 1493/926/1193 1697/1074/1341 1685/1075/1342 1489/923/1190
f 1592/1016/1283 1593/990/1257 1596/1040/1307 1595/1054/1321
f 1593/990/1257 1594/989/1256 1597/1037/1304 1596/1040/1307
f 1785/930/1197 1592/1016/1283 1595/1054/1321 1786/1076/1343
f 1657/1077/1344 1549/980/1247 1546/959/1226 1660/1078/1345
f 1777/916/1183 1598/1036/1303 1601/961/1228 1778/917/1184
f 1558/975/1242 1633/995/1262 1645/1052/1319 1576/976/1243
f 1659/1079/1346 1660/1078/1345 1648/1026/1293 1647/1080/1347
f 1733/1081/1348 1734/1082/1349 1707/1083/1350 1706/1084/1351
f 1598/1036/1303 1599/921/1188 1602/957/1224 1601/961/1228
f 1599/921/1188 1600/920/1187 1603/958/1225 1602/957/1224
f 1757/1085/1352 1758/1086/1353 1719/1087/1354 1718/1088/1355
f 1639/1089/1356 1651/1027/1294 1600/920/1187 1582/919/1186
f 1627/1066/1333 1609/1065/1332 1606/1019/1286 1630/1012/1279
f 1532/907/1160 1789/1001/1268 1790/927/1194
f 1770/998/1265 1607/1090/1357 1610/967/1234 1771/912/1179
f 1769/909/1176 1604/903/1173 1607/1090/1357 1770/998/1265
f 1604/903/1173 1605/902/1172 1608/1091/1358 1607/1090/1357
f 1605/902/1172 1606/1019/1286 1609/1065/1332 1608/1091/1358
f 1607/1090/1357 1608/1091/1358 1611/968/1235 1610/967/1234
f 1608/1091/1358 1609/1065/1332 1612/999/1266 1611/968/1235
f 1788/1092/1359 1616/1093/1360 1619/1000/1267 1789/1001/1268
f 1787/1094/1361 1613/1053/1320 1616/1093/1360 1788/1092/1359
f 1681/1095/1362 1618/1096/1363 1615/1038/1305 1684/1097/1364
f 1654/1098/1365 1552/971/1238 1549/980/1247 1657/1077/1344
f 1613/1053/1320 1614/1039/1306 1617/1099/1366 1616/1093/1360
f 1614/1039/1306 1615/1038/1305 1618/1096/1363 1617/1099/1366
f 1616/1093/1360 1617/1099/1366 1620/888/1163 1619/1000/1267
f 1617/1099/1366 1618/1096/1363 1621/889/1164 1620/888/1163
f 1678/1100/1367 1621/889/1164 1618/1096/1363 1681/1095/1362
f 1697/1074/1341 1698/1101/1368 1686/1102/1369 1685/1075/1342
f 1780/914/1181 1547/979/1246 1550/981/1248 1781/915/1182
f 1779/922/1189 1544/962/1229 1547/979/1246 1780/914/1181
f 1622/1009/1276 1623/1008/1275 1626/1103/1370 1625/1104/1371
f 1623/1008/1275 1624/1024/1291 1627/1066/1333 1626/1103/1370
f 1625/1104/1371 1626/1103/1370 1629/1015/1282 1628/1023/1290
f 1626/1103/1370 1627/1066/1333 1630/1012/1279 1629/1015/1282
f 1638/1105/1372 1637/1068/1335 1649/1071/1338 1650/1106/1373
f 1639/1089/1356 1638/1105/1372 1650/1106/1373 1651/1027/1294
f 1546/959/1226 1603/958/1225 1648/1026/1293 1660/1078/1345
f 1475/1107/1374 1643/1028/1295 1631/1031/1298 1471/1108/1375
f 1628/1023/1290 1691/1022/1289 1491/956/1223 1470/955/1222
f 1673/1109/1376 1674/1110/1377 1662/1111/1378 1661/1112/1379
f 1469/1113/1380 1625/1104/1371 1628/1023/1290 1470/955/1222
f 1468/1011/1278 1622/1009/1276 1625/1104/1371 1469/1113/1380
f 1552/971/1238 1654/1098/1365 1669/1034/1301 1567/972/1239
f 1631/1031/1298 1632/1030/1297 1635/1007/1274 1634/1006/1273
f 1632/1030/1297 1633/995/1262 1636/997/1264 1635/1007/1274
f 1658/1060/1327 1659/1079/1346 1647/1080/1347 1646/1061/1328
f 1674/1110/1377 1675/1073/1340 1663/1041/1308 1662/1111/1378
f 1471/1108/1375 1631/1031/1298 1634/1006/1273 1472/1010/1277
f 1637/1068/1335 1638/1105/1372 1641/1114/1381 1640/1115/1382
f 1638/1105/1372 1639/1089/1356 1642/1050/1317 1641/1114/1381
f 1640/1115/1382 1641/1114/1381 1644/1029/1296 1643/1028/1295
f 1641/1114/1381 1642/1050/1317 1645/1052/1319 1644/1029/1296
f 1474/1116/1383 1640/1115/1382 1643/1028/1295 1475/1107/1374
f 1473/1069/1336 1637/1068/1335 1640/1115/1382 1474/1116/1383
f 1646/1061/1328 1647/1080/1347 1650/1106/1373 1649/1071/1338
f 1647/1080/1347 1648/1026/1293 1651/1027/1294 1650/1106/1373
f 1682/1045/1312 1683/1117/1384 1671/1118/1385 1670/1046/1313
f 1683/1117/1384 1684/1097/1364 1672/1072/1339 1671/1118/1385
f 1678/1100/1367 1690/1119/1386 1561/890/1165 1621/889/1164
f 1703/1120/1387 1760/1121/1388 1488/1044/1311 1484/1047/1314
f 1476/1062/1329 1646/1061/1328 1649/1071/1338 1477/1070/1337
f 1652/985/1252 1653/984/1251 1656/1122/1389 1655/1123/1390
f 1653/984/1251 1654/1098/1365 1657/1077/1344 1656/1122/1389
f 1655/1123/1390 1656/1122/1389 1659/1079/1346 1658/1060/1327
f 1656/1122/1389 1657/1077/1344 1660/1078/1345 1659/1079/1346
f 1668/983/1250 1669/1034/1301 1654/1098/1365 1653/984/1251
f 1485/1124/1391 1673/1109/1376 1661/1112/1379 1481/1125/1392
f 1508/1126/1393 1499/1044/1394 1762/1121/1395 1705/1127/1396
f 1479/1128/1397 1655/1123/1390 1658/1060/1327 1480/1059/1326
f 1478/1056/1323 1652/985/1252 1655/1123/1390 1479/1128/1397
f 1661/1112/1379 1662/1111/1378 1665/1129/1398 1664/1130/1399
f 1662/1111/1378 1663/1041/1308 1666/1032/1299 1665/1129/1398
f 1664/1130/1399 1665/1129/1398 1668/983/1250 1667/982/1249
f 1665/1129/1398 1666/1032/1299 1669/1034/1301 1668/983/1250
f 1678/1100/1367 1677/939/1206 1689/942/1209 1690/1119/1386
f 1684/1097/1364 1615/1038/1305 1597/1037/1304 1672/1072/1339
f 1675/1073/1340 1594/989/1256 1573/988/1255 1663/1041/1308
f 1482/1131/1400 1664/1130/1399 1667/982/1249 1483/1055/1322
f 1481/1125/1392 1661/1112/1379 1664/1130/1399 1482/1131/1400
f 1761/1132/1401 1760/1121/1388 1703/1120/1387 1704/1133/1402
f 1481/1125/1392 1724/1134/1403 1700/1135/1404 1485/1124/1391
f 1670/1046/1313 1671/1118/1385 1674/1110/1377 1673/1109/1376
f 1671/1118/1385 1672/1072/1339 1675/1073/1340 1674/1110/1377
f 1711/1136/1405 1753/1137/1406 1752/1138/1407 1710/1139/1408
f 1484/1047/1314 1670/1046/1313 1673/1109/1376 1485/1124/1391
f 1676/940/1207 1677/939/1206 1680/1140/1409 1679/1141/1410
f 1677/939/1206 1678/1100/1367 1681/1095/1362 1680/1140/1409
f 1679/1141/1410 1680/1140/1409 1683/1117/1384 1682/1045/1312
f 1680/1140/1409 1681/1095/1362 1684/1097/1364 1683/1117/1384
f 1487/1142/1411 1679/1141/1410 1682/1045/1312 1488/1044/1311
f 1486/1020/1287 1676/940/1207 1679/1141/1410 1487/1142/1411
f 1685/1075/1342 1686/1102/1369 1689/942/1209 1688/941/1208
f 1686/1102/1369 1687/900/1170 1690/1119/1386 1689/942/1209
f 1544/962/1229 1779/922/1189 1778/917/1184 1601/961/1228
f 1698/1101/1368 1699/897/1167 1687/900/1170 1686/1102/1369
f 1724/1134/1403 1725/1002/1269 1701/1005/1272 1700/1135/1404
f 1710/1139/1408 1752/1138/1407 1751/1143/1412 1709/1144/1413
f 1735/1145/1414 1514/1146/1415 1505/1147/1416 1708/1148/1417
f 1489/923/1190 1685/1075/1342 1688/941/1208 1490/1021/1288
f 1691/1022/1289 1692/1014/1281 1695/1149/1418 1694/1150/1419
f 1692/1014/1281 1693/1013/1280 1696/1049/1316 1695/1149/1418
f 1694/1150/1419 1695/1149/1418 1698/1101/1368 1697/1074/1341
f 1695/1149/1418 1696/1049/1316 1699/897/1167 1698/1101/1368
f 1492/977/1244 1694/1150/1419 1697/1074/1341 1493/926/1193
f 1491/956/1223 1691/1022/1289 1694/1150/1419 1492/977/1244
f 1506/1151/1420 1496/1152/1421 1753/1137/1406 1711/1136/1405
f 1734/1082/1349 1735/1145/1414 1708/1148/1417 1707/1083/1350
f 1709/1144/1413 1751/1143/1412 1480/1059/1326 1476/1062/1329
f 1478/1056/1323 1757/1085/1352 1718/1088/1355 1483/1055/1322
f 1700/1135/1404 1701/1005/1272 1704/1133/1402 1703/1120/1387
f 1701/1005/1272 1702/1004/1271 1705/1127/1396 1704/1133/1402
f 1766/1153/1422 1767/1154/1423 1713/1155/1424 1712/1156/1425
f 1762/1121/1395 1761/1132/1401 1704/1133/1402 1705/1127/1396
f 1767/1154/1423 1768/1153/1426 1714/1157/1427 1713/1155/1424
f 1726/1003/1270 1517/1158/1428 1507/1159/1429 1702/1004/1271
f 1473/1069/1336 1733/1081/1348 1706/1084/1351 1477/1070/1337
f 1702/1004/1271 1507/1159/1429 1508/1126/1393 1705/1127/1396
f 1727/1160/1430 1475/1107/1374 1471/1108/1375 1748/1161/1431
f 1768/1153/1426 1501/1020/1432 1518/1162/1433 1714/1157/1427
f 1485/1124/1391 1700/1135/1404 1703/1120/1387 1484/1047/1314
f 1743/1163/1434 1746/1164/1435 1745/1165/1436 1742/1166/1437
f 1706/1084/1351 1707/1083/1350 1710/1139/1408 1709/1144/1413
f 1707/1083/1350 1708/1148/1417 1711/1136/1405 1710/1139/1408
f 1727/1160/1430 1748/1161/1431 1749/1167/1438 1728/1168/1439
f 1708/1148/1417 1505/1147/1416 1506/1151/1420 1711/1136/1405
f 1758/1086/1353 1759/1169/1440 1720/1170/1441 1719/1087/1354
f 1486/1020/1287 1766/1153/1422 1712/1156/1425 1490/1021/1288
f 1750/1171/1442 1729/1172/1443 1728/1168/1439 1749/1167/1438
f 1759/1169/1440 1498/1173/1444 1515/1174/1445 1720/1170/1441
f 1477/1070/1337 1706/1084/1351 1709/1144/1413 1476/1062/1329
f 1712/1156/1425 1713/1155/1424 1716/935/1202 1715/924/1191
f 1713/1155/1424 1714/1157/1427 1717/936/1203 1716/935/1202
f 1714/1157/1427 1518/1162/1433 1519/1175/1446 1717/936/1203
f 1490/1021/1288 1712/1156/1425 1715/924/1191 1489/923/1190
f 1718/1088/1355 1719/1087/1354 1722/1176/1447 1721/1177/1448
f 1719/1087/1354 1720/1170/1441 1723/1178/1449 1722/1176/1447
f 1721/1177/1448 1722/1176/1447 1725/1002/1269 1724/1134/1403
f 1722/1176/1447 1723/1178/1449 1726/1003/1270 1725/1002/1269
f 1598/1036/1303 1777/916/1183 1776/1064/1331 1580/1035/1302
f 1729/1172/1443 1750/1171/1442 1495/1179/1450 1512/1180/1451
f 1550/981/1248 1565/1042/1309 1782/885/1161 1781/915/1182
f 1556/949/1216 1574/948/1215 1774/910/1177 1773/911/1178
f 1720/1170/1441 1515/1174/1445 1516/1181/1452 1723/1178/1449
f 1723/1178/1449 1516/1181/1452 1517/1158/1428 1726/1003/1270
f 1482/1131/1400 1721/1177/1448 1724/1134/1403 1481/1125/1392
f 1483/1055/1322 1718/1088/1355 1721/1177/1448 1482/1131/1400
f 1727/1160/1430 1728/1168/1439 1731/1182/1453 1730/1183/1454
f 1728/1168/1439 1729/1172/1443 1732/1184/1455 1731/1182/1453
f 1730/1183/1454 1731/1182/1453 1734/1082/1349 1733/1081/1348
f 1731/1182/1453 1732/1184/1455 1735/1145/1414 1734/1082/1349
f 1744/1185/1456 1747/1186/1457 1746/1164/1435 1743/1163/1434
f 1504/1187/1458 1494/1188/1459 1747/1186/1457 1744/1185/1456
f 1742/1166/1437 1745/1165/1436 1472/1010/1277 1468/1011/1278
f 1729/1172/1443 1512/1180/1451 1513/1189/1460 1732/1184/1455
f 1732/1184/1455 1513/1189/1460 1514/1146/1415 1735/1145/1414
f 1474/1116/1383 1730/1183/1454 1733/1081/1348 1473/1069/1336
f 1475/1107/1374 1727/1160/1430 1730/1183/1454 1474/1116/1383
f 1736/954/1221 1737/944/1211 1740/1190/1461 1739/1191/1462
f 1737/944/1211 1738/933/1200 1741/1192/1463 1740/1190/1461
f 1739/1191/1462 1740/1190/1461 1743/1163/1434 1742/1166/1437
f 1740/1190/1461 1741/1192/1463 1744/1185/1456 1743/1163/1434
f 1738/933/1200 1502/932/1199 1503/1193/1464 1741/1192/1463
f 1741/1192/1463 1503/1193/1464 1504/1187/1458 1744/1185/1456
f 1776/1064/1331 1777/916/1183 1525/894/1160
f 1771/912/1179 1610/967/1234 1553/970/1237 1772/913/1180
f 1589/904/1174 1604/903/1173 1769/909/1176 1794/908/1175
f 1571/1017/1284 1592/1016/1283 1785/930/1197 1784/929/1196
f 1469/1113/1380 1739/1191/1462 1742/1166/1437 1468/1011/1278
f 1470/955/1222 1736/954/1221 1739/1191/1462 1469/1113/1380
f 1745/1165/1436 1746/1164/1435 1749/1167/1438 1748/1161/1431
f 1746/1164/1435 1747/1186/1457 1750/1171/1442 1749/1167/1438
f 1747/1186/1457 1494/1188/1459 1495/1179/1450 1750/1171/1442
f 1472/1010/1277 1745/1165/1436 1748/1161/1431 1471/1108/1375
f 1751/1143/1412 1752/1138/1407 1755/1194/1465 1754/1195/1466
f 1752/1138/1407 1753/1137/1406 1756/1196/1467 1755/1194/1465
f 1754/1195/1466 1755/1194/1465 1758/1086/1353 1757/1085/1352
f 1755/1194/1465 1756/1196/1467 1759/1169/1440 1758/1086/1353
f 1753/1137/1406 1496/1152/1421 1497/1197/1468 1756/1196/1467
f 1756/1196/1467 1497/1197/1468 1498/1173/1444 1759/1169/1440
f 1479/1128/1397 1754/1195/1466 1757/1085/1352 1478/1056/1323
f 1480/1059/1326 1751/1143/1412 1754/1195/1466 1479/1128/1397
f 1760/1121/1388 1761/1132/1401 1764/1198/1469 1763/1199/1470
f 1761/1132/1401 1762/1121/1395 1765/1199/1471 1764/1198/1469
f 1763/1199/1470 1764/1198/1469 1767/1154/1423 1766/1153/1422
f 1764/1198/1469 1765/1199/1471 1768/1153/1426 1767/1154/1423
f 1762/1121/1395 1499/1044/1394 1500/1142/1472 1765/1199/1471
f 1765/1199/1471 1500/1142/1472 1501/1020/1432 1768/1153/1426
f 1487/1142/1411 1763/1199/1470 1766/1153/1422 1486/1020/1287
f 1488/1044/1311 1760/1121/1388 1763/1199/1470 1487/1142/1411
f 1776/1064/1331 1525/894/1160 1520/880/1160 1775/1063/1330
f 1520/880/1160 1531/896/1160 1787/1094/1361 1788/1092/1359
f 1529/887/1160 1783/886/1162 1784/929/1196 1530/895/1160
f 1687/900/1170 1564/899/1169 1561/890/1165 1690/1119/1386
f 1520/880/1160 1524/883/1160 1774/910/1177 1775/1063/1330
f 1595/1054/1321 1613/1053/1320 1787/1094/1361 1786/1076/1343
f 1787/1094/1361 1531/896/1160 1786/1076/1343
f 1551/974/1241 1566/973/1240 1565/1042/1309 1550/981/1248
f 1530/895/1160 1785/930/1197 1786/1076/1343 1531/896/1160
f 1715/924/1191 1716/935/1202 1536/938/1205 1535/925/1192
f 1533/905/1160 1792/943/1210 1793/993/1260 1534/906/1160
f 1639/1089/1356 1582/919/1186 1579/1051/1318 1642/1050/1317
f 1532/907/1160 1520/880/1160 1788/1092/1359 1789/1001/1268
f 1717/936/1203 1519/1175/1446 1509/965/1232 1537/937/1204
o H_Fence_Empty_Nails.003
v -1.285791 2.384086 0.291348
v -1.280519 2.386263 0.291348
v -1.274975 2.387601 0.291348
v -1.298681 2.373068 0.291348
v -1.294981 2.377409 0.291348
v -1.305176 2.346032 0.291348
v -1.305618 2.351718 0.291348
v -1.305176 2.357404 0.291348
v -1.294981 2.326027 0.291348
v -1.298681 2.330368 0.291348
v -1.274975 2.315835 0.291348
v -1.280519 2.317173 0.291348
v -1.285791 2.319349 0.291348
v -1.252799 2.319349 0.291348
v -1.258071 2.317173 0.291348
v -1.263615 2.315835 0.291348
v -1.239910 2.330368 0.291348
v -1.243608 2.326027 0.291348
v -1.233413 2.357404 0.291348
v -1.232973 2.351718 0.291348
v -1.233413 2.346032 0.291348
v -1.243608 2.377409 0.291348
v -1.239910 2.373068 0.291348
v -1.263615 2.387601 0.291348
v -1.258071 2.386263 0.291348
v -1.252799 2.384086 0.291348
v -1.284258 2.366684 0.256868
v -1.286412 2.364155 0.256868
v -1.278905 2.332862 0.256868
v -1.275834 2.331594 0.256868
v -1.272604 2.330815 0.256868
v -1.248393 2.348405 0.256868
v -1.248136 2.351718 0.256868
v -1.248393 2.355030 0.256868
v -1.272604 2.372621 0.256868
v -1.275834 2.371841 0.256868
v -1.278905 2.370574 0.256868
v -1.286412 2.339281 0.256868
v -1.284258 2.336752 0.256868
v -1.254332 2.336752 0.256868
v -1.252177 2.339281 0.256868
v -1.259686 2.370574 0.256868
v -1.262757 2.371841 0.256868
v -1.265985 2.372621 0.256868
v -1.290197 2.355030 0.256868
v -1.290454 2.351718 0.256868
v -1.290197 2.348405 0.256868
v -1.265985 2.330815 0.256868
v -1.262757 2.331594 0.256868
v -1.259686 2.332862 0.256868
v -1.252177 2.364155 0.256868
v -1.254332 2.366684 0.256868
v -1.269295 2.351718 0.351417
v -1.269295 2.391634 0.351417
v -1.279132 2.381993 0.351417
v -1.292758 2.384011 0.351417
v -1.295048 2.370429 0.351417
v -1.295048 2.333007 0.351417
v -1.292758 2.319425 0.351417
v -1.279132 2.321443 0.351417
v -1.269295 2.311801 0.351417
v -1.259458 2.321443 0.351417
v -1.245833 2.319425 0.351417
v -1.243541 2.333007 0.351417
v -1.243541 2.370429 0.351417
v -1.245833 2.384011 0.351417
v -1.259458 2.381993 0.351417
v -1.256108 2.377594 0.289489
v -1.257953 2.373974 0.284690
v -1.258942 2.372032 0.274600
v -1.260322 2.379333 0.289489
v -1.261578 2.375470 0.284690
v -1.262251 2.373398 0.274600
v -1.264754 2.380403 0.289489
v -1.265390 2.376390 0.284690
v -1.265730 2.374238 0.274600
v -1.312484 2.266972 0.332830
v -1.312754 2.266444 0.322166
v -1.311418 2.269065 0.311501
v -1.298681 2.261275 0.332830
v -1.298865 2.260711 0.322166
v -1.297956 2.263508 0.311501
v -1.284167 2.257771 0.332830
v -1.284260 2.257185 0.322166
v -1.283800 2.260092 0.311501
v -1.336547 2.418981 0.332830
v -1.336966 2.419400 0.322166
v -1.334886 2.417320 0.311501
v -1.346231 2.407615 0.332830
v -1.346711 2.407963 0.322166
v -1.344331 2.406234 0.311501
v -1.192360 2.407615 0.332830
v -1.191880 2.407963 0.322166
v -1.194260 2.406234 0.311501
v -1.202043 2.418981 0.332830
v -1.201624 2.419400 0.322166
v -1.203704 2.417320 0.311501
v -1.254424 2.257771 0.332830
v -1.254331 2.257185 0.322166
v -1.254791 2.260091 0.311501
v -1.239908 2.261275 0.332830
v -1.239725 2.260711 0.322166
v -1.240633 2.263508 0.311501
v -1.226106 2.266972 0.332830
v -1.225837 2.266444 0.322166
v -1.227173 2.269065 0.311501
v -1.363239 2.366605 0.332830
v -1.363825 2.366698 0.322166
v -1.360919 2.366238 0.311501
v -1.364393 2.351718 0.332830
v -1.364986 2.351718 0.322166
v -1.362044 2.351718 0.311501
v -1.363239 2.336831 0.332830
v -1.363825 2.336738 0.322166
v -1.360919 2.337198 0.311501
v -1.226106 2.436464 0.332830
v -1.225837 2.436992 0.322166
v -1.227173 2.434371 0.311501
v -1.239908 2.442161 0.332830
v -1.239725 2.442725 0.322166
v -1.240633 2.439927 0.311501
v -1.254424 2.445664 0.332830
v -1.254331 2.446250 0.322166
v -1.254791 2.443344 0.311501
v -1.202044 2.284455 0.332830
v -1.201624 2.284035 0.322166
v -1.203704 2.286116 0.311501
v -1.192360 2.295821 0.332830
v -1.191880 2.295472 0.322166
v -1.194260 2.297202 0.311501
v -1.346231 2.295821 0.332830
v -1.346709 2.295472 0.322166
v -1.344331 2.297201 0.311501
v -1.336547 2.284455 0.332830
v -1.336966 2.284035 0.322166
v -1.334886 2.286116 0.311501
v -1.284167 2.445664 0.332830
v -1.284260 2.446250 0.322166
v -1.283800 2.443344 0.311501
v -1.298681 2.442161 0.332830
v -1.298865 2.442725 0.322166
v -1.297956 2.439927 0.311501
v -1.312484 2.436464 0.332830
v -1.312754 2.436992 0.322166
v -1.311418 2.434371 0.311501
v -1.175351 2.336831 0.332830
v -1.174765 2.336738 0.322166
v -1.177670 2.337198 0.311501
v -1.174198 2.351718 0.332830
v -1.173604 2.351718 0.322166
v -1.176546 2.351718 0.311501
v -1.175351 2.366605 0.332830
v -1.174765 2.366698 0.322166
v -1.177670 2.366237 0.311501
v -1.290898 2.394107 0.292406
v -1.297035 2.406149 0.293937
v -1.303159 2.418168 0.297003
v -1.283993 2.396957 0.292406
v -1.288170 2.409809 0.293937
v -1.292338 2.422635 0.297003
v -1.276734 2.398709 0.292406
v -1.278847 2.412059 0.293937
v -1.280956 2.425382 0.297003
v -1.307778 2.379677 0.292406
v -1.318710 2.387620 0.293937
v -1.329621 2.395547 0.297003
v -1.302934 2.385362 0.292406
v -1.312490 2.394920 0.293937
v -1.322028 2.404459 0.297003
v -1.316285 2.344271 0.292406
v -1.329635 2.342156 0.293937
v -1.342957 2.340044 0.297003
v -1.316862 2.351718 0.292406
v -1.330376 2.351718 0.293937
v -1.343862 2.351718 0.297003
v -1.316285 2.359164 0.292406
v -1.329635 2.361280 0.293937
v -1.342957 2.363391 0.297003
v -1.302934 2.318074 0.292406
v -1.312490 2.308516 0.293937
v -1.322028 2.298976 0.297003
v -1.307778 2.323759 0.292406
v -1.318710 2.315816 0.293937
v -1.329621 2.307889 0.297003
v -1.276734 2.304727 0.292406
v -1.278847 2.291377 0.293937
v -1.280956 2.278054 0.297003
v -1.283993 2.306479 0.292406
v -1.288170 2.293627 0.293937
v -1.292338 2.280801 0.297003
v -1.290898 2.309329 0.292406
v -1.297035 2.297287 0.293937
v -1.303159 2.285268 0.297003
v -1.247693 2.309329 0.292406
v -1.241554 2.297287 0.293937
v -1.235430 2.285268 0.297003
v -1.254596 2.306479 0.292406
v -1.250420 2.293627 0.293937
v -1.246253 2.280801 0.297003
v -1.261857 2.304727 0.292406
v -1.259742 2.291377 0.293937
v -1.257634 2.278053 0.297003
v -1.230813 2.323759 0.292406
v -1.219880 2.315816 0.293937
v -1.208969 2.307889 0.297003
v -1.235656 2.318074 0.292406
v -1.226099 2.308515 0.293937
v -1.216562 2.298976 0.297003
v -1.222305 2.359164 0.292406
v -1.208956 2.361280 0.293937
v -1.195632 2.363391 0.297003
v -1.221728 2.351718 0.292406
v -1.208215 2.351718 0.293937
v -1.194728 2.351718 0.297003
v -1.222305 2.344271 0.292406
v -1.208956 2.342156 0.293937
v -1.195632 2.340044 0.297003
v -1.235656 2.385362 0.292406
v -1.226099 2.394920 0.293937
v -1.216563 2.404459 0.297003
v -1.230813 2.379677 0.292406
v -1.219880 2.387620 0.293937
v -1.208969 2.395547 0.297003
v -1.261857 2.398709 0.292406
v -1.259742 2.412059 0.293937
v -1.257634 2.425382 0.297003
v -1.254596 2.396957 0.292406
v -1.250420 2.409809 0.293937
v -1.246253 2.422635 0.297003
v -1.247693 2.394107 0.292406
v -1.241554 2.406149 0.293937
v -1.235430 2.418168 0.297003
v -1.248761 2.331180 0.289489
v -1.251633 2.334053 0.284690
v -1.253174 2.335594 0.274600
v -1.245804 2.334651 0.289489
v -1.249089 2.337038 0.284690
v -1.250853 2.338319 0.274600
v -1.292786 2.334651 0.289489
v -1.289500 2.337038 0.284690
v -1.287737 2.338319 0.274600
v -1.289829 2.331180 0.289489
v -1.286957 2.334053 0.284690
v -1.285416 2.335594 0.274600
v -1.245804 2.368785 0.289489
v -1.249089 2.366398 0.284690
v -1.250853 2.365117 0.274600
v -1.248761 2.372256 0.289489
v -1.251633 2.369383 0.284690
v -1.253174 2.367841 0.274600
v -1.264754 2.323033 0.289489
v -1.265390 2.327045 0.284690
v -1.265730 2.329198 0.274600
v -1.260322 2.324102 0.289489
v -1.261578 2.327965 0.284690
v -1.262251 2.330038 0.274600
v -1.256108 2.325842 0.289489
v -1.257953 2.329462 0.284690
v -1.258942 2.331403 0.274600
v -1.297980 2.356263 0.289489
v -1.293967 2.355628 0.284690
v -1.291814 2.355286 0.274600
v -1.298331 2.351718 0.289489
v -1.294270 2.351718 0.284690
v -1.292091 2.351718 0.274600
v -1.297980 2.347172 0.289489
v -1.293967 2.347808 0.284690
v -1.291814 2.348149 0.274600
v -1.273836 2.380403 0.289489
v -1.273201 2.376390 0.284690
v -1.272860 2.374238 0.274600
v -1.278268 2.379333 0.289489
v -1.277013 2.375470 0.284690
v -1.276340 2.373398 0.274600
v -1.282482 2.377594 0.289489
v -1.280638 2.373974 0.284690
v -1.279648 2.372032 0.274600
v -1.289829 2.372256 0.289489
v -1.286957 2.369383 0.284690
v -1.285416 2.367841 0.274600
v -1.292786 2.368785 0.289489
v -1.289500 2.366398 0.284690
v -1.287737 2.365117 0.274600
v -1.282482 2.325842 0.289489
v -1.280638 2.329462 0.284690
v -1.279648 2.331403 0.274600
v -1.278268 2.324102 0.289489
v -1.277013 2.327965 0.284690
v -1.276340 2.330038 0.274600
v -1.273836 2.323033 0.289489
v -1.273201 2.327045 0.284690
v -1.272860 2.329198 0.274600
v -1.240611 2.347172 0.289489
v -1.244624 2.347808 0.284690
v -1.246776 2.348149 0.274600
v -1.240259 2.351718 0.289489
v -1.244321 2.351718 0.284690
v -1.246500 2.351718 0.274600
v -1.240611 2.356264 0.289489
v -1.244624 2.355628 0.284690
v -1.246776 2.355287 0.274600
v -1.282634 2.436081 0.347304
v -1.295671 2.432895 0.347304
v -1.308091 2.427810 0.347304
v -1.329674 2.412128 0.347304
v -1.338349 2.401888 0.347304
v -1.353651 2.365101 0.347304
v -1.354650 2.351718 0.347304
v -1.353652 2.338335 0.347304
v -1.338349 2.301548 0.347304
v -1.329674 2.291307 0.347304
v -1.308091 2.275626 0.347304
v -1.295671 2.270541 0.347304
v -1.282634 2.267355 0.347304
v -1.255956 2.267355 0.347304
v -1.242918 2.270541 0.347304
v -1.230500 2.275626 0.347304
v -1.208915 2.291307 0.347304
v -1.200242 2.301548 0.347304
v -1.184939 2.338335 0.347304
v -1.183939 2.351718 0.347304
v -1.184939 2.365101 0.347304
v -1.200242 2.401888 0.347304
v -1.208915 2.412128 0.347304
v -1.230500 2.427810 0.347304
v -1.242918 2.432895 0.347304
v -1.255956 2.436081 0.347304
vn -0.0000 -0.0000 1.0000
vn 0.0842 -0.5114 0.8552
vn 0.1592 -0.4901 0.8570
vn 0.9824 0.1542 -0.1057
vn 0.8824 0.1387 -0.4495
vn 0.7228 0.5249 -0.4495
vn 0.8045 0.5844 -0.1058
vn 0.1564 0.3078 -0.9385
vn 0.4045 0.7965 -0.4494
vn 0.6326 0.6309 -0.4492
vn 0.2444 0.2438 -0.9385
vn 0.1569 0.9819 -0.1057
vn -0.1569 0.9819 -0.1058
vn -0.1539 0.9639 0.2173
vn 0.1540 0.9639 0.2171
vn 0.0842 0.5114 0.8552
vn -0.0842 0.5114 0.8552
vn -0.5124 0.0779 0.8552
vn -0.4169 0.3029 0.8570
vn -0.2325 0.4632 0.8552
vn -0.3687 0.3642 0.8552
vn -0.1592 -0.4901 0.8570
vn -0.0842 -0.5114 0.8552
vn -0.4169 -0.3029 0.8570
vn -0.3687 -0.3642 0.8552
vn -0.9824 -0.1542 -0.1058
vn -0.8825 -0.1387 -0.4495
vn -0.7228 -0.5249 -0.4494
vn -0.8045 -0.5845 -0.1057
vn -0.2325 -0.4632 0.8552
vn 0.1184 0.1181 -0.9859
vn 0.3677 0.3667 -0.8546
vn 0.2351 0.4630 -0.8546
vn 0.0757 0.1491 -0.9859
vn 0.4169 0.3029 0.8570
vn 0.3687 0.3642 0.8552
vn 0.2324 -0.4633 0.8552
vn 0.3688 -0.3642 0.8552
vn 0.1572 0.9838 -0.0864
vn -0.1572 0.9838 -0.0864
vn -0.1559 0.9760 -0.1523
vn 0.1560 0.9760 -0.1522
vn 0.6335 0.6318 -0.4467
vn 0.6998 0.6979 -0.1523
vn 0.4475 0.8812 -0.1523
vn 0.4050 0.7978 -0.4467
vn 0.1680 0.0264 -0.9854
vn 0.1023 0.0160 -0.9946
vn 0.0838 0.0609 -0.9946
vn 0.1376 0.0999 -0.9854
vn 0.2324 0.4633 0.8552
vn -0.1412 0.8835 -0.4467
vn 0.1412 0.8835 -0.4467
vn -0.8045 0.5845 -0.1058
vn -0.9824 0.1542 -0.1058
vn -0.9643 0.1516 0.2173
vn -0.7898 0.5736 0.2172
vn 0.2765 0.8510 -0.4465
vn 0.1605 0.4941 -0.8545
vn 0.3054 0.9400 -0.1522
vn 0.0820 0.5128 -0.8546
vn -0.0820 0.5128 -0.8546
vn -0.0264 0.1651 -0.9859
vn 0.0264 0.1651 -0.9859
vn -0.7041 -0.7022 -0.1058
vn -0.6324 -0.6308 -0.4495
vn -0.4045 -0.7964 -0.4495
vn -0.4502 -0.8866 -0.1058
vn -0.6912 -0.6893 0.2171
vn -0.4415 -0.8706 0.2172
vn 0.4502 0.8866 -0.1058
vn 0.7041 0.7022 -0.1058
vn 0.4511 0.8883 -0.0864
vn 0.3079 0.9475 -0.0863
vn -0.4420 0.8703 0.2173
vn -0.4502 0.8866 -0.1058
vn -0.7041 0.7022 -0.1058
vn -0.6912 0.6893 0.2171
vn -0.1408 -0.8821 -0.4496
vn 0.1409 -0.8821 -0.4495
vn 0.1569 -0.9819 -0.1057
vn -0.1569 -0.9819 -0.1058
vn -0.7228 0.5249 -0.4495
vn -0.8825 0.1387 -0.4495
vn 0.0517 0.1591 -0.9859
vn -0.3073 -0.9457 -0.1058
vn -0.3017 -0.9284 0.2171
vn -0.2760 -0.8496 -0.4494
vn -0.1540 -0.9639 0.2171
vn 0.0163 -0.1023 -0.9946
vn 0.0268 -0.1679 -0.9854
vn -0.0268 -0.1679 -0.9854
vn -0.0163 -0.1023 -0.9946
vn 0.4420 0.8704 0.2171
vn 0.6912 0.6893 0.2171
vn 0.4045 -0.7964 -0.4495
vn 0.6325 -0.6309 -0.4493
vn 0.7041 -0.7022 -0.1057
vn 0.4502 -0.8866 -0.1058
vn 0.7898 0.5736 0.2172
vn 0.1592 0.4901 0.8570
vn 0.3016 0.9284 0.2170
vn -0.2794 0.2028 -0.9385
vn -0.6326 0.6309 -0.4493
vn -0.2445 0.2438 -0.9385
vn -0.1592 0.4901 0.8570
vn -0.4045 0.7964 -0.4495
vn 0.9643 0.1515 0.2173
vn 0.5124 0.0779 0.8552
vn 0.4051 -0.7977 -0.4467
vn 0.4475 -0.8812 -0.1522
vn 0.6998 -0.6979 -0.1523
vn 0.6335 -0.6318 -0.4467
vn -0.0733 0.0731 -0.9946
vn -0.1204 0.1201 -0.9854
vn -0.0770 0.1516 -0.9854
vn -0.0469 0.0924 -0.9946
vn -0.1184 0.1181 -0.9859
vn -0.0757 0.1491 -0.9859
vn -0.0544 0.3409 -0.9385
vn 0.0544 0.3409 -0.9385
vn 0.0269 0.1679 -0.9854
vn -0.0269 0.1679 -0.9854
vn 0.6911 -0.6893 0.2173
vn 0.4420 -0.8703 0.2171
vn 0.1409 0.8821 -0.4495
vn -0.1408 0.8821 -0.4495
vn 0.1651 0.0259 -0.9859
vn 0.1353 0.0983 -0.9859
vn 0.0163 0.1023 -0.9946
vn -0.0163 0.1023 -0.9946
vn -0.1564 0.3078 -0.9385
vn 0.3017 -0.9284 0.2171
vn -0.2445 -0.2438 -0.9385
vn -0.2794 -0.2028 -0.9385
vn -0.1023 0.0161 -0.9946
vn -0.1680 0.0264 -0.9854
vn -0.1376 0.0999 -0.9854
vn -0.0838 0.0609 -0.9946
vn 0.1066 -0.3280 -0.9386
vn 0.2760 -0.8495 -0.4496
vn 0.0544 -0.3410 -0.9385
vn -0.9643 -0.1515 0.2173
vn -0.7898 -0.5736 0.2173
vn 0.7228 -0.5249 -0.4495
vn 0.8825 -0.1387 -0.4495
vn 0.9824 -0.1542 -0.1057
vn 0.8045 -0.5845 -0.1058
vn 0.1564 -0.3078 -0.9385
vn 0.1540 -0.9639 0.2171
vn 0.3073 -0.9457 -0.1057
vn 0.1651 -0.0259 -0.9859
vn 0.1023 -0.0160 -0.9946
vn 0.0838 -0.0609 -0.9946
vn 0.1353 -0.0983 -0.9859
vn 0.2760 0.8496 -0.4495
vn 0.1067 0.3284 -0.9385
vn -0.3453 -0.0000 -0.9385
vn -0.8932 -0.0000 -0.4496
vn -0.3411 0.0536 -0.9385
vn 0.9643 -0.1515 0.2173
vn 0.7898 -0.5736 0.2173
vn 0.0264 -0.1651 -0.9859
vn -0.0264 -0.1651 -0.9859
vn -0.9944 -0.0000 -0.1058
vn -0.9762 -0.0000 0.2170
vn -0.0757 -0.1490 -0.9859
vn -0.0469 -0.0924 -0.9946
vn -0.0733 -0.0731 -0.9946
vn -0.1184 -0.1180 -0.9859
vn -0.5153 -0.0000 0.8570
vn -0.5124 -0.0779 0.8552
vn -0.2760 0.8496 -0.4495
vn -0.1067 0.3284 -0.9385
vn 0.3073 0.9457 -0.1058
vn -0.1023 -0.0161 -0.9946
vn -0.1652 -0.0259 -0.9859
vn -0.1353 -0.0983 -0.9859
vn -0.0838 -0.0609 -0.9946
vn 0.2794 -0.2028 -0.9385
vn 0.2445 -0.2438 -0.9385
vn 0.0469 0.0923 -0.9946
vn 0.0733 0.0731 -0.9946
vn 0.4169 -0.3029 0.8570
vn -0.1067 -0.3284 -0.9385
vn -0.1563 -0.3078 -0.9385
vn -0.0770 -0.1516 -0.9854
vn -0.1204 -0.1201 -0.9854
vn -0.5130 -0.0806 -0.8546
vn -0.8839 -0.1388 -0.4467
vn -0.7239 -0.5259 -0.4465
vn -0.4203 -0.3053 -0.8545
vn -0.0819 -0.5128 -0.8546
vn -0.1412 -0.8835 -0.4467
vn 0.1412 -0.8835 -0.4467
vn 0.0819 -0.5128 -0.8546
vn -0.3411 -0.0536 -0.9385
vn -0.3016 0.9284 0.2171
vn -0.3073 0.9457 -0.1058
vn 0.5153 -0.0000 0.8570
vn 0.9762 -0.0000 0.2170
vn 0.5124 -0.0779 0.8552
vn 0.3453 -0.0000 -0.9385
vn 0.8933 -0.0000 -0.4496
vn 0.3411 -0.0536 -0.9385
vn -0.0544 -0.3409 -0.9385
vn 0.9944 -0.0000 -0.1057
vn 0.3411 0.0536 -0.9385
vn 0.0770 0.1516 -0.9854
vn 0.1204 0.1201 -0.9854
vn -0.0525 0.1617 -0.9854
vn -0.0320 0.0985 -0.9946
vn -0.1680 -0.0264 -0.9854
vn -0.1376 -0.0999 -0.9854
vn -0.1652 0.0259 -0.9859
vn -0.1353 0.0983 -0.9859
vn 0.0733 -0.0732 -0.9946
vn 0.1204 -0.1201 -0.9854
vn 0.0770 -0.1516 -0.9854
vn 0.0468 -0.0924 -0.9946
vn -0.0517 0.1591 -0.9859
vn -0.1700 -0.0000 -0.9854
vn -0.1036 -0.0000 -0.9946
vn -0.1672 -0.0000 -0.9859
vn 0.1680 -0.0264 -0.9854
vn 0.1376 -0.0999 -0.9854
vn 0.2794 0.2028 -0.9385
vn 0.4203 -0.3054 -0.8545
vn 0.5130 -0.0805 -0.8546
vn -0.0525 -0.1617 -0.9854
vn -0.0320 -0.0985 -0.9946
vn 0.1184 -0.1181 -0.9859
vn 0.0757 -0.1490 -0.9859
vn 0.8060 -0.5855 -0.0863
vn 0.9842 -0.1545 -0.0864
vn 0.9764 -0.1532 -0.1522
vn 0.7996 -0.5809 -0.1522
vn -0.0517 -0.1591 -0.9859
vn 0.0525 -0.1617 -0.9854
vn 0.0320 -0.0985 -0.9946
vn 0.0517 -0.1591 -0.9859
vn 0.8839 -0.1387 -0.4467
vn 0.7239 -0.5259 -0.4465
vn 0.2351 -0.4630 -0.8546
vn 0.3677 -0.3667 -0.8546
vn -0.6999 -0.6978 -0.1523
vn -0.4475 -0.8812 -0.1523
vn -0.4051 -0.7977 -0.4466
vn -0.6336 -0.6317 -0.4467
vn 0.1700 -0.0000 -0.9854
vn 0.1036 -0.0000 -0.9946
vn 0.1673 -0.0000 -0.9859
vn -0.2351 -0.4630 -0.8546
vn -0.3677 -0.3667 -0.8546
vn -0.9764 -0.1533 -0.1523
vn -0.9842 -0.1545 -0.0864
vn -0.8060 -0.5855 -0.0863
vn -0.7996 -0.5809 -0.1522
vn 0.0525 0.1617 -0.9854
vn 0.0320 0.0985 -0.9946
vn -0.7055 -0.7035 -0.0864
vn -0.4511 -0.8883 -0.0864
vn 0.5130 0.0805 -0.8546
vn 0.8839 0.1387 -0.4467
vn 0.7239 0.5259 -0.4465
vn 0.4203 0.3053 -0.8545
vn 0.9764 0.1532 -0.1523
vn 0.7996 0.5809 -0.1523
vn 0.4511 -0.8883 -0.0864
vn 0.7054 -0.7035 -0.0863
vn -0.5130 0.0806 -0.8546
vn -0.4203 0.3053 -0.8545
vn 0.9842 0.1545 -0.0864
vn 0.8060 0.5855 -0.0863
vn -0.4051 0.7977 -0.4467
vn -0.6335 0.6318 -0.4467
vn -0.3677 0.3667 -0.8546
vn -0.2351 0.4630 -0.8546
vn -0.7239 0.5259 -0.4465
vn -0.8839 0.1388 -0.4467
vn -0.1559 -0.9760 -0.1523
vn 0.1559 -0.9760 -0.1523
vn -0.7996 0.5809 -0.1522
vn -0.9764 0.1533 -0.1523
vn -0.1572 -0.9838 -0.0863
vn 0.1572 -0.9838 -0.0863
vn 0.7054 0.7036 -0.0864
vn 0.2765 -0.8510 -0.4466
vn 0.1605 -0.4941 -0.8545
vn 0.3054 -0.9400 -0.1522
vn -0.8060 0.5856 -0.0863
vn -0.9842 0.1545 -0.0864
vn 0.3078 -0.9475 -0.0863
vn -0.8948 -0.0000 -0.4466
vn -0.5195 -0.0000 -0.8545
vn -0.9883 -0.0000 -0.1522
vn -0.4475 0.8812 -0.1523
vn -0.6998 0.6979 -0.1523
vn -0.4511 0.8883 -0.0864
vn -0.7054 0.7035 -0.0864
vn -0.9963 -0.0000 -0.0863
vn -0.2765 0.8510 -0.4465
vn -0.1605 0.4941 -0.8545
vn -0.3054 0.9400 -0.1522
vn -0.3079 0.9475 -0.0863
vn -0.2765 -0.8510 -0.4465
vn -0.1605 -0.4941 -0.8545
vn -0.3054 -0.9400 -0.1522
vn -0.3078 -0.9475 -0.0863
vn 0.8948 -0.0000 -0.4465
vn 0.5195 -0.0000 -0.8545
vn 0.9884 -0.0000 -0.1522
vn 0.9963 -0.0000 -0.0863
vt 0.500000 0.690515
vt 0.453051 0.644496
vt 0.500000 0.500000
vt 0.546949 0.644496
vt 0.388018 0.654130
vt 0.377085 0.589303
vt 0.500000 0.309485
vt 0.563667 0.097350
vt 0.625888 0.112556
vt 0.546949 0.355504
vt 0.960325 0.573211
vt 0.968031 0.575046
vt 0.881382 0.777090
vt 0.876454 0.773510
vt 0.388018 0.345870
vt 0.453051 0.355504
vt 0.377085 0.410697
vt 0.611982 0.345870
vt 0.622915 0.410697
vt 0.676213 0.843841
vt 0.716002 0.921933
vt 0.834534 0.835814
vt 0.772560 0.773841
vt 0.572620 0.960418
vt 0.427380 0.960418
vt 0.428871 0.949544
vt 0.571129 0.949544
vt 0.611982 0.654130
vt 0.546950 0.644496
vt 0.622915 0.589303
vt 0.563667 0.902650
vt 0.436333 0.902650
vt 0.097383 0.563874
vt 0.170420 0.739454
vt 0.314836 0.863173
vt 0.211821 0.788328
vt 0.374112 0.112556
vt 0.436333 0.097350
vt 0.170420 0.260546
vt 0.211821 0.211672
vt 0.039675 0.426789
vt 0.031969 0.424955
vt 0.118618 0.222910
vt 0.123546 0.226490
vt 0.314837 0.136827
vt 0.583572 0.584239
vt 0.582485 0.582799
vt 0.553257 0.604032
vt 0.554291 0.605513
vt 0.829580 0.739454
vt 0.788180 0.788328
vt 0.685164 0.136827
vt 0.788179 0.211672
vt 0.518025 0.613867
vt 0.481975 0.613867
vt 0.481974 0.613927
vt 0.518026 0.613927
vt 0.581827 0.581918
vt 0.581607 0.581593
vt 0.552381 0.602765
vt 0.552623 0.603115
vt 0.790432 0.546354
vt 0.702739 0.532377
vt 0.665496 0.620240
vt 0.737190 0.672329
vt 0.685163 0.863173
vt 0.481963 0.614353
vt 0.518037 0.614353
vt 0.123546 0.773510
vt 0.039675 0.573212
vt 0.050478 0.571269
vt 0.131930 0.767418
vt 0.535714 0.609916
vt 0.535918 0.610544
vt 0.535630 0.609657
vt 0.518062 0.615467
vt 0.481938 0.615467
vt 0.481903 0.617273
vt 0.518097 0.617273
vt 0.170622 0.170199
vt 0.165466 0.164185
vt 0.283998 0.078067
vt 0.288124 0.084829
vt 0.178220 0.178120
vt 0.293310 0.094503
vt 0.711876 0.915171
vt 0.829378 0.829801
vt 0.552347 0.602715
vt 0.535618 0.609621
vt 0.293310 0.905497
vt 0.288124 0.915171
vt 0.170622 0.829801
vt 0.178220 0.821880
vt 0.426743 0.031686
vt 0.573257 0.031686
vt 0.572620 0.039582
vt 0.427380 0.039582
vt 0.118618 0.777090
vt 0.031969 0.575046
vt 0.536194 0.611393
vt 0.356207 0.057452
vt 0.359410 0.067308
vt 0.354325 0.051658
vt 0.428871 0.050456
vt 0.531858 0.297179
vt 0.545664 0.209459
vt 0.454336 0.209459
vt 0.468143 0.297178
vt 0.706690 0.905497
vt 0.821780 0.821880
vt 0.716002 0.078067
vt 0.834534 0.164186
vt 0.829378 0.170199
vt 0.711876 0.084829
vt 0.868070 0.767418
vt 0.625888 0.887444
vt 0.640590 0.932692
vt 0.189527 0.725572
vt 0.165466 0.835815
vt 0.227440 0.773841
vt 0.374112 0.887444
vt 0.283998 0.921933
vt 0.949522 0.571269
vt 0.902617 0.563874
vt 0.554291 0.394589
vt 0.554265 0.394642
vt 0.583918 0.415510
vt 0.586341 0.413749
vt 0.355011 0.645361
vt 0.292282 0.708212
vt 0.366167 0.761893
vt 0.406558 0.682811
vt 0.416428 0.584239
vt 0.445709 0.605513
vt 0.440454 0.881749
vt 0.559546 0.881749
vt 0.545664 0.790541
vt 0.454336 0.790541
vt 0.821780 0.178120
vt 0.706690 0.094503
vt 0.573257 0.968314
vt 0.426743 0.968314
vt 0.617126 0.519028
vt 0.594757 0.568845
vt 0.531858 0.702822
vt 0.468143 0.702822
vt 0.323787 0.843841
vt 0.640590 0.067308
vt 0.227440 0.226159
vt 0.189527 0.274428
vt 0.284091 0.532750
vt 0.205990 0.546354
vt 0.262810 0.672329
vt 0.334504 0.620240
vt 0.618590 0.135017
vt 0.645675 0.051658
vt 0.559546 0.118251
vt 0.050478 0.428731
vt 0.131930 0.232582
vt 0.881382 0.222910
vt 0.968031 0.424955
vt 0.960325 0.426789
vt 0.876454 0.226490
vt 0.676229 0.156147
vt 0.571129 0.050456
vt 0.643793 0.057452
vt 0.617126 0.480972
vt 0.703007 0.467429
vt 0.680015 0.369211
vt 0.634392 0.402358
vt 0.645675 0.948342
vt 0.618590 0.864983
vt 0.115612 0.500000
vt 0.028585 0.500000
vt 0.118088 0.561336
vt 0.949522 0.428731
vt 0.868070 0.232582
vt 0.518097 0.382727
vt 0.481903 0.382727
vt 0.034677 0.500000
vt 0.045041 0.500000
vt 0.445709 0.394487
vt 0.406558 0.317189
vt 0.355011 0.354639
vt 0.416428 0.415761
vt 0.092617 0.500000
vt 0.097383 0.436126
vt 0.354325 0.948342
vt 0.381410 0.864983
vt 0.643793 0.942548
vt 0.284091 0.467251
vt 0.342898 0.477276
vt 0.405243 0.431155
vt 0.334504 0.379760
vt 0.810977 0.274062
vt 0.772922 0.225896
vt 0.593442 0.682812
vt 0.644989 0.645361
vt 0.829580 0.260546
vt 0.381410 0.135017
vt 0.323787 0.156159
vt 0.366167 0.238107
vt 0.292282 0.291788
vt 0.370035 0.480599
vt 0.379452 0.480972
vt 0.405723 0.431816
vt 0.405519 0.431535
vt 0.481938 0.384533
vt 0.481963 0.385647
vt 0.518097 0.385565
vt 0.518097 0.384485
vt 0.118088 0.438664
vt 0.359410 0.932692
vt 0.356207 0.942548
vt 0.907383 0.500000
vt 0.954959 0.500000
vt 0.902617 0.436126
vt 0.883766 0.500000
vt 0.971415 0.500000
vt 0.881481 0.438653
vt 0.440454 0.118251
vt 0.965323 0.500000
vt 0.881465 0.561336
vt 0.633833 0.761893
vt 0.707718 0.708212
vt 0.409402 0.778834
vt 0.436786 0.694553
vt 0.205990 0.453647
vt 0.262810 0.327671
vt 0.342898 0.522724
vt 0.405243 0.568845
vt 0.655425 0.346597
vt 0.710613 0.289685
vt 0.633959 0.238015
vt 0.593710 0.316994
vt 0.463806 0.611393
vt 0.201839 0.500000
vt 0.277489 0.500000
vt 0.333882 0.500000
vt 0.790558 0.453555
vt 0.741217 0.324746
vt 0.810473 0.725572
vt 0.609276 0.420607
vt 0.617072 0.480954
vt 0.409402 0.221166
vt 0.436786 0.305447
vt 0.613741 0.389274
vt 0.554291 0.394487
vt 0.594757 0.431155
vt 0.595260 0.430789
vt 0.463806 0.388607
vt 0.590598 0.221166
vt 0.563214 0.305447
vt 0.536194 0.388607
vt 0.617048 0.480947
vt 0.598784 0.428229
vt 0.554291 0.394546
vt 0.593741 0.407913
vt 0.418337 0.418389
vt 0.447619 0.397235
vt 0.447377 0.396885
vt 0.418096 0.418057
vt 0.793183 0.500000
vt 0.704565 0.500000
vt 0.617126 0.500000
vt 0.446743 0.395968
vt 0.417461 0.417184
vt 0.382446 0.480972
vt 0.382874 0.480972
vt 0.405819 0.431948
vt 0.405807 0.431932
vt 0.590599 0.778834
vt 0.563214 0.694553
vt 0.418372 0.418437
vt 0.447653 0.397285
vt 0.615509 0.518503
vt 0.614873 0.518296
vt 0.593655 0.567982
vt 0.594054 0.568326
vt 0.593746 0.567923
vt 0.554003 0.395006
vt 0.583572 0.415761
vt 0.370035 0.519401
vt 0.405519 0.568465
vt 0.594025 0.568002
vt 0.447377 0.603115
vt 0.418096 0.581943
vt 0.417461 0.582816
vt 0.446743 0.604032
vt 0.405723 0.568184
vt 0.379452 0.519028
vt 0.481974 0.386073
vt 0.518095 0.385978
vt 0.405807 0.568069
vt 0.382446 0.519028
vt 0.481975 0.386133
vt 0.518085 0.386051
vt 0.581609 0.581557
vt 0.536194 0.389423
vt 0.536194 0.389076
vt 0.536182 0.389583
vt 0.405819 0.568052
vt 0.382874 0.519028
vt 0.536098 0.389719
vt 0.377896 0.500000
vt 0.364928 0.500000
vt 0.382252 0.500000
vt 0.447619 0.602765
vt 0.418337 0.581611
vt 0.447653 0.602715
vt 0.418372 0.581563
vt 0.382874 0.500000
vt 0.464286 0.609916
vt 0.464082 0.610544
vt 0.464370 0.609657
vt 0.464382 0.609620
vt 0.464286 0.390084
vt 0.464082 0.389456
vt 0.464370 0.390343
vt 0.464382 0.390380
vt 0.616504 0.499798
vt 0.616699 0.499861
s 1
usemtl WoodenFence_Nails(Material).002
f 1848/1200/1473 1849/1201/1473 1847/1202/1473 1861/1203/1473
f 1850/1204/1473 1851/1205/1473 1847/1202/1473 1849/1201/1473
f 1855/1206/1473 2109/1207/1474 2110/1208/1475 1856/1209/1473
f 1947/1210/1476 1948/1211/1477 1888/1212/1478 1887/1213/1479
f 1853/1214/1473 1854/1215/1473 1847/1202/1473 1852/1216/1473
f 1855/1206/1473 1856/1209/1473 1847/1202/1473 1854/1215/1473
f 1857/1217/1473 1858/1218/1473 1847/1202/1473 1856/1209/1473
f 2026/1219/1480 1912/1220/1481 1891/1221/1482 2014/1222/1483
f 1917/1223/1484 1932/1224/1485 1931/1225/1486 1916/1226/1487
f 1860/1227/1473 1861/1228/1473 1847/1202/1473 1859/1229/1473
f 2121/1230/1488 2096/1231/1489 1848/1200/1473
f 2101/1232/1490 1851/1205/1473 2100/1233/1491
f 1850/1204/1473 2098/1234/1492 2099/1235/1493
f 1854/1215/1473 2107/1236/1494 2108/1237/1495 1855/1206/1473
f 1852/1216/1473 2104/1238/1496 2105/1239/1497 1853/1214/1473
f 1908/1240/1498 1909/1241/1499 1927/1242/1500 1926/1243/1501
f 1853/1214/1473 2105/1239/1497 2106/1244/1502
f 1816/1245/1503 2042/1246/1504 1862/1247/1505 1820/1248/1506
f 2108/1237/1495 2109/1207/1474 1855/1206/1473
f 2117/1249/1507 2118/1250/1508 1860/1227/1473 1859/1229/1473
f 1857/1217/1473 2111/1251/1509 2112/1252/1510
f 1838/1253/1511 1829/1254/1512 2065/1255/1513 1870/1256/1514
f 2043/1257/1515 2044/1258/1516 1864/1259/1517 1863/1260/1518
f 2004/1261/1519 2003/1262/1520 2015/1263/1521 2016/1264/1522
f 1860/1227/1473 2118/1250/1508 2119/1265/1523
f 1870/1256/1514 2065/1255/1513 2064/1266/1524 1869/1267/1525
f 1884/1268/1526 1902/1269/1527 1901/1270/1528 1883/1271/1529
f 1862/1247/1505 1863/1260/1518 1866/1272/1530 1865/1273/1531
f 1863/1260/1518 1864/1259/1517 1867/1274/1532 1866/1272/1530
f 1865/1273/1531 1866/1272/1530 1869/1267/1525 1868/1275/1533
f 1866/1272/1530 1867/1274/1532 1870/1256/1514 1869/1267/1525
f 1868/1275/1533 2063/1276/1534 1797/1277/1535 1818/1278/1536
f 1929/1279/1537 1930/1280/1538 1873/1281/1539 1872/1282/1540
f 1928/1283/1541 1929/1279/1537 1872/1282/1540 1871/1284/1542
f 1891/1221/1482 1912/1220/1481 1911/1285/1543 1890/1286/1544
f 1864/1259/1517 1836/1287/1545 1837/1288/1546 1867/1274/1532
f 1867/1274/1532 1837/1288/1546 1838/1253/1511 1870/1256/1514
f 1869/1267/1525 2064/1266/1524 2063/1276/1534 1868/1275/1533
f 1937/1289/1547 1938/1290/1548 1881/1291/1549 1880/1292/1550
f 1879/1293/1551 1894/1294/1552 1893/1295/1553 1878/1296/1554
f 1885/1297/1555 1903/1298/1556 1902/1269/1527 1884/1268/1526
f 1819/1299/1557 1865/1273/1531 1868/1275/1533 1818/1278/1536
f 1820/1248/1506 1862/1247/1505 1865/1273/1531 1819/1299/1557
f 1871/1284/1542 1872/1282/1540 1875/1300/1558 1874/1301/1559
f 1872/1282/1540 1873/1281/1539 1876/1302/1560 1875/1300/1558
f 1874/1301/1559 1875/1300/1558 1878/1296/1554 1877/1303/1561
f 1875/1300/1558 1876/1302/1560 1879/1293/1551 1878/1296/1554
f 1994/1304/1562 1995/1305/1563 1980/1306/1564 1979/1307/1565
f 1890/1286/1544 1911/1285/1543 1910/1308/1566 1889/1309/1567
f 1900/1310/1568 1921/1311/1569 1920/1312/1570 1899/1313/1571
f 2117/1249/1507 1886/1314/1572 1889/1309/1567 2118/1250/1508
f 2120/1315/1573 1913/1316/1574 1916/1226/1487 2121/1230/1488
f 1960/1317/1575 1885/1297/1555 1882/1318/1576 1963/1319/1577
f 2097/1320/1578 2098/1234/1492 1850/1204/1473 1849/1201/1473
f 1938/1290/1548 1939/1321/1579 1882/1318/1576 1881/1291/1549
f 1946/1322/1580 1947/1210/1476 1887/1213/1479 1886/1314/1572
f 2116/1323/1581 1946/1322/1580 1886/1314/1572 2117/1249/1507
f 2052/1324/1582 2053/1325/1583 2029/1326/1584 2028/1327/1585
f 1880/1292/1550 1881/1291/1549 1884/1268/1526 1883/1271/1529
f 1881/1291/1549 1882/1318/1576 1885/1297/1555 1884/1268/1526
f 1961/1328/1586 1962/1329/1587 1950/1330/1588 1949/1331/1589
f 1799/1332/1590 1961/1328/1586 1949/1331/1589 1795/1333/1591
f 1957/1334/1592 2020/1335/1593 2019/1336/1594 1956/1337/1595
f 1899/1313/1571 1920/1312/1570 1919/1338/1596 1898/1339/1597
f 1918/1340/1598 1933/1341/1599 1932/1224/1485 1917/1223/1484
f 2099/1235/1493 1880/1292/1550 1883/1271/1529 2100/1233/1491
f 2003/1262/1520 1813/1342/1600 1817/1343/1601 2015/1263/1521
f 1956/1337/1595 2019/1336/1594 2018/1344/1602 1955/1345/1603
f 1962/1329/1587 1963/1319/1577 1951/1346/1604 1950/1330/1588
f 1861/1203/1473 2120/1315/1573 2121/1230/1488 1848/1200/1473
f 2110/1208/1475 1895/1347/1605 1898/1339/1597 2111/1251/1509
f 1975/1348/1606 1930/1280/1538 1927/1242/1500 1978/1349/1607
f 1886/1314/1572 1887/1213/1479 1890/1286/1544 1889/1309/1567
f 1887/1213/1479 1888/1212/1478 1891/1221/1482 1890/1286/1544
f 1970/1350/1608 1971/1351/1609 1959/1352/1610 1958/1353/1611
f 1993/1354/1612 1897/1355/1613 1894/1294/1552 1996/1356/1614
f 1850/1204/1473 2099/1235/1493 2100/1233/1491 1851/1205/1473
f 1907/1357/1615 1908/1240/1498 1926/1243/1501 1925/1358/1616
f 1924/1359/1617 1942/1360/1618 1941/1361/1619 1923/1362/1620
f 1990/1363/1621 1900/1310/1568 1897/1355/1613 1993/1354/1612
f 2109/1207/1474 1892/1364/1622 1895/1347/1605 2110/1208/1475
f 1892/1364/1622 1893/1295/1553 1896/1365/1623 1895/1347/1605
f 1893/1295/1553 1894/1294/1552 1897/1355/1613 1896/1365/1623
f 1895/1347/1605 1896/1365/1623 1899/1313/1571 1898/1339/1597
f 1896/1365/1623 1897/1355/1613 1900/1310/1568 1899/1313/1571
f 1815/1366/1624 2009/1367/1625 1997/1368/1626 1811/1369/1627
f 2020/1335/1593 1918/1340/1598 1915/1370/1628 2023/1371/1629
f 1853/1214/1473 2106/1244/1502 2107/1236/1494 1854/1215/1473
f 1969/1372/1630 1906/1373/1631 1903/1298/1556 1972/1374/1632
f 1848/1200/1473 2096/1231/1489 2097/1320/1578 1849/1201/1473
f 1923/1362/1620 1941/1361/1619 1940/1375/1633 1922/1376/1634
f 1971/1351/1609 1972/1374/1632 1960/1317/1575 1959/1352/1610
f 2023/1371/1629 1915/1370/1628 1912/1220/1481 2026/1219/1480
f 1810/1377/1635 1994/1304/1562 1979/1307/1565 1805/1378/1636
f 1901/1270/1528 1902/1269/1527 1905/1379/1637 1904/1380/1638
f 1902/1269/1527 1903/1298/1556 1906/1373/1631 1905/1379/1637
f 1904/1380/1638 1905/1379/1637 1908/1240/1498 1907/1357/1615
f 1905/1379/1637 1906/1373/1631 1909/1241/1499 1908/1240/1498
f 1807/1381/1639 1985/1382/1640 1973/1383/1641 1803/1384/1642
f 2102/1385/1643 1904/1380/1638 1907/1357/1615 2103/1386/1644
f 2119/1265/1523 1910/1308/1566 1913/1316/1574 2120/1315/1573
f 2101/1232/1490 1901/1270/1528 1904/1380/1638 2102/1385/1643
f 1951/1346/1604 1939/1321/1579 1936/1387/1645 1954/1388/1646
f 1910/1308/1566 1911/1285/1543 1914/1389/1647 1913/1316/1574
f 1911/1285/1543 1912/1220/1481 1915/1370/1628 1914/1389/1647
f 1913/1316/1574 1914/1389/1647 1917/1223/1484 1916/1226/1487
f 1914/1389/1647 1915/1370/1628 1918/1340/1598 1917/1223/1484
f 1964/1390/1648 1800/1391/1649 1804/1392/1650 1976/1393/1651
f 1999/1394/1652 1924/1359/1617 1921/1311/1569 2002/1395/1653
f 1889/1309/1567 1910/1308/1566 2119/1265/1523 2118/1250/1508
f 1957/1334/1592 1933/1341/1599 1918/1340/1598 2020/1335/1593
f 1882/1318/1576 1939/1321/1579 1951/1346/1604 1963/1319/1577
f 1820/1248/1506 2024/1396/1654 2012/1397/1655 1816/1245/1503
f 1919/1338/1596 1920/1312/1570 1923/1362/1620 1922/1376/1634
f 1920/1312/1570 1921/1311/1569 1924/1359/1617 1923/1362/1620
f 2112/1252/1510 1919/1338/1596 1922/1376/1634 2113/1398/1656
f 1984/1399/1657 1876/1302/1560 1873/1281/1539 1987/1400/1658
f 2104/1238/1496 1925/1358/1616 1928/1283/1541 2105/1239/1497
f 1885/1297/1555 1960/1317/1575 1972/1374/1632 1903/1298/1556
f 1986/1401/1659 1987/1400/1658 1975/1348/1606 1974/1402/1660
f 2060/1403/1661 2061/1404/1662 2034/1405/1663 2033/1406/1664
f 1925/1358/1616 1926/1243/1501 1929/1279/1537 1928/1283/1541
f 1926/1243/1501 1927/1242/1500 1930/1280/1538 1929/1279/1537
f 2084/1407/1665 2085/1408/1666 2046/1409/1667 2045/1410/1668
f 1966/1411/1669 1978/1349/1607 1927/1242/1500 1909/1241/1499
f 1954/1388/1646 1936/1387/1645 1933/1341/1599 1957/1334/1592
f 1859/1229/1473 2116/1323/1581 2117/1249/1507
f 2097/1320/1578 1934/1412/1670 1937/1289/1547 2098/1234/1492
f 2096/1231/1489 1931/1225/1486 1934/1412/1670 2097/1320/1578
f 1931/1225/1486 1932/1224/1485 1935/1413/1671 1934/1412/1670
f 1932/1224/1485 1933/1341/1599 1936/1387/1645 1935/1413/1671
f 1934/1412/1670 1935/1413/1671 1938/1290/1548 1937/1289/1547
f 1935/1413/1671 1936/1387/1645 1939/1321/1579 1938/1290/1548
f 2115/1414/1672 1943/1415/1673 1946/1322/1580 2116/1323/1581
f 2114/1416/1674 1940/1375/1633 1943/1415/1673 2115/1414/1672
f 2008/1417/1675 1945/1418/1676 1942/1360/1618 2011/1419/1677
f 1981/1420/1678 1879/1293/1551 1876/1302/1560 1984/1399/1657
f 1940/1375/1633 1941/1361/1619 1944/1421/1679 1943/1415/1673
f 1941/1361/1619 1942/1360/1618 1945/1418/1676 1944/1421/1679
f 1943/1415/1673 1944/1421/1679 1947/1210/1476 1946/1322/1580
f 1944/1421/1679 1945/1418/1676 1948/1211/1477 1947/1210/1476
f 2005/1422/1680 1948/1211/1477 1945/1418/1676 2008/1417/1675
f 2024/1396/1654 2025/1423/1681 2013/1424/1682 2012/1397/1655
f 2107/1236/1494 1874/1301/1559 1877/1303/1561 2108/1237/1495
f 2106/1244/1502 1871/1284/1542 1874/1301/1559 2107/1236/1494
f 1949/1331/1589 1950/1330/1588 1953/1425/1683 1952/1426/1684
f 1950/1330/1588 1951/1346/1604 1954/1388/1646 1953/1425/1683
f 1952/1426/1684 1953/1425/1683 1956/1337/1595 1955/1345/1603
f 1953/1425/1683 1954/1388/1646 1957/1334/1592 1956/1337/1595
f 1965/1427/1685 1964/1390/1648 1976/1393/1651 1977/1428/1686
f 1966/1411/1669 1965/1427/1685 1977/1428/1686 1978/1349/1607
f 1873/1281/1539 1930/1280/1538 1975/1348/1606 1987/1400/1658
f 1802/1429/1687 1970/1350/1608 1958/1353/1611 1798/1430/1688
f 1955/1345/1603 2018/1344/1602 1818/1278/1536 1797/1277/1535
f 2000/1431/1689 2001/1432/1690 1989/1433/1691 1988/1434/1692
f 1796/1435/1693 1952/1426/1684 1955/1345/1603 1797/1277/1535
f 1795/1333/1591 1949/1331/1589 1952/1426/1684 1796/1435/1693
f 1879/1293/1551 1981/1420/1678 1996/1356/1614 1894/1294/1552
f 1958/1353/1611 1959/1352/1610 1962/1329/1587 1961/1328/1586
f 1959/1352/1610 1960/1317/1575 1963/1319/1577 1962/1329/1587
f 1985/1382/1640 1986/1401/1659 1974/1402/1660 1973/1383/1641
f 2001/1432/1690 2002/1395/1653 1990/1363/1621 1989/1433/1691
f 1798/1430/1688 1958/1353/1611 1961/1328/1586 1799/1332/1590
f 1964/1390/1648 1965/1427/1685 1968/1436/1694 1967/1437/1695
f 1965/1427/1685 1966/1411/1669 1969/1372/1630 1968/1436/1694
f 1967/1437/1695 1968/1436/1694 1971/1351/1609 1970/1350/1608
f 1968/1436/1694 1969/1372/1630 1972/1374/1632 1971/1351/1609
f 1801/1438/1696 1967/1437/1695 1970/1350/1608 1802/1429/1687
f 1800/1391/1649 1964/1390/1648 1967/1437/1695 1801/1438/1696
f 1973/1383/1641 1974/1402/1660 1977/1428/1686 1976/1393/1651
f 1974/1402/1660 1975/1348/1606 1978/1349/1607 1977/1428/1686
f 2009/1367/1625 2010/1439/1697 1998/1440/1698 1997/1368/1626
f 2010/1439/1697 2011/1419/1677 1999/1394/1652 1998/1440/1698
f 2005/1422/1680 2017/1441/1699 1888/1212/1478 1948/1211/1477
f 2030/1442/1700 2087/1443/1701 1815/1366/1624 1811/1369/1627
f 1803/1384/1642 1973/1383/1641 1976/1393/1651 1804/1392/1650
f 1979/1307/1565 1980/1306/1564 1983/1444/1702 1982/1445/1703
f 1980/1306/1564 1981/1420/1678 1984/1399/1657 1983/1444/1702
f 1982/1445/1703 1983/1444/1702 1986/1401/1659 1985/1382/1640
f 1983/1444/1702 1984/1399/1657 1987/1400/1658 1986/1401/1659
f 1995/1305/1563 1996/1356/1614 1981/1420/1678 1980/1306/1564
f 1812/1446/1704 2000/1431/1689 1988/1434/1692 1808/1447/1705
f 1835/1448/1706 1826/1366/1707 2089/1443/1708 2032/1449/1709
f 1806/1450/1710 1982/1445/1703 1985/1382/1640 1807/1381/1639
f 1805/1378/1636 1979/1307/1565 1982/1445/1703 1806/1450/1710
f 1988/1434/1692 1989/1433/1691 1992/1451/1711 1991/1452/1712
f 1989/1433/1691 1990/1363/1621 1993/1354/1612 1992/1451/1711
f 1991/1452/1712 1992/1451/1711 1995/1305/1563 1994/1304/1562
f 1992/1451/1711 1993/1354/1612 1996/1356/1614 1995/1305/1563
f 2005/1422/1680 2004/1261/1519 2016/1264/1522 2017/1441/1699
f 2011/1419/1677 1942/1360/1618 1924/1359/1617 1999/1394/1652
f 2002/1395/1653 1921/1311/1569 1900/1310/1568 1990/1363/1621
f 1809/1453/1713 1991/1452/1712 1994/1304/1562 1810/1377/1635
f 1808/1447/1705 1988/1434/1692 1991/1452/1712 1809/1453/1713
f 2088/1454/1714 2087/1443/1701 2030/1442/1700 2031/1455/1715
f 1808/1447/1705 2051/1456/1716 2027/1457/1717 1812/1446/1704
f 1997/1368/1626 1998/1440/1698 2001/1432/1690 2000/1431/1689
f 1998/1440/1698 1999/1394/1652 2002/1395/1653 2001/1432/1690
f 2038/1458/1718 2080/1459/1719 2079/1460/1720 2037/1461/1721
f 1811/1369/1627 1997/1368/1626 2000/1431/1689 1812/1446/1704
f 2003/1262/1520 2004/1261/1519 2007/1462/1722 2006/1463/1723
f 2004/1261/1519 2005/1422/1680 2008/1417/1675 2007/1462/1722
f 2006/1463/1723 2007/1462/1722 2010/1439/1697 2009/1367/1625
f 2007/1462/1722 2008/1417/1675 2011/1419/1677 2010/1439/1697
f 1814/1464/1724 2006/1463/1723 2009/1367/1625 1815/1366/1624
f 1813/1342/1600 2003/1262/1520 2006/1463/1723 1814/1464/1724
f 2012/1397/1655 2013/1424/1682 2016/1264/1522 2015/1263/1521
f 2013/1424/1682 2014/1222/1483 2017/1441/1699 2016/1264/1522
f 1871/1284/1542 2106/1244/1502 2105/1239/1497 1928/1283/1541
f 2025/1423/1681 2026/1219/1480 2014/1222/1483 2013/1424/1682
f 2051/1456/1716 2052/1324/1582 2028/1327/1585 2027/1457/1717
f 2037/1461/1721 2079/1460/1720 2078/1465/1725 2036/1466/1726
f 2062/1467/1727 1841/1468/1728 1832/1469/1729 2035/1470/1730
f 1816/1245/1503 2012/1397/1655 2015/1263/1521 1817/1343/1601
f 2018/1344/1602 2019/1336/1594 2022/1471/1731 2021/1472/1732
f 2019/1336/1594 2020/1335/1593 2023/1371/1629 2022/1471/1731
f 2021/1472/1732 2022/1471/1731 2025/1423/1681 2024/1396/1654
f 2022/1471/1731 2023/1371/1629 2026/1219/1480 2025/1423/1681
f 1819/1299/1557 2021/1472/1732 2024/1396/1654 1820/1248/1506
f 1818/1278/1536 2018/1344/1602 2021/1472/1732 1819/1299/1557
f 1833/1473/1733 1823/1474/1734 2080/1459/1719 2038/1458/1718
f 2061/1404/1662 2062/1467/1727 2035/1470/1730 2034/1405/1663
f 2036/1466/1726 2078/1465/1725 1807/1381/1639 1803/1384/1642
f 1805/1378/1636 2084/1407/1665 2045/1410/1668 1810/1377/1635
f 2027/1457/1717 2028/1327/1585 2031/1455/1715 2030/1442/1700
f 2028/1327/1585 2029/1326/1584 2032/1449/1709 2031/1455/1715
f 2093/1475/1735 2094/1476/1736 2040/1477/1737 2039/1478/1738
f 2089/1443/1708 2088/1454/1714 2031/1455/1715 2032/1449/1709
f 2094/1476/1736 2095/1475/1739 2041/1479/1740 2040/1477/1737
f 2053/1325/1583 1844/1480/1741 1834/1481/1742 2029/1326/1584
f 1800/1391/1649 2060/1403/1661 2033/1406/1664 1804/1392/1650
f 2029/1326/1584 1834/1481/1742 1835/1448/1706 2032/1449/1709
f 2054/1482/1743 1802/1429/1687 1798/1430/1688 2075/1483/1744
f 2095/1475/1739 1828/1342/1745 1845/1484/1746 2041/1479/1740
f 1812/1446/1704 2027/1457/1717 2030/1442/1700 1811/1369/1627
f 2070/1485/1747 2073/1486/1748 2072/1487/1749 2069/1488/1750
f 2033/1406/1664 2034/1405/1663 2037/1461/1721 2036/1466/1726
f 2034/1405/1663 2035/1470/1730 2038/1458/1718 2037/1461/1721
f 2054/1482/1743 2075/1483/1744 2076/1489/1751 2055/1490/1752
f 2035/1470/1730 1832/1469/1729 1833/1473/1733 2038/1458/1718
f 2085/1408/1666 2086/1491/1753 2047/1492/1754 2046/1409/1667
f 1813/1342/1600 2093/1475/1735 2039/1478/1738 1817/1343/1601
f 2077/1493/1755 2056/1494/1756 2055/1490/1752 2076/1489/1751
f 2086/1491/1753 1825/1495/1757 1842/1496/1758 2047/1492/1754
f 1804/1392/1650 2033/1406/1664 2036/1466/1726 1803/1384/1642
f 2039/1478/1738 2040/1477/1737 2043/1257/1515 2042/1246/1504
f 2040/1477/1737 2041/1479/1740 2044/1258/1516 2043/1257/1515
f 2041/1479/1740 1845/1484/1746 1846/1497/1759 2044/1258/1516
f 1817/1343/1601 2039/1478/1738 2042/1246/1504 1816/1245/1503
f 2045/1410/1668 2046/1409/1667 2049/1498/1760 2048/1499/1761
f 2046/1409/1667 2047/1492/1754 2050/1500/1762 2049/1498/1760
f 2048/1499/1761 2049/1498/1760 2052/1324/1582 2051/1456/1716
f 2049/1498/1760 2050/1500/1762 2053/1325/1583 2052/1324/1582
f 1925/1358/1616 2104/1238/1496 2103/1386/1644 1907/1357/1615
f 2056/1494/1756 2077/1493/1755 1822/1501/1763 1839/1502/1764
f 1877/1303/1561 1892/1364/1622 2109/1207/1474 2108/1237/1495
f 1883/1271/1529 1901/1270/1528 2101/1232/1490 2100/1233/1491
f 2047/1492/1754 1842/1496/1758 1843/1503/1765 2050/1500/1762
f 2050/1500/1762 1843/1503/1765 1844/1480/1741 2053/1325/1583
f 1809/1453/1713 2048/1499/1761 2051/1456/1716 1808/1447/1705
f 1810/1377/1635 2045/1410/1668 2048/1499/1761 1809/1453/1713
f 2054/1482/1743 2055/1490/1752 2058/1504/1766 2057/1505/1767
f 2055/1490/1752 2056/1494/1756 2059/1506/1768 2058/1504/1766
f 2057/1505/1767 2058/1504/1766 2061/1404/1662 2060/1403/1661
f 2058/1504/1766 2059/1506/1768 2062/1467/1727 2061/1404/1662
f 2071/1507/1769 2074/1508/1770 2073/1486/1748 2070/1485/1747
f 1831/1509/1771 1821/1510/1772 2074/1508/1770 2071/1507/1769
f 2069/1488/1750 2072/1487/1749 1799/1332/1590 1795/1333/1591
f 2056/1494/1756 1839/1502/1764 1840/1511/1773 2059/1506/1768
f 2059/1506/1768 1840/1511/1773 1841/1468/1728 2062/1467/1727
f 1801/1438/1696 2057/1505/1767 2060/1403/1661 1800/1391/1649
f 1802/1429/1687 2054/1482/1743 2057/1505/1767 1801/1438/1696
f 2063/1276/1534 2064/1266/1524 2067/1512/1774 2066/1513/1775
f 2064/1266/1524 2065/1255/1513 2068/1514/1776 2067/1512/1774
f 2066/1513/1775 2067/1512/1774 2070/1485/1747 2069/1488/1750
f 2067/1512/1774 2068/1514/1776 2071/1507/1769 2070/1485/1747
f 2065/1255/1513 1829/1254/1512 1830/1515/1777 2068/1514/1776
f 2068/1514/1776 1830/1515/1777 1831/1509/1771 2071/1507/1769
f 2103/1386/1644 2104/1238/1496 1852/1216/1473
f 2098/1234/1492 1937/1289/1547 1880/1292/1550 2099/1235/1493
f 1916/1226/1487 1931/1225/1486 2096/1231/1489 2121/1230/1488
f 1898/1339/1597 1919/1338/1596 2112/1252/1510 2111/1251/1509
f 1796/1435/1693 2066/1513/1775 2069/1488/1750 1795/1333/1591
f 1797/1277/1535 2063/1276/1534 2066/1513/1775 1796/1435/1693
f 2072/1487/1749 2073/1486/1748 2076/1489/1751 2075/1483/1744
f 2073/1486/1748 2074/1508/1770 2077/1493/1755 2076/1489/1751
f 2074/1508/1770 1821/1510/1772 1822/1501/1763 2077/1493/1755
f 1799/1332/1590 2072/1487/1749 2075/1483/1744 1798/1430/1688
f 2078/1465/1725 2079/1460/1720 2082/1516/1778 2081/1517/1779
f 2079/1460/1720 2080/1459/1719 2083/1518/1780 2082/1516/1778
f 2081/1517/1779 2082/1516/1778 2085/1408/1666 2084/1407/1665
f 2082/1516/1778 2083/1518/1780 2086/1491/1753 2085/1408/1666
f 2080/1459/1719 1823/1474/1734 1824/1519/1781 2083/1518/1780
f 2083/1518/1780 1824/1519/1781 1825/1495/1757 2086/1491/1753
f 1806/1450/1710 2081/1517/1779 2084/1407/1665 1805/1378/1636
f 1807/1381/1639 2078/1465/1725 2081/1517/1779 1806/1450/1710
f 2087/1443/1701 2088/1454/1714 2091/1520/1782 2090/1521/1783
f 2088/1454/1714 2089/1443/1708 2092/1521/1784 2091/1520/1782
f 2090/1521/1783 2091/1520/1782 2094/1476/1736 2093/1475/1735
f 2091/1520/1782 2092/1521/1784 2095/1475/1739 2094/1476/1736
f 2089/1443/1708 1826/1366/1707 1827/1464/1785 2092/1521/1784
f 2092/1521/1784 1827/1464/1785 1828/1342/1745 2095/1475/1739
f 1814/1464/1724 2090/1521/1783 2093/1475/1735 1813/1342/1600
f 1815/1366/1624 2087/1443/1701 2090/1521/1783 1814/1464/1724
f 2103/1386/1644 1852/1216/1473 1847/1202/1473 2102/1385/1643
f 1847/1202/1473 1858/1218/1473 2114/1416/1674 2115/1414/1672
f 1856/1209/1473 2110/1208/1475 2111/1251/1509 1857/1217/1473
f 2014/1222/1483 1891/1221/1482 1888/1212/1478 2017/1441/1699
f 1847/1202/1473 1851/1205/1473 2101/1232/1490 2102/1385/1643
f 1922/1376/1634 1940/1375/1633 2114/1416/1674 2113/1398/1656
f 2114/1416/1674 1858/1218/1473 2113/1398/1656
f 1878/1296/1554 1893/1295/1553 1892/1364/1622 1877/1303/1561
f 1857/1217/1473 2112/1252/1510 2113/1398/1656 1858/1218/1473
f 2042/1246/1504 2043/1257/1515 1863/1260/1518 1862/1247/1505
f 1860/1227/1473 2119/1265/1523 2120/1315/1573 1861/1228/1473
f 1966/1411/1669 1909/1241/1499 1906/1373/1631 1969/1372/1630
f 1859/1229/1473 1847/1202/1473 2115/1414/1672 2116/1323/1581
f 2044/1258/1516 1846/1497/1759 1836/1287/1545 1864/1259/1517
o H_Fence_Empty_Nails.004
v 1.245837 2.384086 0.291348
v 1.251109 2.386263 0.291348
v 1.256653 2.387601 0.291348
v 1.232947 2.373068 0.291348
v 1.236646 2.377409 0.291348
v 1.226451 2.346032 0.291348
v 1.226010 2.351718 0.291348
v 1.226451 2.357404 0.291348
v 1.236646 2.326027 0.291348
v 1.232947 2.330368 0.291348
v 1.256653 2.315835 0.291348
v 1.251109 2.317173 0.291348
v 1.245837 2.319349 0.291348
v 1.278829 2.319349 0.291348
v 1.273557 2.317173 0.291348
v 1.268013 2.315835 0.291348
v 1.291718 2.330368 0.291348
v 1.288019 2.326027 0.291348
v 1.298215 2.357404 0.291348
v 1.298655 2.351718 0.291348
v 1.298215 2.346032 0.291348
v 1.288019 2.377409 0.291348
v 1.291718 2.373068 0.291348
v 1.268013 2.387601 0.291348
v 1.273557 2.386263 0.291348
v 1.278829 2.384086 0.291348
v 1.247370 2.366684 0.256868
v 1.245215 2.364155 0.256868
v 1.252723 2.332862 0.256868
v 1.255794 2.331594 0.256868
v 1.259024 2.330815 0.256868
v 1.283235 2.348405 0.256868
v 1.283492 2.351718 0.256868
v 1.283235 2.355030 0.256868
v 1.259024 2.372621 0.256868
v 1.255794 2.371841 0.256868
v 1.252723 2.370574 0.256868
v 1.245215 2.339281 0.256868
v 1.247370 2.336752 0.256868
v 1.277296 2.336752 0.256868
v 1.279451 2.339281 0.256868
v 1.271942 2.370574 0.256868
v 1.268871 2.371841 0.256868
v 1.265642 2.372621 0.256868
v 1.241431 2.355030 0.256868
v 1.241174 2.351718 0.256868
v 1.241431 2.348405 0.256868
v 1.265642 2.330815 0.256868
v 1.268871 2.331594 0.256868
v 1.271942 2.332862 0.256868
v 1.279451 2.364155 0.256868
v 1.277296 2.366684 0.256868
v 1.262333 2.351718 0.351417
v 1.262333 2.391634 0.351417
v 1.252496 2.381993 0.351417
v 1.238870 2.384011 0.351417
v 1.236580 2.370429 0.351417
v 1.236580 2.333007 0.351417
v 1.238870 2.319425 0.351417
v 1.252496 2.321443 0.351417
v 1.262333 2.311801 0.351417
v 1.272170 2.321443 0.351417
v 1.285795 2.319425 0.351417
v 1.288086 2.333007 0.351417
v 1.288086 2.370429 0.351417
v 1.285795 2.384011 0.351417
v 1.272170 2.381993 0.351417
v 1.275520 2.377594 0.289489
v 1.273675 2.373974 0.284690
v 1.272686 2.372032 0.274600
v 1.271306 2.379333 0.289489
v 1.270050 2.375470 0.284690
v 1.269377 2.373398 0.274600
v 1.266874 2.380403 0.289489
v 1.266238 2.376390 0.284690
v 1.265898 2.374238 0.274600
v 1.219144 2.266972 0.332830
v 1.218874 2.266444 0.322166
v 1.220210 2.269065 0.311501
v 1.232946 2.261275 0.332830
v 1.232763 2.260711 0.322166
v 1.233672 2.263508 0.311501
v 1.247461 2.257771 0.332830
v 1.247368 2.257185 0.322166
v 1.247828 2.260092 0.311501
v 1.195081 2.418981 0.332830
v 1.194662 2.419400 0.322166
v 1.196742 2.417320 0.311501
v 1.185397 2.407615 0.332830
v 1.184917 2.407963 0.322166
v 1.187297 2.406234 0.311501
v 1.339268 2.407615 0.332830
v 1.339748 2.407963 0.322166
v 1.337368 2.406234 0.311501
v 1.329585 2.418981 0.332830
v 1.330004 2.419400 0.322166
v 1.327924 2.417320 0.311501
v 1.277204 2.257771 0.332830
v 1.277297 2.257185 0.322166
v 1.276837 2.260091 0.311501
v 1.291720 2.261275 0.332830
v 1.291903 2.260711 0.322166
v 1.290994 2.263508 0.311501
v 1.305522 2.266972 0.332830
v 1.305791 2.266444 0.322166
v 1.304455 2.269065 0.311501
v 1.168389 2.366605 0.332830
v 1.167803 2.366698 0.322166
v 1.170709 2.366238 0.311501
v 1.167235 2.351718 0.332830
v 1.166642 2.351718 0.322166
v 1.169584 2.351718 0.311501
v 1.168389 2.336831 0.332830
v 1.167803 2.336738 0.322166
v 1.170709 2.337198 0.311501
v 1.305522 2.436464 0.332830
v 1.305791 2.436992 0.322166
v 1.304455 2.434371 0.311501
v 1.291720 2.442161 0.332830
v 1.291903 2.442725 0.322166
v 1.290994 2.439927 0.311501
v 1.277204 2.445664 0.332830
v 1.277297 2.446250 0.322166
v 1.276837 2.443344 0.311501
v 1.329584 2.284455 0.332830
v 1.330004 2.284035 0.322166
v 1.327924 2.286116 0.311501
v 1.339268 2.295821 0.332830
v 1.339748 2.295472 0.322166
v 1.337368 2.297202 0.311501
v 1.185397 2.295821 0.332830
v 1.184918 2.295472 0.322166
v 1.187297 2.297201 0.311501
v 1.195081 2.284455 0.332830
v 1.194662 2.284035 0.322166
v 1.196742 2.286116 0.311501
v 1.247461 2.445664 0.332830
v 1.247368 2.446250 0.322166
v 1.247828 2.443344 0.311501
v 1.232946 2.442161 0.332830
v 1.232763 2.442725 0.322166
v 1.233672 2.439927 0.311501
v 1.219144 2.436464 0.332830
v 1.218874 2.436992 0.322166
v 1.220210 2.434371 0.311501
v 1.356277 2.336831 0.332830
v 1.356863 2.336738 0.322166
v 1.353957 2.337198 0.311501
v 1.357430 2.351718 0.332830
v 1.358023 2.351718 0.322166
v 1.355082 2.351718 0.311501
v 1.356277 2.366605 0.332830
v 1.356863 2.366698 0.322166
v 1.353957 2.366237 0.311501
v 1.240730 2.394107 0.292406
v 1.234593 2.406149 0.293937
v 1.228468 2.418168 0.297003
v 1.247634 2.396957 0.292406
v 1.243458 2.409809 0.293937
v 1.239290 2.422635 0.297003
v 1.254894 2.398709 0.292406
v 1.252781 2.412059 0.293937
v 1.250672 2.425382 0.297003
v 1.223850 2.379677 0.292406
v 1.212918 2.387620 0.293937
v 1.202007 2.395547 0.297003
v 1.228694 2.385362 0.292406
v 1.219138 2.394920 0.293937
v 1.209600 2.404459 0.297003
v 1.215343 2.344271 0.292406
v 1.201993 2.342156 0.293937
v 1.188670 2.340044 0.297003
v 1.214766 2.351718 0.292406
v 1.201252 2.351718 0.293937
v 1.187766 2.351718 0.297003
v 1.215343 2.359164 0.292406
v 1.201993 2.361280 0.293937
v 1.188670 2.363391 0.297003
v 1.228694 2.318074 0.292406
v 1.219138 2.308516 0.293937
v 1.209600 2.298976 0.297003
v 1.223850 2.323759 0.292406
v 1.212918 2.315816 0.293937
v 1.202007 2.307889 0.297003
v 1.254894 2.304727 0.292406
v 1.252781 2.291377 0.293937
v 1.250672 2.278054 0.297003
v 1.247634 2.306479 0.292406
v 1.243458 2.293627 0.293937
v 1.239290 2.280801 0.297003
v 1.240730 2.309329 0.292406
v 1.234593 2.297287 0.293937
v 1.228468 2.285268 0.297003
v 1.283935 2.309329 0.292406
v 1.290073 2.297287 0.293937
v 1.296198 2.285268 0.297003
v 1.277032 2.306479 0.292406
v 1.281208 2.293627 0.293937
v 1.285375 2.280801 0.297003
v 1.269771 2.304727 0.292406
v 1.271885 2.291377 0.293937
v 1.273994 2.278053 0.297003
v 1.300815 2.323759 0.292406
v 1.311748 2.315816 0.293937
v 1.322659 2.307889 0.297003
v 1.295971 2.318074 0.292406
v 1.305528 2.308515 0.293937
v 1.315066 2.298976 0.297003
v 1.309323 2.359164 0.292406
v 1.322672 2.361280 0.293937
v 1.335995 2.363391 0.297003
v 1.309900 2.351718 0.292406
v 1.323413 2.351718 0.293937
v 1.336900 2.351718 0.297003
v 1.309323 2.344271 0.292406
v 1.322672 2.342156 0.293937
v 1.335995 2.340044 0.297003
v 1.295971 2.385362 0.292406
v 1.305528 2.394920 0.293937
v 1.315065 2.404459 0.297003
v 1.300815 2.379677 0.292406
v 1.311748 2.387620 0.293937
v 1.322659 2.395547 0.297003
v 1.269771 2.398709 0.292406
v 1.271885 2.412059 0.293937
v 1.273994 2.425382 0.297003
v 1.277032 2.396957 0.292406
v 1.281208 2.409809 0.293937
v 1.285375 2.422635 0.297003
v 1.283935 2.394107 0.292406
v 1.290073 2.406149 0.293937
v 1.296198 2.418168 0.297003
v 1.282867 2.331180 0.289489
v 1.279995 2.334053 0.284690
v 1.278454 2.335594 0.274600
v 1.285824 2.334651 0.289489
v 1.282538 2.337038 0.284690
v 1.280775 2.338319 0.274600
v 1.238842 2.334651 0.289489
v 1.242128 2.337038 0.284690
v 1.243891 2.338319 0.274600
v 1.241798 2.331180 0.289489
v 1.244671 2.334053 0.284690
v 1.246212 2.335594 0.274600
v 1.285824 2.368785 0.289489
v 1.282538 2.366398 0.284690
v 1.280775 2.365117 0.274600
v 1.282867 2.372256 0.289489
v 1.279995 2.369383 0.284690
v 1.278454 2.367841 0.274600
v 1.266874 2.323033 0.289489
v 1.266238 2.327045 0.284690
v 1.265898 2.329198 0.274600
v 1.271306 2.324102 0.289489
v 1.270050 2.327965 0.284690
v 1.269377 2.330038 0.274600
v 1.275520 2.325842 0.289489
v 1.273675 2.329462 0.284690
v 1.272686 2.331403 0.274600
v 1.233648 2.356263 0.289489
v 1.237661 2.355628 0.284690
v 1.239814 2.355286 0.274600
v 1.233296 2.351718 0.289489
v 1.237358 2.351718 0.284690
v 1.239537 2.351718 0.274600
v 1.233648 2.347172 0.289489
v 1.237661 2.347808 0.284690
v 1.239814 2.348149 0.274600
v 1.257792 2.380403 0.289489
v 1.258427 2.376390 0.284690
v 1.258768 2.374238 0.274600
v 1.253360 2.379333 0.289489
v 1.254615 2.375470 0.284690
v 1.255288 2.373398 0.274600
v 1.249146 2.377594 0.289489
v 1.250990 2.373974 0.284690
v 1.251980 2.372032 0.274600
v 1.241799 2.372256 0.289489
v 1.244671 2.369383 0.284690
v 1.246212 2.367841 0.274600
v 1.238842 2.368785 0.289489
v 1.242128 2.366398 0.284690
v 1.243891 2.365117 0.274600
v 1.249146 2.325842 0.289489
v 1.250990 2.329462 0.284690
v 1.251980 2.331403 0.274600
v 1.253360 2.324102 0.289489
v 1.254615 2.327965 0.284690
v 1.255288 2.330038 0.274600
v 1.257792 2.323033 0.289489
v 1.258427 2.327045 0.284690
v 1.258768 2.329198 0.274600
v 1.291017 2.347172 0.289489
v 1.287004 2.347808 0.284690
v 1.284852 2.348149 0.274600
v 1.291369 2.351718 0.289489
v 1.287307 2.351718 0.284690
v 1.285128 2.351718 0.274600
v 1.291017 2.356264 0.289489
v 1.287004 2.355628 0.284690
v 1.284852 2.355287 0.274600
v 1.248993 2.436081 0.347304
v 1.235957 2.432895 0.347304
v 1.223537 2.427810 0.347304
v 1.201953 2.412128 0.347304
v 1.193279 2.401888 0.347304
v 1.177977 2.365101 0.347304
v 1.176978 2.351718 0.347304
v 1.177976 2.338335 0.347304
v 1.193279 2.301548 0.347304
v 1.201953 2.291307 0.347304
v 1.223537 2.275626 0.347304
v 1.235957 2.270541 0.347304
v 1.248993 2.267355 0.347304
v 1.275672 2.267355 0.347304
v 1.288709 2.270541 0.347304
v 1.301128 2.275626 0.347304
v 1.322712 2.291307 0.347304
v 1.331386 2.301548 0.347304
v 1.346689 2.338335 0.347304
v 1.347688 2.351718 0.347304
v 1.346689 2.365101 0.347304
v 1.331386 2.401888 0.347304
v 1.322712 2.412128 0.347304
v 1.301128 2.427810 0.347304
v 1.288709 2.432895 0.347304
v 1.275672 2.436081 0.347304
vn -0.0000 -0.0000 1.0000
vn 0.0842 -0.5114 0.8552
vn 0.1592 -0.4901 0.8570
vn 0.9824 0.1542 -0.1057
vn 0.8824 0.1387 -0.4495
vn 0.7228 0.5249 -0.4495
vn 0.8045 0.5844 -0.1058
vn 0.1564 0.3078 -0.9385
vn 0.4045 0.7965 -0.4494
vn 0.6326 0.6309 -0.4492
vn 0.2444 0.2438 -0.9385
vn 0.1569 0.9819 -0.1057
vn -0.1569 0.9819 -0.1058
vn -0.1539 0.9639 0.2173
vn 0.1540 0.9639 0.2171
vn 0.0842 0.5114 0.8552
vn -0.0842 0.5114 0.8552
vn -0.5124 0.0779 0.8552
vn -0.4169 0.3029 0.8570
vn -0.2325 0.4632 0.8552
vn -0.3687 0.3642 0.8552
vn -0.1592 -0.4901 0.8570
vn -0.0842 -0.5114 0.8552
vn -0.4169 -0.3029 0.8570
vn -0.3687 -0.3642 0.8552
vn -0.9824 -0.1542 -0.1058
vn -0.8825 -0.1387 -0.4495
vn -0.7228 -0.5249 -0.4494
vn -0.8045 -0.5845 -0.1057
vn -0.2325 -0.4632 0.8552
vn 0.1184 0.1181 -0.9859
vn 0.3677 0.3667 -0.8546
vn 0.2351 0.4630 -0.8546
vn 0.0757 0.1491 -0.9859
vn 0.4169 0.3029 0.8570
vn 0.3687 0.3642 0.8552
vn 0.2324 -0.4633 0.8552
vn 0.3688 -0.3642 0.8552
vn 0.1572 0.9838 -0.0864
vn -0.1572 0.9838 -0.0864
vn -0.1559 0.9760 -0.1523
vn 0.1560 0.9760 -0.1522
vn 0.6335 0.6318 -0.4467
vn 0.6998 0.6979 -0.1523
vn 0.4475 0.8812 -0.1523
vn 0.4050 0.7978 -0.4467
vn 0.1680 0.0264 -0.9854
vn 0.1023 0.0160 -0.9946
vn 0.0838 0.0609 -0.9946
vn 0.1376 0.0999 -0.9854
vn 0.2324 0.4633 0.8552
vn -0.1412 0.8835 -0.4467
vn 0.1412 0.8835 -0.4467
vn -0.8045 0.5845 -0.1058
vn -0.9824 0.1542 -0.1058
vn -0.9643 0.1516 0.2173
vn -0.7898 0.5736 0.2172
vn 0.2765 0.8510 -0.4465
vn 0.1605 0.4941 -0.8545
vn 0.3054 0.9400 -0.1522
vn 0.0820 0.5128 -0.8546
vn -0.0820 0.5128 -0.8546
vn -0.0264 0.1651 -0.9859
vn 0.0264 0.1651 -0.9859
vn -0.7041 -0.7022 -0.1058
vn -0.6324 -0.6308 -0.4495
vn -0.4045 -0.7964 -0.4495
vn -0.4502 -0.8866 -0.1058
vn -0.6912 -0.6893 0.2171
vn -0.4415 -0.8706 0.2172
vn 0.4502 0.8866 -0.1058
vn 0.7041 0.7022 -0.1058
vn 0.4511 0.8883 -0.0864
vn 0.3079 0.9475 -0.0863
vn -0.4420 0.8703 0.2173
vn -0.4502 0.8866 -0.1058
vn -0.7041 0.7022 -0.1058
vn -0.6912 0.6893 0.2171
vn -0.1408 -0.8821 -0.4496
vn 0.1409 -0.8821 -0.4495
vn 0.1569 -0.9819 -0.1057
vn -0.1569 -0.9819 -0.1058
vn -0.7228 0.5249 -0.4495
vn -0.8825 0.1387 -0.4495
vn 0.0517 0.1591 -0.9859
vn -0.3073 -0.9457 -0.1058
vn -0.3017 -0.9284 0.2171
vn -0.2760 -0.8496 -0.4494
vn -0.1540 -0.9639 0.2171
vn 0.0163 -0.1023 -0.9946
vn 0.0268 -0.1679 -0.9854
vn -0.0268 -0.1679 -0.9854
vn -0.0163 -0.1023 -0.9946
vn 0.4420 0.8704 0.2171
vn 0.6912 0.6893 0.2171
vn 0.4045 -0.7964 -0.4495
vn 0.6325 -0.6309 -0.4493
vn 0.7041 -0.7022 -0.1057
vn 0.4502 -0.8866 -0.1058
vn 0.7898 0.5736 0.2172
vn 0.1592 0.4901 0.8570
vn 0.3016 0.9284 0.2170
vn -0.2794 0.2028 -0.9385
vn -0.6326 0.6309 -0.4493
vn -0.2445 0.2438 -0.9385
vn -0.1592 0.4901 0.8570
vn -0.4045 0.7964 -0.4495
vn 0.9643 0.1515 0.2173
vn 0.5124 0.0779 0.8552
vn 0.4051 -0.7977 -0.4467
vn 0.4475 -0.8812 -0.1522
vn 0.6998 -0.6979 -0.1523
vn 0.6335 -0.6318 -0.4467
vn -0.0733 0.0731 -0.9946
vn -0.1204 0.1201 -0.9854
vn -0.0770 0.1516 -0.9854
vn -0.0469 0.0924 -0.9946
vn -0.1184 0.1181 -0.9859
vn -0.0757 0.1491 -0.9859
vn -0.0544 0.3409 -0.9385
vn 0.0544 0.3409 -0.9385
vn 0.0269 0.1679 -0.9854
vn -0.0269 0.1679 -0.9854
vn 0.6911 -0.6893 0.2173
vn 0.4420 -0.8703 0.2171
vn 0.1409 0.8821 -0.4495
vn -0.1408 0.8821 -0.4495
vn 0.1651 0.0259 -0.9859
vn 0.1353 0.0983 -0.9859
vn 0.0163 0.1023 -0.9946
vn -0.0163 0.1023 -0.9946
vn -0.1564 0.3078 -0.9385
vn 0.3017 -0.9284 0.2171
vn -0.2445 -0.2438 -0.9385
vn -0.2794 -0.2028 -0.9385
vn -0.1023 0.0161 -0.9946
vn -0.1680 0.0264 -0.9854
vn -0.1376 0.0999 -0.9854
vn -0.0838 0.0609 -0.9946
vn 0.1066 -0.3280 -0.9386
vn 0.2760 -0.8495 -0.4496
vn 0.0544 -0.3410 -0.9385
vn -0.9643 -0.1515 0.2173
vn -0.7898 -0.5736 0.2173
vn 0.7228 -0.5249 -0.4495
vn 0.8825 -0.1387 -0.4495
vn 0.9824 -0.1542 -0.1057
vn 0.8045 -0.5845 -0.1058
vn 0.1564 -0.3078 -0.9385
vn 0.1540 -0.9639 0.2171
vn 0.3073 -0.9457 -0.1057
vn 0.1651 -0.0259 -0.9859
vn 0.1023 -0.0160 -0.9946
vn 0.0838 -0.0609 -0.9946
vn 0.1353 -0.0983 -0.9859
vn 0.2760 0.8496 -0.4495
vn 0.1067 0.3284 -0.9385
vn -0.3453 -0.0000 -0.9385
vn -0.8932 -0.0000 -0.4496
vn -0.3411 0.0536 -0.9385
vn 0.9643 -0.1515 0.2173
vn 0.7898 -0.5736 0.2173
vn 0.0264 -0.1651 -0.9859
vn -0.0264 -0.1651 -0.9859
vn -0.9944 -0.0000 -0.1058
vn -0.9762 -0.0000 0.2170
vn -0.0757 -0.1490 -0.9859
vn -0.0469 -0.0924 -0.9946
vn -0.0733 -0.0731 -0.9946
vn -0.1184 -0.1180 -0.9859
vn -0.5153 -0.0000 0.8570
vn -0.5124 -0.0779 0.8552
vn -0.2760 0.8496 -0.4495
vn -0.1067 0.3284 -0.9385
vn 0.3073 0.9457 -0.1058
vn -0.1023 -0.0161 -0.9946
vn -0.1652 -0.0259 -0.9859
vn -0.1353 -0.0983 -0.9859
vn -0.0838 -0.0609 -0.9946
vn 0.2794 -0.2028 -0.9385
vn 0.2445 -0.2438 -0.9385
vn 0.0469 0.0923 -0.9946
vn 0.0733 0.0731 -0.9946
vn 0.4169 -0.3029 0.8570
vn -0.1067 -0.3284 -0.9385
vn -0.1563 -0.3078 -0.9385
vn -0.0770 -0.1516 -0.9854
vn -0.1204 -0.1201 -0.9854
vn -0.5130 -0.0806 -0.8546
vn -0.8839 -0.1388 -0.4467
vn -0.7239 -0.5259 -0.4465
vn -0.4203 -0.3053 -0.8545
vn -0.0819 -0.5128 -0.8546
vn -0.1412 -0.8835 -0.4467
vn 0.1412 -0.8835 -0.4467
vn 0.0819 -0.5128 -0.8546
vn -0.3411 -0.0536 -0.9385
vn -0.3016 0.9284 0.2171
vn -0.3073 0.9457 -0.1058
vn 0.5153 -0.0000 0.8570
vn 0.9762 -0.0000 0.2170
vn 0.5124 -0.0779 0.8552
vn 0.3453 -0.0000 -0.9385
vn 0.8933 -0.0000 -0.4496
vn 0.3411 -0.0536 -0.9385
vn -0.0544 -0.3409 -0.9385
vn 0.9944 -0.0000 -0.1057
vn 0.3411 0.0536 -0.9385
vn 0.0770 0.1516 -0.9854
vn 0.1204 0.1201 -0.9854
vn -0.0525 0.1617 -0.9854
vn -0.0320 0.0985 -0.9946
vn -0.1680 -0.0264 -0.9854
vn -0.1376 -0.0999 -0.9854
vn -0.1652 0.0259 -0.9859
vn -0.1353 0.0983 -0.9859
vn 0.0733 -0.0732 -0.9946
vn 0.1204 -0.1201 -0.9854
vn 0.0770 -0.1516 -0.9854
vn 0.0468 -0.0924 -0.9946
vn -0.0517 0.1591 -0.9859
vn -0.1700 -0.0000 -0.9854
vn -0.1036 -0.0000 -0.9946
vn -0.1672 -0.0000 -0.9859
vn 0.1680 -0.0264 -0.9854
vn 0.1376 -0.0999 -0.9854
vn 0.2794 0.2028 -0.9385
vn 0.4203 -0.3054 -0.8545
vn 0.5130 -0.0805 -0.8546
vn -0.0525 -0.1617 -0.9854
vn -0.0320 -0.0985 -0.9946
vn 0.1184 -0.1181 -0.9859
vn 0.0757 -0.1490 -0.9859
vn 0.8060 -0.5855 -0.0863
vn 0.9842 -0.1545 -0.0864
vn 0.9764 -0.1532 -0.1522
vn 0.7996 -0.5809 -0.1522
vn -0.0517 -0.1591 -0.9859
vn 0.0525 -0.1617 -0.9854
vn 0.0320 -0.0985 -0.9946
vn 0.0517 -0.1591 -0.9859
vn 0.8839 -0.1387 -0.4467
vn 0.7239 -0.5259 -0.4465
vn 0.2351 -0.4630 -0.8546
vn 0.3677 -0.3667 -0.8546
vn -0.6999 -0.6978 -0.1523
vn -0.4475 -0.8812 -0.1523
vn -0.4051 -0.7977 -0.4466
vn -0.6336 -0.6317 -0.4467
vn 0.1700 -0.0000 -0.9854
vn 0.1036 -0.0000 -0.9946
vn 0.1673 -0.0000 -0.9859
vn -0.2351 -0.4630 -0.8546
vn -0.3677 -0.3667 -0.8546
vn -0.9764 -0.1533 -0.1523
vn -0.9842 -0.1545 -0.0864
vn -0.8060 -0.5855 -0.0863
vn -0.7996 -0.5809 -0.1522
vn 0.0525 0.1617 -0.9854
vn 0.0320 0.0985 -0.9946
vn -0.7055 -0.7035 -0.0864
vn -0.4511 -0.8883 -0.0864
vn 0.5130 0.0805 -0.8546
vn 0.8839 0.1387 -0.4467
vn 0.7239 0.5259 -0.4465
vn 0.4203 0.3053 -0.8545
vn 0.9764 0.1532 -0.1523
vn 0.7996 0.5809 -0.1523
vn 0.4511 -0.8883 -0.0864
vn 0.7054 -0.7035 -0.0863
vn -0.5130 0.0806 -0.8546
vn -0.4203 0.3053 -0.8545
vn 0.9842 0.1545 -0.0864
vn 0.8060 0.5855 -0.0863
vn -0.4051 0.7977 -0.4467
vn -0.6335 0.6318 -0.4467
vn -0.3677 0.3667 -0.8546
vn -0.2351 0.4630 -0.8546
vn -0.7239 0.5259 -0.4465
vn -0.8839 0.1388 -0.4467
vn -0.1559 -0.9760 -0.1523
vn 0.1559 -0.9760 -0.1523
vn -0.7996 0.5809 -0.1522
vn -0.9764 0.1533 -0.1523
vn -0.1572 -0.9838 -0.0863
vn 0.1572 -0.9838 -0.0863
vn 0.7054 0.7036 -0.0864
vn 0.2765 -0.8510 -0.4466
vn 0.1605 -0.4941 -0.8545
vn 0.3054 -0.9400 -0.1522
vn -0.8060 0.5856 -0.0863
vn -0.9842 0.1545 -0.0864
vn 0.3078 -0.9475 -0.0863
vn -0.8948 -0.0000 -0.4466
vn -0.5195 -0.0000 -0.8545
vn -0.9883 -0.0000 -0.1522
vn -0.4475 0.8812 -0.1523
vn -0.6998 0.6979 -0.1523
vn -0.4511 0.8883 -0.0864
vn -0.7054 0.7035 -0.0864
vn -0.9963 -0.0000 -0.0863
vn -0.2765 0.8510 -0.4465
vn -0.1605 0.4941 -0.8545
vn -0.3054 0.9400 -0.1522
vn -0.3079 0.9475 -0.0863
vn -0.2765 -0.8510 -0.4465
vn -0.1605 -0.4941 -0.8545
vn -0.3054 -0.9400 -0.1522
vn -0.3078 -0.9475 -0.0863
vn 0.8948 -0.0000 -0.4465
vn 0.5195 -0.0000 -0.8545
vn 0.9884 -0.0000 -0.1522
vn 0.9963 -0.0000 -0.0863
vt 0.500000 0.690515
vt 0.453051 0.644496
vt 0.500000 0.500000
vt 0.546949 0.644496
vt 0.388018 0.654130
vt 0.377085 0.589303
vt 0.500000 0.309485
vt 0.563667 0.097350
vt 0.625888 0.112556
vt 0.546949 0.355504
vt 0.960325 0.573211
vt 0.968031 0.575046
vt 0.881382 0.777090
vt 0.876454 0.773510
vt 0.388018 0.345870
vt 0.453051 0.355504
vt 0.377085 0.410697
vt 0.611982 0.345870
vt 0.622915 0.410697
vt 0.676213 0.843841
vt 0.716002 0.921933
vt 0.834534 0.835814
vt 0.772560 0.773841
vt 0.572620 0.960418
vt 0.427380 0.960418
vt 0.428871 0.949544
vt 0.571129 0.949544
vt 0.611982 0.654130
vt 0.546950 0.644496
vt 0.622915 0.589303
vt 0.563667 0.902650
vt 0.436333 0.902650
vt 0.097383 0.563874
vt 0.170420 0.739454
vt 0.314836 0.863173
vt 0.211821 0.788328
vt 0.374112 0.112556
vt 0.436333 0.097350
vt 0.170420 0.260546
vt 0.211821 0.211672
vt 0.039675 0.426789
vt 0.031969 0.424955
vt 0.118618 0.222910
vt 0.123546 0.226490
vt 0.314837 0.136827
vt 0.583572 0.584239
vt 0.582485 0.582799
vt 0.553257 0.604032
vt 0.554291 0.605513
vt 0.829580 0.739454
vt 0.788180 0.788328
vt 0.685164 0.136827
vt 0.788179 0.211672
vt 0.518025 0.613867
vt 0.481975 0.613867
vt 0.481974 0.613927
vt 0.518026 0.613927
vt 0.581827 0.581918
vt 0.581607 0.581593
vt 0.552381 0.602765
vt 0.552623 0.603115
vt 0.790432 0.546354
vt 0.702739 0.532377
vt 0.665496 0.620240
vt 0.737190 0.672329
vt 0.685163 0.863173
vt 0.481963 0.614353
vt 0.518037 0.614353
vt 0.123546 0.773510
vt 0.039675 0.573212
vt 0.050478 0.571269
vt 0.131930 0.767418
vt 0.535714 0.609916
vt 0.535918 0.610544
vt 0.535630 0.609657
vt 0.518062 0.615467
vt 0.481938 0.615467
vt 0.481903 0.617273
vt 0.518097 0.617273
vt 0.170622 0.170199
vt 0.165466 0.164185
vt 0.283998 0.078067
vt 0.288124 0.084829
vt 0.178220 0.178120
vt 0.293310 0.094503
vt 0.711876 0.915171
vt 0.829378 0.829801
vt 0.552347 0.602715
vt 0.535618 0.609621
vt 0.293310 0.905497
vt 0.288124 0.915171
vt 0.170622 0.829801
vt 0.178220 0.821880
vt 0.426743 0.031686
vt 0.573257 0.031686
vt 0.572620 0.039582
vt 0.427380 0.039582
vt 0.118618 0.777090
vt 0.031969 0.575046
vt 0.536194 0.611393
vt 0.356207 0.057452
vt 0.359410 0.067308
vt 0.354325 0.051658
vt 0.428871 0.050456
vt 0.531858 0.297179
vt 0.545664 0.209459
vt 0.454336 0.209459
vt 0.468143 0.297178
vt 0.706690 0.905497
vt 0.821780 0.821880
vt 0.716002 0.078067
vt 0.834534 0.164186
vt 0.829378 0.170199
vt 0.711876 0.084829
vt 0.868070 0.767418
vt 0.625888 0.887444
vt 0.640590 0.932692
vt 0.189527 0.725572
vt 0.165466 0.835815
vt 0.227440 0.773841
vt 0.374112 0.887444
vt 0.283998 0.921933
vt 0.949522 0.571269
vt 0.902617 0.563874
vt 0.554291 0.394589
vt 0.554265 0.394642
vt 0.583918 0.415510
vt 0.586341 0.413749
vt 0.355011 0.645361
vt 0.292282 0.708212
vt 0.366167 0.761893
vt 0.406558 0.682811
vt 0.416428 0.584239
vt 0.445709 0.605513
vt 0.440454 0.881749
vt 0.559546 0.881749
vt 0.545664 0.790541
vt 0.454336 0.790541
vt 0.821780 0.178120
vt 0.706690 0.094503
vt 0.573257 0.968314
vt 0.426743 0.968314
vt 0.617126 0.519028
vt 0.594757 0.568845
vt 0.531858 0.702822
vt 0.468143 0.702822
vt 0.323787 0.843841
vt 0.640590 0.067308
vt 0.227440 0.226159
vt 0.189527 0.274428
vt 0.284091 0.532750
vt 0.205990 0.546354
vt 0.262810 0.672329
vt 0.334504 0.620240
vt 0.618590 0.135017
vt 0.645675 0.051658
vt 0.559546 0.118251
vt 0.050478 0.428731
vt 0.131930 0.232582
vt 0.881382 0.222910
vt 0.968031 0.424955
vt 0.960325 0.426789
vt 0.876454 0.226490
vt 0.676229 0.156147
vt 0.571129 0.050456
vt 0.643793 0.057452
vt 0.617126 0.480972
vt 0.703007 0.467429
vt 0.680015 0.369211
vt 0.634392 0.402358
vt 0.645675 0.948342
vt 0.618590 0.864983
vt 0.115612 0.500000
vt 0.028585 0.500000
vt 0.118088 0.561336
vt 0.949522 0.428731
vt 0.868070 0.232582
vt 0.518097 0.382727
vt 0.481903 0.382727
vt 0.034677 0.500000
vt 0.045041 0.500000
vt 0.445709 0.394487
vt 0.406558 0.317189
vt 0.355011 0.354639
vt 0.416428 0.415761
vt 0.092617 0.500000
vt 0.097383 0.436126
vt 0.354325 0.948342
vt 0.381410 0.864983
vt 0.643793 0.942548
vt 0.284091 0.467251
vt 0.342898 0.477276
vt 0.405243 0.431155
vt 0.334504 0.379760
vt 0.810977 0.274062
vt 0.772922 0.225896
vt 0.593442 0.682812
vt 0.644989 0.645361
vt 0.829580 0.260546
vt 0.381410 0.135017
vt 0.323787 0.156159
vt 0.366167 0.238107
vt 0.292282 0.291788
vt 0.370035 0.480599
vt 0.379452 0.480972
vt 0.405723 0.431816
vt 0.405519 0.431535
vt 0.481938 0.384533
vt 0.481963 0.385647
vt 0.518097 0.385565
vt 0.518097 0.384485
vt 0.118088 0.438664
vt 0.359410 0.932692
vt 0.356207 0.942548
vt 0.907383 0.500000
vt 0.954959 0.500000
vt 0.902617 0.436126
vt 0.883766 0.500000
vt 0.971415 0.500000
vt 0.881481 0.438653
vt 0.440454 0.118251
vt 0.965323 0.500000
vt 0.881465 0.561336
vt 0.633833 0.761893
vt 0.707718 0.708212
vt 0.409402 0.778834
vt 0.436786 0.694553
vt 0.205990 0.453647
vt 0.262810 0.327671
vt 0.342898 0.522724
vt 0.405243 0.568845
vt 0.655425 0.346597
vt 0.710613 0.289685
vt 0.633959 0.238015
vt 0.593710 0.316994
vt 0.463806 0.611393
vt 0.201839 0.500000
vt 0.277489 0.500000
vt 0.333882 0.500000
vt 0.790558 0.453555
vt 0.741217 0.324746
vt 0.810473 0.725572
vt 0.609276 0.420607
vt 0.617072 0.480954
vt 0.409402 0.221166
vt 0.436786 0.305447
vt 0.613741 0.389274
vt 0.554291 0.394487
vt 0.594757 0.431155
vt 0.595260 0.430789
vt 0.463806 0.388607
vt 0.590598 0.221166
vt 0.563214 0.305447
vt 0.536194 0.388607
vt 0.617048 0.480947
vt 0.598784 0.428229
vt 0.554291 0.394546
vt 0.593741 0.407913
vt 0.418337 0.418389
vt 0.447619 0.397235
vt 0.447377 0.396885
vt 0.418096 0.418057
vt 0.793183 0.500000
vt 0.704565 0.500000
vt 0.617126 0.500000
vt 0.446743 0.395968
vt 0.417461 0.417184
vt 0.382446 0.480972
vt 0.382874 0.480972
vt 0.405819 0.431948
vt 0.405807 0.431932
vt 0.590599 0.778834
vt 0.563214 0.694553
vt 0.418372 0.418437
vt 0.447653 0.397285
vt 0.615509 0.518503
vt 0.614873 0.518296
vt 0.593655 0.567982
vt 0.594054 0.568326
vt 0.593746 0.567923
vt 0.554003 0.395006
vt 0.583572 0.415761
vt 0.370035 0.519401
vt 0.405519 0.568465
vt 0.594025 0.568002
vt 0.447377 0.603115
vt 0.418096 0.581943
vt 0.417461 0.582816
vt 0.446743 0.604032
vt 0.405723 0.568184
vt 0.379452 0.519028
vt 0.481974 0.386073
vt 0.518095 0.385978
vt 0.405807 0.568069
vt 0.382446 0.519028
vt 0.481975 0.386133
vt 0.518085 0.386051
vt 0.581609 0.581557
vt 0.536194 0.389423
vt 0.536194 0.389076
vt 0.536182 0.389583
vt 0.405819 0.568052
vt 0.382874 0.519028
vt 0.536098 0.389719
vt 0.377896 0.500000
vt 0.364928 0.500000
vt 0.382252 0.500000
vt 0.447619 0.602765
vt 0.418337 0.581611
vt 0.447653 0.602715
vt 0.418372 0.581563
vt 0.382874 0.500000
vt 0.464286 0.609916
vt 0.464082 0.610544
vt 0.464370 0.609657
vt 0.464382 0.609620
vt 0.464286 0.390084
vt 0.464082 0.389456
vt 0.464370 0.390343
vt 0.464382 0.390380
vt 0.616504 0.499798
vt 0.616699 0.499861
s 1
usemtl WoodenFence_Nails(Material).002
f 2175/1522/1786 2176/1523/1786 2174/1524/1786 2188/1525/1786
f 2177/1526/1786 2178/1527/1786 2174/1524/1786 2176/1523/1786
f 2182/1528/1786 2436/1529/1787 2437/1530/1788 2183/1531/1786
f 2274/1532/1789 2275/1533/1790 2215/1534/1791 2214/1535/1792
f 2180/1536/1786 2181/1537/1786 2174/1524/1786 2179/1538/1786
f 2182/1528/1786 2183/1531/1786 2174/1524/1786 2181/1537/1786
f 2184/1539/1786 2185/1540/1786 2174/1524/1786 2183/1531/1786
f 2353/1541/1793 2239/1542/1794 2218/1543/1795 2341/1544/1796
f 2244/1545/1797 2259/1546/1798 2258/1547/1799 2243/1548/1800
f 2187/1549/1786 2188/1550/1786 2174/1524/1786 2186/1551/1786
f 2448/1552/1801 2423/1553/1802 2175/1522/1786
f 2428/1554/1803 2178/1527/1786 2427/1555/1804
f 2177/1526/1786 2425/1556/1805 2426/1557/1806
f 2181/1537/1786 2434/1558/1807 2435/1559/1808 2182/1528/1786
f 2179/1538/1786 2431/1560/1809 2432/1561/1810 2180/1536/1786
f 2235/1562/1811 2236/1563/1812 2254/1564/1813 2253/1565/1814
f 2180/1536/1786 2432/1561/1810 2433/1566/1815
f 2143/1567/1816 2369/1568/1817 2189/1569/1818 2147/1570/1819
f 2435/1559/1808 2436/1529/1787 2182/1528/1786
f 2444/1571/1820 2445/1572/1821 2187/1549/1786 2186/1551/1786
f 2184/1539/1786 2438/1573/1822 2439/1574/1823
f 2165/1575/1824 2156/1576/1825 2392/1577/1826 2197/1578/1827
f 2370/1579/1828 2371/1580/1829 2191/1581/1830 2190/1582/1831
f 2331/1583/1832 2330/1584/1833 2342/1585/1834 2343/1586/1835
f 2187/1549/1786 2445/1572/1821 2446/1587/1836
f 2197/1578/1827 2392/1577/1826 2391/1588/1837 2196/1589/1838
f 2211/1590/1839 2229/1591/1840 2228/1592/1841 2210/1593/1842
f 2189/1569/1818 2190/1582/1831 2193/1594/1843 2192/1595/1844
f 2190/1582/1831 2191/1581/1830 2194/1596/1845 2193/1594/1843
f 2192/1595/1844 2193/1594/1843 2196/1589/1838 2195/1597/1846
f 2193/1594/1843 2194/1596/1845 2197/1578/1827 2196/1589/1838
f 2195/1597/1846 2390/1598/1847 2124/1599/1848 2145/1600/1849
f 2256/1601/1850 2257/1602/1851 2200/1603/1852 2199/1604/1853
f 2255/1605/1854 2256/1601/1850 2199/1604/1853 2198/1606/1855
f 2218/1543/1795 2239/1542/1794 2238/1607/1856 2217/1608/1857
f 2191/1581/1830 2163/1609/1858 2164/1610/1859 2194/1596/1845
f 2194/1596/1845 2164/1610/1859 2165/1575/1824 2197/1578/1827
f 2196/1589/1838 2391/1588/1837 2390/1598/1847 2195/1597/1846
f 2264/1611/1860 2265/1612/1861 2208/1613/1862 2207/1614/1863
f 2206/1615/1864 2221/1616/1865 2220/1617/1866 2205/1618/1867
f 2212/1619/1868 2230/1620/1869 2229/1591/1840 2211/1590/1839
f 2146/1621/1870 2192/1595/1844 2195/1597/1846 2145/1600/1849
f 2147/1570/1819 2189/1569/1818 2192/1595/1844 2146/1621/1870
f 2198/1606/1855 2199/1604/1853 2202/1622/1871 2201/1623/1872
f 2199/1604/1853 2200/1603/1852 2203/1624/1873 2202/1622/1871
f 2201/1623/1872 2202/1622/1871 2205/1618/1867 2204/1625/1874
f 2202/1622/1871 2203/1624/1873 2206/1615/1864 2205/1618/1867
f 2321/1626/1875 2322/1627/1876 2307/1628/1877 2306/1629/1878
f 2217/1608/1857 2238/1607/1856 2237/1630/1879 2216/1631/1880
f 2227/1632/1881 2248/1633/1882 2247/1634/1883 2226/1635/1884
f 2444/1571/1820 2213/1636/1885 2216/1631/1880 2445/1572/1821
f 2447/1637/1886 2240/1638/1887 2243/1548/1800 2448/1552/1801
f 2287/1639/1888 2212/1619/1868 2209/1640/1889 2290/1641/1890
f 2424/1642/1891 2425/1556/1805 2177/1526/1786 2176/1523/1786
f 2265/1612/1861 2266/1643/1892 2209/1640/1889 2208/1613/1862
f 2273/1644/1893 2274/1532/1789 2214/1535/1792 2213/1636/1885
f 2443/1645/1894 2273/1644/1893 2213/1636/1885 2444/1571/1820
f 2379/1646/1895 2380/1647/1896 2356/1648/1897 2355/1649/1898
f 2207/1614/1863 2208/1613/1862 2211/1590/1839 2210/1593/1842
f 2208/1613/1862 2209/1640/1889 2212/1619/1868 2211/1590/1839
f 2288/1650/1899 2289/1651/1900 2277/1652/1901 2276/1653/1902
f 2126/1654/1903 2288/1650/1899 2276/1653/1902 2122/1655/1904
f 2284/1656/1905 2347/1657/1906 2346/1658/1907 2283/1659/1908
f 2226/1635/1884 2247/1634/1883 2246/1660/1909 2225/1661/1910
f 2245/1662/1911 2260/1663/1912 2259/1546/1798 2244/1545/1797
f 2426/1557/1806 2207/1614/1863 2210/1593/1842 2427/1555/1804
f 2330/1584/1833 2140/1664/1913 2144/1665/1914 2342/1585/1834
f 2283/1659/1908 2346/1658/1907 2345/1666/1915 2282/1667/1916
f 2289/1651/1900 2290/1641/1890 2278/1668/1917 2277/1652/1901
f 2188/1525/1786 2447/1637/1886 2448/1552/1801 2175/1522/1786
f 2437/1530/1788 2222/1669/1918 2225/1661/1910 2438/1573/1822
f 2302/1670/1919 2257/1602/1851 2254/1564/1813 2305/1671/1920
f 2213/1636/1885 2214/1535/1792 2217/1608/1857 2216/1631/1880
f 2214/1535/1792 2215/1534/1791 2218/1543/1795 2217/1608/1857
f 2297/1672/1921 2298/1673/1922 2286/1674/1923 2285/1675/1924
f 2320/1676/1925 2224/1677/1926 2221/1616/1865 2323/1678/1927
f 2177/1526/1786 2426/1557/1806 2427/1555/1804 2178/1527/1786
f 2234/1679/1928 2235/1562/1811 2253/1565/1814 2252/1680/1929
f 2251/1681/1930 2269/1682/1931 2268/1683/1932 2250/1684/1933
f 2317/1685/1934 2227/1632/1881 2224/1677/1926 2320/1676/1925
f 2436/1529/1787 2219/1686/1935 2222/1669/1918 2437/1530/1788
f 2219/1686/1935 2220/1617/1866 2223/1687/1936 2222/1669/1918
f 2220/1617/1866 2221/1616/1865 2224/1677/1926 2223/1687/1936
f 2222/1669/1918 2223/1687/1936 2226/1635/1884 2225/1661/1910
f 2223/1687/1936 2224/1677/1926 2227/1632/1881 2226/1635/1884
f 2142/1688/1937 2336/1689/1938 2324/1690/1939 2138/1691/1940
f 2347/1657/1906 2245/1662/1911 2242/1692/1941 2350/1693/1942
f 2180/1536/1786 2433/1566/1815 2434/1558/1807 2181/1537/1786
f 2296/1694/1943 2233/1695/1944 2230/1620/1869 2299/1696/1945
f 2175/1522/1786 2423/1553/1802 2424/1642/1891 2176/1523/1786
f 2250/1684/1933 2268/1683/1932 2267/1697/1946 2249/1698/1947
f 2298/1673/1922 2299/1696/1945 2287/1639/1888 2286/1674/1923
f 2350/1693/1942 2242/1692/1941 2239/1542/1794 2353/1541/1793
f 2137/1699/1948 2321/1626/1875 2306/1629/1878 2132/1700/1949
f 2228/1592/1841 2229/1591/1840 2232/1701/1950 2231/1702/1951
f 2229/1591/1840 2230/1620/1869 2233/1695/1944 2232/1701/1950
f 2231/1702/1951 2232/1701/1950 2235/1562/1811 2234/1679/1928
f 2232/1701/1950 2233/1695/1944 2236/1563/1812 2235/1562/1811
f 2134/1703/1952 2312/1704/1953 2300/1705/1954 2130/1706/1955
f 2429/1707/1956 2231/1702/1951 2234/1679/1928 2430/1708/1957
f 2446/1587/1836 2237/1630/1879 2240/1638/1887 2447/1637/1886
f 2428/1554/1803 2228/1592/1841 2231/1702/1951 2429/1707/1956
f 2278/1668/1917 2266/1643/1892 2263/1709/1958 2281/1710/1959
f 2237/1630/1879 2238/1607/1856 2241/1711/1960 2240/1638/1887
f 2238/1607/1856 2239/1542/1794 2242/1692/1941 2241/1711/1960
f 2240/1638/1887 2241/1711/1960 2244/1545/1797 2243/1548/1800
f 2241/1711/1960 2242/1692/1941 2245/1662/1911 2244/1545/1797
f 2291/1712/1961 2127/1713/1962 2131/1714/1963 2303/1715/1964
f 2326/1716/1965 2251/1681/1930 2248/1633/1882 2329/1717/1966
f 2216/1631/1880 2237/1630/1879 2446/1587/1836 2445/1572/1821
f 2284/1656/1905 2260/1663/1912 2245/1662/1911 2347/1657/1906
f 2209/1640/1889 2266/1643/1892 2278/1668/1917 2290/1641/1890
f 2147/1570/1819 2351/1718/1967 2339/1719/1968 2143/1567/1816
f 2246/1660/1909 2247/1634/1883 2250/1684/1933 2249/1698/1947
f 2247/1634/1883 2248/1633/1882 2251/1681/1930 2250/1684/1933
f 2439/1574/1823 2246/1660/1909 2249/1698/1947 2440/1720/1969
f 2311/1721/1970 2203/1624/1873 2200/1603/1852 2314/1722/1971
f 2431/1560/1809 2252/1680/1929 2255/1605/1854 2432/1561/1810
f 2212/1619/1868 2287/1639/1888 2299/1696/1945 2230/1620/1869
f 2313/1723/1972 2314/1722/1971 2302/1670/1919 2301/1724/1973
f 2387/1725/1974 2388/1726/1975 2361/1727/1976 2360/1728/1977
f 2252/1680/1929 2253/1565/1814 2256/1601/1850 2255/1605/1854
f 2253/1565/1814 2254/1564/1813 2257/1602/1851 2256/1601/1850
f 2411/1729/1978 2412/1730/1979 2373/1731/1980 2372/1732/1981
f 2293/1733/1982 2305/1671/1920 2254/1564/1813 2236/1563/1812
f 2281/1710/1959 2263/1709/1958 2260/1663/1912 2284/1656/1905
f 2186/1551/1786 2443/1645/1894 2444/1571/1820
f 2424/1642/1891 2261/1734/1983 2264/1611/1860 2425/1556/1805
f 2423/1553/1802 2258/1547/1799 2261/1734/1983 2424/1642/1891
f 2258/1547/1799 2259/1546/1798 2262/1735/1984 2261/1734/1983
f 2259/1546/1798 2260/1663/1912 2263/1709/1958 2262/1735/1984
f 2261/1734/1983 2262/1735/1984 2265/1612/1861 2264/1611/1860
f 2262/1735/1984 2263/1709/1958 2266/1643/1892 2265/1612/1861
f 2442/1736/1985 2270/1737/1986 2273/1644/1893 2443/1645/1894
f 2441/1738/1987 2267/1697/1946 2270/1737/1986 2442/1736/1985
f 2335/1739/1988 2272/1740/1989 2269/1682/1931 2338/1741/1990
f 2308/1742/1991 2206/1615/1864 2203/1624/1873 2311/1721/1970
f 2267/1697/1946 2268/1683/1932 2271/1743/1992 2270/1737/1986
f 2268/1683/1932 2269/1682/1931 2272/1740/1989 2271/1743/1992
f 2270/1737/1986 2271/1743/1992 2274/1532/1789 2273/1644/1893
f 2271/1743/1992 2272/1740/1989 2275/1533/1790 2274/1532/1789
f 2332/1744/1993 2275/1533/1790 2272/1740/1989 2335/1739/1988
f 2351/1718/1967 2352/1745/1994 2340/1746/1995 2339/1719/1968
f 2434/1558/1807 2201/1623/1872 2204/1625/1874 2435/1559/1808
f 2433/1566/1815 2198/1606/1855 2201/1623/1872 2434/1558/1807
f 2276/1653/1902 2277/1652/1901 2280/1747/1996 2279/1748/1997
f 2277/1652/1901 2278/1668/1917 2281/1710/1959 2280/1747/1996
f 2279/1748/1997 2280/1747/1996 2283/1659/1908 2282/1667/1916
f 2280/1747/1996 2281/1710/1959 2284/1656/1905 2283/1659/1908
f 2292/1749/1998 2291/1712/1961 2303/1715/1964 2304/1750/1999
f 2293/1733/1982 2292/1749/1998 2304/1750/1999 2305/1671/1920
f 2200/1603/1852 2257/1602/1851 2302/1670/1919 2314/1722/1971
f 2129/1751/2000 2297/1672/1921 2285/1675/1924 2125/1752/2001
f 2282/1667/1916 2345/1666/1915 2145/1600/1849 2124/1599/1848
f 2327/1753/2002 2328/1754/2003 2316/1755/2004 2315/1756/2005
f 2123/1757/2006 2279/1748/1997 2282/1667/1916 2124/1599/1848
f 2122/1655/1904 2276/1653/1902 2279/1748/1997 2123/1757/2006
f 2206/1615/1864 2308/1742/1991 2323/1678/1927 2221/1616/1865
f 2285/1675/1924 2286/1674/1923 2289/1651/1900 2288/1650/1899
f 2286/1674/1923 2287/1639/1888 2290/1641/1890 2289/1651/1900
f 2312/1704/1953 2313/1723/1972 2301/1724/1973 2300/1705/1954
f 2328/1754/2003 2329/1717/1966 2317/1685/1934 2316/1755/2004
f 2125/1752/2001 2285/1675/1924 2288/1650/1899 2126/1654/1903
f 2291/1712/1961 2292/1749/1998 2295/1758/2007 2294/1759/2008
f 2292/1749/1998 2293/1733/1982 2296/1694/1943 2295/1758/2007
f 2294/1759/2008 2295/1758/2007 2298/1673/1922 2297/1672/1921
f 2295/1758/2007 2296/1694/1943 2299/1696/1945 2298/1673/1922
f 2128/1760/2009 2294/1759/2008 2297/1672/1921 2129/1751/2000
f 2127/1713/1962 2291/1712/1961 2294/1759/2008 2128/1760/2009
f 2300/1705/1954 2301/1724/1973 2304/1750/1999 2303/1715/1964
f 2301/1724/1973 2302/1670/1919 2305/1671/1920 2304/1750/1999
f 2336/1689/1938 2337/1761/2010 2325/1762/2011 2324/1690/1939
f 2337/1761/2010 2338/1741/1990 2326/1716/1965 2325/1762/2011
f 2332/1744/1993 2344/1763/2012 2215/1534/1791 2275/1533/1790
f 2357/1764/2013 2414/1765/2014 2142/1688/1937 2138/1691/1940
f 2130/1706/1955 2300/1705/1954 2303/1715/1964 2131/1714/1963
f 2306/1629/1878 2307/1628/1877 2310/1766/2015 2309/1767/2016
f 2307/1628/1877 2308/1742/1991 2311/1721/1970 2310/1766/2015
f 2309/1767/2016 2310/1766/2015 2313/1723/1972 2312/1704/1953
f 2310/1766/2015 2311/1721/1970 2314/1722/1971 2313/1723/1972
f 2322/1627/1876 2323/1678/1927 2308/1742/1991 2307/1628/1877
f 2139/1768/2017 2327/1753/2002 2315/1756/2005 2135/1769/2018
f 2162/1770/2019 2153/1688/2020 2416/1765/2021 2359/1771/2022
f 2133/1772/2023 2309/1767/2016 2312/1704/1953 2134/1703/1952
f 2132/1700/1949 2306/1629/1878 2309/1767/2016 2133/1772/2023
f 2315/1756/2005 2316/1755/2004 2319/1773/2024 2318/1774/2025
f 2316/1755/2004 2317/1685/1934 2320/1676/1925 2319/1773/2024
f 2318/1774/2025 2319/1773/2024 2322/1627/1876 2321/1626/1875
f 2319/1773/2024 2320/1676/1925 2323/1678/1927 2322/1627/1876
f 2332/1744/1993 2331/1583/1832 2343/1586/1835 2344/1763/2012
f 2338/1741/1990 2269/1682/1931 2251/1681/1930 2326/1716/1965
f 2329/1717/1966 2248/1633/1882 2227/1632/1881 2317/1685/1934
f 2136/1775/2026 2318/1774/2025 2321/1626/1875 2137/1699/1948
f 2135/1769/2018 2315/1756/2005 2318/1774/2025 2136/1775/2026
f 2415/1776/2027 2414/1765/2014 2357/1764/2013 2358/1777/2028
f 2135/1769/2018 2378/1778/2029 2354/1779/2030 2139/1768/2017
f 2324/1690/1939 2325/1762/2011 2328/1754/2003 2327/1753/2002
f 2325/1762/2011 2326/1716/1965 2329/1717/1966 2328/1754/2003
f 2365/1780/2031 2407/1781/2032 2406/1782/2033 2364/1783/2034
f 2138/1691/1940 2324/1690/1939 2327/1753/2002 2139/1768/2017
f 2330/1584/1833 2331/1583/1832 2334/1784/2035 2333/1785/2036
f 2331/1583/1832 2332/1744/1993 2335/1739/1988 2334/1784/2035
f 2333/1785/2036 2334/1784/2035 2337/1761/2010 2336/1689/1938
f 2334/1784/2035 2335/1739/1988 2338/1741/1990 2337/1761/2010
f 2141/1786/2037 2333/1785/2036 2336/1689/1938 2142/1688/1937
f 2140/1664/1913 2330/1584/1833 2333/1785/2036 2141/1786/2037
f 2339/1719/1968 2340/1746/1995 2343/1586/1835 2342/1585/1834
f 2340/1746/1995 2341/1544/1796 2344/1763/2012 2343/1586/1835
f 2198/1606/1855 2433/1566/1815 2432/1561/1810 2255/1605/1854
f 2352/1745/1994 2353/1541/1793 2341/1544/1796 2340/1746/1995
f 2378/1778/2029 2379/1646/1895 2355/1649/1898 2354/1779/2030
f 2364/1783/2034 2406/1782/2033 2405/1787/2038 2363/1788/2039
f 2389/1789/2040 2168/1790/2041 2159/1791/2042 2362/1792/2043
f 2143/1567/1816 2339/1719/1968 2342/1585/1834 2144/1665/1914
f 2345/1666/1915 2346/1658/1907 2349/1793/2044 2348/1794/2045
f 2346/1658/1907 2347/1657/1906 2350/1693/1942 2349/1793/2044
f 2348/1794/2045 2349/1793/2044 2352/1745/1994 2351/1718/1967
f 2349/1793/2044 2350/1693/1942 2353/1541/1793 2352/1745/1994
f 2146/1621/1870 2348/1794/2045 2351/1718/1967 2147/1570/1819
f 2145/1600/1849 2345/1666/1915 2348/1794/2045 2146/1621/1870
f 2160/1795/2046 2150/1796/2047 2407/1781/2032 2365/1780/2031
f 2388/1726/1975 2389/1789/2040 2362/1792/2043 2361/1727/1976
f 2363/1788/2039 2405/1787/2038 2134/1703/1952 2130/1706/1955
f 2132/1700/1949 2411/1729/1978 2372/1732/1981 2137/1699/1948
f 2354/1779/2030 2355/1649/1898 2358/1777/2028 2357/1764/2013
f 2355/1649/1898 2356/1648/1897 2359/1771/2022 2358/1777/2028
f 2420/1797/2048 2421/1798/2049 2367/1799/2050 2366/1800/2051
f 2416/1765/2021 2415/1776/2027 2358/1777/2028 2359/1771/2022
f 2421/1798/2049 2422/1797/2052 2368/1801/2053 2367/1799/2050
f 2380/1647/1896 2171/1802/2054 2161/1803/2055 2356/1648/1897
f 2127/1713/1962 2387/1725/1974 2360/1728/1977 2131/1714/1963
f 2356/1648/1897 2161/1803/2055 2162/1770/2019 2359/1771/2022
f 2381/1804/2056 2129/1751/2000 2125/1752/2001 2402/1805/2057
f 2422/1797/2052 2155/1664/2058 2172/1806/2059 2368/1801/2053
f 2139/1768/2017 2354/1779/2030 2357/1764/2013 2138/1691/1940
f 2397/1807/2060 2400/1808/2061 2399/1809/2062 2396/1810/2063
f 2360/1728/1977 2361/1727/1976 2364/1783/2034 2363/1788/2039
f 2361/1727/1976 2362/1792/2043 2365/1780/2031 2364/1783/2034
f 2381/1804/2056 2402/1805/2057 2403/1811/2064 2382/1812/2065
f 2362/1792/2043 2159/1791/2042 2160/1795/2046 2365/1780/2031
f 2412/1730/1979 2413/1813/2066 2374/1814/2067 2373/1731/1980
f 2140/1664/1913 2420/1797/2048 2366/1800/2051 2144/1665/1914
f 2404/1815/2068 2383/1816/2069 2382/1812/2065 2403/1811/2064
f 2413/1813/2066 2152/1817/2070 2169/1818/2071 2374/1814/2067
f 2131/1714/1963 2360/1728/1977 2363/1788/2039 2130/1706/1955
f 2366/1800/2051 2367/1799/2050 2370/1579/1828 2369/1568/1817
f 2367/1799/2050 2368/1801/2053 2371/1580/1829 2370/1579/1828
f 2368/1801/2053 2172/1806/2059 2173/1819/2072 2371/1580/1829
f 2144/1665/1914 2366/1800/2051 2369/1568/1817 2143/1567/1816
f 2372/1732/1981 2373/1731/1980 2376/1820/2073 2375/1821/2074
f 2373/1731/1980 2374/1814/2067 2377/1822/2075 2376/1820/2073
f 2375/1821/2074 2376/1820/2073 2379/1646/1895 2378/1778/2029
f 2376/1820/2073 2377/1822/2075 2380/1647/1896 2379/1646/1895
f 2252/1680/1929 2431/1560/1809 2430/1708/1957 2234/1679/1928
f 2383/1816/2069 2404/1815/2068 2149/1823/2076 2166/1824/2077
f 2204/1625/1874 2219/1686/1935 2436/1529/1787 2435/1559/1808
f 2210/1593/1842 2228/1592/1841 2428/1554/1803 2427/1555/1804
f 2374/1814/2067 2169/1818/2071 2170/1825/2078 2377/1822/2075
f 2377/1822/2075 2170/1825/2078 2171/1802/2054 2380/1647/1896
f 2136/1775/2026 2375/1821/2074 2378/1778/2029 2135/1769/2018
f 2137/1699/1948 2372/1732/1981 2375/1821/2074 2136/1775/2026
f 2381/1804/2056 2382/1812/2065 2385/1826/2079 2384/1827/2080
f 2382/1812/2065 2383/1816/2069 2386/1828/2081 2385/1826/2079
f 2384/1827/2080 2385/1826/2079 2388/1726/1975 2387/1725/1974
f 2385/1826/2079 2386/1828/2081 2389/1789/2040 2388/1726/1975
f 2398/1829/2082 2401/1830/2083 2400/1808/2061 2397/1807/2060
f 2158/1831/2084 2148/1832/2085 2401/1830/2083 2398/1829/2082
f 2396/1810/2063 2399/1809/2062 2126/1654/1903 2122/1655/1904
f 2383/1816/2069 2166/1824/2077 2167/1833/2086 2386/1828/2081
f 2386/1828/2081 2167/1833/2086 2168/1790/2041 2389/1789/2040
f 2128/1760/2009 2384/1827/2080 2387/1725/1974 2127/1713/1962
f 2129/1751/2000 2381/1804/2056 2384/1827/2080 2128/1760/2009
f 2390/1598/1847 2391/1588/1837 2394/1834/2087 2393/1835/2088
f 2391/1588/1837 2392/1577/1826 2395/1836/2089 2394/1834/2087
f 2393/1835/2088 2394/1834/2087 2397/1807/2060 2396/1810/2063
f 2394/1834/2087 2395/1836/2089 2398/1829/2082 2397/1807/2060
f 2392/1577/1826 2156/1576/1825 2157/1837/2090 2395/1836/2089
f 2395/1836/2089 2157/1837/2090 2158/1831/2084 2398/1829/2082
f 2430/1708/1957 2431/1560/1809 2179/1538/1786
f 2425/1556/1805 2264/1611/1860 2207/1614/1863 2426/1557/1806
f 2243/1548/1800 2258/1547/1799 2423/1553/1802 2448/1552/1801
f 2225/1661/1910 2246/1660/1909 2439/1574/1823 2438/1573/1822
f 2123/1757/2006 2393/1835/2088 2396/1810/2063 2122/1655/1904
f 2124/1599/1848 2390/1598/1847 2393/1835/2088 2123/1757/2006
f 2399/1809/2062 2400/1808/2061 2403/1811/2064 2402/1805/2057
f 2400/1808/2061 2401/1830/2083 2404/1815/2068 2403/1811/2064
f 2401/1830/2083 2148/1832/2085 2149/1823/2076 2404/1815/2068
f 2126/1654/1903 2399/1809/2062 2402/1805/2057 2125/1752/2001
f 2405/1787/2038 2406/1782/2033 2409/1838/2091 2408/1839/2092
f 2406/1782/2033 2407/1781/2032 2410/1840/2093 2409/1838/2091
f 2408/1839/2092 2409/1838/2091 2412/1730/1979 2411/1729/1978
f 2409/1838/2091 2410/1840/2093 2413/1813/2066 2412/1730/1979
f 2407/1781/2032 2150/1796/2047 2151/1841/2094 2410/1840/2093
f 2410/1840/2093 2151/1841/2094 2152/1817/2070 2413/1813/2066
f 2133/1772/2023 2408/1839/2092 2411/1729/1978 2132/1700/1949
f 2134/1703/1952 2405/1787/2038 2408/1839/2092 2133/1772/2023
f 2414/1765/2014 2415/1776/2027 2418/1842/2095 2417/1843/2096
f 2415/1776/2027 2416/1765/2021 2419/1843/2097 2418/1842/2095
f 2417/1843/2096 2418/1842/2095 2421/1798/2049 2420/1797/2048
f 2418/1842/2095 2419/1843/2097 2422/1797/2052 2421/1798/2049
f 2416/1765/2021 2153/1688/2020 2154/1786/2098 2419/1843/2097
f 2419/1843/2097 2154/1786/2098 2155/1664/2058 2422/1797/2052
f 2141/1786/2037 2417/1843/2096 2420/1797/2048 2140/1664/1913
f 2142/1688/1937 2414/1765/2014 2417/1843/2096 2141/1786/2037
f 2430/1708/1957 2179/1538/1786 2174/1524/1786 2429/1707/1956
f 2174/1524/1786 2185/1540/1786 2441/1738/1987 2442/1736/1985
f 2183/1531/1786 2437/1530/1788 2438/1573/1822 2184/1539/1786
f 2341/1544/1796 2218/1543/1795 2215/1534/1791 2344/1763/2012
f 2174/1524/1786 2178/1527/1786 2428/1554/1803 2429/1707/1956
f 2249/1698/1947 2267/1697/1946 2441/1738/1987 2440/1720/1969
f 2441/1738/1987 2185/1540/1786 2440/1720/1969
f 2205/1618/1867 2220/1617/1866 2219/1686/1935 2204/1625/1874
f 2184/1539/1786 2439/1574/1823 2440/1720/1969 2185/1540/1786
f 2369/1568/1817 2370/1579/1828 2190/1582/1831 2189/1569/1818
f 2187/1549/1786 2446/1587/1836 2447/1637/1886 2188/1550/1786
f 2293/1733/1982 2236/1563/1812 2233/1695/1944 2296/1694/1943
f 2186/1551/1786 2174/1524/1786 2442/1736/1985 2443/1645/1894
f 2371/1580/1829 2173/1819/2072 2163/1609/1858 2191/1581/1830
o H_Fence_Empty_Nails.005
v 0.459556 0.991703 0.291348
v 0.464828 0.993880 0.291348
v 0.470372 0.995218 0.291348
v 0.446666 0.980685 0.291348
v 0.450365 0.985026 0.291348
v 0.440170 0.953649 0.291348
v 0.439729 0.959335 0.291348
v 0.440170 0.965021 0.291348
v 0.450365 0.933644 0.291348
v 0.446666 0.937985 0.291348
v 0.470372 0.923452 0.291348
v 0.464828 0.924790 0.291348
v 0.459556 0.926966 0.291348
v 0.492548 0.926966 0.291348
v 0.487276 0.924790 0.291348
v 0.481732 0.923452 0.291348
v 0.505437 0.937985 0.291348
v 0.501738 0.933644 0.291348
v 0.511934 0.965021 0.291348
v 0.512374 0.959335 0.291348
v 0.511934 0.953649 0.291348
v 0.501738 0.985026 0.291348
v 0.505437 0.980685 0.291348
v 0.481732 0.995218 0.291348
v 0.487276 0.993880 0.291348
v 0.492548 0.991703 0.291348
v 0.461089 0.974301 0.256868
v 0.458934 0.971772 0.256868
v 0.466442 0.940479 0.256868
v 0.469513 0.939211 0.256868
v 0.472743 0.938432 0.256868
v 0.496954 0.956022 0.256868
v 0.497211 0.959335 0.256868
v 0.496954 0.962647 0.256868
v 0.472743 0.980238 0.256868
v 0.469513 0.979458 0.256868
v 0.466442 0.978191 0.256868
v 0.458934 0.946898 0.256868
v 0.461089 0.944369 0.256868
v 0.491015 0.944369 0.256868
v 0.493170 0.946898 0.256868
v 0.485661 0.978191 0.256868
v 0.482590 0.979458 0.256868
v 0.479361 0.980238 0.256868
v 0.455150 0.962647 0.256868
v 0.454893 0.959335 0.256868
v 0.455150 0.956022 0.256868
v 0.479361 0.938432 0.256868
v 0.482590 0.939211 0.256868
v 0.485661 0.940479 0.256868
v 0.493170 0.971772 0.256868
v 0.491015 0.974301 0.256868
v 0.476052 0.959335 0.351417
v 0.476052 0.999251 0.351417
v 0.466215 0.989610 0.351417
v 0.452589 0.991628 0.351417
v 0.450299 0.978046 0.351417
v 0.450299 0.940624 0.351417
v 0.452589 0.927042 0.351417
v 0.466215 0.929060 0.351417
v 0.476052 0.919418 0.351417
v 0.485889 0.929060 0.351417
v 0.499514 0.927042 0.351417
v 0.501805 0.940624 0.351417
v 0.501805 0.978046 0.351417
v 0.499514 0.991628 0.351417
v 0.485889 0.989610 0.351417
v 0.489239 0.985211 0.289489
v 0.487394 0.981591 0.284690
v 0.486405 0.979649 0.274600
v 0.485025 0.986950 0.289489
v 0.483769 0.983087 0.284690
v 0.483096 0.981015 0.274600
v 0.480593 0.988020 0.289489
v 0.479957 0.984007 0.284690
v 0.479617 0.981855 0.274600
v 0.432863 0.874589 0.332830
v 0.432593 0.874061 0.322166
v 0.433929 0.876682 0.311501
v 0.446665 0.868892 0.332830
v 0.446482 0.868328 0.322166
v 0.447391 0.871125 0.311501
v 0.461180 0.865388 0.332830
v 0.461087 0.864802 0.322166
v 0.461547 0.867709 0.311501
v 0.408800 1.026598 0.332830
v 0.408381 1.027017 0.322166
v 0.410461 1.024937 0.311501
v 0.399116 1.015232 0.332830
v 0.398636 1.015580 0.322166
v 0.401016 1.013851 0.311501
v 0.552987 1.015232 0.332830
v 0.553467 1.015580 0.322166
v 0.551087 1.013851 0.311501
v 0.543304 1.026598 0.332830
v 0.543723 1.027017 0.322166
v 0.541643 1.024937 0.311501
v 0.490923 0.865388 0.332830
v 0.491016 0.864802 0.322166
v 0.490556 0.867708 0.311501
v 0.505439 0.868892 0.332830
v 0.505622 0.868328 0.322166
v 0.504713 0.871125 0.311501
v 0.519241 0.874589 0.332830
v 0.519510 0.874061 0.322166
v 0.518174 0.876682 0.311501
v 0.382108 0.974222 0.332830
v 0.381522 0.974315 0.322166
v 0.384428 0.973855 0.311501
v 0.380954 0.959335 0.332830
v 0.380361 0.959335 0.322166
v 0.383303 0.959335 0.311501
v 0.382108 0.944448 0.332830
v 0.381522 0.944355 0.322166
v 0.384428 0.944815 0.311501
v 0.519241 1.044081 0.332830
v 0.519510 1.044609 0.322166
v 0.518174 1.041988 0.311501
v 0.505439 1.049778 0.332830
v 0.505622 1.050342 0.322166
v 0.504713 1.047544 0.311501
v 0.490923 1.053281 0.332830
v 0.491016 1.053867 0.322166
v 0.490556 1.050961 0.311501
v 0.543303 0.892072 0.332830
v 0.543723 0.891652 0.322166
v 0.541643 0.893733 0.311501
v 0.552987 0.903438 0.332830
v 0.553467 0.903089 0.322166
v 0.551087 0.904819 0.311501
v 0.399116 0.903438 0.332830
v 0.398637 0.903089 0.322166
v 0.401016 0.904818 0.311501
v 0.408800 0.892072 0.332830
v 0.408381 0.891652 0.322166
v 0.410461 0.893733 0.311501
v 0.461180 1.053281 0.332830
v 0.461087 1.053867 0.322166
v 0.461547 1.050961 0.311501
v 0.446665 1.049778 0.332830
v 0.446482 1.050342 0.322166
v 0.447391 1.047544 0.311501
v 0.432863 1.044081 0.332830
v 0.432593 1.044609 0.322166
v 0.433929 1.041988 0.311501
v 0.569996 0.944448 0.332830
v 0.570582 0.944355 0.322166
v 0.567676 0.944815 0.311501
v 0.571149 0.959335 0.332830
v 0.571742 0.959335 0.322166
v 0.568801 0.959335 0.311501
v 0.569996 0.974222 0.332830
v 0.570582 0.974315 0.322166
v 0.567676 0.973854 0.311501
v 0.454449 1.001724 0.292406
v 0.448312 1.013766 0.293937
v 0.442187 1.025785 0.297003
v 0.461353 1.004574 0.292406
v 0.457177 1.017426 0.293937
v 0.453009 1.030252 0.297003
v 0.468613 1.006326 0.292406
v 0.466500 1.019676 0.293937
v 0.464391 1.032999 0.297003
v 0.437569 0.987294 0.292406
v 0.426637 0.995237 0.293937
v 0.415726 1.003164 0.297003
v 0.442413 0.992979 0.292406
v 0.432857 1.002537 0.293937
v 0.423319 1.012076 0.297003
v 0.429062 0.951888 0.292406
v 0.415712 0.949773 0.293937
v 0.402389 0.947661 0.297003
v 0.428485 0.959335 0.292406
v 0.414971 0.959335 0.293937
v 0.401485 0.959335 0.297003
v 0.429062 0.966781 0.292406
v 0.415712 0.968897 0.293937
v 0.402389 0.971008 0.297003
v 0.442413 0.925691 0.292406
v 0.432857 0.916133 0.293937
v 0.423319 0.906593 0.297003
v 0.437569 0.931376 0.292406
v 0.426637 0.923433 0.293937
v 0.415726 0.915506 0.297003
v 0.468613 0.912344 0.292406
v 0.466500 0.898994 0.293937
v 0.464391 0.885671 0.297003
v 0.461353 0.914096 0.292406
v 0.457177 0.901244 0.293937
v 0.453009 0.888418 0.297003
v 0.454449 0.916946 0.292406
v 0.448312 0.904904 0.293937
v 0.442187 0.892885 0.297003
v 0.497654 0.916946 0.292406
v 0.503792 0.904904 0.293937
v 0.509917 0.892885 0.297003
v 0.490751 0.914096 0.292406
v 0.494927 0.901244 0.293937
v 0.499094 0.888418 0.297003
v 0.483490 0.912344 0.292406
v 0.485604 0.898994 0.293937
v 0.487713 0.885670 0.297003
v 0.514534 0.931376 0.292406
v 0.525467 0.923433 0.293937
v 0.536378 0.915506 0.297003
v 0.509690 0.925691 0.292406
v 0.519247 0.916132 0.293937
v 0.528785 0.906593 0.297003
v 0.523042 0.966781 0.292406
v 0.536391 0.968897 0.293937
v 0.549714 0.971008 0.297003
v 0.523619 0.959335 0.292406
v 0.537132 0.959335 0.293937
v 0.550619 0.959335 0.297003
v 0.523042 0.951888 0.292406
v 0.536391 0.949773 0.293937
v 0.549714 0.947661 0.297003
v 0.509690 0.992979 0.292406
v 0.519247 1.002537 0.293937
v 0.528784 1.012076 0.297003
v 0.514534 0.987294 0.292406
v 0.525467 0.995237 0.293937
v 0.536378 1.003164 0.297003
v 0.483490 1.006326 0.292406
v 0.485604 1.019676 0.293937
v 0.487713 1.032999 0.297003
v 0.490751 1.004574 0.292406
v 0.494927 1.017426 0.293937
v 0.499094 1.030252 0.297003
v 0.497654 1.001724 0.292406
v 0.503792 1.013766 0.293937
v 0.509917 1.025785 0.297003
v 0.496586 0.938797 0.289489
v 0.493714 0.941670 0.284690
v 0.492173 0.943211 0.274600
v 0.499543 0.942268 0.289489
v 0.496257 0.944655 0.284690
v 0.494494 0.945936 0.274600
v 0.452561 0.942268 0.289489
v 0.455847 0.944655 0.284690
v 0.457610 0.945936 0.274600
v 0.455517 0.938797 0.289489
v 0.458390 0.941670 0.284690
v 0.459931 0.943211 0.274600
v 0.499543 0.976402 0.289489
v 0.496257 0.974015 0.284690
v 0.494494 0.972734 0.274600
v 0.496586 0.979873 0.289489
v 0.493714 0.977000 0.284690
v 0.492173 0.975458 0.274600
v 0.480593 0.930650 0.289489
v 0.479957 0.934662 0.284690
v 0.479617 0.936815 0.274600
v 0.485025 0.931719 0.289489
v 0.483769 0.935582 0.284690
v 0.483096 0.937655 0.274600
v 0.489239 0.933459 0.289489
v 0.487394 0.937079 0.284690
v 0.486405 0.939020 0.274600
v 0.447367 0.963880 0.289489
v 0.451380 0.963245 0.284690
v 0.453533 0.962903 0.274600
v 0.447015 0.959335 0.289489
v 0.451077 0.959335 0.284690
v 0.453256 0.959335 0.274600
v 0.447367 0.954789 0.289489
v 0.451380 0.955425 0.284690
v 0.453533 0.955766 0.274600
v 0.471511 0.988020 0.289489
v 0.472146 0.984007 0.284690
v 0.472487 0.981855 0.274600
v 0.467079 0.986950 0.289489
v 0.468334 0.983087 0.284690
v 0.469007 0.981015 0.274600
v 0.462865 0.985211 0.289489
v 0.464709 0.981591 0.284690
v 0.465699 0.979649 0.274600
v 0.455518 0.979873 0.289489
v 0.458390 0.977000 0.284690
v 0.459931 0.975458 0.274600
v 0.452561 0.976402 0.289489
v 0.455847 0.974015 0.284690
v 0.457610 0.972734 0.274600
v 0.462865 0.933459 0.289489
v 0.464709 0.937079 0.284690
v 0.465699 0.939020 0.274600
v 0.467079 0.931719 0.289489
v 0.468334 0.935582 0.284690
v 0.469007 0.937655 0.274600
v 0.471511 0.930650 0.289489
v 0.472146 0.934662 0.284690
v 0.472487 0.936815 0.274600
v 0.504736 0.954789 0.289489
v 0.500723 0.955425 0.284690
v 0.498571 0.955766 0.274600
v 0.505088 0.959335 0.289489
v 0.501026 0.959335 0.284690
v 0.498847 0.959335 0.274600
v 0.504736 0.963881 0.289489
v 0.500723 0.963245 0.284690
v 0.498571 0.962904 0.274600
v 0.462712 1.043698 0.347304
v 0.449676 1.040512 0.347304
v 0.437256 1.035427 0.347304
v 0.415672 1.019745 0.347304
v 0.406998 1.009505 0.347304
v 0.391696 0.972718 0.347304
v 0.390697 0.959335 0.347304
v 0.391695 0.945952 0.347304
v 0.406998 0.909165 0.347304
v 0.415672 0.898924 0.347304
v 0.437256 0.883243 0.347304
v 0.449676 0.878158 0.347304
v 0.462712 0.874972 0.347304
v 0.489391 0.874972 0.347304
v 0.502428 0.878158 0.347304
v 0.514847 0.883243 0.347304
v 0.536431 0.898924 0.347304
v 0.545105 0.909165 0.347304
v 0.560408 0.945952 0.347304
v 0.561407 0.959335 0.347304
v 0.560408 0.972718 0.347304
v 0.545105 1.009505 0.347304
v 0.536431 1.019745 0.347304
v 0.514847 1.035427 0.347304
v 0.502428 1.040512 0.347304
v 0.489391 1.043698 0.347304
vn -0.0000 -0.0000 1.0000
vn 0.0842 -0.5114 0.8552
vn 0.1592 -0.4901 0.8570
vn 0.9824 0.1542 -0.1057
vn 0.8824 0.1387 -0.4495
vn 0.7228 0.5249 -0.4495
vn 0.8045 0.5844 -0.1058
vn 0.1564 0.3078 -0.9385
vn 0.4045 0.7965 -0.4494
vn 0.6326 0.6309 -0.4492
vn 0.2444 0.2438 -0.9385
vn 0.1569 0.9819 -0.1057
vn -0.1569 0.9819 -0.1058
vn -0.1539 0.9639 0.2173
vn 0.1540 0.9639 0.2171
vn 0.0842 0.5114 0.8552
vn -0.0842 0.5114 0.8552
vn -0.5124 0.0779 0.8552
vn -0.4169 0.3029 0.8570
vn -0.2325 0.4632 0.8552
vn -0.3687 0.3642 0.8552
vn -0.1592 -0.4901 0.8570
vn -0.0842 -0.5114 0.8552
vn -0.4169 -0.3029 0.8570
vn -0.3687 -0.3642 0.8552
vn -0.9824 -0.1542 -0.1058
vn -0.8825 -0.1387 -0.4495
vn -0.7228 -0.5249 -0.4494
vn -0.8045 -0.5845 -0.1057
vn -0.2325 -0.4632 0.8552
vn 0.1184 0.1181 -0.9859
vn 0.3677 0.3667 -0.8546
vn 0.2351 0.4630 -0.8546
vn 0.0757 0.1491 -0.9859
vn 0.4169 0.3029 0.8570
vn 0.3687 0.3642 0.8552
vn 0.2324 -0.4633 0.8552
vn 0.3688 -0.3642 0.8552
vn 0.1572 0.9838 -0.0864
vn -0.1572 0.9838 -0.0864
vn -0.1559 0.9760 -0.1523
vn 0.1560 0.9760 -0.1522
vn 0.6335 0.6318 -0.4467
vn 0.6998 0.6979 -0.1523
vn 0.4475 0.8812 -0.1523
vn 0.4050 0.7978 -0.4467
vn 0.1680 0.0264 -0.9854
vn 0.1023 0.0160 -0.9946
vn 0.0838 0.0609 -0.9946
vn 0.1376 0.0999 -0.9854
vn 0.2324 0.4633 0.8552
vn -0.1412 0.8835 -0.4467
vn 0.1412 0.8835 -0.4467
vn -0.8045 0.5845 -0.1058
vn -0.9824 0.1542 -0.1058
vn -0.9643 0.1516 0.2173
vn -0.7898 0.5736 0.2172
vn 0.2765 0.8510 -0.4465
vn 0.1605 0.4941 -0.8545
vn 0.3054 0.9400 -0.1522
vn 0.0820 0.5128 -0.8546
vn -0.0820 0.5128 -0.8546
vn -0.0264 0.1651 -0.9859
vn 0.0264 0.1651 -0.9859
vn -0.7041 -0.7022 -0.1058
vn -0.6324 -0.6308 -0.4495
vn -0.4045 -0.7964 -0.4495
vn -0.4502 -0.8866 -0.1058
vn -0.6912 -0.6893 0.2171
vn -0.4415 -0.8706 0.2172
vn 0.4502 0.8866 -0.1058
vn 0.7041 0.7022 -0.1058
vn 0.4511 0.8883 -0.0864
vn 0.3079 0.9475 -0.0863
vn -0.4420 0.8703 0.2173
vn -0.4502 0.8866 -0.1058
vn -0.7041 0.7022 -0.1058
vn -0.6912 0.6893 0.2171
vn -0.1408 -0.8821 -0.4496
vn 0.1409 -0.8821 -0.4495
vn 0.1569 -0.9819 -0.1057
vn -0.1569 -0.9819 -0.1058
vn -0.7228 0.5249 -0.4495
vn -0.8825 0.1387 -0.4495
vn 0.0517 0.1591 -0.9859
vn -0.3073 -0.9457 -0.1058
vn -0.3017 -0.9284 0.2171
vn -0.2760 -0.8496 -0.4494
vn -0.1540 -0.9639 0.2171
vn 0.0163 -0.1023 -0.9946
vn 0.0268 -0.1679 -0.9854
vn -0.0268 -0.1679 -0.9854
vn -0.0163 -0.1023 -0.9946
vn 0.4420 0.8704 0.2171
vn 0.6912 0.6893 0.2171
vn 0.4045 -0.7964 -0.4495
vn 0.6325 -0.6309 -0.4493
vn 0.7041 -0.7022 -0.1057
vn 0.4502 -0.8866 -0.1058
vn 0.7898 0.5736 0.2172
vn 0.1592 0.4901 0.8570
vn 0.3016 0.9284 0.2170
vn -0.2794 0.2028 -0.9385
vn -0.6326 0.6309 -0.4493
vn -0.2445 0.2438 -0.9385
vn -0.1592 0.4901 0.8570
vn -0.4045 0.7964 -0.4495
vn 0.9643 0.1515 0.2173
vn 0.5124 0.0779 0.8552
vn 0.4051 -0.7977 -0.4467
vn 0.4475 -0.8812 -0.1522
vn 0.6998 -0.6979 -0.1523
vn 0.6335 -0.6318 -0.4467
vn -0.0733 0.0731 -0.9946
vn -0.1204 0.1201 -0.9854
vn -0.0770 0.1516 -0.9854
vn -0.0469 0.0924 -0.9946
vn -0.1184 0.1181 -0.9859
vn -0.0757 0.1491 -0.9859
vn -0.0544 0.3409 -0.9385
vn 0.0544 0.3409 -0.9385
vn 0.0269 0.1679 -0.9854
vn -0.0269 0.1679 -0.9854
vn 0.6911 -0.6893 0.2173
vn 0.4420 -0.8703 0.2171
vn 0.1409 0.8821 -0.4495
vn -0.1408 0.8821 -0.4495
vn 0.1651 0.0259 -0.9859
vn 0.1353 0.0983 -0.9859
vn 0.0163 0.1023 -0.9946
vn -0.0163 0.1023 -0.9946
vn -0.1564 0.3078 -0.9385
vn 0.3017 -0.9284 0.2171
vn -0.2445 -0.2438 -0.9385
vn -0.2794 -0.2028 -0.9385
vn -0.1023 0.0161 -0.9946
vn -0.1680 0.0264 -0.9854
vn -0.1376 0.0999 -0.9854
vn -0.0838 0.0609 -0.9946
vn 0.1066 -0.3280 -0.9386
vn 0.2760 -0.8495 -0.4496
vn 0.0544 -0.3410 -0.9385
vn -0.9643 -0.1515 0.2173
vn -0.7898 -0.5736 0.2173
vn 0.7228 -0.5249 -0.4495
vn 0.8825 -0.1387 -0.4495
vn 0.9824 -0.1542 -0.1057
vn 0.8045 -0.5845 -0.1058
vn 0.1564 -0.3078 -0.9385
vn 0.1540 -0.9639 0.2171
vn 0.3073 -0.9457 -0.1057
vn 0.1651 -0.0259 -0.9859
vn 0.1023 -0.0160 -0.9946
vn 0.0838 -0.0609 -0.9946
vn 0.1353 -0.0983 -0.9859
vn 0.2760 0.8496 -0.4495
vn 0.1067 0.3284 -0.9385
vn -0.3453 -0.0000 -0.9385
vn -0.8932 -0.0000 -0.4496
vn -0.3411 0.0536 -0.9385
vn 0.9643 -0.1515 0.2173
vn 0.7898 -0.5736 0.2173
vn 0.0264 -0.1651 -0.9859
vn -0.0264 -0.1651 -0.9859
vn -0.9944 -0.0000 -0.1058
vn -0.9762 -0.0000 0.2170
vn -0.0757 -0.1490 -0.9859
vn -0.0469 -0.0924 -0.9946
vn -0.0733 -0.0731 -0.9946
vn -0.1184 -0.1180 -0.9859
vn -0.5153 -0.0000 0.8570
vn -0.5124 -0.0779 0.8552
vn -0.2760 0.8496 -0.4495
vn -0.1067 0.3284 -0.9385
vn 0.3073 0.9457 -0.1058
vn -0.1023 -0.0161 -0.9946
vn -0.1652 -0.0259 -0.9859
vn -0.1353 -0.0983 -0.9859
vn -0.0838 -0.0609 -0.9946
vn 0.2794 -0.2028 -0.9385
vn 0.2445 -0.2438 -0.9385
vn 0.0469 0.0923 -0.9946
vn 0.0733 0.0731 -0.9946
vn 0.4169 -0.3029 0.8570
vn -0.1067 -0.3284 -0.9385
vn -0.1563 -0.3078 -0.9385
vn -0.0770 -0.1516 -0.9854
vn -0.1204 -0.1201 -0.9854
vn -0.5130 -0.0806 -0.8546
vn -0.8839 -0.1388 -0.4467
vn -0.7239 -0.5259 -0.4465
vn -0.4203 -0.3053 -0.8545
vn -0.0819 -0.5128 -0.8546
vn -0.1412 -0.8835 -0.4467
vn 0.1412 -0.8835 -0.4467
vn 0.0819 -0.5128 -0.8546
vn -0.3411 -0.0536 -0.9385
vn -0.3016 0.9284 0.2171
vn -0.3073 0.9457 -0.1058
vn 0.5153 -0.0000 0.8570
vn 0.9762 -0.0000 0.2170
vn 0.5124 -0.0779 0.8552
vn 0.3453 -0.0000 -0.9385
vn 0.8933 -0.0000 -0.4496
vn 0.3411 -0.0536 -0.9385
vn -0.0544 -0.3409 -0.9385
vn 0.9944 -0.0000 -0.1057
vn 0.3411 0.0536 -0.9385
vn 0.0770 0.1516 -0.9854
vn 0.1204 0.1201 -0.9854
vn -0.0525 0.1617 -0.9854
vn -0.0320 0.0985 -0.9946
vn -0.1680 -0.0264 -0.9854
vn -0.1376 -0.0999 -0.9854
vn -0.1652 0.0259 -0.9859
vn -0.1353 0.0983 -0.9859
vn 0.0733 -0.0732 -0.9946
vn 0.1204 -0.1201 -0.9854
vn 0.0770 -0.1516 -0.9854
vn 0.0468 -0.0924 -0.9946
vn -0.0517 0.1591 -0.9859
vn -0.1700 -0.0000 -0.9854
vn -0.1036 -0.0000 -0.9946
vn -0.1672 -0.0000 -0.9859
vn 0.1680 -0.0264 -0.9854
vn 0.1376 -0.0999 -0.9854
vn 0.2794 0.2028 -0.9385
vn 0.4203 -0.3054 -0.8545
vn 0.5130 -0.0805 -0.8546
vn -0.0525 -0.1617 -0.9854
vn -0.0320 -0.0985 -0.9946
vn 0.1184 -0.1181 -0.9859
vn 0.0757 -0.1490 -0.9859
vn 0.8060 -0.5855 -0.0863
vn 0.9842 -0.1545 -0.0864
vn 0.9764 -0.1532 -0.1522
vn 0.7996 -0.5809 -0.1522
vn -0.0517 -0.1591 -0.9859
vn 0.0525 -0.1617 -0.9854
vn 0.0320 -0.0985 -0.9946
vn 0.0517 -0.1591 -0.9859
vn 0.8839 -0.1387 -0.4467
vn 0.7239 -0.5259 -0.4465
vn 0.2351 -0.4630 -0.8546
vn 0.3677 -0.3667 -0.8546
vn -0.6999 -0.6978 -0.1523
vn -0.4475 -0.8812 -0.1523
vn -0.4051 -0.7977 -0.4466
vn -0.6336 -0.6317 -0.4467
vn 0.1700 -0.0000 -0.9854
vn 0.1036 -0.0000 -0.9946
vn 0.1673 -0.0000 -0.9859
vn -0.2351 -0.4630 -0.8546
vn -0.3677 -0.3667 -0.8546
vn -0.9764 -0.1533 -0.1523
vn -0.9842 -0.1545 -0.0864
vn -0.8060 -0.5855 -0.0863
vn -0.7996 -0.5809 -0.1522
vn 0.0525 0.1617 -0.9854
vn 0.0320 0.0985 -0.9946
vn -0.7055 -0.7035 -0.0864
vn -0.4511 -0.8883 -0.0864
vn 0.5130 0.0805 -0.8546
vn 0.8839 0.1387 -0.4467
vn 0.7239 0.5259 -0.4465
vn 0.4203 0.3053 -0.8545
vn 0.9764 0.1532 -0.1523
vn 0.7996 0.5809 -0.1523
vn 0.4511 -0.8883 -0.0864
vn 0.7054 -0.7035 -0.0863
vn -0.5130 0.0806 -0.8546
vn -0.4203 0.3053 -0.8545
vn 0.9842 0.1545 -0.0864
vn 0.8060 0.5855 -0.0863
vn -0.4051 0.7977 -0.4467
vn -0.6335 0.6318 -0.4467
vn -0.3677 0.3667 -0.8546
vn -0.2351 0.4630 -0.8546
vn -0.7239 0.5259 -0.4465
vn -0.8839 0.1388 -0.4467
vn -0.1559 -0.9760 -0.1523
vn 0.1559 -0.9760 -0.1523
vn -0.7996 0.5809 -0.1522
vn -0.9764 0.1533 -0.1523
vn -0.1572 -0.9838 -0.0863
vn 0.1572 -0.9838 -0.0863
vn 0.7054 0.7036 -0.0864
vn 0.2765 -0.8510 -0.4466
vn 0.1605 -0.4941 -0.8545
vn 0.3054 -0.9400 -0.1522
vn -0.8060 0.5856 -0.0863
vn -0.9842 0.1545 -0.0864
vn 0.3078 -0.9475 -0.0863
vn -0.8948 -0.0000 -0.4466
vn -0.5195 -0.0000 -0.8545
vn -0.9883 -0.0000 -0.1522
vn -0.4475 0.8812 -0.1523
vn -0.6998 0.6979 -0.1523
vn -0.4511 0.8883 -0.0864
vn -0.7054 0.7035 -0.0864
vn -0.9963 -0.0000 -0.0863
vn -0.2765 0.8510 -0.4465
vn -0.1605 0.4941 -0.8545
vn -0.3054 0.9400 -0.1522
vn -0.3079 0.9475 -0.0863
vn -0.2765 -0.8510 -0.4465
vn -0.1605 -0.4941 -0.8545
vn -0.3054 -0.9400 -0.1522
vn -0.3078 -0.9475 -0.0863
vn 0.8948 -0.0000 -0.4465
vn 0.5195 -0.0000 -0.8545
vn 0.9884 -0.0000 -0.1522
vn 0.9963 -0.0000 -0.0863
vt 0.500000 0.690515
vt 0.453051 0.644496
vt 0.500000 0.500000
vt 0.546949 0.644496
vt 0.388018 0.654130
vt 0.377085 0.589303
vt 0.500000 0.309485
vt 0.563667 0.097350
vt 0.625888 0.112556
vt 0.546949 0.355504
vt 0.960325 0.573211
vt 0.968031 0.575046
vt 0.881382 0.777090
vt 0.876454 0.773510
vt 0.388018 0.345870
vt 0.453051 0.355504
vt 0.377085 0.410697
vt 0.611982 0.345870
vt 0.622915 0.410697
vt 0.676213 0.843841
vt 0.716002 0.921933
vt 0.834534 0.835814
vt 0.772560 0.773841
vt 0.572620 0.960418
vt 0.427380 0.960418
vt 0.428871 0.949544
vt 0.571129 0.949544
vt 0.611982 0.654130
vt 0.546950 0.644496
vt 0.622915 0.589303
vt 0.563667 0.902650
vt 0.436333 0.902650
vt 0.097383 0.563874
vt 0.170420 0.739454
vt 0.314836 0.863173
vt 0.211821 0.788328
vt 0.374112 0.112556
vt 0.436333 0.097350
vt 0.170420 0.260546
vt 0.211821 0.211672
vt 0.039675 0.426789
vt 0.031969 0.424955
vt 0.118618 0.222910
vt 0.123546 0.226490
vt 0.314837 0.136827
vt 0.583572 0.584239
vt 0.582485 0.582799
vt 0.553257 0.604032
vt 0.554291 0.605513
vt 0.829580 0.739454
vt 0.788180 0.788328
vt 0.685164 0.136827
vt 0.788179 0.211672
vt 0.518025 0.613867
vt 0.481975 0.613867
vt 0.481974 0.613927
vt 0.518026 0.613927
vt 0.581827 0.581918
vt 0.581607 0.581593
vt 0.552381 0.602765
vt 0.552623 0.603115
vt 0.790432 0.546354
vt 0.702739 0.532377
vt 0.665496 0.620240
vt 0.737190 0.672329
vt 0.685163 0.863173
vt 0.481963 0.614353
vt 0.518037 0.614353
vt 0.123546 0.773510
vt 0.039675 0.573212
vt 0.050478 0.571269
vt 0.131930 0.767418
vt 0.535714 0.609916
vt 0.535918 0.610544
vt 0.535630 0.609657
vt 0.518062 0.615467
vt 0.481938 0.615467
vt 0.481903 0.617273
vt 0.518097 0.617273
vt 0.170622 0.170199
vt 0.165466 0.164185
vt 0.283998 0.078067
vt 0.288124 0.084829
vt 0.178220 0.178120
vt 0.293310 0.094503
vt 0.711876 0.915171
vt 0.829378 0.829801
vt 0.552347 0.602715
vt 0.535618 0.609621
vt 0.293310 0.905497
vt 0.288124 0.915171
vt 0.170622 0.829801
vt 0.178220 0.821880
vt 0.426743 0.031686
vt 0.573257 0.031686
vt 0.572620 0.039582
vt 0.427380 0.039582
vt 0.118618 0.777090
vt 0.031969 0.575046
vt 0.536194 0.611393
vt 0.356207 0.057452
vt 0.359410 0.067308
vt 0.354325 0.051658
vt 0.428871 0.050456
vt 0.531858 0.297179
vt 0.545664 0.209459
vt 0.454336 0.209459
vt 0.468143 0.297178
vt 0.706690 0.905497
vt 0.821780 0.821880
vt 0.716002 0.078067
vt 0.834534 0.164186
vt 0.829378 0.170199
vt 0.711876 0.084829
vt 0.868070 0.767418
vt 0.625888 0.887444
vt 0.640590 0.932692
vt 0.189527 0.725572
vt 0.165466 0.835815
vt 0.227440 0.773841
vt 0.374112 0.887444
vt 0.283998 0.921933
vt 0.949522 0.571269
vt 0.902617 0.563874
vt 0.554291 0.394589
vt 0.554265 0.394642
vt 0.583918 0.415510
vt 0.586341 0.413749
vt 0.355011 0.645361
vt 0.292282 0.708212
vt 0.366167 0.761893
vt 0.406558 0.682811
vt 0.416428 0.584239
vt 0.445709 0.605513
vt 0.440454 0.881749
vt 0.559546 0.881749
vt 0.545664 0.790541
vt 0.454336 0.790541
vt 0.821780 0.178120
vt 0.706690 0.094503
vt 0.573257 0.968314
vt 0.426743 0.968314
vt 0.617126 0.519028
vt 0.594757 0.568845
vt 0.531858 0.702822
vt 0.468143 0.702822
vt 0.323787 0.843841
vt 0.640590 0.067308
vt 0.227440 0.226159
vt 0.189527 0.274428
vt 0.284091 0.532750
vt 0.205990 0.546354
vt 0.262810 0.672329
vt 0.334504 0.620240
vt 0.618590 0.135017
vt 0.645675 0.051658
vt 0.559546 0.118251
vt 0.050478 0.428731
vt 0.131930 0.232582
vt 0.881382 0.222910
vt 0.968031 0.424955
vt 0.960325 0.426789
vt 0.876454 0.226490
vt 0.676229 0.156147
vt 0.571129 0.050456
vt 0.643793 0.057452
vt 0.617126 0.480972
vt 0.703007 0.467429
vt 0.680015 0.369211
vt 0.634392 0.402358
vt 0.645675 0.948342
vt 0.618590 0.864983
vt 0.115612 0.500000
vt 0.028585 0.500000
vt 0.118088 0.561336
vt 0.949522 0.428731
vt 0.868070 0.232582
vt 0.518097 0.382727
vt 0.481903 0.382727
vt 0.034677 0.500000
vt 0.045041 0.500000
vt 0.445709 0.394487
vt 0.406558 0.317189
vt 0.355011 0.354639
vt 0.416428 0.415761
vt 0.092617 0.500000
vt 0.097383 0.436126
vt 0.354325 0.948342
vt 0.381410 0.864983
vt 0.643793 0.942548
vt 0.284091 0.467251
vt 0.342898 0.477276
vt 0.405243 0.431155
vt 0.334504 0.379760
vt 0.810977 0.274062
vt 0.772922 0.225896
vt 0.593442 0.682812
vt 0.644989 0.645361
vt 0.829580 0.260546
vt 0.381410 0.135017
vt 0.323787 0.156159
vt 0.366167 0.238107
vt 0.292282 0.291788
vt 0.370035 0.480599
vt 0.379452 0.480972
vt 0.405723 0.431816
vt 0.405519 0.431535
vt 0.481938 0.384533
vt 0.481963 0.385647
vt 0.518097 0.385565
vt 0.518097 0.384485
vt 0.118088 0.438664
vt 0.359410 0.932692
vt 0.356207 0.942548
vt 0.907383 0.500000
vt 0.954959 0.500000
vt 0.902617 0.436126
vt 0.883766 0.500000
vt 0.971415 0.500000
vt 0.881481 0.438653
vt 0.440454 0.118251
vt 0.965323 0.500000
vt 0.881465 0.561336
vt 0.633833 0.761893
vt 0.707718 0.708212
vt 0.409402 0.778834
vt 0.436786 0.694553
vt 0.205990 0.453647
vt 0.262810 0.327671
vt 0.342898 0.522724
vt 0.405243 0.568845
vt 0.655425 0.346597
vt 0.710613 0.289685
vt 0.633959 0.238015
vt 0.593710 0.316994
vt 0.463806 0.611393
vt 0.201839 0.500000
vt 0.277489 0.500000
vt 0.333882 0.500000
vt 0.790558 0.453555
vt 0.741217 0.324746
vt 0.810473 0.725572
vt 0.609276 0.420607
vt 0.617072 0.480954
vt 0.409402 0.221166
vt 0.436786 0.305447
vt 0.613741 0.389274
vt 0.554291 0.394487
vt 0.594757 0.431155
vt 0.595260 0.430789
vt 0.463806 0.388607
vt 0.590598 0.221166
vt 0.563214 0.305447
vt 0.536194 0.388607
vt 0.617048 0.480947
vt 0.598784 0.428229
vt 0.554291 0.394546
vt 0.593741 0.407913
vt 0.418337 0.418389
vt 0.447619 0.397235
vt 0.447377 0.396885
vt 0.418096 0.418057
vt 0.793183 0.500000
vt 0.704565 0.500000
vt 0.617126 0.500000
vt 0.446743 0.395968
vt 0.417461 0.417184
vt 0.382446 0.480972
vt 0.382874 0.480972
vt 0.405819 0.431948
vt 0.405807 0.431932
vt 0.590599 0.778834
vt 0.563214 0.694553
vt 0.418372 0.418437
vt 0.447653 0.397285
vt 0.615509 0.518503
vt 0.614873 0.518296
vt 0.593655 0.567982
vt 0.594054 0.568326
vt 0.593746 0.567923
vt 0.554003 0.395006
vt 0.583572 0.415761
vt 0.370035 0.519401
vt 0.405519 0.568465
vt 0.594025 0.568002
vt 0.447377 0.603115
vt 0.418096 0.581943
vt 0.417461 0.582816
vt 0.446743 0.604032
vt 0.405723 0.568184
vt 0.379452 0.519028
vt 0.481974 0.386073
vt 0.518095 0.385978
vt 0.405807 0.568069
vt 0.382446 0.519028
vt 0.481975 0.386133
vt 0.518085 0.386051
vt 0.581609 0.581557
vt 0.536194 0.389423
vt 0.536194 0.389076
vt 0.536182 0.389583
vt 0.405819 0.568052
vt 0.382874 0.519028
vt 0.536098 0.389719
vt 0.377896 0.500000
vt 0.364928 0.500000
vt 0.382252 0.500000
vt 0.447619 0.602765
vt 0.418337 0.581611
vt 0.447653 0.602715
vt 0.418372 0.581563
vt 0.382874 0.500000
vt 0.464286 0.609916
vt 0.464082 0.610544
vt 0.464370 0.609657
vt 0.464382 0.609620
vt 0.464286 0.390084
vt 0.464082 0.389456
vt 0.464370 0.390343
vt 0.464382 0.390380
vt 0.616504 0.499798
vt 0.616699 0.499861
s 1
usemtl WoodenFence_Nails(Material).001
f 2502/1844/2099 2503/1845/2099 2501/1846/2099 2515/1847/2099
f 2504/1848/2099 2505/1849/2099 2501/1846/2099 2503/1845/2099
f 2509/1850/2099 2763/1851/2100 2764/1852/2101 2510/1853/2099
f 2601/1854/2102 2602/1855/2103 2542/1856/2104 2541/1857/2105
f 2507/1858/2099 2508/1859/2099 2501/1846/2099 2506/1860/2099
f 2509/1850/2099 2510/1853/2099 2501/1846/2099 2508/1859/2099
f 2511/1861/2099 2512/1862/2099 2501/1846/2099 2510/1853/2099
f 2680/1863/2106 2566/1864/2107 2545/1865/2108 2668/1866/2109
f 2571/1867/2110 2586/1868/2111 2585/1869/2112 2570/1870/2113
f 2514/1871/2099 2515/1872/2099 2501/1846/2099 2513/1873/2099
f 2775/1874/2114 2750/1875/2115 2502/1844/2099
f 2755/1876/2116 2505/1849/2099 2754/1877/2117
f 2504/1848/2099 2752/1878/2118 2753/1879/2119
f 2508/1859/2099 2761/1880/2120 2762/1881/2121 2509/1850/2099
f 2506/1860/2099 2758/1882/2122 2759/1883/2123 2507/1858/2099
f 2562/1884/2124 2563/1885/2125 2581/1886/2126 2580/1887/2127
f 2507/1858/2099 2759/1883/2123 2760/1888/2128
f 2470/1889/2129 2696/1890/2130 2516/1891/2131 2474/1892/2132
f 2762/1881/2121 2763/1851/2100 2509/1850/2099
f 2771/1893/2133 2772/1894/2134 2514/1871/2099 2513/1873/2099
f 2511/1861/2099 2765/1895/2135 2766/1896/2136
f 2492/1897/2137 2483/1898/2138 2719/1899/2139 2524/1900/2140
f 2697/1901/2141 2698/1902/2142 2518/1903/2143 2517/1904/2144
f 2658/1905/2145 2657/1906/2146 2669/1907/2147 2670/1908/2148
f 2514/1871/2099 2772/1894/2134 2773/1909/2149
f 2524/1900/2140 2719/1899/2139 2718/1910/2150 2523/1911/2151
f 2538/1912/2152 2556/1913/2153 2555/1914/2154 2537/1915/2155
f 2516/1891/2131 2517/1904/2144 2520/1916/2156 2519/1917/2157
f 2517/1904/2144 2518/1903/2143 2521/1918/2158 2520/1916/2156
f 2519/1917/2157 2520/1916/2156 2523/1911/2151 2522/1919/2159
f 2520/1916/2156 2521/1918/2158 2524/1900/2140 2523/1911/2151
f 2522/1919/2159 2717/1920/2160 2451/1921/2161 2472/1922/2162
f 2583/1923/2163 2584/1924/2164 2527/1925/2165 2526/1926/2166
f 2582/1927/2167 2583/1923/2163 2526/1926/2166 2525/1928/2168
f 2545/1865/2108 2566/1864/2107 2565/1929/2169 2544/1930/2170
f 2518/1903/2143 2490/1931/2171 2491/1932/2172 2521/1918/2158
f 2521/1918/2158 2491/1932/2172 2492/1897/2137 2524/1900/2140
f 2523/1911/2151 2718/1910/2150 2717/1920/2160 2522/1919/2159
f 2591/1933/2173 2592/1934/2174 2535/1935/2175 2534/1936/2176
f 2533/1937/2177 2548/1938/2178 2547/1939/2179 2532/1940/2180
f 2539/1941/2181 2557/1942/2182 2556/1913/2153 2538/1912/2152
f 2473/1943/2183 2519/1917/2157 2522/1919/2159 2472/1922/2162
f 2474/1892/2132 2516/1891/2131 2519/1917/2157 2473/1943/2183
f 2525/1928/2168 2526/1926/2166 2529/1944/2184 2528/1945/2185
f 2526/1926/2166 2527/1925/2165 2530/1946/2186 2529/1944/2184
f 2528/1945/2185 2529/1944/2184 2532/1940/2180 2531/1947/2187
f 2529/1944/2184 2530/1946/2186 2533/1937/2177 2532/1940/2180
f 2648/1948/2188 2649/1949/2189 2634/1950/2190 2633/1951/2191
f 2544/1930/2170 2565/1929/2169 2564/1952/2192 2543/1953/2193
f 2554/1954/2194 2575/1955/2195 2574/1956/2196 2553/1957/2197
f 2771/1893/2133 2540/1958/2198 2543/1953/2193 2772/1894/2134
f 2774/1959/2199 2567/1960/2200 2570/1870/2113 2775/1874/2114
f 2614/1961/2201 2539/1941/2181 2536/1962/2202 2617/1963/2203
f 2751/1964/2204 2752/1878/2118 2504/1848/2099 2503/1845/2099
f 2592/1934/2174 2593/1965/2205 2536/1962/2202 2535/1935/2175
f 2600/1966/2206 2601/1854/2102 2541/1857/2105 2540/1958/2198
f 2770/1967/2207 2600/1966/2206 2540/1958/2198 2771/1893/2133
f 2706/1968/2208 2707/1969/2209 2683/1970/2210 2682/1971/2211
f 2534/1936/2176 2535/1935/2175 2538/1912/2152 2537/1915/2155
f 2535/1935/2175 2536/1962/2202 2539/1941/2181 2538/1912/2152
f 2615/1972/2212 2616/1973/2213 2604/1974/2214 2603/1975/2215
f 2453/1976/2216 2615/1972/2212 2603/1975/2215 2449/1977/2217
f 2611/1978/2218 2674/1979/2219 2673/1980/2220 2610/1981/2221
f 2553/1957/2197 2574/1956/2196 2573/1982/2222 2552/1983/2223
f 2572/1984/2224 2587/1985/2225 2586/1868/2111 2571/1867/2110
f 2753/1879/2119 2534/1936/2176 2537/1915/2155 2754/1877/2117
f 2657/1906/2146 2467/1986/2226 2471/1987/2227 2669/1907/2147
f 2610/1981/2221 2673/1980/2220 2672/1988/2228 2609/1989/2229
f 2616/1973/2213 2617/1963/2203 2605/1990/2230 2604/1974/2214
f 2515/1847/2099 2774/1959/2199 2775/1874/2114 2502/1844/2099
f 2764/1852/2101 2549/1991/2231 2552/1983/2223 2765/1895/2135
f 2629/1992/2232 2584/1924/2164 2581/1886/2126 2632/1993/2233
f 2540/1958/2198 2541/1857/2105 2544/1930/2170 2543/1953/2193
f 2541/1857/2105 2542/1856/2104 2545/1865/2108 2544/1930/2170
f 2624/1994/2234 2625/1995/2235 2613/1996/2236 2612/1997/2237
f 2647/1998/2238 2551/1999/2239 2548/1938/2178 2650/2000/2240
f 2504/1848/2099 2753/1879/2119 2754/1877/2117 2505/1849/2099
f 2561/2001/2241 2562/1884/2124 2580/1887/2127 2579/2002/2242
f 2578/2003/2243 2596/2004/2244 2595/2005/2245 2577/2006/2246
f 2644/2007/2247 2554/1954/2194 2551/1999/2239 2647/1998/2238
f 2763/1851/2100 2546/2008/2248 2549/1991/2231 2764/1852/2101
f 2546/2008/2248 2547/1939/2179 2550/2009/2249 2549/1991/2231
f 2547/1939/2179 2548/1938/2178 2551/1999/2239 2550/2009/2249
f 2549/1991/2231 2550/2009/2249 2553/1957/2197 2552/1983/2223
f 2550/2009/2249 2551/1999/2239 2554/1954/2194 2553/1957/2197
f 2469/2010/2250 2663/2011/2251 2651/2012/2252 2465/2013/2253
f 2674/1979/2219 2572/1984/2224 2569/2014/2254 2677/2015/2255
f 2507/1858/2099 2760/1888/2128 2761/1880/2120 2508/1859/2099
f 2623/2016/2256 2560/2017/2257 2557/1942/2182 2626/2018/2258
f 2502/1844/2099 2750/1875/2115 2751/1964/2204 2503/1845/2099
f 2577/2006/2246 2595/2005/2245 2594/2019/2259 2576/2020/2260
f 2625/1995/2235 2626/2018/2258 2614/1961/2201 2613/1996/2236
f 2677/2015/2255 2569/2014/2254 2566/1864/2107 2680/1863/2106
f 2464/2021/2261 2648/1948/2188 2633/1951/2191 2459/2022/2262
f 2555/1914/2154 2556/1913/2153 2559/2023/2263 2558/2024/2264
f 2556/1913/2153 2557/1942/2182 2560/2017/2257 2559/2023/2263
f 2558/2024/2264 2559/2023/2263 2562/1884/2124 2561/2001/2241
f 2559/2023/2263 2560/2017/2257 2563/1885/2125 2562/1884/2124
f 2461/2025/2265 2639/2026/2266 2627/2027/2267 2457/2028/2268
f 2756/2029/2269 2558/2024/2264 2561/2001/2241 2757/2030/2270
f 2773/1909/2149 2564/1952/2192 2567/1960/2200 2774/1959/2199
f 2755/1876/2116 2555/1914/2154 2558/2024/2264 2756/2029/2269
f 2605/1990/2230 2593/1965/2205 2590/2031/2271 2608/2032/2272
f 2564/1952/2192 2565/1929/2169 2568/2033/2273 2567/1960/2200
f 2565/1929/2169 2566/1864/2107 2569/2014/2254 2568/2033/2273
f 2567/1960/2200 2568/2033/2273 2571/1867/2110 2570/1870/2113
f 2568/2033/2273 2569/2014/2254 2572/1984/2224 2571/1867/2110
f 2618/2034/2274 2454/2035/2275 2458/2036/2276 2630/2037/2277
f 2653/2038/2278 2578/2003/2243 2575/1955/2195 2656/2039/2279
f 2543/1953/2193 2564/1952/2192 2773/1909/2149 2772/1894/2134
f 2611/1978/2218 2587/1985/2225 2572/1984/2224 2674/1979/2219
f 2536/1962/2202 2593/1965/2205 2605/1990/2230 2617/1963/2203
f 2474/1892/2132 2678/2040/2280 2666/2041/2281 2470/1889/2129
f 2573/1982/2222 2574/1956/2196 2577/2006/2246 2576/2020/2260
f 2574/1956/2196 2575/1955/2195 2578/2003/2243 2577/2006/2246
f 2766/1896/2136 2573/1982/2222 2576/2020/2260 2767/2042/2282
f 2638/2043/2283 2530/1946/2186 2527/1925/2165 2641/2044/2284
f 2758/1882/2122 2579/2002/2242 2582/1927/2167 2759/1883/2123
f 2539/1941/2181 2614/1961/2201 2626/2018/2258 2557/1942/2182
f 2640/2045/2285 2641/2044/2284 2629/1992/2232 2628/2046/2286
f 2714/2047/2287 2715/2048/2288 2688/2049/2289 2687/2050/2290
f 2579/2002/2242 2580/1887/2127 2583/1923/2163 2582/1927/2167
f 2580/1887/2127 2581/1886/2126 2584/1924/2164 2583/1923/2163
f 2738/2051/2291 2739/2052/2292 2700/2053/2293 2699/2054/2294
f 2620/2055/2295 2632/1993/2233 2581/1886/2126 2563/1885/2125
f 2608/2032/2272 2590/2031/2271 2587/1985/2225 2611/1978/2218
f 2513/1873/2099 2770/1967/2207 2771/1893/2133
f 2751/1964/2204 2588/2056/2296 2591/1933/2173 2752/1878/2118
f 2750/1875/2115 2585/1869/2112 2588/2056/2296 2751/1964/2204
f 2585/1869/2112 2586/1868/2111 2589/2057/2297 2588/2056/2296
f 2586/1868/2111 2587/1985/2225 2590/2031/2271 2589/2057/2297
f 2588/2056/2296 2589/2057/2297 2592/1934/2174 2591/1933/2173
f 2589/2057/2297 2590/2031/2271 2593/1965/2205 2592/1934/2174
f 2769/2058/2298 2597/2059/2299 2600/1966/2206 2770/1967/2207
f 2768/2060/2300 2594/2019/2259 2597/2059/2299 2769/2058/2298
f 2662/2061/2301 2599/2062/2302 2596/2004/2244 2665/2063/2303
f 2635/2064/2304 2533/1937/2177 2530/1946/2186 2638/2043/2283
f 2594/2019/2259 2595/2005/2245 2598/2065/2305 2597/2059/2299
f 2595/2005/2245 2596/2004/2244 2599/2062/2302 2598/2065/2305
f 2597/2059/2299 2598/2065/2305 2601/1854/2102 2600/1966/2206
f 2598/2065/2305 2599/2062/2302 2602/1855/2103 2601/1854/2102
f 2659/2066/2306 2602/1855/2103 2599/2062/2302 2662/2061/2301
f 2678/2040/2280 2679/2067/2307 2667/2068/2308 2666/2041/2281
f 2761/1880/2120 2528/1945/2185 2531/1947/2187 2762/1881/2121
f 2760/1888/2128 2525/1928/2168 2528/1945/2185 2761/1880/2120
f 2603/1975/2215 2604/1974/2214 2607/2069/2309 2606/2070/2310
f 2604/1974/2214 2605/1990/2230 2608/2032/2272 2607/2069/2309
f 2606/2070/2310 2607/2069/2309 2610/1981/2221 2609/1989/2229
f 2607/2069/2309 2608/2032/2272 2611/1978/2218 2610/1981/2221
f 2619/2071/2311 2618/2034/2274 2630/2037/2277 2631/2072/2312
f 2620/2055/2295 2619/2071/2311 2631/2072/2312 2632/1993/2233
f 2527/1925/2165 2584/1924/2164 2629/1992/2232 2641/2044/2284
f 2456/2073/2313 2624/1994/2234 2612/1997/2237 2452/2074/2314
f 2609/1989/2229 2672/1988/2228 2472/1922/2162 2451/1921/2161
f 2654/2075/2315 2655/2076/2316 2643/2077/2317 2642/2078/2318
f 2450/2079/2319 2606/2070/2310 2609/1989/2229 2451/1921/2161
f 2449/1977/2217 2603/1975/2215 2606/2070/2310 2450/2079/2319
f 2533/1937/2177 2635/2064/2304 2650/2000/2240 2548/1938/2178
f 2612/1997/2237 2613/1996/2236 2616/1973/2213 2615/1972/2212
f 2613/1996/2236 2614/1961/2201 2617/1963/2203 2616/1973/2213
f 2639/2026/2266 2640/2045/2285 2628/2046/2286 2627/2027/2267
f 2655/2076/2316 2656/2039/2279 2644/2007/2247 2643/2077/2317
f 2452/2074/2314 2612/1997/2237 2615/1972/2212 2453/1976/2216
f 2618/2034/2274 2619/2071/2311 2622/2080/2320 2621/2081/2321
f 2619/2071/2311 2620/2055/2295 2623/2016/2256 2622/2080/2320
f 2621/2081/2321 2622/2080/2320 2625/1995/2235 2624/1994/2234
f 2622/2080/2320 2623/2016/2256 2626/2018/2258 2625/1995/2235
f 2455/2082/2322 2621/2081/2321 2624/1994/2234 2456/2073/2313
f 2454/2035/2275 2618/2034/2274 2621/2081/2321 2455/2082/2322
f 2627/2027/2267 2628/2046/2286 2631/2072/2312 2630/2037/2277
f 2628/2046/2286 2629/1992/2232 2632/1993/2233 2631/2072/2312
f 2663/2011/2251 2664/2083/2323 2652/2084/2324 2651/2012/2252
f 2664/2083/2323 2665/2063/2303 2653/2038/2278 2652/2084/2324
f 2659/2066/2306 2671/2085/2325 2542/1856/2104 2602/1855/2103
f 2684/2086/2326 2741/2087/2327 2469/2010/2250 2465/2013/2253
f 2457/2028/2268 2627/2027/2267 2630/2037/2277 2458/2036/2276
f 2633/1951/2191 2634/1950/2190 2637/2088/2328 2636/2089/2329
f 2634/1950/2190 2635/2064/2304 2638/2043/2283 2637/2088/2328
f 2636/2089/2329 2637/2088/2328 2640/2045/2285 2639/2026/2266
f 2637/2088/2328 2638/2043/2283 2641/2044/2284 2640/2045/2285
f 2649/1949/2189 2650/2000/2240 2635/2064/2304 2634/1950/2190
f 2466/2090/2330 2654/2075/2315 2642/2078/2318 2462/2091/2331
f 2489/2092/2332 2480/2010/2333 2743/2087/2334 2686/2093/2335
f 2460/2094/2336 2636/2089/2329 2639/2026/2266 2461/2025/2265
f 2459/2022/2262 2633/1951/2191 2636/2089/2329 2460/2094/2336
f 2642/2078/2318 2643/2077/2317 2646/2095/2337 2645/2096/2338
f 2643/2077/2317 2644/2007/2247 2647/1998/2238 2646/2095/2337
f 2645/2096/2338 2646/2095/2337 2649/1949/2189 2648/1948/2188
f 2646/2095/2337 2647/1998/2238 2650/2000/2240 2649/1949/2189
f 2659/2066/2306 2658/1905/2145 2670/1908/2148 2671/2085/2325
f 2665/2063/2303 2596/2004/2244 2578/2003/2243 2653/2038/2278
f 2656/2039/2279 2575/1955/2195 2554/1954/2194 2644/2007/2247
f 2463/2097/2339 2645/2096/2338 2648/1948/2188 2464/2021/2261
f 2462/2091/2331 2642/2078/2318 2645/2096/2338 2463/2097/2339
f 2742/2098/2340 2741/2087/2327 2684/2086/2326 2685/2099/2341
f 2462/2091/2331 2705/2100/2342 2681/2101/2343 2466/2090/2330
f 2651/2012/2252 2652/2084/2324 2655/2076/2316 2654/2075/2315
f 2652/2084/2324 2653/2038/2278 2656/2039/2279 2655/2076/2316
f 2692/2102/2344 2734/2103/2345 2733/2104/2346 2691/2105/2347
f 2465/2013/2253 2651/2012/2252 2654/2075/2315 2466/2090/2330
f 2657/1906/2146 2658/1905/2145 2661/2106/2348 2660/2107/2349
f 2658/1905/2145 2659/2066/2306 2662/2061/2301 2661/2106/2348
f 2660/2107/2349 2661/2106/2348 2664/2083/2323 2663/2011/2251
f 2661/2106/2348 2662/2061/2301 2665/2063/2303 2664/2083/2323
f 2468/2108/2350 2660/2107/2349 2663/2011/2251 2469/2010/2250
f 2467/1986/2226 2657/1906/2146 2660/2107/2349 2468/2108/2350
f 2666/2041/2281 2667/2068/2308 2670/1908/2148 2669/1907/2147
f 2667/2068/2308 2668/1866/2109 2671/2085/2325 2670/1908/2148
f 2525/1928/2168 2760/1888/2128 2759/1883/2123 2582/1927/2167
f 2679/2067/2307 2680/1863/2106 2668/1866/2109 2667/2068/2308
f 2705/2100/2342 2706/1968/2208 2682/1971/2211 2681/2101/2343
f 2691/2105/2347 2733/2104/2346 2732/2109/2351 2690/2110/2352
f 2716/2111/2353 2495/2112/2354 2486/2113/2355 2689/2114/2356
f 2470/1889/2129 2666/2041/2281 2669/1907/2147 2471/1987/2227
f 2672/1988/2228 2673/1980/2220 2676/2115/2357 2675/2116/2358
f 2673/1980/2220 2674/1979/2219 2677/2015/2255 2676/2115/2357
f 2675/2116/2358 2676/2115/2357 2679/2067/2307 2678/2040/2280
f 2676/2115/2357 2677/2015/2255 2680/1863/2106 2679/2067/2307
f 2473/1943/2183 2675/2116/2358 2678/2040/2280 2474/1892/2132
f 2472/1922/2162 2672/1988/2228 2675/2116/2358 2473/1943/2183
f 2487/2117/2359 2477/2118/2360 2734/2103/2345 2692/2102/2344
f 2715/2048/2288 2716/2111/2353 2689/2114/2356 2688/2049/2289
f 2690/2110/2352 2732/2109/2351 2461/2025/2265 2457/2028/2268
f 2459/2022/2262 2738/2051/2291 2699/2054/2294 2464/2021/2261
f 2681/2101/2343 2682/1971/2211 2685/2099/2341 2684/2086/2326
f 2682/1971/2211 2683/1970/2210 2686/2093/2335 2685/2099/2341
f 2747/2119/2361 2748/2120/2362 2694/2121/2363 2693/2122/2364
f 2743/2087/2334 2742/2098/2340 2685/2099/2341 2686/2093/2335
f 2748/2120/2362 2749/2119/2365 2695/2123/2366 2694/2121/2363
f 2707/1969/2209 2498/2124/2367 2488/2125/2368 2683/1970/2210
f 2454/2035/2275 2714/2047/2287 2687/2050/2290 2458/2036/2276
f 2683/1970/2210 2488/2125/2368 2489/2092/2332 2686/2093/2335
f 2708/2126/2369 2456/2073/2313 2452/2074/2314 2729/2127/2370
f 2749/2119/2365 2482/1986/2371 2499/2128/2372 2695/2123/2366
f 2466/2090/2330 2681/2101/2343 2684/2086/2326 2465/2013/2253
f 2724/2129/2373 2727/2130/2374 2726/2131/2375 2723/2132/2376
f 2687/2050/2290 2688/2049/2289 2691/2105/2347 2690/2110/2352
f 2688/2049/2289 2689/2114/2356 2692/2102/2344 2691/2105/2347
f 2708/2126/2369 2729/2127/2370 2730/2133/2377 2709/2134/2378
f 2689/2114/2356 2486/2113/2355 2487/2117/2359 2692/2102/2344
f 2739/2052/2292 2740/2135/2379 2701/2136/2380 2700/2053/2293
f 2467/1986/2226 2747/2119/2361 2693/2122/2364 2471/1987/2227
f 2731/2137/2381 2710/2138/2382 2709/2134/2378 2730/2133/2377
f 2740/2135/2379 2479/2139/2383 2496/2140/2384 2701/2136/2380
f 2458/2036/2276 2687/2050/2290 2690/2110/2352 2457/2028/2268
f 2693/2122/2364 2694/2121/2363 2697/1901/2141 2696/1890/2130
f 2694/2121/2363 2695/2123/2366 2698/1902/2142 2697/1901/2141
f 2695/2123/2366 2499/2128/2372 2500/2141/2385 2698/1902/2142
f 2471/1987/2227 2693/2122/2364 2696/1890/2130 2470/1889/2129
f 2699/2054/2294 2700/2053/2293 2703/2142/2386 2702/2143/2387
f 2700/2053/2293 2701/2136/2380 2704/2144/2388 2703/2142/2386
f 2702/2143/2387 2703/2142/2386 2706/1968/2208 2705/2100/2342
f 2703/2142/2386 2704/2144/2388 2707/1969/2209 2706/1968/2208
f 2579/2002/2242 2758/1882/2122 2757/2030/2270 2561/2001/2241
f 2710/2138/2382 2731/2137/2381 2476/2145/2389 2493/2146/2390
f 2531/1947/2187 2546/2008/2248 2763/1851/2100 2762/1881/2121
f 2537/1915/2155 2555/1914/2154 2755/1876/2116 2754/1877/2117
f 2701/2136/2380 2496/2140/2384 2497/2147/2391 2704/2144/2388
f 2704/2144/2388 2497/2147/2391 2498/2124/2367 2707/1969/2209
f 2463/2097/2339 2702/2143/2387 2705/2100/2342 2462/2091/2331
f 2464/2021/2261 2699/2054/2294 2702/2143/2387 2463/2097/2339
f 2708/2126/2369 2709/2134/2378 2712/2148/2392 2711/2149/2393
f 2709/2134/2378 2710/2138/2382 2713/2150/2394 2712/2148/2392
f 2711/2149/2393 2712/2148/2392 2715/2048/2288 2714/2047/2287
f 2712/2148/2392 2713/2150/2394 2716/2111/2353 2715/2048/2288
f 2725/2151/2395 2728/2152/2396 2727/2130/2374 2724/2129/2373
f 2485/2153/2397 2475/2154/2398 2728/2152/2396 2725/2151/2395
f 2723/2132/2376 2726/2131/2375 2453/1976/2216 2449/1977/2217
f 2710/2138/2382 2493/2146/2390 2494/2155/2399 2713/2150/2394
f 2713/2150/2394 2494/2155/2399 2495/2112/2354 2716/2111/2353
f 2455/2082/2322 2711/2149/2393 2714/2047/2287 2454/2035/2275
f 2456/2073/2313 2708/2126/2369 2711/2149/2393 2455/2082/2322
f 2717/1920/2160 2718/1910/2150 2721/2156/2400 2720/2157/2401
f 2718/1910/2150 2719/1899/2139 2722/2158/2402 2721/2156/2400
f 2720/2157/2401 2721/2156/2400 2724/2129/2373 2723/2132/2376
f 2721/2156/2400 2722/2158/2402 2725/2151/2395 2724/2129/2373
f 2719/1899/2139 2483/1898/2138 2484/2159/2403 2722/2158/2402
f 2722/2158/2402 2484/2159/2403 2485/2153/2397 2725/2151/2395
f 2757/2030/2270 2758/1882/2122 2506/1860/2099
f 2752/1878/2118 2591/1933/2173 2534/1936/2176 2753/1879/2119
f 2570/1870/2113 2585/1869/2112 2750/1875/2115 2775/1874/2114
f 2552/1983/2223 2573/1982/2222 2766/1896/2136 2765/1895/2135
f 2450/2079/2319 2720/2157/2401 2723/2132/2376 2449/1977/2217
f 2451/1921/2161 2717/1920/2160 2720/2157/2401 2450/2079/2319
f 2726/2131/2375 2727/2130/2374 2730/2133/2377 2729/2127/2370
f 2727/2130/2374 2728/2152/2396 2731/2137/2381 2730/2133/2377
f 2728/2152/2396 2475/2154/2398 2476/2145/2389 2731/2137/2381
f 2453/1976/2216 2726/2131/2375 2729/2127/2370 2452/2074/2314
f 2732/2109/2351 2733/2104/2346 2736/2160/2404 2735/2161/2405
f 2733/2104/2346 2734/2103/2345 2737/2162/2406 2736/2160/2404
f 2735/2161/2405 2736/2160/2404 2739/2052/2292 2738/2051/2291
f 2736/2160/2404 2737/2162/2406 2740/2135/2379 2739/2052/2292
f 2734/2103/2345 2477/2118/2360 2478/2163/2407 2737/2162/2406
f 2737/2162/2406 2478/2163/2407 2479/2139/2383 2740/2135/2379
f 2460/2094/2336 2735/2161/2405 2738/2051/2291 2459/2022/2262
f 2461/2025/2265 2732/2109/2351 2735/2161/2405 2460/2094/2336
f 2741/2087/2327 2742/2098/2340 2745/2164/2408 2744/2165/2409
f 2742/2098/2340 2743/2087/2334 2746/2165/2410 2745/2164/2408
f 2744/2165/2409 2745/2164/2408 2748/2120/2362 2747/2119/2361
f 2745/2164/2408 2746/2165/2410 2749/2119/2365 2748/2120/2362
f 2743/2087/2334 2480/2010/2333 2481/2108/2411 2746/2165/2410
f 2746/2165/2410 2481/2108/2411 2482/1986/2371 2749/2119/2365
f 2468/2108/2350 2744/2165/2409 2747/2119/2361 2467/1986/2226
f 2469/2010/2250 2741/2087/2327 2744/2165/2409 2468/2108/2350
f 2757/2030/2270 2506/1860/2099 2501/1846/2099 2756/2029/2269
f 2501/1846/2099 2512/1862/2099 2768/2060/2300 2769/2058/2298
f 2510/1853/2099 2764/1852/2101 2765/1895/2135 2511/1861/2099
f 2668/1866/2109 2545/1865/2108 2542/1856/2104 2671/2085/2325
f 2501/1846/2099 2505/1849/2099 2755/1876/2116 2756/2029/2269
f 2576/2020/2260 2594/2019/2259 2768/2060/2300 2767/2042/2282
f 2768/2060/2300 2512/1862/2099 2767/2042/2282
f 2532/1940/2180 2547/1939/2179 2546/2008/2248 2531/1947/2187
f 2511/1861/2099 2766/1896/2136 2767/2042/2282 2512/1862/2099
f 2696/1890/2130 2697/1901/2141 2517/1904/2144 2516/1891/2131
f 2514/1871/2099 2773/1909/2149 2774/1959/2199 2515/1872/2099
f 2620/2055/2295 2563/1885/2125 2560/2017/2257 2623/2016/2256
f 2513/1873/2099 2501/1846/2099 2769/2058/2298 2770/1967/2207
f 2698/1902/2142 2500/2141/2385 2490/1931/2171 2518/1903/2143
o H_Fence_Empty_Nails.006
v -0.380840 0.991703 0.291348
v -0.375568 0.993880 0.291348
v -0.370024 0.995218 0.291348
v -0.393730 0.980685 0.291348
v -0.390031 0.985026 0.291348
v -0.400226 0.953649 0.291348
v -0.400667 0.959335 0.291348
v -0.400226 0.965021 0.291348
v -0.390031 0.933644 0.291348
v -0.393730 0.937985 0.291348
v -0.370024 0.923452 0.291348
v -0.375568 0.924790 0.291348
v -0.380840 0.926966 0.291348
v -0.347848 0.926966 0.291348
v -0.353120 0.924790 0.291348
v -0.358664 0.923452 0.291348
v -0.334959 0.937985 0.291348
v -0.338658 0.933644 0.291348
v -0.328462 0.965021 0.291348
v -0.328022 0.959335 0.291348
v -0.328462 0.953649 0.291348
v -0.338658 0.985026 0.291348
v -0.334959 0.980685 0.291348
v -0.358664 0.995218 0.291348
v -0.353120 0.993880 0.291348
v -0.347848 0.991703 0.291348
v -0.379307 0.974301 0.256868
v -0.381462 0.971772 0.256868
v -0.373954 0.940479 0.256868
v -0.370883 0.939211 0.256868
v -0.367653 0.938432 0.256868
v -0.343442 0.956022 0.256868
v -0.343185 0.959335 0.256868
v -0.343442 0.962647 0.256868
v -0.367653 0.980238 0.256868
v -0.370883 0.979458 0.256868
v -0.373954 0.978191 0.256868
v -0.381462 0.946898 0.256868
v -0.379307 0.944369 0.256868
v -0.349381 0.944369 0.256868
v -0.347226 0.946898 0.256868
v -0.354735 0.978191 0.256868
v -0.357806 0.979458 0.256868
v -0.361035 0.980238 0.256868
v -0.385246 0.962647 0.256868
v -0.385503 0.959335 0.256868
v -0.385246 0.956022 0.256868
v -0.361035 0.938432 0.256868
v -0.357806 0.939211 0.256868
v -0.354735 0.940479 0.256868
v -0.347226 0.971772 0.256868
v -0.349381 0.974301 0.256868
v -0.364344 0.959335 0.351417
v -0.364344 0.999251 0.351417
v -0.374181 0.989610 0.351417
v -0.387807 0.991628 0.351417
v -0.390097 0.978046 0.351417
v -0.390097 0.940624 0.351417
v -0.387807 0.927042 0.351417
v -0.374181 0.929060 0.351417
v -0.364344 0.919418 0.351417
v -0.354507 0.929060 0.351417
v -0.340882 0.927042 0.351417
v -0.338591 0.940624 0.351417
v -0.338591 0.978046 0.351417
v -0.340882 0.991628 0.351417
v -0.354507 0.989610 0.351417
v -0.351157 0.985211 0.289489
v -0.353002 0.981591 0.284690
v -0.353991 0.979649 0.274600
v -0.355371 0.986950 0.289489
v -0.356627 0.983087 0.284690
v -0.357300 0.981015 0.274600
v -0.359803 0.988020 0.289489
v -0.360439 0.984007 0.284690
v -0.360779 0.981855 0.274600
v -0.407533 0.874589 0.332830
v -0.407803 0.874061 0.322166
v -0.406467 0.876682 0.311501
v -0.393731 0.868892 0.332830
v -0.393914 0.868328 0.322166
v -0.393005 0.871125 0.311501
v -0.379216 0.865388 0.332830
v -0.379309 0.864802 0.322166
v -0.378849 0.867709 0.311501
v -0.431596 1.026598 0.332830
v -0.432015 1.027017 0.322166
v -0.429935 1.024937 0.311501
v -0.441280 1.015232 0.332830
v -0.441760 1.015580 0.322166
v -0.439380 1.013851 0.311501
v -0.287409 1.015232 0.332830
v -0.286929 1.015580 0.322166
v -0.289309 1.013851 0.311501
v -0.297092 1.026598 0.332830
v -0.296673 1.027017 0.322166
v -0.298753 1.024937 0.311501
v -0.349473 0.865388 0.332830
v -0.349380 0.864802 0.322166
v -0.349840 0.867708 0.311501
v -0.334957 0.868892 0.332830
v -0.334774 0.868328 0.322166
v -0.335683 0.871125 0.311501
v -0.321155 0.874589 0.332830
v -0.320886 0.874061 0.322166
v -0.322222 0.876682 0.311501
v -0.458288 0.974222 0.332830
v -0.458874 0.974315 0.322166
v -0.455968 0.973855 0.311501
v -0.459442 0.959335 0.332830
v -0.460035 0.959335 0.322166
v -0.457093 0.959335 0.311501
v -0.458288 0.944448 0.332830
v -0.458874 0.944355 0.322166
v -0.455968 0.944815 0.311501
v -0.321155 1.044081 0.332830
v -0.320886 1.044609 0.322166
v -0.322222 1.041988 0.311501
v -0.334957 1.049778 0.332830
v -0.334774 1.050342 0.322166
v -0.335683 1.047544 0.311501
v -0.349473 1.053281 0.332830
v -0.349380 1.053867 0.322166
v -0.349840 1.050961 0.311501
v -0.297093 0.892072 0.332830
v -0.296673 0.891652 0.322166
v -0.298753 0.893733 0.311501
v -0.287409 0.903438 0.332830
v -0.286929 0.903089 0.322166
v -0.289309 0.904819 0.311501
v -0.441280 0.903438 0.332830
v -0.441759 0.903089 0.322166
v -0.439380 0.904818 0.311501
v -0.431596 0.892072 0.332830
v -0.432015 0.891652 0.322166
v -0.429935 0.893733 0.311501
v -0.379216 1.053281 0.332830
v -0.379309 1.053867 0.322166
v -0.378849 1.050961 0.311501
v -0.393731 1.049778 0.332830
v -0.393914 1.050342 0.322166
v -0.393005 1.047544 0.311501
v -0.407533 1.044081 0.332830
v -0.407803 1.044609 0.322166
v -0.406467 1.041988 0.311501
v -0.270400 0.944448 0.332830
v -0.269814 0.944355 0.322166
v -0.272720 0.944815 0.311501
v -0.269247 0.959335 0.332830
v -0.268654 0.959335 0.322166
v -0.271595 0.959335 0.311501
v -0.270400 0.974222 0.332830
v -0.269814 0.974315 0.322166
v -0.272720 0.973854 0.311501
v -0.385947 1.001724 0.292406
v -0.392084 1.013766 0.293937
v -0.398209 1.025785 0.297003
v -0.379043 1.004574 0.292406
v -0.383219 1.017426 0.293937
v -0.387387 1.030252 0.297003
v -0.371783 1.006326 0.292406
v -0.373896 1.019676 0.293937
v -0.376005 1.032999 0.297003
v -0.402827 0.987294 0.292406
v -0.413759 0.995237 0.293937
v -0.424670 1.003164 0.297003
v -0.397983 0.992979 0.292406
v -0.407539 1.002537 0.293937
v -0.417077 1.012076 0.297003
v -0.411334 0.951888 0.292406
v -0.424684 0.949773 0.293937
v -0.438007 0.947661 0.297003
v -0.411911 0.959335 0.292406
v -0.425425 0.959335 0.293937
v -0.438911 0.959335 0.297003
v -0.411334 0.966781 0.292406
v -0.424684 0.968897 0.293937
v -0.438007 0.971008 0.297003
v -0.397983 0.925691 0.292406
v -0.407539 0.916133 0.293937
v -0.417077 0.906593 0.297003
v -0.402827 0.931376 0.292406
v -0.413759 0.923433 0.293937
v -0.424670 0.915506 0.297003
v -0.371783 0.912344 0.292406
v -0.373896 0.898994 0.293937
v -0.376005 0.885671 0.297003
v -0.379043 0.914096 0.292406
v -0.383219 0.901244 0.293937
v -0.387387 0.888418 0.297003
v -0.385947 0.916946 0.292406
v -0.392084 0.904904 0.293937
v -0.398209 0.892885 0.297003
v -0.342742 0.916946 0.292406
v -0.336604 0.904904 0.293937
v -0.330479 0.892885 0.297003
v -0.349645 0.914096 0.292406
v -0.345469 0.901244 0.293937
v -0.341302 0.888418 0.297003
v -0.356906 0.912344 0.292406
v -0.354792 0.898994 0.293937
v -0.352683 0.885670 0.297003
v -0.325862 0.931376 0.292406
v -0.314929 0.923433 0.293937
v -0.304018 0.915506 0.297003
v -0.330706 0.925691 0.292406
v -0.321149 0.916132 0.293937
v -0.311611 0.906593 0.297003
v -0.317354 0.966781 0.292406
v -0.304005 0.968897 0.293937
v -0.290682 0.971008 0.297003
v -0.316777 0.959335 0.292406
v -0.303264 0.959335 0.293937
v -0.289777 0.959335 0.297003
v -0.317354 0.951888 0.292406
v -0.304005 0.949773 0.293937
v -0.290682 0.947661 0.297003
v -0.330706 0.992979 0.292406
v -0.321149 1.002537 0.293937
v -0.311612 1.012076 0.297003
v -0.325862 0.987294 0.292406
v -0.314929 0.995237 0.293937
v -0.304018 1.003164 0.297003
v -0.356906 1.006326 0.292406
v -0.354792 1.019676 0.293937
v -0.352683 1.032999 0.297003
v -0.349645 1.004574 0.292406
v -0.345469 1.017426 0.293937
v -0.341302 1.030252 0.297003
v -0.342742 1.001724 0.292406
v -0.336604 1.013766 0.293937
v -0.330479 1.025785 0.297003
v -0.343810 0.938797 0.289489
v -0.346682 0.941670 0.284690
v -0.348223 0.943211 0.274600
v -0.340853 0.942268 0.289489
v -0.344139 0.944655 0.284690
v -0.345902 0.945936 0.274600
v -0.387835 0.942268 0.289489
v -0.384549 0.944655 0.284690
v -0.382786 0.945936 0.274600
v -0.384879 0.938797 0.289489
v -0.382006 0.941670 0.284690
v -0.380465 0.943211 0.274600
v -0.340853 0.976402 0.289489
v -0.344139 0.974015 0.284690
v -0.345902 0.972734 0.274600
v -0.343810 0.979873 0.289489
v -0.346682 0.977000 0.284690
v -0.348223 0.975458 0.274600
v -0.359803 0.930650 0.289489
v -0.360439 0.934662 0.284690
v -0.360779 0.936815 0.274600
v -0.355371 0.931719 0.289489
v -0.356627 0.935582 0.284690
v -0.357300 0.937655 0.274600
v -0.351157 0.933459 0.289489
v -0.353002 0.937079 0.284690
v -0.353991 0.939020 0.274600
v -0.393029 0.963880 0.289489
v -0.389016 0.963245 0.284690
v -0.386863 0.962903 0.274600
v -0.393381 0.959335 0.289489
v -0.389319 0.959335 0.284690
v -0.387140 0.959335 0.274600
v -0.393029 0.954789 0.289489
v -0.389016 0.955425 0.284690
v -0.386863 0.955766 0.274600
v -0.368885 0.988020 0.289489
v -0.368250 0.984007 0.284690
v -0.367909 0.981855 0.274600
v -0.373317 0.986950 0.289489
v -0.372062 0.983087 0.284690
v -0.371389 0.981015 0.274600
v -0.377531 0.985211 0.289489
v -0.375687 0.981591 0.284690
v -0.374697 0.979649 0.274600
v -0.384878 0.979873 0.289489
v -0.382006 0.977000 0.284690
v -0.380465 0.975458 0.274600
v -0.387835 0.976402 0.289489
v -0.384549 0.974015 0.284690
v -0.382786 0.972734 0.274600
v -0.377531 0.933459 0.289489
v -0.375687 0.937079 0.284690
v -0.374697 0.939020 0.274600
v -0.373317 0.931719 0.289489
v -0.372062 0.935582 0.284690
v -0.371389 0.937655 0.274600
v -0.368885 0.930650 0.289489
v -0.368250 0.934662 0.284690
v -0.367909 0.936815 0.274600
v -0.335660 0.954789 0.289489
v -0.339673 0.955425 0.284690
v -0.341825 0.955766 0.274600
v -0.335308 0.959335 0.289489
v -0.339370 0.959335 0.284690
v -0.341549 0.959335 0.274600
v -0.335660 0.963881 0.289489
v -0.339673 0.963245 0.284690
v -0.341825 0.962904 0.274600
v -0.377684 1.043698 0.347304
v -0.390720 1.040512 0.347304
v -0.403140 1.035427 0.347304
v -0.424724 1.019745 0.347304
v -0.433398 1.009505 0.347304
v -0.448700 0.972718 0.347304
v -0.449699 0.959335 0.347304
v -0.448701 0.945952 0.347304
v -0.433398 0.909165 0.347304
v -0.424724 0.898924 0.347304
v -0.403140 0.883243 0.347304
v -0.390720 0.878158 0.347304
v -0.377684 0.874972 0.347304
v -0.351005 0.874972 0.347304
v -0.337968 0.878158 0.347304
v -0.325549 0.883243 0.347304
v -0.303965 0.898924 0.347304
v -0.295291 0.909165 0.347304
v -0.279988 0.945952 0.347304
v -0.278989 0.959335 0.347304
v -0.279988 0.972718 0.347304
v -0.295291 1.009505 0.347304
v -0.303965 1.019745 0.347304
v -0.325549 1.035427 0.347304
v -0.337968 1.040512 0.347304
v -0.351005 1.043698 0.347304
vn -0.0000 -0.0000 1.0000
vn 0.0842 -0.5114 0.8552
vn 0.1592 -0.4901 0.8570
vn 0.9824 0.1542 -0.1057
vn 0.8824 0.1387 -0.4495
vn 0.7228 0.5249 -0.4495
vn 0.8045 0.5844 -0.1058
vn 0.1564 0.3078 -0.9385
vn 0.4045 0.7965 -0.4494
vn 0.6326 0.6309 -0.4492
vn 0.2444 0.2438 -0.9385
vn 0.1569 0.9819 -0.1057
vn -0.1569 0.9819 -0.1058
vn -0.1539 0.9639 0.2173
vn 0.1540 0.9639 0.2171
vn 0.0842 0.5114 0.8552
vn -0.0842 0.5114 0.8552
vn -0.5124 0.0779 0.8552
vn -0.4169 0.3029 0.8570
vn -0.2325 0.4632 0.8552
vn -0.3687 0.3642 0.8552
vn -0.1592 -0.4901 0.8570
vn -0.0842 -0.5114 0.8552
vn -0.4169 -0.3029 0.8570
vn -0.3687 -0.3642 0.8552
vn -0.9824 -0.1542 -0.1058
vn -0.8825 -0.1387 -0.4495
vn -0.7228 -0.5249 -0.4494
vn -0.8045 -0.5845 -0.1057
vn -0.2325 -0.4632 0.8552
vn 0.1184 0.1181 -0.9859
vn 0.3677 0.3667 -0.8546
vn 0.2351 0.4630 -0.8546
vn 0.0757 0.1491 -0.9859
vn 0.4169 0.3029 0.8570
vn 0.3687 0.3642 0.8552
vn 0.2324 -0.4633 0.8552
vn 0.3688 -0.3642 0.8552
vn 0.1572 0.9838 -0.0864
vn -0.1572 0.9838 -0.0864
vn -0.1559 0.9760 -0.1523
vn 0.1560 0.9760 -0.1522
vn 0.6335 0.6318 -0.4467
vn 0.6998 0.6979 -0.1523
vn 0.4475 0.8812 -0.1523
vn 0.4050 0.7978 -0.4467
vn 0.1680 0.0264 -0.9854
vn 0.1023 0.0160 -0.9946
vn 0.0838 0.0609 -0.9946
vn 0.1376 0.0999 -0.9854
vn 0.2324 0.4633 0.8552
vn -0.1412 0.8835 -0.4467
vn 0.1412 0.8835 -0.4467
vn -0.8045 0.5845 -0.1058
vn -0.9824 0.1542 -0.1058
vn -0.9643 0.1516 0.2173
vn -0.7898 0.5736 0.2172
vn 0.2765 0.8510 -0.4465
vn 0.1605 0.4941 -0.8545
vn 0.3054 0.9400 -0.1522
vn 0.0820 0.5128 -0.8546
vn -0.0820 0.5128 -0.8546
vn -0.0264 0.1651 -0.9859
vn 0.0264 0.1651 -0.9859
vn -0.7041 -0.7022 -0.1058
vn -0.6324 -0.6308 -0.4495
vn -0.4045 -0.7964 -0.4495
vn -0.4502 -0.8866 -0.1058
vn -0.6912 -0.6893 0.2171
vn -0.4415 -0.8706 0.2172
vn 0.4502 0.8866 -0.1058
vn 0.7041 0.7022 -0.1058
vn 0.4511 0.8883 -0.0864
vn 0.3079 0.9475 -0.0863
vn -0.4420 0.8703 0.2173
vn -0.4502 0.8866 -0.1058
vn -0.7041 0.7022 -0.1058
vn -0.6912 0.6893 0.2171
vn -0.1408 -0.8821 -0.4496
vn 0.1409 -0.8821 -0.4495
vn 0.1569 -0.9819 -0.1057
vn -0.1569 -0.9819 -0.1058
vn -0.7228 0.5249 -0.4495
vn -0.8825 0.1387 -0.4495
vn 0.0517 0.1591 -0.9859
vn -0.3073 -0.9457 -0.1058
vn -0.3017 -0.9284 0.2171
vn -0.2760 -0.8496 -0.4494
vn -0.1540 -0.9639 0.2171
vn 0.0163 -0.1023 -0.9946
vn 0.0268 -0.1679 -0.9854
vn -0.0268 -0.1679 -0.9854
vn -0.0163 -0.1023 -0.9946
vn 0.4420 0.8704 0.2171
vn 0.6912 0.6893 0.2171
vn 0.4045 -0.7964 -0.4495
vn 0.6325 -0.6309 -0.4493
vn 0.7041 -0.7022 -0.1057
vn 0.4502 -0.8866 -0.1058
vn 0.7898 0.5736 0.2172
vn 0.1592 0.4901 0.8570
vn 0.3016 0.9284 0.2170
vn -0.2794 0.2028 -0.9385
vn -0.6326 0.6309 -0.4493
vn -0.2445 0.2438 -0.9385
vn -0.1592 0.4901 0.8570
vn -0.4045 0.7964 -0.4495
vn 0.9643 0.1515 0.2173
vn 0.5124 0.0779 0.8552
vn 0.4051 -0.7977 -0.4467
vn 0.4475 -0.8812 -0.1522
vn 0.6998 -0.6979 -0.1523
vn 0.6335 -0.6318 -0.4467
vn -0.0733 0.0731 -0.9946
vn -0.1204 0.1201 -0.9854
vn -0.0770 0.1516 -0.9854
vn -0.0469 0.0924 -0.9946
vn -0.1184 0.1181 -0.9859
vn -0.0757 0.1491 -0.9859
vn -0.0544 0.3409 -0.9385
vn 0.0544 0.3409 -0.9385
vn 0.0269 0.1679 -0.9854
vn -0.0269 0.1679 -0.9854
vn 0.6911 -0.6893 0.2173
vn 0.4420 -0.8703 0.2171
vn 0.1409 0.8821 -0.4495
vn -0.1408 0.8821 -0.4495
vn 0.1651 0.0259 -0.9859
vn 0.1353 0.0983 -0.9859
vn 0.0163 0.1023 -0.9946
vn -0.0163 0.1023 -0.9946
vn -0.1564 0.3078 -0.9385
vn 0.3017 -0.9284 0.2171
vn -0.2445 -0.2438 -0.9385
vn -0.2794 -0.2028 -0.9385
vn -0.1023 0.0161 -0.9946
vn -0.1680 0.0264 -0.9854
vn -0.1376 0.0999 -0.9854
vn -0.0838 0.0609 -0.9946
vn 0.1066 -0.3280 -0.9386
vn 0.2760 -0.8495 -0.4496
vn 0.0544 -0.3410 -0.9385
vn -0.9643 -0.1515 0.2173
vn -0.7898 -0.5736 0.2173
vn 0.7228 -0.5249 -0.4495
vn 0.8825 -0.1387 -0.4495
vn 0.9824 -0.1542 -0.1057
vn 0.8045 -0.5845 -0.1058
vn 0.1564 -0.3078 -0.9385
vn 0.1540 -0.9639 0.2171
vn 0.3073 -0.9457 -0.1057
vn 0.1651 -0.0259 -0.9859
vn 0.1023 -0.0160 -0.9946
vn 0.0838 -0.0609 -0.9946
vn 0.1353 -0.0983 -0.9859
vn 0.2760 0.8496 -0.4495
vn 0.1067 0.3284 -0.9385
vn -0.3453 -0.0000 -0.9385
vn -0.8932 -0.0000 -0.4496
vn -0.3411 0.0536 -0.9385
vn 0.9643 -0.1515 0.2173
vn 0.7898 -0.5736 0.2173
vn 0.0264 -0.1651 -0.9859
vn -0.0264 -0.1651 -0.9859
vn -0.9944 -0.0000 -0.1058
vn -0.9762 -0.0000 0.2170
vn -0.0757 -0.1490 -0.9859
vn -0.0469 -0.0924 -0.9946
vn -0.0733 -0.0731 -0.9946
vn -0.1184 -0.1180 -0.9859
vn -0.5153 -0.0000 0.8570
vn -0.5124 -0.0779 0.8552
vn -0.2760 0.8496 -0.4495
vn -0.1067 0.3284 -0.9385
vn 0.3073 0.9457 -0.1058
vn -0.1023 -0.0161 -0.9946
vn -0.1652 -0.0259 -0.9859
vn -0.1353 -0.0983 -0.9859
vn -0.0838 -0.0609 -0.9946
vn 0.2794 -0.2028 -0.9385
vn 0.2445 -0.2438 -0.9385
vn 0.0469 0.0923 -0.9946
vn 0.0733 0.0731 -0.9946
vn 0.4169 -0.3029 0.8570
vn -0.1067 -0.3284 -0.9385
vn -0.1563 -0.3078 -0.9385
vn -0.0770 -0.1516 -0.9854
vn -0.1204 -0.1201 -0.9854
vn -0.5130 -0.0806 -0.8546
vn -0.8839 -0.1388 -0.4467
vn -0.7239 -0.5259 -0.4465
vn -0.4203 -0.3053 -0.8545
vn -0.0819 -0.5128 -0.8546
vn -0.1412 -0.8835 -0.4467
vn 0.1412 -0.8835 -0.4467
vn 0.0819 -0.5128 -0.8546
vn -0.3411 -0.0536 -0.9385
vn -0.3016 0.9284 0.2171
vn -0.3073 0.9457 -0.1058
vn 0.5153 -0.0000 0.8570
vn 0.9762 -0.0000 0.2170
vn 0.5124 -0.0779 0.8552
vn 0.3453 -0.0000 -0.9385
vn 0.8933 -0.0000 -0.4496
vn 0.3411 -0.0536 -0.9385
vn -0.0544 -0.3409 -0.9385
vn 0.9944 -0.0000 -0.1057
vn 0.3411 0.0536 -0.9385
vn 0.0770 0.1516 -0.9854
vn 0.1204 0.1201 -0.9854
vn -0.0525 0.1617 -0.9854
vn -0.0320 0.0985 -0.9946
vn -0.1680 -0.0264 -0.9854
vn -0.1376 -0.0999 -0.9854
vn -0.1652 0.0259 -0.9859
vn -0.1353 0.0983 -0.9859
vn 0.0733 -0.0732 -0.9946
vn 0.1204 -0.1201 -0.9854
vn 0.0770 -0.1516 -0.9854
vn 0.0468 -0.0924 -0.9946
vn -0.0517 0.1591 -0.9859
vn -0.1700 -0.0000 -0.9854
vn -0.1036 -0.0000 -0.9946
vn -0.1672 -0.0000 -0.9859
vn 0.1680 -0.0264 -0.9854
vn 0.1376 -0.0999 -0.9854
vn 0.2794 0.2028 -0.9385
vn 0.4203 -0.3054 -0.8545
vn 0.5130 -0.0805 -0.8546
vn -0.0525 -0.1617 -0.9854
vn -0.0320 -0.0985 -0.9946
vn 0.1184 -0.1181 -0.9859
vn 0.0757 -0.1490 -0.9859
vn 0.8060 -0.5855 -0.0863
vn 0.9842 -0.1545 -0.0864
vn 0.9764 -0.1532 -0.1522
vn 0.7996 -0.5809 -0.1522
vn -0.0517 -0.1591 -0.9859
vn 0.0525 -0.1617 -0.9854
vn 0.0320 -0.0985 -0.9946
vn 0.0517 -0.1591 -0.9859
vn 0.8839 -0.1387 -0.4467
vn 0.7239 -0.5259 -0.4465
vn 0.2351 -0.4630 -0.8546
vn 0.3677 -0.3667 -0.8546
vn -0.6999 -0.6978 -0.1523
vn -0.4475 -0.8812 -0.1523
vn -0.4051 -0.7977 -0.4466
vn -0.6336 -0.6317 -0.4467
vn 0.1700 -0.0000 -0.9854
vn 0.1036 -0.0000 -0.9946
vn 0.1673 -0.0000 -0.9859
vn -0.2351 -0.4630 -0.8546
vn -0.3677 -0.3667 -0.8546
vn -0.9764 -0.1533 -0.1523
vn -0.9842 -0.1545 -0.0864
vn -0.8060 -0.5855 -0.0863
vn -0.7996 -0.5809 -0.1522
vn 0.0525 0.1617 -0.9854
vn 0.0320 0.0985 -0.9946
vn -0.7055 -0.7035 -0.0864
vn -0.4511 -0.8883 -0.0864
vn 0.5130 0.0805 -0.8546
vn 0.8839 0.1387 -0.4467
vn 0.7239 0.5259 -0.4465
vn 0.4203 0.3053 -0.8545
vn 0.9764 0.1532 -0.1523
vn 0.7996 0.5809 -0.1523
vn 0.4511 -0.8883 -0.0864
vn 0.7054 -0.7035 -0.0863
vn -0.5130 0.0806 -0.8546
vn -0.4203 0.3053 -0.8545
vn 0.9842 0.1545 -0.0864
vn 0.8060 0.5855 -0.0863
vn -0.4051 0.7977 -0.4467
vn -0.6335 0.6318 -0.4467
vn -0.3677 0.3667 -0.8546
vn -0.2351 0.4630 -0.8546
vn -0.7239 0.5259 -0.4465
vn -0.8839 0.1388 -0.4467
vn -0.1559 -0.9760 -0.1523
vn 0.1559 -0.9760 -0.1523
vn -0.7996 0.5809 -0.1522
vn -0.9764 0.1533 -0.1523
vn -0.1572 -0.9838 -0.0863
vn 0.1572 -0.9838 -0.0863
vn 0.7054 0.7036 -0.0864
vn 0.2765 -0.8510 -0.4466
vn 0.1605 -0.4941 -0.8545
vn 0.3054 -0.9400 -0.1522
vn -0.8060 0.5856 -0.0863
vn -0.9842 0.1545 -0.0864
vn 0.3078 -0.9475 -0.0863
vn -0.8948 -0.0000 -0.4466
vn -0.5195 -0.0000 -0.8545
vn -0.9883 -0.0000 -0.1522
vn -0.4475 0.8812 -0.1523
vn -0.6998 0.6979 -0.1523
vn -0.4511 0.8883 -0.0864
vn -0.7054 0.7035 -0.0864
vn -0.9963 -0.0000 -0.0863
vn -0.2765 0.8510 -0.4465
vn -0.1605 0.4941 -0.8545
vn -0.3054 0.9400 -0.1522
vn -0.3079 0.9475 -0.0863
vn -0.2765 -0.8510 -0.4465
vn -0.1605 -0.4941 -0.8545
vn -0.3054 -0.9400 -0.1522
vn -0.3078 -0.9475 -0.0863
vn 0.8948 -0.0000 -0.4465
vn 0.5195 -0.0000 -0.8545
vn 0.9884 -0.0000 -0.1522
vn 0.9963 -0.0000 -0.0863
vt 0.500000 0.690515
vt 0.453051 0.644496
vt 0.500000 0.500000
vt 0.546949 0.644496
vt 0.388018 0.654130
vt 0.377085 0.589303
vt 0.500000 0.309485
vt 0.563667 0.097350
vt 0.625888 0.112556
vt 0.546949 0.355504
vt 0.960325 0.573211
vt 0.968031 0.575046
vt 0.881382 0.777090
vt 0.876454 0.773510
vt 0.388018 0.345870
vt 0.453051 0.355504
vt 0.377085 0.410697
vt 0.611982 0.345870
vt 0.622915 0.410697
vt 0.676213 0.843841
vt 0.716002 0.921933
vt 0.834534 0.835814
vt 0.772560 0.773841
vt 0.572620 0.960418
vt 0.427380 0.960418
vt 0.428871 0.949544
vt 0.571129 0.949544
vt 0.611982 0.654130
vt 0.546950 0.644496
vt 0.622915 0.589303
vt 0.563667 0.902650
vt 0.436333 0.902650
vt 0.097383 0.563874
vt 0.170420 0.739454
vt 0.314836 0.863173
vt 0.211821 0.788328
vt 0.374112 0.112556
vt 0.436333 0.097350
vt 0.170420 0.260546
vt 0.211821 0.211672
vt 0.039675 0.426789
vt 0.031969 0.424955
vt 0.118618 0.222910
vt 0.123546 0.226490
vt 0.314837 0.136827
vt 0.583572 0.584239
vt 0.582485 0.582799
vt 0.553257 0.604032
vt 0.554291 0.605513
vt 0.829580 0.739454
vt 0.788180 0.788328
vt 0.685164 0.136827
vt 0.788179 0.211672
vt 0.518025 0.613867
vt 0.481975 0.613867
vt 0.481974 0.613927
vt 0.518026 0.613927
vt 0.581827 0.581918
vt 0.581607 0.581593
vt 0.552381 0.602765
vt 0.552623 0.603115
vt 0.790432 0.546354
vt 0.702739 0.532377
vt 0.665496 0.620240
vt 0.737190 0.672329
vt 0.685163 0.863173
vt 0.481963 0.614353
vt 0.518037 0.614353
vt 0.123546 0.773510
vt 0.039675 0.573212
vt 0.050478 0.571269
vt 0.131930 0.767418
vt 0.535714 0.609916
vt 0.535918 0.610544
vt 0.535630 0.609657
vt 0.518062 0.615467
vt 0.481938 0.615467
vt 0.481903 0.617273
vt 0.518097 0.617273
vt 0.170622 0.170199
vt 0.165466 0.164185
vt 0.283998 0.078067
vt 0.288124 0.084829
vt 0.178220 0.178120
vt 0.293310 0.094503
vt 0.711876 0.915171
vt 0.829378 0.829801
vt 0.552347 0.602715
vt 0.535618 0.609621
vt 0.293310 0.905497
vt 0.288124 0.915171
vt 0.170622 0.829801
vt 0.178220 0.821880
vt 0.426743 0.031686
vt 0.573257 0.031686
vt 0.572620 0.039582
vt 0.427380 0.039582
vt 0.118618 0.777090
vt 0.031969 0.575046
vt 0.536194 0.611393
vt 0.356207 0.057452
vt 0.359410 0.067308
vt 0.354325 0.051658
vt 0.428871 0.050456
vt 0.531858 0.297179
vt 0.545664 0.209459
vt 0.454336 0.209459
vt 0.468143 0.297178
vt 0.706690 0.905497
vt 0.821780 0.821880
vt 0.716002 0.078067
vt 0.834534 0.164186
vt 0.829378 0.170199
vt 0.711876 0.084829
vt 0.868070 0.767418
vt 0.625888 0.887444
vt 0.640590 0.932692
vt 0.189527 0.725572
vt 0.165466 0.835815
vt 0.227440 0.773841
vt 0.374112 0.887444
vt 0.283998 0.921933
vt 0.949522 0.571269
vt 0.902617 0.563874
vt 0.554291 0.394589
vt 0.554265 0.394642
vt 0.583918 0.415510
vt 0.586341 0.413749
vt 0.355011 0.645361
vt 0.292282 0.708212
vt 0.366167 0.761893
vt 0.406558 0.682811
vt 0.416428 0.584239
vt 0.445709 0.605513
vt 0.440454 0.881749
vt 0.559546 0.881749
vt 0.545664 0.790541
vt 0.454336 0.790541
vt 0.821780 0.178120
vt 0.706690 0.094503
vt 0.573257 0.968314
vt 0.426743 0.968314
vt 0.617126 0.519028
vt 0.594757 0.568845
vt 0.531858 0.702822
vt 0.468143 0.702822
vt 0.323787 0.843841
vt 0.640590 0.067308
vt 0.227440 0.226159
vt 0.189527 0.274428
vt 0.284091 0.532750
vt 0.205990 0.546354
vt 0.262810 0.672329
vt 0.334504 0.620240
vt 0.618590 0.135017
vt 0.645675 0.051658
vt 0.559546 0.118251
vt 0.050478 0.428731
vt 0.131930 0.232582
vt 0.881382 0.222910
vt 0.968031 0.424955
vt 0.960325 0.426789
vt 0.876454 0.226490
vt 0.676229 0.156147
vt 0.571129 0.050456
vt 0.643793 0.057452
vt 0.617126 0.480972
vt 0.703007 0.467429
vt 0.680015 0.369211
vt 0.634392 0.402358
vt 0.645675 0.948342
vt 0.618590 0.864983
vt 0.115612 0.500000
vt 0.028585 0.500000
vt 0.118088 0.561336
vt 0.949522 0.428731
vt 0.868070 0.232582
vt 0.518097 0.382727
vt 0.481903 0.382727
vt 0.034677 0.500000
vt 0.045041 0.500000
vt 0.445709 0.394487
vt 0.406558 0.317189
vt 0.355011 0.354639
vt 0.416428 0.415761
vt 0.092617 0.500000
vt 0.097383 0.436126
vt 0.354325 0.948342
vt 0.381410 0.864983
vt 0.643793 0.942548
vt 0.284091 0.467251
vt 0.342898 0.477276
vt 0.405243 0.431155
vt 0.334504 0.379760
vt 0.810977 0.274062
vt 0.772922 0.225896
vt 0.593442 0.682812
vt 0.644989 0.645361
vt 0.829580 0.260546
vt 0.381410 0.135017
vt 0.323787 0.156159
vt 0.366167 0.238107
vt 0.292282 0.291788
vt 0.370035 0.480599
vt 0.379452 0.480972
vt 0.405723 0.431816
vt 0.405519 0.431535
vt 0.481938 0.384533
vt 0.481963 0.385647
vt 0.518097 0.385565
vt 0.518097 0.384485
vt 0.118088 0.438664
vt 0.359410 0.932692
vt 0.356207 0.942548
vt 0.907383 0.500000
vt 0.954959 0.500000
vt 0.902617 0.436126
vt 0.883766 0.500000
vt 0.971415 0.500000
vt 0.881481 0.438653
vt 0.440454 0.118251
vt 0.965323 0.500000
vt 0.881465 0.561336
vt 0.633833 0.761893
vt 0.707718 0.708212
vt 0.409402 0.778834
vt 0.436786 0.694553
vt 0.205990 0.453647
vt 0.262810 0.327671
vt 0.342898 0.522724
vt 0.405243 0.568845
vt 0.655425 0.346597
vt 0.710613 0.289685
vt 0.633959 0.238015
vt 0.593710 0.316994
vt 0.463806 0.611393
vt 0.201839 0.500000
vt 0.277489 0.500000
vt 0.333882 0.500000
vt 0.790558 0.453555
vt 0.741217 0.324746
vt 0.810473 0.725572
vt 0.609276 0.420607
vt 0.617072 0.480954
vt 0.409402 0.221166
vt 0.436786 0.305447
vt 0.613741 0.389274
vt 0.554291 0.394487
vt 0.594757 0.431155
vt 0.595260 0.430789
vt 0.463806 0.388607
vt 0.590598 0.221166
vt 0.563214 0.305447
vt 0.536194 0.388607
vt 0.617048 0.480947
vt 0.598784 0.428229
vt 0.554291 0.394546
vt 0.593741 0.407913
vt 0.418337 0.418389
vt 0.447619 0.397235
vt 0.447377 0.396885
vt 0.418096 0.418057
vt 0.793183 0.500000
vt 0.704565 0.500000
vt 0.617126 0.500000
vt 0.446743 0.395968
vt 0.417461 0.417184
vt 0.382446 0.480972
vt 0.382874 0.480972
vt 0.405819 0.431948
vt 0.405807 0.431932
vt 0.590599 0.778834
vt 0.563214 0.694553
vt 0.418372 0.418437
vt 0.447653 0.397285
vt 0.615509 0.518503
vt 0.614873 0.518296
vt 0.593655 0.567982
vt 0.594054 0.568326
vt 0.593746 0.567923
vt 0.554003 0.395006
vt 0.583572 0.415761
vt 0.370035 0.519401
vt 0.405519 0.568465
vt 0.594025 0.568002
vt 0.447377 0.603115
vt 0.418096 0.581943
vt 0.417461 0.582816
vt 0.446743 0.604032
vt 0.405723 0.568184
vt 0.379452 0.519028
vt 0.481974 0.386073
vt 0.518095 0.385978
vt 0.405807 0.568069
vt 0.382446 0.519028
vt 0.481975 0.386133
vt 0.518085 0.386051
vt 0.581609 0.581557
vt 0.536194 0.389423
vt 0.536194 0.389076
vt 0.536182 0.389583
vt 0.405819 0.568052
vt 0.382874 0.519028
vt 0.536098 0.389719
vt 0.377896 0.500000
vt 0.364928 0.500000
vt 0.382252 0.500000
vt 0.447619 0.602765
vt 0.418337 0.581611
vt 0.447653 0.602715
vt 0.418372 0.581563
vt 0.382874 0.500000
vt 0.464286 0.609916
vt 0.464082 0.610544
vt 0.464370 0.609657
vt 0.464382 0.609620
vt 0.464286 0.390084
vt 0.464082 0.389456
vt 0.464370 0.390343
vt 0.464382 0.390380
vt 0.616504 0.499798
vt 0.616699 0.499861
s 1
usemtl WoodenFence_Nails(Material).002
f 2829/2166/2412 2830/2167/2412 2828/2168/2412 2842/2169/2412
f 2831/2170/2412 2832/2171/2412 2828/2168/2412 2830/2167/2412
f 2836/2172/2412 3090/2173/2413 3091/2174/2414 2837/2175/2412
f 2928/2176/2415 2929/2177/2416 2869/2178/2417 2868/2179/2418
f 2834/2180/2412 2835/2181/2412 2828/2168/2412 2833/2182/2412
f 2836/2172/2412 2837/2175/2412 2828/2168/2412 2835/2181/2412
f 2838/2183/2412 2839/2184/2412 2828/2168/2412 2837/2175/2412
f 3007/2185/2419 2893/2186/2420 2872/2187/2421 2995/2188/2422
f 2898/2189/2423 2913/2190/2424 2912/2191/2425 2897/2192/2426
f 2841/2193/2412 2842/2194/2412 2828/2168/2412 2840/2195/2412
f 3102/2196/2427 3077/2197/2428 2829/2166/2412
f 3082/2198/2429 2832/2171/2412 3081/2199/2430
f 2831/2170/2412 3079/2200/2431 3080/2201/2432
f 2835/2181/2412 3088/2202/2433 3089/2203/2434 2836/2172/2412
f 2833/2182/2412 3085/2204/2435 3086/2205/2436 2834/2180/2412
f 2889/2206/2437 2890/2207/2438 2908/2208/2439 2907/2209/2440
f 2834/2180/2412 3086/2205/2436 3087/2210/2441
f 2797/2211/2442 3023/2212/2443 2843/2213/2444 2801/2214/2445
f 3089/2203/2434 3090/2173/2413 2836/2172/2412
f 3098/2215/2446 3099/2216/2447 2841/2193/2412 2840/2195/2412
f 2838/2183/2412 3092/2217/2448 3093/2218/2449
f 2819/2219/2450 2810/2220/2451 3046/2221/2452 2851/2222/2453
f 3024/2223/2454 3025/2224/2455 2845/2225/2456 2844/2226/2457
f 2985/2227/2458 2984/2228/2459 2996/2229/2460 2997/2230/2461
f 2841/2193/2412 3099/2216/2447 3100/2231/2462
f 2851/2222/2453 3046/2221/2452 3045/2232/2463 2850/2233/2464
f 2865/2234/2465 2883/2235/2466 2882/2236/2467 2864/2237/2468
f 2843/2213/2444 2844/2226/2457 2847/2238/2469 2846/2239/2470
f 2844/2226/2457 2845/2225/2456 2848/2240/2471 2847/2238/2469
f 2846/2239/2470 2847/2238/2469 2850/2233/2464 2849/2241/2472
f 2847/2238/2469 2848/2240/2471 2851/2222/2453 2850/2233/2464
f 2849/2241/2472 3044/2242/2473 2778/2243/2474 2799/2244/2475
f 2910/2245/2476 2911/2246/2477 2854/2247/2478 2853/2248/2479
f 2909/2249/2480 2910/2245/2476 2853/2248/2479 2852/2250/2481
f 2872/2187/2421 2893/2186/2420 2892/2251/2482 2871/2252/2483
f 2845/2225/2456 2817/2253/2484 2818/2254/2485 2848/2240/2471
f 2848/2240/2471 2818/2254/2485 2819/2219/2450 2851/2222/2453
f 2850/2233/2464 3045/2232/2463 3044/2242/2473 2849/2241/2472
f 2918/2255/2486 2919/2256/2487 2862/2257/2488 2861/2258/2489
f 2860/2259/2490 2875/2260/2491 2874/2261/2492 2859/2262/2493
f 2866/2263/2494 2884/2264/2495 2883/2235/2466 2865/2234/2465
f 2800/2265/2496 2846/2239/2470 2849/2241/2472 2799/2244/2475
f 2801/2214/2445 2843/2213/2444 2846/2239/2470 2800/2265/2496
f 2852/2250/2481 2853/2248/2479 2856/2266/2497 2855/2267/2498
f 2853/2248/2479 2854/2247/2478 2857/2268/2499 2856/2266/2497
f 2855/2267/2498 2856/2266/2497 2859/2262/2493 2858/2269/2500
f 2856/2266/2497 2857/2268/2499 2860/2259/2490 2859/2262/2493
f 2975/2270/2501 2976/2271/2502 2961/2272/2503 2960/2273/2504
f 2871/2252/2483 2892/2251/2482 2891/2274/2505 2870/2275/2506
f 2881/2276/2507 2902/2277/2508 2901/2278/2509 2880/2279/2510
f 3098/2215/2446 2867/2280/2511 2870/2275/2506 3099/2216/2447
f 3101/2281/2512 2894/2282/2513 2897/2192/2426 3102/2196/2427
f 2941/2283/2514 2866/2263/2494 2863/2284/2515 2944/2285/2516
f 3078/2286/2517 3079/2200/2431 2831/2170/2412 2830/2167/2412
f 2919/2256/2487 2920/2287/2518 2863/2284/2515 2862/2257/2488
f 2927/2288/2519 2928/2176/2415 2868/2179/2418 2867/2280/2511
f 3097/2289/2520 2927/2288/2519 2867/2280/2511 3098/2215/2446
f 3033/2290/2521 3034/2291/2522 3010/2292/2523 3009/2293/2524
f 2861/2258/2489 2862/2257/2488 2865/2234/2465 2864/2237/2468
f 2862/2257/2488 2863/2284/2515 2866/2263/2494 2865/2234/2465
f 2942/2294/2525 2943/2295/2526 2931/2296/2527 2930/2297/2528
f 2780/2298/2529 2942/2294/2525 2930/2297/2528 2776/2299/2530
f 2938/2300/2531 3001/2301/2532 3000/2302/2533 2937/2303/2534
f 2880/2279/2510 2901/2278/2509 2900/2304/2535 2879/2305/2536
f 2899/2306/2537 2914/2307/2538 2913/2190/2424 2898/2189/2423
f 3080/2201/2432 2861/2258/2489 2864/2237/2468 3081/2199/2430
f 2984/2228/2459 2794/2308/2539 2798/2309/2540 2996/2229/2460
f 2937/2303/2534 3000/2302/2533 2999/2310/2541 2936/2311/2542
f 2943/2295/2526 2944/2285/2516 2932/2312/2543 2931/2296/2527
f 2842/2169/2412 3101/2281/2512 3102/2196/2427 2829/2166/2412
f 3091/2174/2414 2876/2313/2544 2879/2305/2536 3092/2217/2448
f 2956/2314/2545 2911/2246/2477 2908/2208/2439 2959/2315/2546
f 2867/2280/2511 2868/2179/2418 2871/2252/2483 2870/2275/2506
f 2868/2179/2418 2869/2178/2417 2872/2187/2421 2871/2252/2483
f 2951/2316/2547 2952/2317/2548 2940/2318/2549 2939/2319/2550
f 2974/2320/2551 2878/2321/2552 2875/2260/2491 2977/2322/2553
f 2831/2170/2412 3080/2201/2432 3081/2199/2430 2832/2171/2412
f 2888/2323/2554 2889/2206/2437 2907/2209/2440 2906/2324/2555
f 2905/2325/2556 2923/2326/2557 2922/2327/2558 2904/2328/2559
f 2971/2329/2560 2881/2276/2507 2878/2321/2552 2974/2320/2551
f 3090/2173/2413 2873/2330/2561 2876/2313/2544 3091/2174/2414
f 2873/2330/2561 2874/2261/2492 2877/2331/2562 2876/2313/2544
f 2874/2261/2492 2875/2260/2491 2878/2321/2552 2877/2331/2562
f 2876/2313/2544 2877/2331/2562 2880/2279/2510 2879/2305/2536
f 2877/2331/2562 2878/2321/2552 2881/2276/2507 2880/2279/2510
f 2796/2332/2563 2990/2333/2564 2978/2334/2565 2792/2335/2566
f 3001/2301/2532 2899/2306/2537 2896/2336/2567 3004/2337/2568
f 2834/2180/2412 3087/2210/2441 3088/2202/2433 2835/2181/2412
f 2950/2338/2569 2887/2339/2570 2884/2264/2495 2953/2340/2571
f 2829/2166/2412 3077/2197/2428 3078/2286/2517 2830/2167/2412
f 2904/2328/2559 2922/2327/2558 2921/2341/2572 2903/2342/2573
f 2952/2317/2548 2953/2340/2571 2941/2283/2514 2940/2318/2549
f 3004/2337/2568 2896/2336/2567 2893/2186/2420 3007/2185/2419
f 2791/2343/2574 2975/2270/2501 2960/2273/2504 2786/2344/2575
f 2882/2236/2467 2883/2235/2466 2886/2345/2576 2885/2346/2577
f 2883/2235/2466 2884/2264/2495 2887/2339/2570 2886/2345/2576
f 2885/2346/2577 2886/2345/2576 2889/2206/2437 2888/2323/2554
f 2886/2345/2576 2887/2339/2570 2890/2207/2438 2889/2206/2437
f 2788/2347/2578 2966/2348/2579 2954/2349/2580 2784/2350/2581
f 3083/2351/2582 2885/2346/2577 2888/2323/2554 3084/2352/2583
f 3100/2231/2462 2891/2274/2505 2894/2282/2513 3101/2281/2512
f 3082/2198/2429 2882/2236/2467 2885/2346/2577 3083/2351/2582
f 2932/2312/2543 2920/2287/2518 2917/2353/2584 2935/2354/2585
f 2891/2274/2505 2892/2251/2482 2895/2355/2586 2894/2282/2513
f 2892/2251/2482 2893/2186/2420 2896/2336/2567 2895/2355/2586
f 2894/2282/2513 2895/2355/2586 2898/2189/2423 2897/2192/2426
f 2895/2355/2586 2896/2336/2567 2899/2306/2537 2898/2189/2423
f 2945/2356/2587 2781/2357/2588 2785/2358/2589 2957/2359/2590
f 2980/2360/2591 2905/2325/2556 2902/2277/2508 2983/2361/2592
f 2870/2275/2506 2891/2274/2505 3100/2231/2462 3099/2216/2447
f 2938/2300/2531 2914/2307/2538 2899/2306/2537 3001/2301/2532
f 2863/2284/2515 2920/2287/2518 2932/2312/2543 2944/2285/2516
f 2801/2214/2445 3005/2362/2593 2993/2363/2594 2797/2211/2442
f 2900/2304/2535 2901/2278/2509 2904/2328/2559 2903/2342/2573
f 2901/2278/2509 2902/2277/2508 2905/2325/2556 2904/2328/2559
f 3093/2218/2449 2900/2304/2535 2903/2342/2573 3094/2364/2595
f 2965/2365/2596 2857/2268/2499 2854/2247/2478 2968/2366/2597
f 3085/2204/2435 2906/2324/2555 2909/2249/2480 3086/2205/2436
f 2866/2263/2494 2941/2283/2514 2953/2340/2571 2884/2264/2495
f 2967/2367/2598 2968/2366/2597 2956/2314/2545 2955/2368/2599
f 3041/2369/2600 3042/2370/2601 3015/2371/2602 3014/2372/2603
f 2906/2324/2555 2907/2209/2440 2910/2245/2476 2909/2249/2480
f 2907/2209/2440 2908/2208/2439 2911/2246/2477 2910/2245/2476
f 3065/2373/2604 3066/2374/2605 3027/2375/2606 3026/2376/2607
f 2947/2377/2608 2959/2315/2546 2908/2208/2439 2890/2207/2438
f 2935/2354/2585 2917/2353/2584 2914/2307/2538 2938/2300/2531
f 2840/2195/2412 3097/2289/2520 3098/2215/2446
f 3078/2286/2517 2915/2378/2609 2918/2255/2486 3079/2200/2431
f 3077/2197/2428 2912/2191/2425 2915/2378/2609 3078/2286/2517
f 2912/2191/2425 2913/2190/2424 2916/2379/2610 2915/2378/2609
f 2913/2190/2424 2914/2307/2538 2917/2353/2584 2916/2379/2610
f 2915/2378/2609 2916/2379/2610 2919/2256/2487 2918/2255/2486
f 2916/2379/2610 2917/2353/2584 2920/2287/2518 2919/2256/2487
f 3096/2380/2611 2924/2381/2612 2927/2288/2519 3097/2289/2520
f 3095/2382/2613 2921/2341/2572 2924/2381/2612 3096/2380/2611
f 2989/2383/2614 2926/2384/2615 2923/2326/2557 2992/2385/2616
f 2962/2386/2617 2860/2259/2490 2857/2268/2499 2965/2365/2596
f 2921/2341/2572 2922/2327/2558 2925/2387/2618 2924/2381/2612
f 2922/2327/2558 2923/2326/2557 2926/2384/2615 2925/2387/2618
f 2924/2381/2612 2925/2387/2618 2928/2176/2415 2927/2288/2519
f 2925/2387/2618 2926/2384/2615 2929/2177/2416 2928/2176/2415
f 2986/2388/2619 2929/2177/2416 2926/2384/2615 2989/2383/2614
f 3005/2362/2593 3006/2389/2620 2994/2390/2621 2993/2363/2594
f 3088/2202/2433 2855/2267/2498 2858/2269/2500 3089/2203/2434
f 3087/2210/2441 2852/2250/2481 2855/2267/2498 3088/2202/2433
f 2930/2297/2528 2931/2296/2527 2934/2391/2622 2933/2392/2623
f 2931/2296/2527 2932/2312/2543 2935/2354/2585 2934/2391/2622
f 2933/2392/2623 2934/2391/2622 2937/2303/2534 2936/2311/2542
f 2934/2391/2622 2935/2354/2585 2938/2300/2531 2937/2303/2534
f 2946/2393/2624 2945/2356/2587 2957/2359/2590 2958/2394/2625
f 2947/2377/2608 2946/2393/2624 2958/2394/2625 2959/2315/2546
f 2854/2247/2478 2911/2246/2477 2956/2314/2545 2968/2366/2597
f 2783/2395/2626 2951/2316/2547 2939/2319/2550 2779/2396/2627
f 2936/2311/2542 2999/2310/2541 2799/2244/2475 2778/2243/2474
f 2981/2397/2628 2982/2398/2629 2970/2399/2630 2969/2400/2631
f 2777/2401/2632 2933/2392/2623 2936/2311/2542 2778/2243/2474
f 2776/2299/2530 2930/2297/2528 2933/2392/2623 2777/2401/2632
f 2860/2259/2490 2962/2386/2617 2977/2322/2553 2875/2260/2491
f 2939/2319/2550 2940/2318/2549 2943/2295/2526 2942/2294/2525
f 2940/2318/2549 2941/2283/2514 2944/2285/2516 2943/2295/2526
f 2966/2348/2579 2967/2367/2598 2955/2368/2599 2954/2349/2580
f 2982/2398/2629 2983/2361/2592 2971/2329/2560 2970/2399/2630
f 2779/2396/2627 2939/2319/2550 2942/2294/2525 2780/2298/2529
f 2945/2356/2587 2946/2393/2624 2949/2402/2633 2948/2403/2634
f 2946/2393/2624 2947/2377/2608 2950/2338/2569 2949/2402/2633
f 2948/2403/2634 2949/2402/2633 2952/2317/2548 2951/2316/2547
f 2949/2402/2633 2950/2338/2569 2953/2340/2571 2952/2317/2548
f 2782/2404/2635 2948/2403/2634 2951/2316/2547 2783/2395/2626
f 2781/2357/2588 2945/2356/2587 2948/2403/2634 2782/2404/2635
f 2954/2349/2580 2955/2368/2599 2958/2394/2625 2957/2359/2590
f 2955/2368/2599 2956/2314/2545 2959/2315/2546 2958/2394/2625
f 2990/2333/2564 2991/2405/2636 2979/2406/2637 2978/2334/2565
f 2991/2405/2636 2992/2385/2616 2980/2360/2591 2979/2406/2637
f 2986/2388/2619 2998/2407/2638 2869/2178/2417 2929/2177/2416
f 3011/2408/2639 3068/2409/2640 2796/2332/2563 2792/2335/2566
f 2784/2350/2581 2954/2349/2580 2957/2359/2590 2785/2358/2589
f 2960/2273/2504 2961/2272/2503 2964/2410/2641 2963/2411/2642
f 2961/2272/2503 2962/2386/2617 2965/2365/2596 2964/2410/2641
f 2963/2411/2642 2964/2410/2641 2967/2367/2598 2966/2348/2579
f 2964/2410/2641 2965/2365/2596 2968/2366/2597 2967/2367/2598
f 2976/2271/2502 2977/2322/2553 2962/2386/2617 2961/2272/2503
f 2793/2412/2643 2981/2397/2628 2969/2400/2631 2789/2413/2644
f 2816/2414/2645 2807/2332/2646 3070/2409/2647 3013/2415/2648
f 2787/2416/2649 2963/2411/2642 2966/2348/2579 2788/2347/2578
f 2786/2344/2575 2960/2273/2504 2963/2411/2642 2787/2416/2649
f 2969/2400/2631 2970/2399/2630 2973/2417/2650 2972/2418/2651
f 2970/2399/2630 2971/2329/2560 2974/2320/2551 2973/2417/2650
f 2972/2418/2651 2973/2417/2650 2976/2271/2502 2975/2270/2501
f 2973/2417/2650 2974/2320/2551 2977/2322/2553 2976/2271/2502
f 2986/2388/2619 2985/2227/2458 2997/2230/2461 2998/2407/2638
f 2992/2385/2616 2923/2326/2557 2905/2325/2556 2980/2360/2591
f 2983/2361/2592 2902/2277/2508 2881/2276/2507 2971/2329/2560
f 2790/2419/2652 2972/2418/2651 2975/2270/2501 2791/2343/2574
f 2789/2413/2644 2969/2400/2631 2972/2418/2651 2790/2419/2652
f 3069/2420/2653 3068/2409/2640 3011/2408/2639 3012/2421/2654
f 2789/2413/2644 3032/2422/2655 3008/2423/2656 2793/2412/2643
f 2978/2334/2565 2979/2406/2637 2982/2398/2629 2981/2397/2628
f 2979/2406/2637 2980/2360/2591 2983/2361/2592 2982/2398/2629
f 3019/2424/2657 3061/2425/2658 3060/2426/2659 3018/2427/2660
f 2792/2335/2566 2978/2334/2565 2981/2397/2628 2793/2412/2643
f 2984/2228/2459 2985/2227/2458 2988/2428/2661 2987/2429/2662
f 2985/2227/2458 2986/2388/2619 2989/2383/2614 2988/2428/2661
f 2987/2429/2662 2988/2428/2661 2991/2405/2636 2990/2333/2564
f 2988/2428/2661 2989/2383/2614 2992/2385/2616 2991/2405/2636
f 2795/2430/2663 2987/2429/2662 2990/2333/2564 2796/2332/2563
f 2794/2308/2539 2984/2228/2459 2987/2429/2662 2795/2430/2663
f 2993/2363/2594 2994/2390/2621 2997/2230/2461 2996/2229/2460
f 2994/2390/2621 2995/2188/2422 2998/2407/2638 2997/2230/2461
f 2852/2250/2481 3087/2210/2441 3086/2205/2436 2909/2249/2480
f 3006/2389/2620 3007/2185/2419 2995/2188/2422 2994/2390/2621
f 3032/2422/2655 3033/2290/2521 3009/2293/2524 3008/2423/2656
f 3018/2427/2660 3060/2426/2659 3059/2431/2664 3017/2432/2665
f 3043/2433/2666 2822/2434/2667 2813/2435/2668 3016/2436/2669
f 2797/2211/2442 2993/2363/2594 2996/2229/2460 2798/2309/2540
f 2999/2310/2541 3000/2302/2533 3003/2437/2670 3002/2438/2671
f 3000/2302/2533 3001/2301/2532 3004/2337/2568 3003/2437/2670
f 3002/2438/2671 3003/2437/2670 3006/2389/2620 3005/2362/2593
f 3003/2437/2670 3004/2337/2568 3007/2185/2419 3006/2389/2620
f 2800/2265/2496 3002/2438/2671 3005/2362/2593 2801/2214/2445
f 2799/2244/2475 2999/2310/2541 3002/2438/2671 2800/2265/2496
f 2814/2439/2672 2804/2440/2673 3061/2425/2658 3019/2424/2657
f 3042/2370/2601 3043/2433/2666 3016/2436/2669 3015/2371/2602
f 3017/2432/2665 3059/2431/2664 2788/2347/2578 2784/2350/2581
f 2786/2344/2575 3065/2373/2604 3026/2376/2607 2791/2343/2574
f 3008/2423/2656 3009/2293/2524 3012/2421/2654 3011/2408/2639
f 3009/2293/2524 3010/2292/2523 3013/2415/2648 3012/2421/2654
f 3074/2441/2674 3075/2442/2675 3021/2443/2676 3020/2444/2677
f 3070/2409/2647 3069/2420/2653 3012/2421/2654 3013/2415/2648
f 3075/2442/2675 3076/2441/2678 3022/2445/2679 3021/2443/2676
f 3034/2291/2522 2825/2446/2680 2815/2447/2681 3010/2292/2523
f 2781/2357/2588 3041/2369/2600 3014/2372/2603 2785/2358/2589
f 3010/2292/2523 2815/2447/2681 2816/2414/2645 3013/2415/2648
f 3035/2448/2682 2783/2395/2626 2779/2396/2627 3056/2449/2683
f 3076/2441/2678 2809/2308/2684 2826/2450/2685 3022/2445/2679
f 2793/2412/2643 3008/2423/2656 3011/2408/2639 2792/2335/2566
f 3051/2451/2686 3054/2452/2687 3053/2453/2688 3050/2454/2689
f 3014/2372/2603 3015/2371/2602 3018/2427/2660 3017/2432/2665
f 3015/2371/2602 3016/2436/2669 3019/2424/2657 3018/2427/2660
f 3035/2448/2682 3056/2449/2683 3057/2455/2690 3036/2456/2691
f 3016/2436/2669 2813/2435/2668 2814/2439/2672 3019/2424/2657
f 3066/2374/2605 3067/2457/2692 3028/2458/2693 3027/2375/2606
f 2794/2308/2539 3074/2441/2674 3020/2444/2677 2798/2309/2540
f 3058/2459/2694 3037/2460/2695 3036/2456/2691 3057/2455/2690
f 3067/2457/2692 2806/2461/2696 2823/2462/2697 3028/2458/2693
f 2785/2358/2589 3014/2372/2603 3017/2432/2665 2784/2350/2581
f 3020/2444/2677 3021/2443/2676 3024/2223/2454 3023/2212/2443
f 3021/2443/2676 3022/2445/2679 3025/2224/2455 3024/2223/2454
f 3022/2445/2679 2826/2450/2685 2827/2463/2698 3025/2224/2455
f 2798/2309/2540 3020/2444/2677 3023/2212/2443 2797/2211/2442
f 3026/2376/2607 3027/2375/2606 3030/2464/2699 3029/2465/2700
f 3027/2375/2606 3028/2458/2693 3031/2466/2701 3030/2464/2699
f 3029/2465/2700 3030/2464/2699 3033/2290/2521 3032/2422/2655
f 3030/2464/2699 3031/2466/2701 3034/2291/2522 3033/2290/2521
f 2906/2324/2555 3085/2204/2435 3084/2352/2583 2888/2323/2554
f 3037/2460/2695 3058/2459/2694 2803/2467/2702 2820/2468/2703
f 2858/2269/2500 2873/2330/2561 3090/2173/2413 3089/2203/2434
f 2864/2237/2468 2882/2236/2467 3082/2198/2429 3081/2199/2430
f 3028/2458/2693 2823/2462/2697 2824/2469/2704 3031/2466/2701
f 3031/2466/2701 2824/2469/2704 2825/2446/2680 3034/2291/2522
f 2790/2419/2652 3029/2465/2700 3032/2422/2655 2789/2413/2644
f 2791/2343/2574 3026/2376/2607 3029/2465/2700 2790/2419/2652
f 3035/2448/2682 3036/2456/2691 3039/2470/2705 3038/2471/2706
f 3036/2456/2691 3037/2460/2695 3040/2472/2707 3039/2470/2705
f 3038/2471/2706 3039/2470/2705 3042/2370/2601 3041/2369/2600
f 3039/2470/2705 3040/2472/2707 3043/2433/2666 3042/2370/2601
f 3052/2473/2708 3055/2474/2709 3054/2452/2687 3051/2451/2686
f 2812/2475/2710 2802/2476/2711 3055/2474/2709 3052/2473/2708
f 3050/2454/2689 3053/2453/2688 2780/2298/2529 2776/2299/2530
f 3037/2460/2695 2820/2468/2703 2821/2477/2712 3040/2472/2707
f 3040/2472/2707 2821/2477/2712 2822/2434/2667 3043/2433/2666
f 2782/2404/2635 3038/2471/2706 3041/2369/2600 2781/2357/2588
f 2783/2395/2626 3035/2448/2682 3038/2471/2706 2782/2404/2635
f 3044/2242/2473 3045/2232/2463 3048/2478/2713 3047/2479/2714
f 3045/2232/2463 3046/2221/2452 3049/2480/2715 3048/2478/2713
f 3047/2479/2714 3048/2478/2713 3051/2451/2686 3050/2454/2689
f 3048/2478/2713 3049/2480/2715 3052/2473/2708 3051/2451/2686
f 3046/2221/2452 2810/2220/2451 2811/2481/2716 3049/2480/2715
f 3049/2480/2715 2811/2481/2716 2812/2475/2710 3052/2473/2708
f 3084/2352/2583 3085/2204/2435 2833/2182/2412
f 3079/2200/2431 2918/2255/2486 2861/2258/2489 3080/2201/2432
f 2897/2192/2426 2912/2191/2425 3077/2197/2428 3102/2196/2427
f 2879/2305/2536 2900/2304/2535 3093/2218/2449 3092/2217/2448
f 2777/2401/2632 3047/2479/2714 3050/2454/2689 2776/2299/2530
f 2778/2243/2474 3044/2242/2473 3047/2479/2714 2777/2401/2632
f 3053/2453/2688 3054/2452/2687 3057/2455/2690 3056/2449/2683
f 3054/2452/2687 3055/2474/2709 3058/2459/2694 3057/2455/2690
f 3055/2474/2709 2802/2476/2711 2803/2467/2702 3058/2459/2694
f 2780/2298/2529 3053/2453/2688 3056/2449/2683 2779/2396/2627
f 3059/2431/2664 3060/2426/2659 3063/2482/2717 3062/2483/2718
f 3060/2426/2659 3061/2425/2658 3064/2484/2719 3063/2482/2717
f 3062/2483/2718 3063/2482/2717 3066/2374/2605 3065/2373/2604
f 3063/2482/2717 3064/2484/2719 3067/2457/2692 3066/2374/2605
f 3061/2425/2658 2804/2440/2673 2805/2485/2720 3064/2484/2719
f 3064/2484/2719 2805/2485/2720 2806/2461/2696 3067/2457/2692
f 2787/2416/2649 3062/2483/2718 3065/2373/2604 2786/2344/2575
f 2788/2347/2578 3059/2431/2664 3062/2483/2718 2787/2416/2649
f 3068/2409/2640 3069/2420/2653 3072/2486/2721 3071/2487/2722
f 3069/2420/2653 3070/2409/2647 3073/2487/2723 3072/2486/2721
f 3071/2487/2722 3072/2486/2721 3075/2442/2675 3074/2441/2674
f 3072/2486/2721 3073/2487/2723 3076/2441/2678 3075/2442/2675
f 3070/2409/2647 2807/2332/2646 2808/2430/2724 3073/2487/2723
f 3073/2487/2723 2808/2430/2724 2809/2308/2684 3076/2441/2678
f 2795/2430/2663 3071/2487/2722 3074/2441/2674 2794/2308/2539
f 2796/2332/2563 3068/2409/2640 3071/2487/2722 2795/2430/2663
f 3084/2352/2583 2833/2182/2412 2828/2168/2412 3083/2351/2582
f 2828/2168/2412 2839/2184/2412 3095/2382/2613 3096/2380/2611
f 2837/2175/2412 3091/2174/2414 3092/2217/2448 2838/2183/2412
f 2995/2188/2422 2872/2187/2421 2869/2178/2417 2998/2407/2638
f 2828/2168/2412 2832/2171/2412 3082/2198/2429 3083/2351/2582
f 2903/2342/2573 2921/2341/2572 3095/2382/2613 3094/2364/2595
f 3095/2382/2613 2839/2184/2412 3094/2364/2595
f 2859/2262/2493 2874/2261/2492 2873/2330/2561 2858/2269/2500
f 2838/2183/2412 3093/2218/2449 3094/2364/2595 2839/2184/2412
f 3023/2212/2443 3024/2223/2454 2844/2226/2457 2843/2213/2444
f 2841/2193/2412 3100/2231/2462 3101/2281/2512 2842/2194/2412
f 2947/2377/2608 2890/2207/2438 2887/2339/2570 2950/2338/2569
f 2840/2195/2412 2828/2168/2412 3096/2380/2611 3097/2289/2520
f 3025/2224/2455 2827/2463/2698 2817/2253/2484 2845/2225/2456
o H_Fence_Empty_Nails.007
v -1.285791 0.991703 0.291348
v -1.280519 0.993880 0.291348
v -1.274975 0.995218 0.291348
v -1.298681 0.980685 0.291348
v -1.294981 0.985026 0.291348
v -1.305176 0.953649 0.291348
v -1.305618 0.959335 0.291348
v -1.305176 0.965021 0.291348
v -1.294981 0.933644 0.291348
v -1.298681 0.937985 0.291348
v -1.274975 0.923452 0.291348
v -1.280519 0.924790 0.291348
v -1.285791 0.926966 0.291348
v -1.252799 0.926966 0.291348
v -1.258071 0.924790 0.291348
v -1.263615 0.923452 0.291348
v -1.239910 0.937985 0.291348
v -1.243608 0.933644 0.291348
v -1.233413 0.965021 0.291348
v -1.232973 0.959335 0.291348
v -1.233413 0.953649 0.291348
v -1.243608 0.985026 0.291348
v -1.239910 0.980685 0.291348
v -1.263615 0.995218 0.291348
v -1.258071 0.993880 0.291348
v -1.252799 0.991703 0.291348
v -1.284258 0.974301 0.256868
v -1.286412 0.971772 0.256868
v -1.278905 0.940479 0.256868
v -1.275834 0.939211 0.256868
v -1.272604 0.938432 0.256868
v -1.248393 0.956022 0.256868
v -1.248136 0.959335 0.256868
v -1.248393 0.962647 0.256868
v -1.272604 0.980238 0.256868
v -1.275834 0.979458 0.256868
v -1.278905 0.978191 0.256868
v -1.286412 0.946898 0.256868
v -1.284258 0.944369 0.256868
v -1.254332 0.944369 0.256868
v -1.252177 0.946898 0.256868
v -1.259686 0.978191 0.256868
v -1.262757 0.979458 0.256868
v -1.265985 0.980238 0.256868
v -1.290197 0.962647 0.256868
v -1.290454 0.959335 0.256868
v -1.290197 0.956022 0.256868
v -1.265985 0.938432 0.256868
v -1.262757 0.939211 0.256868
v -1.259686 0.940479 0.256868
v -1.252177 0.971772 0.256868
v -1.254332 0.974301 0.256868
v -1.269295 0.959335 0.351417
v -1.269295 0.999251 0.351417
v -1.279132 0.989610 0.351417
v -1.292758 0.991628 0.351417
v -1.295048 0.978046 0.351417
v -1.295048 0.940624 0.351417
v -1.292758 0.927042 0.351417
v -1.279132 0.929060 0.351417
v -1.269295 0.919418 0.351417
v -1.259458 0.929060 0.351417
v -1.245833 0.927042 0.351417
v -1.243541 0.940624 0.351417
v -1.243541 0.978046 0.351417
v -1.245833 0.991628 0.351417
v -1.259458 0.989610 0.351417
v -1.256108 0.985211 0.289489
v -1.257953 0.981591 0.284690
v -1.258942 0.979649 0.274600
v -1.260322 0.986950 0.289489
v -1.261578 0.983087 0.284690
v -1.262251 0.981015 0.274600
v -1.264754 0.988020 0.289489
v -1.265390 0.984007 0.284690
v -1.265730 0.981855 0.274600
v -1.312484 0.874589 0.332830
v -1.312754 0.874061 0.322166
v -1.311418 0.876682 0.311501
v -1.298681 0.868892 0.332830
v -1.298865 0.868328 0.322166
v -1.297956 0.871125 0.311501
v -1.284167 0.865388 0.332830
v -1.284260 0.864802 0.322166
v -1.283800 0.867709 0.311501
v -1.336547 1.026598 0.332830
v -1.336966 1.027017 0.322166
v -1.334886 1.024937 0.311501
v -1.346231 1.015232 0.332830
v -1.346711 1.015580 0.322166
v -1.344331 1.013851 0.311501
v -1.192360 1.015232 0.332830
v -1.191880 1.015580 0.322166
v -1.194260 1.013851 0.311501
v -1.202043 1.026598 0.332830
v -1.201624 1.027017 0.322166
v -1.203704 1.024937 0.311501
v -1.254424 0.865388 0.332830
v -1.254331 0.864802 0.322166
v -1.254791 0.867708 0.311501
v -1.239908 0.868892 0.332830
v -1.239725 0.868328 0.322166
v -1.240633 0.871125 0.311501
v -1.226106 0.874589 0.332830
v -1.225837 0.874061 0.322166
v -1.227173 0.876682 0.311501
v -1.363239 0.974222 0.332830
v -1.363825 0.974315 0.322166
v -1.360919 0.973855 0.311501
v -1.364393 0.959335 0.332830
v -1.364986 0.959335 0.322166
v -1.362044 0.959335 0.311501
v -1.363239 0.944448 0.332830
v -1.363825 0.944355 0.322166
v -1.360919 0.944815 0.311501
v -1.226106 1.044081 0.332830
v -1.225837 1.044609 0.322166
v -1.227173 1.041988 0.311501
v -1.239908 1.049778 0.332830
v -1.239725 1.050342 0.322166
v -1.240633 1.047544 0.311501
v -1.254424 1.053281 0.332830
v -1.254331 1.053867 0.322166
v -1.254791 1.050961 0.311501
v -1.202044 0.892072 0.332830
v -1.201624 0.891652 0.322166
v -1.203704 0.893733 0.311501
v -1.192360 0.903438 0.332830
v -1.191880 0.903089 0.322166
v -1.194260 0.904819 0.311501
v -1.346231 0.903438 0.332830
v -1.346709 0.903089 0.322166
v -1.344331 0.904818 0.311501
v -1.336547 0.892072 0.332830
v -1.336966 0.891652 0.322166
v -1.334886 0.893733 0.311501
v -1.284167 1.053281 0.332830
v -1.284260 1.053867 0.322166
v -1.283800 1.050961 0.311501
v -1.298681 1.049778 0.332830
v -1.298865 1.050342 0.322166
v -1.297956 1.047544 0.311501
v -1.312484 1.044081 0.332830
v -1.312754 1.044609 0.322166
v -1.311418 1.041988 0.311501
v -1.175351 0.944448 0.332830
v -1.174765 0.944355 0.322166
v -1.177670 0.944815 0.311501
v -1.174198 0.959335 0.332830
v -1.173604 0.959335 0.322166
v -1.176546 0.959335 0.311501
v -1.175351 0.974222 0.332830
v -1.174765 0.974315 0.322166
v -1.177670 0.973854 0.311501
v -1.290898 1.001724 0.292406
v -1.297035 1.013766 0.293937
v -1.303159 1.025785 0.297003
v -1.283993 1.004574 0.292406
v -1.288170 1.017426 0.293937
v -1.292338 1.030252 0.297003
v -1.276734 1.006326 0.292406
v -1.278847 1.019676 0.293937
v -1.280956 1.032999 0.297003
v -1.307778 0.987294 0.292406
v -1.318710 0.995237 0.293937
v -1.329621 1.003164 0.297003
v -1.302934 0.992979 0.292406
v -1.312490 1.002537 0.293937
v -1.322028 1.012076 0.297003
v -1.316285 0.951888 0.292406
v -1.329635 0.949773 0.293937
v -1.342957 0.947661 0.297003
v -1.316862 0.959335 0.292406
v -1.330376 0.959335 0.293937
v -1.343862 0.959335 0.297003
v -1.316285 0.966781 0.292406
v -1.329635 0.968897 0.293937
v -1.342957 0.971008 0.297003
v -1.302934 0.925691 0.292406
v -1.312490 0.916133 0.293937
v -1.322028 0.906593 0.297003
v -1.307778 0.931376 0.292406
v -1.318710 0.923433 0.293937
v -1.329621 0.915506 0.297003
v -1.276734 0.912344 0.292406
v -1.278847 0.898994 0.293937
v -1.280956 0.885671 0.297003
v -1.283993 0.914096 0.292406
v -1.288170 0.901244 0.293937
v -1.292338 0.888418 0.297003
v -1.290898 0.916946 0.292406
v -1.297035 0.904904 0.293937
v -1.303159 0.892885 0.297003
v -1.247693 0.916946 0.292406
v -1.241554 0.904904 0.293937
v -1.235430 0.892885 0.297003
v -1.254596 0.914096 0.292406
v -1.250420 0.901244 0.293937
v -1.246253 0.888418 0.297003
v -1.261857 0.912344 0.292406
v -1.259742 0.898994 0.293937
v -1.257634 0.885670 0.297003
v -1.230813 0.931376 0.292406
v -1.219880 0.923433 0.293937
v -1.208969 0.915506 0.297003
v -1.235656 0.925691 0.292406
v -1.226099 0.916132 0.293937
v -1.216562 0.906593 0.297003
v -1.222305 0.966781 0.292406
v -1.208956 0.968897 0.293937
v -1.195632 0.971008 0.297003
v -1.221728 0.959335 0.292406
v -1.208215 0.959335 0.293937
v -1.194728 0.959335 0.297003
v -1.222305 0.951888 0.292406
v -1.208956 0.949773 0.293937
v -1.195632 0.947661 0.297003
v -1.235656 0.992979 0.292406
v -1.226099 1.002537 0.293937
v -1.216563 1.012076 0.297003
v -1.230813 0.987294 0.292406
v -1.219880 0.995237 0.293937
v -1.208969 1.003164 0.297003
v -1.261857 1.006326 0.292406
v -1.259742 1.019676 0.293937
v -1.257634 1.032999 0.297003
v -1.254596 1.004574 0.292406
v -1.250420 1.017426 0.293937
v -1.246253 1.030252 0.297003
v -1.247693 1.001724 0.292406
v -1.241554 1.013766 0.293937
v -1.235430 1.025785 0.297003
v -1.248761 0.938797 0.289489
v -1.251633 0.941670 0.284690
v -1.253174 0.943211 0.274600
v -1.245804 0.942268 0.289489
v -1.249089 0.944655 0.284690
v -1.250853 0.945936 0.274600
v -1.292786 0.942268 0.289489
v -1.289500 0.944655 0.284690
v -1.287737 0.945936 0.274600
v -1.289829 0.938797 0.289489
v -1.286957 0.941670 0.284690
v -1.285416 0.943211 0.274600
v -1.245804 0.976402 0.289489
v -1.249089 0.974015 0.284690
v -1.250853 0.972734 0.274600
v -1.248761 0.979873 0.289489
v -1.251633 0.977000 0.284690
v -1.253174 0.975458 0.274600
v -1.264754 0.930650 0.289489
v -1.265390 0.934662 0.284690
v -1.265730 0.936815 0.274600
v -1.260322 0.931719 0.289489
v -1.261578 0.935582 0.284690
v -1.262251 0.937655 0.274600
v -1.256108 0.933459 0.289489
v -1.257953 0.937079 0.284690
v -1.258942 0.939020 0.274600
v -1.297980 0.963880 0.289489
v -1.293967 0.963245 0.284690
v -1.291814 0.962903 0.274600
v -1.298331 0.959335 0.289489
v -1.294270 0.959335 0.284690
v -1.292091 0.959335 0.274600
v -1.297980 0.954789 0.289489
v -1.293967 0.955425 0.284690
v -1.291814 0.955766 0.274600
v -1.273836 0.988020 0.289489
v -1.273201 0.984007 0.284690
v -1.272860 0.981855 0.274600
v -1.278268 0.986950 0.289489
v -1.277013 0.983087 0.284690
v -1.276340 0.981015 0.274600
v -1.282482 0.985211 0.289489
v -1.280638 0.981591 0.284690
v -1.279648 0.979649 0.274600
v -1.289829 0.979873 0.289489
v -1.286957 0.977000 0.284690
v -1.285416 0.975458 0.274600
v -1.292786 0.976402 0.289489
v -1.289500 0.974015 0.284690
v -1.287737 0.972734 0.274600
v -1.282482 0.933459 0.289489
v -1.280638 0.937079 0.284690
v -1.279648 0.939020 0.274600
v -1.278268 0.931719 0.289489
v -1.277013 0.935582 0.284690
v -1.276340 0.937655 0.274600
v -1.273836 0.930650 0.289489
v -1.273201 0.934662 0.284690
v -1.272860 0.936815 0.274600
v -1.240611 0.954789 0.289489
v -1.244624 0.955425 0.284690
v -1.246776 0.955766 0.274600
v -1.240259 0.959335 0.289489
v -1.244321 0.959335 0.284690
v -1.246500 0.959335 0.274600
v -1.240611 0.963881 0.289489
v -1.244624 0.963245 0.284690
v -1.246776 0.962904 0.274600
v -1.282634 1.043698 0.347304
v -1.295671 1.040512 0.347304
v -1.308091 1.035427 0.347304
v -1.329674 1.019745 0.347304
v -1.338349 1.009505 0.347304
v -1.353651 0.972718 0.347304
v -1.354650 0.959335 0.347304
v -1.353652 0.945952 0.347304
v -1.338349 0.909165 0.347304
v -1.329674 0.898924 0.347304
v -1.308091 0.883243 0.347304
v -1.295671 0.878158 0.347304
v -1.282634 0.874972 0.347304
v -1.255956 0.874972 0.347304
v -1.242918 0.878158 0.347304
v -1.230500 0.883243 0.347304
v -1.208915 0.898924 0.347304
v -1.200242 0.909165 0.347304
v -1.184939 0.945952 0.347304
v -1.183939 0.959335 0.347304
v -1.184939 0.972718 0.347304
v -1.200242 1.009505 0.347304
v -1.208915 1.019745 0.347304
v -1.230500 1.035427 0.347304
v -1.242918 1.040512 0.347304
v -1.255956 1.043698 0.347304
vn -0.0000 -0.0000 1.0000
vn 0.0842 -0.5114 0.8552
vn 0.1592 -0.4901 0.8570
vn 0.9824 0.1542 -0.1057
vn 0.8824 0.1387 -0.4495
vn 0.7228 0.5249 -0.4495
vn 0.8045 0.5844 -0.1058
vn 0.1564 0.3078 -0.9385
vn 0.4045 0.7965 -0.4494
vn 0.6326 0.6309 -0.4492
vn 0.2444 0.2438 -0.9385
vn 0.1569 0.9819 -0.1057
vn -0.1569 0.9819 -0.1058
vn -0.1539 0.9639 0.2173
vn 0.1540 0.9639 0.2171
vn 0.0842 0.5114 0.8552
vn -0.0842 0.5114 0.8552
vn -0.5124 0.0779 0.8552
vn -0.4169 0.3029 0.8570
vn -0.2325 0.4632 0.8552
vn -0.3687 0.3642 0.8552
vn -0.1592 -0.4901 0.8570
vn -0.0842 -0.5114 0.8552
vn -0.4169 -0.3029 0.8570
vn -0.3687 -0.3642 0.8552
vn -0.9824 -0.1542 -0.1058
vn -0.8825 -0.1387 -0.4495
vn -0.7228 -0.5249 -0.4494
vn -0.8045 -0.5845 -0.1057
vn -0.2325 -0.4632 0.8552
vn 0.1184 0.1181 -0.9859
vn 0.3677 0.3667 -0.8546
vn 0.2351 0.4630 -0.8546
vn 0.0757 0.1491 -0.9859
vn 0.4169 0.3029 0.8570
vn 0.3687 0.3642 0.8552
vn 0.2324 -0.4633 0.8552
vn 0.3688 -0.3642 0.8552
vn 0.1572 0.9838 -0.0864
vn -0.1572 0.9838 -0.0864
vn -0.1559 0.9760 -0.1523
vn 0.1560 0.9760 -0.1522
vn 0.6335 0.6318 -0.4467
vn 0.6998 0.6979 -0.1523
vn 0.4475 0.8812 -0.1523
vn 0.4050 0.7978 -0.4467
vn 0.1680 0.0264 -0.9854
vn 0.1023 0.0160 -0.9946
vn 0.0838 0.0609 -0.9946
vn 0.1376 0.0999 -0.9854
vn 0.2324 0.4633 0.8552
vn -0.1412 0.8835 -0.4467
vn 0.1412 0.8835 -0.4467
vn -0.8045 0.5845 -0.1058
vn -0.9824 0.1542 -0.1058
vn -0.9643 0.1516 0.2173
vn -0.7898 0.5736 0.2172
vn 0.2765 0.8510 -0.4465
vn 0.1605 0.4941 -0.8545
vn 0.3054 0.9400 -0.1522
vn 0.0820 0.5128 -0.8546
vn -0.0820 0.5128 -0.8546
vn -0.0264 0.1651 -0.9859
vn 0.0264 0.1651 -0.9859
vn -0.7041 -0.7022 -0.1058
vn -0.6324 -0.6308 -0.4495
vn -0.4045 -0.7964 -0.4495
vn -0.4502 -0.8866 -0.1058
vn -0.6912 -0.6893 0.2171
vn -0.4415 -0.8706 0.2172
vn 0.4502 0.8866 -0.1058
vn 0.7041 0.7022 -0.1058
vn 0.4511 0.8883 -0.0864
vn 0.3079 0.9475 -0.0863
vn -0.4420 0.8703 0.2173
vn -0.4502 0.8866 -0.1058
vn -0.7041 0.7022 -0.1058
vn -0.6912 0.6893 0.2171
vn -0.1408 -0.8821 -0.4496
vn 0.1409 -0.8821 -0.4495
vn 0.1569 -0.9819 -0.1057
vn -0.1569 -0.9819 -0.1058
vn -0.7228 0.5249 -0.4495
vn -0.8825 0.1387 -0.4495
vn 0.0517 0.1591 -0.9859
vn -0.3073 -0.9457 -0.1058
vn -0.3017 -0.9284 0.2171
vn -0.2760 -0.8496 -0.4494
vn -0.1540 -0.9639 0.2171
vn 0.0163 -0.1023 -0.9946
vn 0.0268 -0.1679 -0.9854
vn -0.0268 -0.1679 -0.9854
vn -0.0163 -0.1023 -0.9946
vn 0.4420 0.8704 0.2171
vn 0.6912 0.6893 0.2171
vn 0.4045 -0.7964 -0.4495
vn 0.6325 -0.6309 -0.4493
vn 0.7041 -0.7022 -0.1057
vn 0.4502 -0.8866 -0.1058
vn 0.7898 0.5736 0.2172
vn 0.1592 0.4901 0.8570
vn 0.3016 0.9284 0.2170
vn -0.2794 0.2028 -0.9385
vn -0.6326 0.6309 -0.4493
vn -0.2445 0.2438 -0.9385
vn -0.1592 0.4901 0.8570
vn -0.4045 0.7964 -0.4495
vn 0.9643 0.1515 0.2173
vn 0.5124 0.0779 0.8552
vn 0.4051 -0.7977 -0.4467
vn 0.4475 -0.8812 -0.1522
vn 0.6998 -0.6979 -0.1523
vn 0.6335 -0.6318 -0.4467
vn -0.0733 0.0731 -0.9946
vn -0.1204 0.1201 -0.9854
vn -0.0770 0.1516 -0.9854
vn -0.0469 0.0924 -0.9946
vn -0.1184 0.1181 -0.9859
vn -0.0757 0.1491 -0.9859
vn -0.0544 0.3409 -0.9385
vn 0.0544 0.3409 -0.9385
vn 0.0269 0.1679 -0.9854
vn -0.0269 0.1679 -0.9854
vn 0.6911 -0.6893 0.2173
vn 0.4420 -0.8703 0.2171
vn 0.1409 0.8821 -0.4495
vn -0.1408 0.8821 -0.4495
vn 0.1651 0.0259 -0.9859
vn 0.1353 0.0983 -0.9859
vn 0.0163 0.1023 -0.9946
vn -0.0163 0.1023 -0.9946
vn -0.1564 0.3078 -0.9385
vn 0.3017 -0.9284 0.2171
vn -0.2445 -0.2438 -0.9385
vn -0.2794 -0.2028 -0.9385
vn -0.1023 0.0161 -0.9946
vn -0.1680 0.0264 -0.9854
vn -0.1376 0.0999 -0.9854
vn -0.0838 0.0609 -0.9946
vn 0.1066 -0.3280 -0.9386
vn 0.2760 -0.8495 -0.4496
vn 0.0544 -0.3410 -0.9385
vn -0.9643 -0.1515 0.2173
vn -0.7898 -0.5736 0.2173
vn 0.7228 -0.5249 -0.4495
vn 0.8825 -0.1387 -0.4495
vn 0.9824 -0.1542 -0.1057
vn 0.8045 -0.5845 -0.1058
vn 0.1564 -0.3078 -0.9385
vn 0.1540 -0.9639 0.2171
vn 0.3073 -0.9457 -0.1057
vn 0.1651 -0.0259 -0.9859
vn 0.1023 -0.0160 -0.9946
vn 0.0838 -0.0609 -0.9946
vn 0.1353 -0.0983 -0.9859
vn 0.2760 0.8496 -0.4495
vn 0.1067 0.3284 -0.9385
vn -0.3453 -0.0000 -0.9385
vn -0.8932 -0.0000 -0.4496
vn -0.3411 0.0536 -0.9385
vn 0.9643 -0.1515 0.2173
vn 0.7898 -0.5736 0.2173
vn 0.0264 -0.1651 -0.9859
vn -0.0264 -0.1651 -0.9859
vn -0.9944 -0.0000 -0.1058
vn -0.9762 -0.0000 0.2170
vn -0.0757 -0.1490 -0.9859
vn -0.0469 -0.0924 -0.9946
vn -0.0733 -0.0731 -0.9946
vn -0.1184 -0.1180 -0.9859
vn -0.5153 -0.0000 0.8570
vn -0.5124 -0.0779 0.8552
vn -0.2760 0.8496 -0.4495
vn -0.1067 0.3284 -0.9385
vn 0.3073 0.9457 -0.1058
vn -0.1023 -0.0161 -0.9946
vn -0.1652 -0.0259 -0.9859
vn -0.1353 -0.0983 -0.9859
vn -0.0838 -0.0609 -0.9946
vn 0.2794 -0.2028 -0.9385
vn 0.2445 -0.2438 -0.9385
vn 0.0469 0.0923 -0.9946
vn 0.0733 0.0731 -0.9946
vn 0.4169 -0.3029 0.8570
vn -0.1067 -0.3284 -0.9385
vn -0.1563 -0.3078 -0.9385
vn -0.0770 -0.1516 -0.9854
vn -0.1204 -0.1201 -0.9854
vn -0.5130 -0.0806 -0.8546
vn -0.8839 -0.1388 -0.4467
vn -0.7239 -0.5259 -0.4465
vn -0.4203 -0.3053 -0.8545
vn -0.0819 -0.5128 -0.8546
vn -0.1412 -0.8835 -0.4467
vn 0.1412 -0.8835 -0.4467
vn 0.0819 -0.5128 -0.8546
vn -0.3411 -0.0536 -0.9385
vn -0.3016 0.9284 0.2171
vn -0.3073 0.9457 -0.1058
vn 0.5153 -0.0000 0.8570
vn 0.9762 -0.0000 0.2170
vn 0.5124 -0.0779 0.8552
vn 0.3453 -0.0000 -0.9385
vn 0.8933 -0.0000 -0.4496
vn 0.3411 -0.0536 -0.9385
vn -0.0544 -0.3409 -0.9385
vn 0.9944 -0.0000 -0.1057
vn 0.3411 0.0536 -0.9385
vn 0.0770 0.1516 -0.9854
vn 0.1204 0.1201 -0.9854
vn -0.0525 0.1617 -0.9854
vn -0.0320 0.0985 -0.9946
vn -0.1680 -0.0264 -0.9854
vn -0.1376 -0.0999 -0.9854
vn -0.1652 0.0259 -0.9859
vn -0.1353 0.0983 -0.9859
vn 0.0733 -0.0732 -0.9946
vn 0.1204 -0.1201 -0.9854
vn 0.0770 -0.1516 -0.9854
vn 0.0468 -0.0924 -0.9946
vn -0.0517 0.1591 -0.9859
vn -0.1700 -0.0000 -0.9854
vn -0.1036 -0.0000 -0.9946
vn -0.1672 -0.0000 -0.9859
vn 0.1680 -0.0264 -0.9854
vn 0.1376 -0.0999 -0.9854
vn 0.2794 0.2028 -0.9385
vn 0.4203 -0.3054 -0.8545
vn 0.5130 -0.0805 -0.8546
vn -0.0525 -0.1617 -0.9854
vn -0.0320 -0.0985 -0.9946
vn 0.1184 -0.1181 -0.9859
vn 0.0757 -0.1490 -0.9859
vn 0.8060 -0.5855 -0.0863
vn 0.9842 -0.1545 -0.0864
vn 0.9764 -0.1532 -0.1522
vn 0.7996 -0.5809 -0.1522
vn -0.0517 -0.1591 -0.9859
vn 0.0525 -0.1617 -0.9854
vn 0.0320 -0.0985 -0.9946
vn 0.0517 -0.1591 -0.9859
vn 0.8839 -0.1387 -0.4467
vn 0.7239 -0.5259 -0.4465
vn 0.2351 -0.4630 -0.8546
vn 0.3677 -0.3667 -0.8546
vn -0.6999 -0.6978 -0.1523
vn -0.4475 -0.8812 -0.1523
vn -0.4051 -0.7977 -0.4466
vn -0.6336 -0.6317 -0.4467
vn 0.1700 -0.0000 -0.9854
vn 0.1036 -0.0000 -0.9946
vn 0.1673 -0.0000 -0.9859
vn -0.2351 -0.4630 -0.8546
vn -0.3677 -0.3667 -0.8546
vn -0.9764 -0.1533 -0.1523
vn -0.9842 -0.1545 -0.0864
vn -0.8060 -0.5855 -0.0863
vn -0.7996 -0.5809 -0.1522
vn 0.0525 0.1617 -0.9854
vn 0.0320 0.0985 -0.9946
vn -0.7055 -0.7035 -0.0864
vn -0.4511 -0.8883 -0.0864
vn 0.5130 0.0805 -0.8546
vn 0.8839 0.1387 -0.4467
vn 0.7239 0.5259 -0.4465
vn 0.4203 0.3053 -0.8545
vn 0.9764 0.1532 -0.1523
vn 0.7996 0.5809 -0.1523
vn 0.4511 -0.8883 -0.0864
vn 0.7054 -0.7035 -0.0863
vn -0.5130 0.0806 -0.8546
vn -0.4203 0.3053 -0.8545
vn 0.9842 0.1545 -0.0864
vn 0.8060 0.5855 -0.0863
vn -0.4051 0.7977 -0.4467
vn -0.6335 0.6318 -0.4467
vn -0.3677 0.3667 -0.8546
vn -0.2351 0.4630 -0.8546
vn -0.7239 0.5259 -0.4465
vn -0.8839 0.1388 -0.4467
vn -0.1559 -0.9760 -0.1523
vn 0.1559 -0.9760 -0.1523
vn -0.7996 0.5809 -0.1522
vn -0.9764 0.1533 -0.1523
vn -0.1572 -0.9838 -0.0863
vn 0.1572 -0.9838 -0.0863
vn 0.7054 0.7036 -0.0864
vn 0.2765 -0.8510 -0.4466
vn 0.1605 -0.4941 -0.8545
vn 0.3054 -0.9400 -0.1522
vn -0.8060 0.5856 -0.0863
vn -0.9842 0.1545 -0.0864
vn 0.3078 -0.9475 -0.0863
vn -0.8948 -0.0000 -0.4466
vn -0.5195 -0.0000 -0.8545
vn -0.9883 -0.0000 -0.1522
vn -0.4475 0.8812 -0.1523
vn -0.6998 0.6979 -0.1523
vn -0.4511 0.8883 -0.0864
vn -0.7054 0.7035 -0.0864
vn -0.9963 -0.0000 -0.0863
vn -0.2765 0.8510 -0.4465
vn -0.1605 0.4941 -0.8545
vn -0.3054 0.9400 -0.1522
vn -0.3079 0.9475 -0.0863
vn -0.2765 -0.8510 -0.4465
vn -0.1605 -0.4941 -0.8545
vn -0.3054 -0.9400 -0.1522
vn -0.3078 -0.9475 -0.0863
vn 0.8948 -0.0000 -0.4465
vn 0.5195 -0.0000 -0.8545
vn 0.9884 -0.0000 -0.1522
vn 0.9963 -0.0000 -0.0863
vt 0.500000 0.690515
vt 0.453051 0.644496
vt 0.500000 0.500000
vt 0.546949 0.644496
vt 0.388018 0.654130
vt 0.377085 0.589303
vt 0.500000 0.309485
vt 0.563667 0.097350
vt 0.625888 0.112556
vt 0.546949 0.355504
vt 0.960325 0.573211
vt 0.968031 0.575046
vt 0.881382 0.777090
vt 0.876454 0.773510
vt 0.388018 0.345870
vt 0.453051 0.355504
vt 0.377085 0.410697
vt 0.611982 0.345870
vt 0.622915 0.410697
vt 0.676213 0.843841
vt 0.716002 0.921933
vt 0.834534 0.835814
vt 0.772560 0.773841
vt 0.572620 0.960418
vt 0.427380 0.960418
vt 0.428871 0.949544
vt 0.571129 0.949544
vt 0.611982 0.654130
vt 0.546950 0.644496
vt 0.622915 0.589303
vt 0.563667 0.902650
vt 0.436333 0.902650
vt 0.097383 0.563874
vt 0.170420 0.739454
vt 0.314836 0.863173
vt 0.211821 0.788328
vt 0.374112 0.112556
vt 0.436333 0.097350
vt 0.170420 0.260546
vt 0.211821 0.211672
vt 0.039675 0.426789
vt 0.031969 0.424955
vt 0.118618 0.222910
vt 0.123546 0.226490
vt 0.314837 0.136827
vt 0.583572 0.584239
vt 0.582485 0.582799
vt 0.553257 0.604032
vt 0.554291 0.605513
vt 0.829580 0.739454
vt 0.788180 0.788328
vt 0.685164 0.136827
vt 0.788179 0.211672
vt 0.518025 0.613867
vt 0.481975 0.613867
vt 0.481974 0.613927
vt 0.518026 0.613927
vt 0.581827 0.581918
vt 0.581607 0.581593
vt 0.552381 0.602765
vt 0.552623 0.603115
vt 0.790432 0.546354
vt 0.702739 0.532377
vt 0.665496 0.620240
vt 0.737190 0.672329
vt 0.685163 0.863173
vt 0.481963 0.614353
vt 0.518037 0.614353
vt 0.123546 0.773510
vt 0.039675 0.573212
vt 0.050478 0.571269
vt 0.131930 0.767418
vt 0.535714 0.609916
vt 0.535918 0.610544
vt 0.535630 0.609657
vt 0.518062 0.615467
vt 0.481938 0.615467
vt 0.481903 0.617273
vt 0.518097 0.617273
vt 0.170622 0.170199
vt 0.165466 0.164185
vt 0.283998 0.078067
vt 0.288124 0.084829
vt 0.178220 0.178120
vt 0.293310 0.094503
vt 0.711876 0.915171
vt 0.829378 0.829801
vt 0.552347 0.602715
vt 0.535618 0.609621
vt 0.293310 0.905497
vt 0.288124 0.915171
vt 0.170622 0.829801
vt 0.178220 0.821880
vt 0.426743 0.031686
vt 0.573257 0.031686
vt 0.572620 0.039582
vt 0.427380 0.039582
vt 0.118618 0.777090
vt 0.031969 0.575046
vt 0.536194 0.611393
vt 0.356207 0.057452
vt 0.359410 0.067308
vt 0.354325 0.051658
vt 0.428871 0.050456
vt 0.531858 0.297179
vt 0.545664 0.209459
vt 0.454336 0.209459
vt 0.468143 0.297178
vt 0.706690 0.905497
vt 0.821780 0.821880
vt 0.716002 0.078067
vt 0.834534 0.164186
vt 0.829378 0.170199
vt 0.711876 0.084829
vt 0.868070 0.767418
vt 0.625888 0.887444
vt 0.640590 0.932692
vt 0.189527 0.725572
vt 0.165466 0.835815
vt 0.227440 0.773841
vt 0.374112 0.887444
vt 0.283998 0.921933
vt 0.949522 0.571269
vt 0.902617 0.563874
vt 0.554291 0.394589
vt 0.554265 0.394642
vt 0.583918 0.415510
vt 0.586341 0.413749
vt 0.355011 0.645361
vt 0.292282 0.708212
vt 0.366167 0.761893
vt 0.406558 0.682811
vt 0.416428 0.584239
vt 0.445709 0.605513
vt 0.440454 0.881749
vt 0.559546 0.881749
vt 0.545664 0.790541
vt 0.454336 0.790541
vt 0.821780 0.178120
vt 0.706690 0.094503
vt 0.573257 0.968314
vt 0.426743 0.968314
vt 0.617126 0.519028
vt 0.594757 0.568845
vt 0.531858 0.702822
vt 0.468143 0.702822
vt 0.323787 0.843841
vt 0.640590 0.067308
vt 0.227440 0.226159
vt 0.189527 0.274428
vt 0.284091 0.532750
vt 0.205990 0.546354
vt 0.262810 0.672329
vt 0.334504 0.620240
vt 0.618590 0.135017
vt 0.645675 0.051658
vt 0.559546 0.118251
vt 0.050478 0.428731
vt 0.131930 0.232582
vt 0.881382 0.222910
vt 0.968031 0.424955
vt 0.960325 0.426789
vt 0.876454 0.226490
vt 0.676229 0.156147
vt 0.571129 0.050456
vt 0.643793 0.057452
vt 0.617126 0.480972
vt 0.703007 0.467429
vt 0.680015 0.369211
vt 0.634392 0.402358
vt 0.645675 0.948342
vt 0.618590 0.864983
vt 0.115612 0.500000
vt 0.028585 0.500000
vt 0.118088 0.561336
vt 0.949522 0.428731
vt 0.868070 0.232582
vt 0.518097 0.382727
vt 0.481903 0.382727
vt 0.034677 0.500000
vt 0.045041 0.500000
vt 0.445709 0.394487
vt 0.406558 0.317189
vt 0.355011 0.354639
vt 0.416428 0.415761
vt 0.092617 0.500000
vt 0.097383 0.436126
vt 0.354325 0.948342
vt 0.381410 0.864983
vt 0.643793 0.942548
vt 0.284091 0.467251
vt 0.342898 0.477276
vt 0.405243 0.431155
vt 0.334504 0.379760
vt 0.810977 0.274062
vt 0.772922 0.225896
vt 0.593442 0.682812
vt 0.644989 0.645361
vt 0.829580 0.260546
vt 0.381410 0.135017
vt 0.323787 0.156159
vt 0.366167 0.238107
vt 0.292282 0.291788
vt 0.370035 0.480599
vt 0.379452 0.480972
vt 0.405723 0.431816
vt 0.405519 0.431535
vt 0.481938 0.384533
vt 0.481963 0.385647
vt 0.518097 0.385565
vt 0.518097 0.384485
vt 0.118088 0.438664
vt 0.359410 0.932692
vt 0.356207 0.942548
vt 0.907383 0.500000
vt 0.954959 0.500000
vt 0.902617 0.436126
vt 0.883766 0.500000
vt 0.971415 0.500000
vt 0.881481 0.438653
vt 0.440454 0.118251
vt 0.965323 0.500000
vt 0.881465 0.561336
vt 0.633833 0.761893
vt 0.707718 0.708212
vt 0.409402 0.778834
vt 0.436786 0.694553
vt 0.205990 0.453647
vt 0.262810 0.327671
vt 0.342898 0.522724
vt 0.405243 0.568845
vt 0.655425 0.346597
vt 0.710613 0.289685
vt 0.633959 0.238015
vt 0.593710 0.316994
vt 0.463806 0.611393
vt 0.201839 0.500000
vt 0.277489 0.500000
vt 0.333882 0.500000
vt 0.790558 0.453555
vt 0.741217 0.324746
vt 0.810473 0.725572
vt 0.609276 0.420607
vt 0.617072 0.480954
vt 0.409402 0.221166
vt 0.436786 0.305447
vt 0.613741 0.389274
vt 0.554291 0.394487
vt 0.594757 0.431155
vt 0.595260 0.430789
vt 0.463806 0.388607
vt 0.590598 0.221166
vt 0.563214 0.305447
vt 0.536194 0.388607
vt 0.617048 0.480947
vt 0.598784 0.428229
vt 0.554291 0.394546
vt 0.593741 0.407913
vt 0.418337 0.418389
vt 0.447619 0.397235
vt 0.447377 0.396885
vt 0.418096 0.418057
vt 0.793183 0.500000
vt 0.704565 0.500000
vt 0.617126 0.500000
vt 0.446743 0.395968
vt 0.417461 0.417184
vt 0.382446 0.480972
vt 0.382874 0.480972
vt 0.405819 0.431948
vt 0.405807 0.431932
vt 0.590599 0.778834
vt 0.563214 0.694553
vt 0.418372 0.418437
vt 0.447653 0.397285
vt 0.615509 0.518503
vt 0.614873 0.518296
vt 0.593655 0.567982
vt 0.594054 0.568326
vt 0.593746 0.567923
vt 0.554003 0.395006
vt 0.583572 0.415761
vt 0.370035 0.519401
vt 0.405519 0.568465
vt 0.594025 0.568002
vt 0.447377 0.603115
vt 0.418096 0.581943
vt 0.417461 0.582816
vt 0.446743 0.604032
vt 0.405723 0.568184
vt 0.379452 0.519028
vt 0.481974 0.386073
vt 0.518095 0.385978
vt 0.405807 0.568069
vt 0.382446 0.519028
vt 0.481975 0.386133
vt 0.518085 0.386051
vt 0.581609 0.581557
vt 0.536194 0.389423
vt 0.536194 0.389076
vt 0.536182 0.389583
vt 0.405819 0.568052
vt 0.382874 0.519028
vt 0.536098 0.389719
vt 0.377896 0.500000
vt 0.364928 0.500000
vt 0.382252 0.500000
vt 0.447619 0.602765
vt 0.418337 0.581611
vt 0.447653 0.602715
vt 0.418372 0.581563
vt 0.382874 0.500000
vt 0.464286 0.609916
vt 0.464082 0.610544
vt 0.464370 0.609657
vt 0.464382 0.609620
vt 0.464286 0.390084
vt 0.464082 0.389456
vt 0.464370 0.390343
vt 0.464382 0.390380
vt 0.616504 0.499798
vt 0.616699 0.499861
s 1
usemtl WoodenFence_Nails(Material).002
f 3156/2488/2725 3157/2489/2725 3155/2490/2725 3169/2491/2725
f 3158/2492/2725 3159/2493/2725 3155/2490/2725 3157/2489/2725
f 3163/2494/2725 3417/2495/2726 3418/2496/2727 3164/2497/2725
f 3255/2498/2728 3256/2499/2729 3196/2500/2730 3195/2501/2731
f 3161/2502/2725 3162/2503/2725 3155/2490/2725 3160/2504/2725
f 3163/2494/2725 3164/2497/2725 3155/2490/2725 3162/2503/2725
f 3165/2505/2725 3166/2506/2725 3155/2490/2725 3164/2497/2725
f 3334/2507/2732 3220/2508/2733 3199/2509/2734 3322/2510/2735
f 3225/2511/2736 3240/2512/2737 3239/2513/2738 3224/2514/2739
f 3168/2515/2725 3169/2516/2725 3155/2490/2725 3167/2517/2725
f 3429/2518/2740 3404/2519/2741 3156/2488/2725
f 3409/2520/2742 3159/2493/2725 3408/2521/2743
f 3158/2492/2725 3406/2522/2744 3407/2523/2745
f 3162/2503/2725 3415/2524/2746 3416/2525/2747 3163/2494/2725
f 3160/2504/2725 3412/2526/2748 3413/2527/2749 3161/2502/2725
f 3216/2528/2750 3217/2529/2751 3235/2530/2752 3234/2531/2753
f 3161/2502/2725 3413/2527/2749 3414/2532/2754
f 3124/2533/2755 3350/2534/2756 3170/2535/2757 3128/2536/2758
f 3416/2525/2747 3417/2495/2726 3163/2494/2725
f 3425/2537/2759 3426/2538/2760 3168/2515/2725 3167/2517/2725
f 3165/2505/2725 3419/2539/2761 3420/2540/2762
f 3146/2541/2763 3137/2542/2764 3373/2543/2765 3178/2544/2766
f 3351/2545/2767 3352/2546/2768 3172/2547/2769 3171/2548/2770
f 3312/2549/2771 3311/2550/2772 3323/2551/2773 3324/2552/2774
f 3168/2515/2725 3426/2538/2760 3427/2553/2775
f 3178/2544/2766 3373/2543/2765 3372/2554/2776 3177/2555/2777
f 3192/2556/2778 3210/2557/2779 3209/2558/2780 3191/2559/2781
f 3170/2535/2757 3171/2548/2770 3174/2560/2782 3173/2561/2783
f 3171/2548/2770 3172/2547/2769 3175/2562/2784 3174/2560/2782
f 3173/2561/2783 3174/2560/2782 3177/2555/2777 3176/2563/2785
f 3174/2560/2782 3175/2562/2784 3178/2544/2766 3177/2555/2777
f 3176/2563/2785 3371/2564/2786 3105/2565/2787 3126/2566/2788
f 3237/2567/2789 3238/2568/2790 3181/2569/2791 3180/2570/2792
f 3236/2571/2793 3237/2567/2789 3180/2570/2792 3179/2572/2794
f 3199/2509/2734 3220/2508/2733 3219/2573/2795 3198/2574/2796
f 3172/2547/2769 3144/2575/2797 3145/2576/2798 3175/2562/2784
f 3175/2562/2784 3145/2576/2798 3146/2541/2763 3178/2544/2766
f 3177/2555/2777 3372/2554/2776 3371/2564/2786 3176/2563/2785
f 3245/2577/2799 3246/2578/2800 3189/2579/2801 3188/2580/2802
f 3187/2581/2803 3202/2582/2804 3201/2583/2805 3186/2584/2806
f 3193/2585/2807 3211/2586/2808 3210/2557/2779 3192/2556/2778
f 3127/2587/2809 3173/2561/2783 3176/2563/2785 3126/2566/2788
f 3128/2536/2758 3170/2535/2757 3173/2561/2783 3127/2587/2809
f 3179/2572/2794 3180/2570/2792 3183/2588/2810 3182/2589/2811
f 3180/2570/2792 3181/2569/2791 3184/2590/2812 3183/2588/2810
f 3182/2589/2811 3183/2588/2810 3186/2584/2806 3185/2591/2813
f 3183/2588/2810 3184/2590/2812 3187/2581/2803 3186/2584/2806
f 3302/2592/2814 3303/2593/2815 3288/2594/2816 3287/2595/2817
f 3198/2574/2796 3219/2573/2795 3218/2596/2818 3197/2597/2819
f 3208/2598/2820 3229/2599/2821 3228/2600/2822 3207/2601/2823
f 3425/2537/2759 3194/2602/2824 3197/2597/2819 3426/2538/2760
f 3428/2603/2825 3221/2604/2826 3224/2514/2739 3429/2518/2740
f 3268/2605/2827 3193/2585/2807 3190/2606/2828 3271/2607/2829
f 3405/2608/2830 3406/2522/2744 3158/2492/2725 3157/2489/2725
f 3246/2578/2800 3247/2609/2831 3190/2606/2828 3189/2579/2801
f 3254/2610/2832 3255/2498/2728 3195/2501/2731 3194/2602/2824
f 3424/2611/2833 3254/2610/2832 3194/2602/2824 3425/2537/2759
f 3360/2612/2834 3361/2613/2835 3337/2614/2836 3336/2615/2837
f 3188/2580/2802 3189/2579/2801 3192/2556/2778 3191/2559/2781
f 3189/2579/2801 3190/2606/2828 3193/2585/2807 3192/2556/2778
f 3269/2616/2838 3270/2617/2839 3258/2618/2840 3257/2619/2841
f 3107/2620/2842 3269/2616/2838 3257/2619/2841 3103/2621/2843
f 3265/2622/2844 3328/2623/2845 3327/2624/2846 3264/2625/2847
f 3207/2601/2823 3228/2600/2822 3227/2626/2848 3206/2627/2849
f 3226/2628/2850 3241/2629/2851 3240/2512/2737 3225/2511/2736
f 3407/2523/2745 3188/2580/2802 3191/2559/2781 3408/2521/2743
f 3311/2550/2772 3121/2630/2852 3125/2631/2853 3323/2551/2773
f 3264/2625/2847 3327/2624/2846 3326/2632/2854 3263/2633/2855
f 3270/2617/2839 3271/2607/2829 3259/2634/2856 3258/2618/2840
f 3169/2491/2725 3428/2603/2825 3429/2518/2740 3156/2488/2725
f 3418/2496/2727 3203/2635/2857 3206/2627/2849 3419/2539/2761
f 3283/2636/2858 3238/2568/2790 3235/2530/2752 3286/2637/2859
f 3194/2602/2824 3195/2501/2731 3198/2574/2796 3197/2597/2819
f 3195/2501/2731 3196/2500/2730 3199/2509/2734 3198/2574/2796
f 3278/2638/2860 3279/2639/2861 3267/2640/2862 3266/2641/2863
f 3301/2642/2864 3205/2643/2865 3202/2582/2804 3304/2644/2866
f 3158/2492/2725 3407/2523/2745 3408/2521/2743 3159/2493/2725
f 3215/2645/2867 3216/2528/2750 3234/2531/2753 3233/2646/2868
f 3232/2647/2869 3250/2648/2870 3249/2649/2871 3231/2650/2872
f 3298/2651/2873 3208/2598/2820 3205/2643/2865 3301/2642/2864
f 3417/2495/2726 3200/2652/2874 3203/2635/2857 3418/2496/2727
f 3200/2652/2874 3201/2583/2805 3204/2653/2875 3203/2635/2857
f 3201/2583/2805 3202/2582/2804 3205/2643/2865 3204/2653/2875
f 3203/2635/2857 3204/2653/2875 3207/2601/2823 3206/2627/2849
f 3204/2653/2875 3205/2643/2865 3208/2598/2820 3207/2601/2823
f 3123/2654/2876 3317/2655/2877 3305/2656/2878 3119/2657/2879
f 3328/2623/2845 3226/2628/2850 3223/2658/2880 3331/2659/2881
f 3161/2502/2725 3414/2532/2754 3415/2524/2746 3162/2503/2725
f 3277/2660/2882 3214/2661/2883 3211/2586/2808 3280/2662/2884
f 3156/2488/2725 3404/2519/2741 3405/2608/2830 3157/2489/2725
f 3231/2650/2872 3249/2649/2871 3248/2663/2885 3230/2664/2886
f 3279/2639/2861 3280/2662/2884 3268/2605/2827 3267/2640/2862
f 3331/2659/2881 3223/2658/2880 3220/2508/2733 3334/2507/2732
f 3118/2665/2887 3302/2592/2814 3287/2595/2817 3113/2666/2888
f 3209/2558/2780 3210/2557/2779 3213/2667/2889 3212/2668/2890
f 3210/2557/2779 3211/2586/2808 3214/2661/2883 3213/2667/2889
f 3212/2668/2890 3213/2667/2889 3216/2528/2750 3215/2645/2867
f 3213/2667/2889 3214/2661/2883 3217/2529/2751 3216/2528/2750
f 3115/2669/2891 3293/2670/2892 3281/2671/2893 3111/2672/2894
f 3410/2673/2895 3212/2668/2890 3215/2645/2867 3411/2674/2896
f 3427/2553/2775 3218/2596/2818 3221/2604/2826 3428/2603/2825
f 3409/2520/2742 3209/2558/2780 3212/2668/2890 3410/2673/2895
f 3259/2634/2856 3247/2609/2831 3244/2675/2897 3262/2676/2898
f 3218/2596/2818 3219/2573/2795 3222/2677/2899 3221/2604/2826
f 3219/2573/2795 3220/2508/2733 3223/2658/2880 3222/2677/2899
f 3221/2604/2826 3222/2677/2899 3225/2511/2736 3224/2514/2739
f 3222/2677/2899 3223/2658/2880 3226/2628/2850 3225/2511/2736
f 3272/2678/2900 3108/2679/2901 3112/2680/2902 3284/2681/2903
f 3307/2682/2904 3232/2647/2869 3229/2599/2821 3310/2683/2905
f 3197/2597/2819 3218/2596/2818 3427/2553/2775 3426/2538/2760
f 3265/2622/2844 3241/2629/2851 3226/2628/2850 3328/2623/2845
f 3190/2606/2828 3247/2609/2831 3259/2634/2856 3271/2607/2829
f 3128/2536/2758 3332/2684/2906 3320/2685/2907 3124/2533/2755
f 3227/2626/2848 3228/2600/2822 3231/2650/2872 3230/2664/2886
f 3228/2600/2822 3229/2599/2821 3232/2647/2869 3231/2650/2872
f 3420/2540/2762 3227/2626/2848 3230/2664/2886 3421/2686/2908
f 3292/2687/2909 3184/2590/2812 3181/2569/2791 3295/2688/2910
f 3412/2526/2748 3233/2646/2868 3236/2571/2793 3413/2527/2749
f 3193/2585/2807 3268/2605/2827 3280/2662/2884 3211/2586/2808
f 3294/2689/2911 3295/2688/2910 3283/2636/2858 3282/2690/2912
f 3368/2691/2913 3369/2692/2914 3342/2693/2915 3341/2694/2916
f 3233/2646/2868 3234/2531/2753 3237/2567/2789 3236/2571/2793
f 3234/2531/2753 3235/2530/2752 3238/2568/2790 3237/2567/2789
f 3392/2695/2917 3393/2696/2918 3354/2697/2919 3353/2698/2920
f 3274/2699/2921 3286/2637/2859 3235/2530/2752 3217/2529/2751
f 3262/2676/2898 3244/2675/2897 3241/2629/2851 3265/2622/2844
f 3167/2517/2725 3424/2611/2833 3425/2537/2759
f 3405/2608/2830 3242/2700/2922 3245/2577/2799 3406/2522/2744
f 3404/2519/2741 3239/2513/2738 3242/2700/2922 3405/2608/2830
f 3239/2513/2738 3240/2512/2737 3243/2701/2923 3242/2700/2922
f 3240/2512/2737 3241/2629/2851 3244/2675/2897 3243/2701/2923
f 3242/2700/2922 3243/2701/2923 3246/2578/2800 3245/2577/2799
f 3243/2701/2923 3244/2675/2897 3247/2609/2831 3246/2578/2800
f 3423/2702/2924 3251/2703/2925 3254/2610/2832 3424/2611/2833
f 3422/2704/2926 3248/2663/2885 3251/2703/2925 3423/2702/2924
f 3316/2705/2927 3253/2706/2928 3250/2648/2870 3319/2707/2929
f 3289/2708/2930 3187/2581/2803 3184/2590/2812 3292/2687/2909
f 3248/2663/2885 3249/2649/2871 3252/2709/2931 3251/2703/2925
f 3249/2649/2871 3250/2648/2870 3253/2706/2928 3252/2709/2931
f 3251/2703/2925 3252/2709/2931 3255/2498/2728 3254/2610/2832
f 3252/2709/2931 3253/2706/2928 3256/2499/2729 3255/2498/2728
f 3313/2710/2932 3256/2499/2729 3253/2706/2928 3316/2705/2927
f 3332/2684/2906 3333/2711/2933 3321/2712/2934 3320/2685/2907
f 3415/2524/2746 3182/2589/2811 3185/2591/2813 3416/2525/2747
f 3414/2532/2754 3179/2572/2794 3182/2589/2811 3415/2524/2746
f 3257/2619/2841 3258/2618/2840 3261/2713/2935 3260/2714/2936
f 3258/2618/2840 3259/2634/2856 3262/2676/2898 3261/2713/2935
f 3260/2714/2936 3261/2713/2935 3264/2625/2847 3263/2633/2855
f 3261/2713/2935 3262/2676/2898 3265/2622/2844 3264/2625/2847
f 3273/2715/2937 3272/2678/2900 3284/2681/2903 3285/2716/2938
f 3274/2699/2921 3273/2715/2937 3285/2716/2938 3286/2637/2859
f 3181/2569/2791 3238/2568/2790 3283/2636/2858 3295/2688/2910
f 3110/2717/2939 3278/2638/2860 3266/2641/2863 3106/2718/2940
f 3263/2633/2855 3326/2632/2854 3126/2566/2788 3105/2565/2787
f 3308/2719/2941 3309/2720/2942 3297/2721/2943 3296/2722/2944
f 3104/2723/2945 3260/2714/2936 3263/2633/2855 3105/2565/2787
f 3103/2621/2843 3257/2619/2841 3260/2714/2936 3104/2723/2945
f 3187/2581/2803 3289/2708/2930 3304/2644/2866 3202/2582/2804
f 3266/2641/2863 3267/2640/2862 3270/2617/2839 3269/2616/2838
f 3267/2640/2862 3268/2605/2827 3271/2607/2829 3270/2617/2839
f 3293/2670/2892 3294/2689/2911 3282/2690/2912 3281/2671/2893
f 3309/2720/2942 3310/2683/2905 3298/2651/2873 3297/2721/2943
f 3106/2718/2940 3266/2641/2863 3269/2616/2838 3107/2620/2842
f 3272/2678/2900 3273/2715/2937 3276/2724/2946 3275/2725/2947
f 3273/2715/2937 3274/2699/2921 3277/2660/2882 3276/2724/2946
f 3275/2725/2947 3276/2724/2946 3279/2639/2861 3278/2638/2860
f 3276/2724/2946 3277/2660/2882 3280/2662/2884 3279/2639/2861
f 3109/2726/2948 3275/2725/2947 3278/2638/2860 3110/2717/2939
f 3108/2679/2901 3272/2678/2900 3275/2725/2947 3109/2726/2948
f 3281/2671/2893 3282/2690/2912 3285/2716/2938 3284/2681/2903
f 3282/2690/2912 3283/2636/2858 3286/2637/2859 3285/2716/2938
f 3317/2655/2877 3318/2727/2949 3306/2728/2950 3305/2656/2878
f 3318/2727/2949 3319/2707/2929 3307/2682/2904 3306/2728/2950
f 3313/2710/2932 3325/2729/2951 3196/2500/2730 3256/2499/2729
f 3338/2730/2952 3395/2731/2953 3123/2654/2876 3119/2657/2879
f 3111/2672/2894 3281/2671/2893 3284/2681/2903 3112/2680/2902
f 3287/2595/2817 3288/2594/2816 3291/2732/2954 3290/2733/2955
f 3288/2594/2816 3289/2708/2930 3292/2687/2909 3291/2732/2954
f 3290/2733/2955 3291/2732/2954 3294/2689/2911 3293/2670/2892
f 3291/2732/2954 3292/2687/2909 3295/2688/2910 3294/2689/2911
f 3303/2593/2815 3304/2644/2866 3289/2708/2930 3288/2594/2816
f 3120/2734/2956 3308/2719/2941 3296/2722/2944 3116/2735/2957
f 3143/2736/2958 3134/2654/2959 3397/2731/2960 3340/2737/2961
f 3114/2738/2962 3290/2733/2955 3293/2670/2892 3115/2669/2891
f 3113/2666/2888 3287/2595/2817 3290/2733/2955 3114/2738/2962
f 3296/2722/2944 3297/2721/2943 3300/2739/2963 3299/2740/2964
f 3297/2721/2943 3298/2651/2873 3301/2642/2864 3300/2739/2963
f 3299/2740/2964 3300/2739/2963 3303/2593/2815 3302/2592/2814
f 3300/2739/2963 3301/2642/2864 3304/2644/2866 3303/2593/2815
f 3313/2710/2932 3312/2549/2771 3324/2552/2774 3325/2729/2951
f 3319/2707/2929 3250/2648/2870 3232/2647/2869 3307/2682/2904
f 3310/2683/2905 3229/2599/2821 3208/2598/2820 3298/2651/2873
f 3117/2741/2965 3299/2740/2964 3302/2592/2814 3118/2665/2887
f 3116/2735/2957 3296/2722/2944 3299/2740/2964 3117/2741/2965
f 3396/2742/2966 3395/2731/2953 3338/2730/2952 3339/2743/2967
f 3116/2735/2957 3359/2744/2968 3335/2745/2969 3120/2734/2956
f 3305/2656/2878 3306/2728/2950 3309/2720/2942 3308/2719/2941
f 3306/2728/2950 3307/2682/2904 3310/2683/2905 3309/2720/2942
f 3346/2746/2970 3388/2747/2971 3387/2748/2972 3345/2749/2973
f 3119/2657/2879 3305/2656/2878 3308/2719/2941 3120/2734/2956
f 3311/2550/2772 3312/2549/2771 3315/2750/2974 3314/2751/2975
f 3312/2549/2771 3313/2710/2932 3316/2705/2927 3315/2750/2974
f 3314/2751/2975 3315/2750/2974 3318/2727/2949 3317/2655/2877
f 3315/2750/2974 3316/2705/2927 3319/2707/2929 3318/2727/2949
f 3122/2752/2976 3314/2751/2975 3317/2655/2877 3123/2654/2876
f 3121/2630/2852 3311/2550/2772 3314/2751/2975 3122/2752/2976
f 3320/2685/2907 3321/2712/2934 3324/2552/2774 3323/2551/2773
f 3321/2712/2934 3322/2510/2735 3325/2729/2951 3324/2552/2774
f 3179/2572/2794 3414/2532/2754 3413/2527/2749 3236/2571/2793
f 3333/2711/2933 3334/2507/2732 3322/2510/2735 3321/2712/2934
f 3359/2744/2968 3360/2612/2834 3336/2615/2837 3335/2745/2969
f 3345/2749/2973 3387/2748/2972 3386/2753/2977 3344/2754/2978
f 3370/2755/2979 3149/2756/2980 3140/2757/2981 3343/2758/2982
f 3124/2533/2755 3320/2685/2907 3323/2551/2773 3125/2631/2853
f 3326/2632/2854 3327/2624/2846 3330/2759/2983 3329/2760/2984
f 3327/2624/2846 3328/2623/2845 3331/2659/2881 3330/2759/2983
f 3329/2760/2984 3330/2759/2983 3333/2711/2933 3332/2684/2906
f 3330/2759/2983 3331/2659/2881 3334/2507/2732 3333/2711/2933
f 3127/2587/2809 3329/2760/2984 3332/2684/2906 3128/2536/2758
f 3126/2566/2788 3326/2632/2854 3329/2760/2984 3127/2587/2809
f 3141/2761/2985 3131/2762/2986 3388/2747/2971 3346/2746/2970
f 3369/2692/2914 3370/2755/2979 3343/2758/2982 3342/2693/2915
f 3344/2754/2978 3386/2753/2977 3115/2669/2891 3111/2672/2894
f 3113/2666/2888 3392/2695/2917 3353/2698/2920 3118/2665/2887
f 3335/2745/2969 3336/2615/2837 3339/2743/2967 3338/2730/2952
f 3336/2615/2837 3337/2614/2836 3340/2737/2961 3339/2743/2967
f 3401/2763/2987 3402/2764/2988 3348/2765/2989 3347/2766/2990
f 3397/2731/2960 3396/2742/2966 3339/2743/2967 3340/2737/2961
f 3402/2764/2988 3403/2763/2991 3349/2767/2992 3348/2765/2989
f 3361/2613/2835 3152/2768/2993 3142/2769/2994 3337/2614/2836
f 3108/2679/2901 3368/2691/2913 3341/2694/2916 3112/2680/2902
f 3337/2614/2836 3142/2769/2994 3143/2736/2958 3340/2737/2961
f 3362/2770/2995 3110/2717/2939 3106/2718/2940 3383/2771/2996
f 3403/2763/2991 3136/2630/2997 3153/2772/2998 3349/2767/2992
f 3120/2734/2956 3335/2745/2969 3338/2730/2952 3119/2657/2879
f 3378/2773/2999 3381/2774/3000 3380/2775/3001 3377/2776/3002
f 3341/2694/2916 3342/2693/2915 3345/2749/2973 3344/2754/2978
f 3342/2693/2915 3343/2758/2982 3346/2746/2970 3345/2749/2973
f 3362/2770/2995 3383/2771/2996 3384/2777/3003 3363/2778/3004
f 3343/2758/2982 3140/2757/2981 3141/2761/2985 3346/2746/2970
f 3393/2696/2918 3394/2779/3005 3355/2780/3006 3354/2697/2919
f 3121/2630/2852 3401/2763/2987 3347/2766/2990 3125/2631/2853
f 3385/2781/3007 3364/2782/3008 3363/2778/3004 3384/2777/3003
f 3394/2779/3005 3133/2783/3009 3150/2784/3010 3355/2780/3006
f 3112/2680/2902 3341/2694/2916 3344/2754/2978 3111/2672/2894
f 3347/2766/2990 3348/2765/2989 3351/2545/2767 3350/2534/2756
f 3348/2765/2989 3349/2767/2992 3352/2546/2768 3351/2545/2767
f 3349/2767/2992 3153/2772/2998 3154/2785/3011 3352/2546/2768
f 3125/2631/2853 3347/2766/2990 3350/2534/2756 3124/2533/2755
f 3353/2698/2920 3354/2697/2919 3357/2786/3012 3356/2787/3013
f 3354/2697/2919 3355/2780/3006 3358/2788/3014 3357/2786/3012
f 3356/2787/3013 3357/2786/3012 3360/2612/2834 3359/2744/2968
f 3357/2786/3012 3358/2788/3014 3361/2613/2835 3360/2612/2834
f 3233/2646/2868 3412/2526/2748 3411/2674/2896 3215/2645/2867
f 3364/2782/3008 3385/2781/3007 3130/2789/3015 3147/2790/3016
f 3185/2591/2813 3200/2652/2874 3417/2495/2726 3416/2525/2747
f 3191/2559/2781 3209/2558/2780 3409/2520/2742 3408/2521/2743
f 3355/2780/3006 3150/2784/3010 3151/2791/3017 3358/2788/3014
f 3358/2788/3014 3151/2791/3017 3152/2768/2993 3361/2613/2835
f 3117/2741/2965 3356/2787/3013 3359/2744/2968 3116/2735/2957
f 3118/2665/2887 3353/2698/2920 3356/2787/3013 3117/2741/2965
f 3362/2770/2995 3363/2778/3004 3366/2792/3018 3365/2793/3019
f 3363/2778/3004 3364/2782/3008 3367/2794/3020 3366/2792/3018
f 3365/2793/3019 3366/2792/3018 3369/2692/2914 3368/2691/2913
f 3366/2792/3018 3367/2794/3020 3370/2755/2979 3369/2692/2914
f 3379/2795/3021 3382/2796/3022 3381/2774/3000 3378/2773/2999
f 3139/2797/3023 3129/2798/3024 3382/2796/3022 3379/2795/3021
f 3377/2776/3002 3380/2775/3001 3107/2620/2842 3103/2621/2843
f 3364/2782/3008 3147/2790/3016 3148/2799/3025 3367/2794/3020
f 3367/2794/3020 3148/2799/3025 3149/2756/2980 3370/2755/2979
f 3109/2726/2948 3365/2793/3019 3368/2691/2913 3108/2679/2901
f 3110/2717/2939 3362/2770/2995 3365/2793/3019 3109/2726/2948
f 3371/2564/2786 3372/2554/2776 3375/2800/3026 3374/2801/3027
f 3372/2554/2776 3373/2543/2765 3376/2802/3028 3375/2800/3026
f 3374/2801/3027 3375/2800/3026 3378/2773/2999 3377/2776/3002
f 3375/2800/3026 3376/2802/3028 3379/2795/3021 3378/2773/2999
f 3373/2543/2765 3137/2542/2764 3138/2803/3029 3376/2802/3028
f 3376/2802/3028 3138/2803/3029 3139/2797/3023 3379/2795/3021
f 3411/2674/2896 3412/2526/2748 3160/2504/2725
f 3406/2522/2744 3245/2577/2799 3188/2580/2802 3407/2523/2745
f 3224/2514/2739 3239/2513/2738 3404/2519/2741 3429/2518/2740
f 3206/2627/2849 3227/2626/2848 3420/2540/2762 3419/2539/2761
f 3104/2723/2945 3374/2801/3027 3377/2776/3002 3103/2621/2843
f 3105/2565/2787 3371/2564/2786 3374/2801/3027 3104/2723/2945
f 3380/2775/3001 3381/2774/3000 3384/2777/3003 3383/2771/2996
f 3381/2774/3000 3382/2796/3022 3385/2781/3007 3384/2777/3003
f 3382/2796/3022 3129/2798/3024 3130/2789/3015 3385/2781/3007
f 3107/2620/2842 3380/2775/3001 3383/2771/2996 3106/2718/2940
f 3386/2753/2977 3387/2748/2972 3390/2804/3030 3389/2805/3031
f 3387/2748/2972 3388/2747/2971 3391/2806/3032 3390/2804/3030
f 3389/2805/3031 3390/2804/3030 3393/2696/2918 3392/2695/2917
f 3390/2804/3030 3391/2806/3032 3394/2779/3005 3393/2696/2918
f 3388/2747/2971 3131/2762/2986 3132/2807/3033 3391/2806/3032
f 3391/2806/3032 3132/2807/3033 3133/2783/3009 3394/2779/3005
f 3114/2738/2962 3389/2805/3031 3392/2695/2917 3113/2666/2888
f 3115/2669/2891 3386/2753/2977 3389/2805/3031 3114/2738/2962
f 3395/2731/2953 3396/2742/2966 3399/2808/3034 3398/2809/3035
f 3396/2742/2966 3397/2731/2960 3400/2809/3036 3399/2808/3034
f 3398/2809/3035 3399/2808/3034 3402/2764/2988 3401/2763/2987
f 3399/2808/3034 3400/2809/3036 3403/2763/2991 3402/2764/2988
f 3397/2731/2960 3134/2654/2959 3135/2752/3037 3400/2809/3036
f 3400/2809/3036 3135/2752/3037 3136/2630/2997 3403/2763/2991
f 3122/2752/2976 3398/2809/3035 3401/2763/2987 3121/2630/2852
f 3123/2654/2876 3395/2731/2953 3398/2809/3035 3122/2752/2976
f 3411/2674/2896 3160/2504/2725 3155/2490/2725 3410/2673/2895
f 3155/2490/2725 3166/2506/2725 3422/2704/2926 3423/2702/2924
f 3164/2497/2725 3418/2496/2727 3419/2539/2761 3165/2505/2725
f 3322/2510/2735 3199/2509/2734 3196/2500/2730 3325/2729/2951
f 3155/2490/2725 3159/2493/2725 3409/2520/2742 3410/2673/2895
f 3230/2664/2886 3248/2663/2885 3422/2704/2926 3421/2686/2908
f 3422/2704/2926 3166/2506/2725 3421/2686/2908
f 3186/2584/2806 3201/2583/2805 3200/2652/2874 3185/2591/2813
f 3165/2505/2725 3420/2540/2762 3421/2686/2908 3166/2506/2725
f 3350/2534/2756 3351/2545/2767 3171/2548/2770 3170/2535/2757
f 3168/2515/2725 3427/2553/2775 3428/2603/2825 3169/2516/2725
f 3274/2699/2921 3217/2529/2751 3214/2661/2883 3277/2660/2882
f 3167/2517/2725 3155/2490/2725 3423/2702/2924 3424/2611/2833
f 3352/2546/2768 3154/2785/3011 3144/2575/2797 3172/2547/2769
o H_Fence_Empty_Nails.008
v 1.245837 0.991703 0.291348
v 1.251109 0.993880 0.291348
v 1.256653 0.995218 0.291348
v 1.232947 0.980685 0.291348
v 1.236646 0.985026 0.291348
v 1.226451 0.953649 0.291348
v 1.226010 0.959335 0.291348
v 1.226451 0.965021 0.291348
v 1.236646 0.933644 0.291348
v 1.232947 0.937985 0.291348
v 1.256653 0.923452 0.291348
v 1.251109 0.924790 0.291348
v 1.245837 0.926966 0.291348
v 1.278829 0.926966 0.291348
v 1.273557 0.924790 0.291348
v 1.268013 0.923452 0.291348
v 1.291718 0.937985 0.291348
v 1.288019 0.933644 0.291348
v 1.298215 0.965021 0.291348
v 1.298655 0.959335 0.291348
v 1.298215 0.953649 0.291348
v 1.288019 0.985026 0.291348
v 1.291718 0.980685 0.291348
v 1.268013 0.995218 0.291348
v 1.273557 0.993880 0.291348
v 1.278829 0.991703 0.291348
v 1.247370 0.974301 0.256868
v 1.245215 0.971772 0.256868
v 1.252723 0.940479 0.256868
v 1.255794 0.939211 0.256868
v 1.259024 0.938432 0.256868
v 1.283235 0.956022 0.256868
v 1.283492 0.959335 0.256868
v 1.283235 0.962647 0.256868
v 1.259024 0.980238 0.256868
v 1.255794 0.979458 0.256868
v 1.252723 0.978191 0.256868
v 1.245215 0.946898 0.256868
v 1.247370 0.944369 0.256868
v 1.277296 0.944369 0.256868
v 1.279451 0.946898 0.256868
v 1.271942 0.978191 0.256868
v 1.268871 0.979458 0.256868
v 1.265642 0.980238 0.256868
v 1.241431 0.962647 0.256868
v 1.241174 0.959335 0.256868
v 1.241431 0.956022 0.256868
v 1.265642 0.938432 0.256868
v 1.268871 0.939211 0.256868
v 1.271942 0.940479 0.256868
v 1.279451 0.971772 0.256868
v 1.277296 0.974301 0.256868
v 1.262333 0.959335 0.351417
v 1.262333 0.999251 0.351417
v 1.252496 0.989610 0.351417
v 1.238870 0.991628 0.351417
v 1.236580 0.978046 0.351417
v 1.236580 0.940624 0.351417
v 1.238870 0.927042 0.351417
v 1.252496 0.929060 0.351417
v 1.262333 0.919418 0.351417
v 1.272170 0.929060 0.351417
v 1.285795 0.927042 0.351417
v 1.288086 0.940624 0.351417
v 1.288086 0.978046 0.351417
v 1.285795 0.991628 0.351417
v 1.272170 0.989610 0.351417
v 1.275520 0.985211 0.289489
v 1.273675 0.981591 0.284690
v 1.272686 0.979649 0.274600
v 1.271306 0.986950 0.289489
v 1.270050 0.983087 0.284690
v 1.269377 0.981015 0.274600
v 1.266874 0.988020 0.289489
v 1.266238 0.984007 0.284690
v 1.265898 0.981855 0.274600
v 1.219144 0.874589 0.332830
v 1.218874 0.874061 0.322166
v 1.220210 0.876682 0.311501
v 1.232946 0.868892 0.332830
v 1.232763 0.868328 0.322166
v 1.233672 0.871125 0.311501
v 1.247461 0.865388 0.332830
v 1.247368 0.864802 0.322166
v 1.247828 0.867709 0.311501
v 1.195081 1.026598 0.332830
v 1.194662 1.027017 0.322166
v 1.196742 1.024937 0.311501
v 1.185397 1.015232 0.332830
v 1.184917 1.015580 0.322166
v 1.187297 1.013851 0.311501
v 1.339268 1.015232 0.332830
v 1.339748 1.015580 0.322166
v 1.337368 1.013851 0.311501
v 1.329585 1.026598 0.332830
v 1.330004 1.027017 0.322166
v 1.327924 1.024937 0.311501
v 1.277204 0.865388 0.332830
v 1.277297 0.864802 0.322166
v 1.276837 0.867708 0.311501
v 1.291720 0.868892 0.332830
v 1.291903 0.868328 0.322166
v 1.290994 0.871125 0.311501
v 1.305522 0.874589 0.332830
v 1.305791 0.874061 0.322166
v 1.304455 0.876682 0.311501
v 1.168389 0.974222 0.332830
v 1.167803 0.974315 0.322166
v 1.170709 0.973855 0.311501
v 1.167235 0.959335 0.332830
v 1.166642 0.959335 0.322166
v 1.169584 0.959335 0.311501
v 1.168389 0.944448 0.332830
v 1.167803 0.944355 0.322166
v 1.170709 0.944815 0.311501
v 1.305522 1.044081 0.332830
v 1.305791 1.044609 0.322166
v 1.304455 1.041988 0.311501
v 1.291720 1.049778 0.332830
v 1.291903 1.050342 0.322166
v 1.290994 1.047544 0.311501
v 1.277204 1.053281 0.332830
v 1.277297 1.053867 0.322166
v 1.276837 1.050961 0.311501
v 1.329584 0.892072 0.332830
v 1.330004 0.891652 0.322166
v 1.327924 0.893733 0.311501
v 1.339268 0.903438 0.332830
v 1.339748 0.903089 0.322166
v 1.337368 0.904819 0.311501
v 1.185397 0.903438 0.332830
v 1.184918 0.903089 0.322166
v 1.187297 0.904818 0.311501
v 1.195081 0.892072 0.332830
v 1.194662 0.891652 0.322166
v 1.196742 0.893733 0.311501
v 1.247461 1.053281 0.332830
v 1.247368 1.053867 0.322166
v 1.247828 1.050961 0.311501
v 1.232946 1.049778 0.332830
v 1.232763 1.050342 0.322166
v 1.233672 1.047544 0.311501
v 1.219144 1.044081 0.332830
v 1.218874 1.044609 0.322166
v 1.220210 1.041988 0.311501
v 1.356277 0.944448 0.332830
v 1.356863 0.944355 0.322166
v 1.353957 0.944815 0.311501
v 1.357430 0.959335 0.332830
v 1.358023 0.959335 0.322166
v 1.355082 0.959335 0.311501
v 1.356277 0.974222 0.332830
v 1.356863 0.974315 0.322166
v 1.353957 0.973854 0.311501
v 1.240730 1.001724 0.292406
v 1.234593 1.013766 0.293937
v 1.228468 1.025785 0.297003
v 1.247634 1.004574 0.292406
v 1.243458 1.017426 0.293937
v 1.239290 1.030252 0.297003
v 1.254894 1.006326 0.292406
v 1.252781 1.019676 0.293937
v 1.250672 1.032999 0.297003
v 1.223850 0.987294 0.292406
v 1.212918 0.995237 0.293937
v 1.202007 1.003164 0.297003
v 1.228694 0.992979 0.292406
v 1.219138 1.002537 0.293937
v 1.209600 1.012076 0.297003
v 1.215343 0.951888 0.292406
v 1.201993 0.949773 0.293937
v 1.188670 0.947661 0.297003
v 1.214766 0.959335 0.292406
v 1.201252 0.959335 0.293937
v 1.187766 0.959335 0.297003
v 1.215343 0.966781 0.292406
v 1.201993 0.968897 0.293937
v 1.188670 0.971008 0.297003
v 1.228694 0.925691 0.292406
v 1.219138 0.916133 0.293937
v 1.209600 0.906593 0.297003
v 1.223850 0.931376 0.292406
v 1.212918 0.923433 0.293937
v 1.202007 0.915506 0.297003
v 1.254894 0.912344 0.292406
v 1.252781 0.898994 0.293937
v 1.250672 0.885671 0.297003
v 1.247634 0.914096 0.292406
v 1.243458 0.901244 0.293937
v 1.239290 0.888418 0.297003
v 1.240730 0.916946 0.292406
v 1.234593 0.904904 0.293937
v 1.228468 0.892885 0.297003
v 1.283935 0.916946 0.292406
v 1.290073 0.904904 0.293937
v 1.296198 0.892885 0.297003
v 1.277032 0.914096 0.292406
v 1.281208 0.901244 0.293937
v 1.285375 0.888418 0.297003
v 1.269771 0.912344 0.292406
v 1.271885 0.898994 0.293937
v 1.273994 0.885670 0.297003
v 1.300815 0.931376 0.292406
v 1.311748 0.923433 0.293937
v 1.322659 0.915506 0.297003
v 1.295971 0.925691 0.292406
v 1.305528 0.916132 0.293937
v 1.315066 0.906593 0.297003
v 1.309323 0.966781 0.292406
v 1.322672 0.968897 0.293937
v 1.335995 0.971008 0.297003
v 1.309900 0.959335 0.292406
v 1.323413 0.959335 0.293937
v 1.336900 0.959335 0.297003
v 1.309323 0.951888 0.292406
v 1.322672 0.949773 0.293937
v 1.335995 0.947661 0.297003
v 1.295971 0.992979 0.292406
v 1.305528 1.002537 0.293937
v 1.315065 1.012076 0.297003
v 1.300815 0.987294 0.292406
v 1.311748 0.995237 0.293937
v 1.322659 1.003164 0.297003
v 1.269771 1.006326 0.292406
v 1.271885 1.019676 0.293937
v 1.273994 1.032999 0.297003
v 1.277032 1.004574 0.292406
v 1.281208 1.017426 0.293937
v 1.285375 1.030252 0.297003
v 1.283935 1.001724 0.292406
v 1.290073 1.013766 0.293937
v 1.296198 1.025785 0.297003
v 1.282867 0.938797 0.289489
v 1.279995 0.941670 0.284690
v 1.278454 0.943211 0.274600
v 1.285824 0.942268 0.289489
v 1.282538 0.944655 0.284690
v 1.280775 0.945936 0.274600
v 1.238842 0.942268 0.289489
v 1.242128 0.944655 0.284690
v 1.243891 0.945936 0.274600
v 1.241798 0.938797 0.289489
v 1.244671 0.941670 0.284690
v 1.246212 0.943211 0.274600
v 1.285824 0.976402 0.289489
v 1.282538 0.974015 0.284690
v 1.280775 0.972734 0.274600
v 1.282867 0.979873 0.289489
v 1.279995 0.977000 0.284690
v 1.278454 0.975458 0.274600
v 1.266874 0.930650 0.289489
v 1.266238 0.934662 0.284690
v 1.265898 0.936815 0.274600
v 1.271306 0.931719 0.289489
v 1.270050 0.935582 0.284690
v 1.269377 0.937655 0.274600
v 1.275520 0.933459 0.289489
v 1.273675 0.937079 0.284690
v 1.272686 0.939020 0.274600
v 1.233648 0.963880 0.289489
v 1.237661 0.963245 0.284690
v 1.239814 0.962903 0.274600
v 1.233296 0.959335 0.289489
v 1.237358 0.959335 0.284690
v 1.239537 0.959335 0.274600
v 1.233648 0.954789 0.289489
v 1.237661 0.955425 0.284690
v 1.239814 0.955766 0.274600
v 1.257792 0.988020 0.289489
v 1.258427 0.984007 0.284690
v 1.258768 0.981855 0.274600
v 1.253360 0.986950 0.289489
v 1.254615 0.983087 0.284690
v 1.255288 0.981015 0.274600
v 1.249146 0.985211 0.289489
v 1.250990 0.981591 0.284690
v 1.251980 0.979649 0.274600
v 1.241799 0.979873 0.289489
v 1.244671 0.977000 0.284690
v 1.246212 0.975458 0.274600
v 1.238842 0.976402 0.289489
v 1.242128 0.974015 0.284690
v 1.243891 0.972734 0.274600
v 1.249146 0.933459 0.289489
v 1.250990 0.937079 0.284690
v 1.251980 0.939020 0.274600
v 1.253360 0.931719 0.289489
v 1.254615 0.935582 0.284690
v 1.255288 0.937655 0.274600
v 1.257792 0.930650 0.289489
v 1.258427 0.934662 0.284690
v 1.258768 0.936815 0.274600
v 1.291017 0.954789 0.289489
v 1.287004 0.955425 0.284690
v 1.284852 0.955766 0.274600
v 1.291369 0.959335 0.289489
v 1.287307 0.959335 0.284690
v 1.285128 0.959335 0.274600
v 1.291017 0.963881 0.289489
v 1.287004 0.963245 0.284690
v 1.284852 0.962904 0.274600
v 1.248993 1.043698 0.347304
v 1.235957 1.040512 0.347304
v 1.223537 1.035427 0.347304
v 1.201953 1.019745 0.347304
v 1.193279 1.009505 0.347304
v 1.177977 0.972718 0.347304
v 1.176978 0.959335 0.347304
v 1.177976 0.945952 0.347304
v 1.193279 0.909165 0.347304
v 1.201953 0.898924 0.347304
v 1.223537 0.883243 0.347304
v 1.235957 0.878158 0.347304
v 1.248993 0.874972 0.347304
v 1.275672 0.874972 0.347304
v 1.288709 0.878158 0.347304
v 1.301128 0.883243 0.347304
v 1.322712 0.898924 0.347304
v 1.331386 0.909165 0.347304
v 1.346689 0.945952 0.347304
v 1.347688 0.959335 0.347304
v 1.346689 0.972718 0.347304
v 1.331386 1.009505 0.347304
v 1.322712 1.019745 0.347304
v 1.301128 1.035427 0.347304
v 1.288709 1.040512 0.347304
v 1.275672 1.043698 0.347304
vn -0.0000 -0.0000 1.0000
vn 0.0842 -0.5114 0.8552
vn 0.1592 -0.4901 0.8570
vn 0.9824 0.1542 -0.1057
vn 0.8824 0.1387 -0.4495
vn 0.7228 0.5249 -0.4495
vn 0.8045 0.5844 -0.1058
vn 0.1564 0.3078 -0.9385
vn 0.4045 0.7965 -0.4494
vn 0.6326 0.6309 -0.4492
vn 0.2444 0.2438 -0.9385
vn 0.1569 0.9819 -0.1057
vn -0.1569 0.9819 -0.1058
vn -0.1539 0.9639 0.2173
vn 0.1540 0.9639 0.2171
vn 0.0842 0.5114 0.8552
vn -0.0842 0.5114 0.8552
vn -0.5124 0.0779 0.8552
vn -0.4169 0.3029 0.8570
vn -0.2325 0.4632 0.8552
vn -0.3687 0.3642 0.8552
vn -0.1592 -0.4901 0.8570
vn -0.0842 -0.5114 0.8552
vn -0.4169 -0.3029 0.8570
vn -0.3687 -0.3642 0.8552
vn -0.9824 -0.1542 -0.1058
vn -0.8825 -0.1387 -0.4495
vn -0.7228 -0.5249 -0.4494
vn -0.8045 -0.5845 -0.1057
vn -0.2325 -0.4632 0.8552
vn 0.1184 0.1181 -0.9859
vn 0.3677 0.3667 -0.8546
vn 0.2351 0.4630 -0.8546
vn 0.0757 0.1491 -0.9859
vn 0.4169 0.3029 0.8570
vn 0.3687 0.3642 0.8552
vn 0.2324 -0.4633 0.8552
vn 0.3688 -0.3642 0.8552
vn 0.1572 0.9838 -0.0864
vn -0.1572 0.9838 -0.0864
vn -0.1559 0.9760 -0.1523
vn 0.1560 0.9760 -0.1522
vn 0.6335 0.6318 -0.4467
vn 0.6998 0.6979 -0.1523
vn 0.4475 0.8812 -0.1523
vn 0.4050 0.7978 -0.4467
vn 0.1680 0.0264 -0.9854
vn 0.1023 0.0160 -0.9946
vn 0.0838 0.0609 -0.9946
vn 0.1376 0.0999 -0.9854
vn 0.2324 0.4633 0.8552
vn -0.1412 0.8835 -0.4467
vn 0.1412 0.8835 -0.4467
vn -0.8045 0.5845 -0.1058
vn -0.9824 0.1542 -0.1058
vn -0.9643 0.1516 0.2173
vn -0.7898 0.5736 0.2172
vn 0.2765 0.8510 -0.4465
vn 0.1605 0.4941 -0.8545
vn 0.3054 0.9400 -0.1522
vn 0.0820 0.5128 -0.8546
vn -0.0820 0.5128 -0.8546
vn -0.0264 0.1651 -0.9859
vn 0.0264 0.1651 -0.9859
vn -0.7041 -0.7022 -0.1058
vn -0.6324 -0.6308 -0.4495
vn -0.4045 -0.7964 -0.4495
vn -0.4502 -0.8866 -0.1058
vn -0.6912 -0.6893 0.2171
vn -0.4415 -0.8706 0.2172
vn 0.4502 0.8866 -0.1058
vn 0.7041 0.7022 -0.1058
vn 0.4511 0.8883 -0.0864
vn 0.3079 0.9475 -0.0863
vn -0.4420 0.8703 0.2173
vn -0.4502 0.8866 -0.1058
vn -0.7041 0.7022 -0.1058
vn -0.6912 0.6893 0.2171
vn -0.1408 -0.8821 -0.4496
vn 0.1409 -0.8821 -0.4495
vn 0.1569 -0.9819 -0.1057
vn -0.1569 -0.9819 -0.1058
vn -0.7228 0.5249 -0.4495
vn -0.8825 0.1387 -0.4495
vn 0.0517 0.1591 -0.9859
vn -0.3073 -0.9457 -0.1058
vn -0.3017 -0.9284 0.2171
vn -0.2760 -0.8496 -0.4494
vn -0.1540 -0.9639 0.2171
vn 0.0163 -0.1023 -0.9946
vn 0.0268 -0.1679 -0.9854
vn -0.0268 -0.1679 -0.9854
vn -0.0163 -0.1023 -0.9946
vn 0.4420 0.8704 0.2171
vn 0.6912 0.6893 0.2171
vn 0.4045 -0.7964 -0.4495
vn 0.6325 -0.6309 -0.4493
vn 0.7041 -0.7022 -0.1057
vn 0.4502 -0.8866 -0.1058
vn 0.7898 0.5736 0.2172
vn 0.1592 0.4901 0.8570
vn 0.3016 0.9284 0.2170
vn -0.2794 0.2028 -0.9385
vn -0.6326 0.6309 -0.4493
vn -0.2445 0.2438 -0.9385
vn -0.1592 0.4901 0.8570
vn -0.4045 0.7964 -0.4495
vn 0.9643 0.1515 0.2173
vn 0.5124 0.0779 0.8552
vn 0.4051 -0.7977 -0.4467
vn 0.4475 -0.8812 -0.1522
vn 0.6998 -0.6979 -0.1523
vn 0.6335 -0.6318 -0.4467
vn -0.0733 0.0731 -0.9946
vn -0.1204 0.1201 -0.9854
vn -0.0770 0.1516 -0.9854
vn -0.0469 0.0924 -0.9946
vn -0.1184 0.1181 -0.9859
vn -0.0757 0.1491 -0.9859
vn -0.0544 0.3409 -0.9385
vn 0.0544 0.3409 -0.9385
vn 0.0269 0.1679 -0.9854
vn -0.0269 0.1679 -0.9854
vn 0.6911 -0.6893 0.2173
vn 0.4420 -0.8703 0.2171
vn 0.1409 0.8821 -0.4495
vn -0.1408 0.8821 -0.4495
vn 0.1651 0.0259 -0.9859
vn 0.1353 0.0983 -0.9859
vn 0.0163 0.1023 -0.9946
vn -0.0163 0.1023 -0.9946
vn -0.1564 0.3078 -0.9385
vn 0.3017 -0.9284 0.2171
vn -0.2445 -0.2438 -0.9385
vn -0.2794 -0.2028 -0.9385
vn -0.1023 0.0161 -0.9946
vn -0.1680 0.0264 -0.9854
vn -0.1376 0.0999 -0.9854
vn -0.0838 0.0609 -0.9946
vn 0.1066 -0.3280 -0.9386
vn 0.2760 -0.8495 -0.4496
vn 0.0544 -0.3410 -0.9385
vn -0.9643 -0.1515 0.2173
vn -0.7898 -0.5736 0.2173
vn 0.7228 -0.5249 -0.4495
vn 0.8825 -0.1387 -0.4495
vn 0.9824 -0.1542 -0.1057
vn 0.8045 -0.5845 -0.1058
vn 0.1564 -0.3078 -0.9385
vn 0.1540 -0.9639 0.2171
vn 0.3073 -0.9457 -0.1057
vn 0.1651 -0.0259 -0.9859
vn 0.1023 -0.0160 -0.9946
vn 0.0838 -0.0609 -0.9946
vn 0.1353 -0.0983 -0.9859
vn 0.2760 0.8496 -0.4495
vn 0.1067 0.3284 -0.9385
vn -0.3453 -0.0000 -0.9385
vn -0.8932 -0.0000 -0.4496
vn -0.3411 0.0536 -0.9385
vn 0.9643 -0.1515 0.2173
vn 0.7898 -0.5736 0.2173
vn 0.0264 -0.1651 -0.9859
vn -0.0264 -0.1651 -0.9859
vn -0.9944 -0.0000 -0.1058
vn -0.9762 -0.0000 0.2170
vn -0.0757 -0.1490 -0.9859
vn -0.0469 -0.0924 -0.9946
vn -0.0733 -0.0731 -0.9946
vn -0.1184 -0.1180 -0.9859
vn -0.5153 -0.0000 0.8570
vn -0.5124 -0.0779 0.8552
vn -0.2760 0.8496 -0.4495
vn -0.1067 0.3284 -0.9385
vn 0.3073 0.9457 -0.1058
vn -0.1023 -0.0161 -0.9946
vn -0.1652 -0.0259 -0.9859
vn -0.1353 -0.0983 -0.9859
vn -0.0838 -0.0609 -0.9946
vn 0.2794 -0.2028 -0.9385
vn 0.2445 -0.2438 -0.9385
vn 0.0469 0.0923 -0.9946
vn 0.0733 0.0731 -0.9946
vn 0.4169 -0.3029 0.8570
vn -0.1067 -0.3284 -0.9385
vn -0.1563 -0.3078 -0.9385
vn -0.0770 -0.1516 -0.9854
vn -0.1204 -0.1201 -0.9854
vn -0.5130 -0.0806 -0.8546
vn -0.8839 -0.1388 -0.4467
vn -0.7239 -0.5259 -0.4465
vn -0.4203 -0.3053 -0.8545
vn -0.0819 -0.5128 -0.8546
vn -0.1412 -0.8835 -0.4467
vn 0.1412 -0.8835 -0.4467
vn 0.0819 -0.5128 -0.8546
vn -0.3411 -0.0536 -0.9385
vn -0.3016 0.9284 0.2171
vn -0.3073 0.9457 -0.1058
vn 0.5153 -0.0000 0.8570
vn 0.9762 -0.0000 0.2170
vn 0.5124 -0.0779 0.8552
vn 0.3453 -0.0000 -0.9385
vn 0.8933 -0.0000 -0.4496
vn 0.3411 -0.0536 -0.9385
vn -0.0544 -0.3409 -0.9385
vn 0.9944 -0.0000 -0.1057
vn 0.3411 0.0536 -0.9385
vn 0.0770 0.1516 -0.9854
vn 0.1204 0.1201 -0.9854
vn -0.0525 0.1617 -0.9854
vn -0.0320 0.0985 -0.9946
vn -0.1680 -0.0264 -0.9854
vn -0.1376 -0.0999 -0.9854
vn -0.1652 0.0259 -0.9859
vn -0.1353 0.0983 -0.9859
vn 0.0733 -0.0732 -0.9946
vn 0.1204 -0.1201 -0.9854
vn 0.0770 -0.1516 -0.9854
vn 0.0468 -0.0924 -0.9946
vn -0.0517 0.1591 -0.9859
vn -0.1700 -0.0000 -0.9854
vn -0.1036 -0.0000 -0.9946
vn -0.1672 -0.0000 -0.9859
vn 0.1680 -0.0264 -0.9854
vn 0.1376 -0.0999 -0.9854
vn 0.2794 0.2028 -0.9385
vn 0.4203 -0.3054 -0.8545
vn 0.5130 -0.0805 -0.8546
vn -0.0525 -0.1617 -0.9854
vn -0.0320 -0.0985 -0.9946
vn 0.1184 -0.1181 -0.9859
vn 0.0757 -0.1490 -0.9859
vn 0.8060 -0.5855 -0.0863
vn 0.9842 -0.1545 -0.0864
vn 0.9764 -0.1532 -0.1522
vn 0.7996 -0.5809 -0.1522
vn -0.0517 -0.1591 -0.9859
vn 0.0525 -0.1617 -0.9854
vn 0.0320 -0.0985 -0.9946
vn 0.0517 -0.1591 -0.9859
vn 0.8839 -0.1387 -0.4467
vn 0.7239 -0.5259 -0.4465
vn 0.2351 -0.4630 -0.8546
vn 0.3677 -0.3667 -0.8546
vn -0.6999 -0.6978 -0.1523
vn -0.4475 -0.8812 -0.1523
vn -0.4051 -0.7977 -0.4466
vn -0.6336 -0.6317 -0.4467
vn 0.1700 -0.0000 -0.9854
vn 0.1036 -0.0000 -0.9946
vn 0.1673 -0.0000 -0.9859
vn -0.2351 -0.4630 -0.8546
vn -0.3677 -0.3667 -0.8546
vn -0.9764 -0.1533 -0.1523
vn -0.9842 -0.1545 -0.0864
vn -0.8060 -0.5855 -0.0863
vn -0.7996 -0.5809 -0.1522
vn 0.0525 0.1617 -0.9854
vn 0.0320 0.0985 -0.9946
vn -0.7055 -0.7035 -0.0864
vn -0.4511 -0.8883 -0.0864
vn 0.5130 0.0805 -0.8546
vn 0.8839 0.1387 -0.4467
vn 0.7239 0.5259 -0.4465
vn 0.4203 0.3053 -0.8545
vn 0.9764 0.1532 -0.1523
vn 0.7996 0.5809 -0.1523
vn 0.4511 -0.8883 -0.0864
vn 0.7054 -0.7035 -0.0863
vn -0.5130 0.0806 -0.8546
vn -0.4203 0.3053 -0.8545
vn 0.9842 0.1545 -0.0864
vn 0.8060 0.5855 -0.0863
vn -0.4051 0.7977 -0.4467
vn -0.6335 0.6318 -0.4467
vn -0.3677 0.3667 -0.8546
vn -0.2351 0.4630 -0.8546
vn -0.7239 0.5259 -0.4465
vn -0.8839 0.1388 -0.4467
vn -0.1559 -0.9760 -0.1523
vn 0.1559 -0.9760 -0.1523
vn -0.7996 0.5809 -0.1522
vn -0.9764 0.1533 -0.1523
vn -0.1572 -0.9838 -0.0863
vn 0.1572 -0.9838 -0.0863
vn 0.7054 0.7036 -0.0864
vn 0.2765 -0.8510 -0.4466
vn 0.1605 -0.4941 -0.8545
vn 0.3054 -0.9400 -0.1522
vn -0.8060 0.5856 -0.0863
vn -0.9842 0.1545 -0.0864
vn 0.3078 -0.9475 -0.0863
vn -0.8948 -0.0000 -0.4466
vn -0.5195 -0.0000 -0.8545
vn -0.9883 -0.0000 -0.1522
vn -0.4475 0.8812 -0.1523
vn -0.6998 0.6979 -0.1523
vn -0.4511 0.8883 -0.0864
vn -0.7054 0.7035 -0.0864
vn -0.9963 -0.0000 -0.0863
vn -0.2765 0.8510 -0.4465
vn -0.1605 0.4941 -0.8545
vn -0.3054 0.9400 -0.1522
vn -0.3079 0.9475 -0.0863
vn -0.2765 -0.8510 -0.4465
vn -0.1605 -0.4941 -0.8545
vn -0.3054 -0.9400 -0.1522
vn -0.3078 -0.9475 -0.0863
vn 0.8948 -0.0000 -0.4465
vn 0.5195 -0.0000 -0.8545
vn 0.9884 -0.0000 -0.1522
vn 0.9963 -0.0000 -0.0863
vt 0.500000 0.690515
vt 0.453051 0.644496
vt 0.500000 0.500000
vt 0.546949 0.644496
vt 0.388018 0.654130
vt 0.377085 0.589303
vt 0.500000 0.309485
vt 0.563667 0.097350
vt 0.625888 0.112556
vt 0.546949 0.355504
vt 0.960325 0.573211
vt 0.968031 0.575046
vt 0.881382 0.777090
vt 0.876454 0.773510
vt 0.388018 0.345870
vt 0.453051 0.355504
vt 0.377085 0.410697
vt 0.611982 0.345870
vt 0.622915 0.410697
vt 0.676213 0.843841
vt 0.716002 0.921933
vt 0.834534 0.835814
vt 0.772560 0.773841
vt 0.572620 0.960418
vt 0.427380 0.960418
vt 0.428871 0.949544
vt 0.571129 0.949544
vt 0.611982 0.654130
vt 0.546950 0.644496
vt 0.622915 0.589303
vt 0.563667 0.902650
vt 0.436333 0.902650
vt 0.097383 0.563874
vt 0.170420 0.739454
vt 0.314836 0.863173
vt 0.211821 0.788328
vt 0.374112 0.112556
vt 0.436333 0.097350
vt 0.170420 0.260546
vt 0.211821 0.211672
vt 0.039675 0.426789
vt 0.031969 0.424955
vt 0.118618 0.222910
vt 0.123546 0.226490
vt 0.314837 0.136827
vt 0.583572 0.584239
vt 0.582485 0.582799
vt 0.553257 0.604032
vt 0.554291 0.605513
vt 0.829580 0.739454
vt 0.788180 0.788328
vt 0.685164 0.136827
vt 0.788179 0.211672
vt 0.518025 0.613867
vt 0.481975 0.613867
vt 0.481974 0.613927
vt 0.518026 0.613927
vt 0.581827 0.581918
vt 0.581607 0.581593
vt 0.552381 0.602765
vt 0.552623 0.603115
vt 0.790432 0.546354
vt 0.702739 0.532377
vt 0.665496 0.620240
vt 0.737190 0.672329
vt 0.685163 0.863173
vt 0.481963 0.614353
vt 0.518037 0.614353
vt 0.123546 0.773510
vt 0.039675 0.573212
vt 0.050478 0.571269
vt 0.131930 0.767418
vt 0.535714 0.609916
vt 0.535918 0.610544
vt 0.535630 0.609657
vt 0.518062 0.615467
vt 0.481938 0.615467
vt 0.481903 0.617273
vt 0.518097 0.617273
vt 0.170622 0.170199
vt 0.165466 0.164185
vt 0.283998 0.078067
vt 0.288124 0.084829
vt 0.178220 0.178120
vt 0.293310 0.094503
vt 0.711876 0.915171
vt 0.829378 0.829801
vt 0.552347 0.602715
vt 0.535618 0.609621
vt 0.293310 0.905497
vt 0.288124 0.915171
vt 0.170622 0.829801
vt 0.178220 0.821880
vt 0.426743 0.031686
vt 0.573257 0.031686
vt 0.572620 0.039582
vt 0.427380 0.039582
vt 0.118618 0.777090
vt 0.031969 0.575046
vt 0.536194 0.611393
vt 0.356207 0.057452
vt 0.359410 0.067308
vt 0.354325 0.051658
vt 0.428871 0.050456
vt 0.531858 0.297179
vt 0.545664 0.209459
vt 0.454336 0.209459
vt 0.468143 0.297178
vt 0.706690 0.905497
vt 0.821780 0.821880
vt 0.716002 0.078067
vt 0.834534 0.164186
vt 0.829378 0.170199
vt 0.711876 0.084829
vt 0.868070 0.767418
vt 0.625888 0.887444
vt 0.640590 0.932692
vt 0.189527 0.725572
vt 0.165466 0.835815
vt 0.227440 0.773841
vt 0.374112 0.887444
vt 0.283998 0.921933
vt 0.949522 0.571269
vt 0.902617 0.563874
vt 0.554291 0.394589
vt 0.554265 0.394642
vt 0.583918 0.415510
vt 0.586341 0.413749
vt 0.355011 0.645361
vt 0.292282 0.708212
vt 0.366167 0.761893
vt 0.406558 0.682811
vt 0.416428 0.584239
vt 0.445709 0.605513
vt 0.440454 0.881749
vt 0.559546 0.881749
vt 0.545664 0.790541
vt 0.454336 0.790541
vt 0.821780 0.178120
vt 0.706690 0.094503
vt 0.573257 0.968314
vt 0.426743 0.968314
vt 0.617126 0.519028
vt 0.594757 0.568845
vt 0.531858 0.702822
vt 0.468143 0.702822
vt 0.323787 0.843841
vt 0.640590 0.067308
vt 0.227440 0.226159
vt 0.189527 0.274428
vt 0.284091 0.532750
vt 0.205990 0.546354
vt 0.262810 0.672329
vt 0.334504 0.620240
vt 0.618590 0.135017
vt 0.645675 0.051658
vt 0.559546 0.118251
vt 0.050478 0.428731
vt 0.131930 0.232582
vt 0.881382 0.222910
vt 0.968031 0.424955
vt 0.960325 0.426789
vt 0.876454 0.226490
vt 0.676229 0.156147
vt 0.571129 0.050456
vt 0.643793 0.057452
vt 0.617126 0.480972
vt 0.703007 0.467429
vt 0.680015 0.369211
vt 0.634392 0.402358
vt 0.645675 0.948342
vt 0.618590 0.864983
vt 0.115612 0.500000
vt 0.028585 0.500000
vt 0.118088 0.561336
vt 0.949522 0.428731
vt 0.868070 0.232582
vt 0.518097 0.382727
vt 0.481903 0.382727
vt 0.034677 0.500000
vt 0.045041 0.500000
vt 0.445709 0.394487
vt 0.406558 0.317189
vt 0.355011 0.354639
vt 0.416428 0.415761
vt 0.092617 0.500000
vt 0.097383 0.436126
vt 0.354325 0.948342
vt 0.381410 0.864983
vt 0.643793 0.942548
vt 0.284091 0.467251
vt 0.342898 0.477276
vt 0.405243 0.431155
vt 0.334504 0.379760
vt 0.810977 0.274062
vt 0.772922 0.225896
vt 0.593442 0.682812
vt 0.644989 0.645361
vt 0.829580 0.260546
vt 0.381410 0.135017
vt 0.323787 0.156159
vt 0.366167 0.238107
vt 0.292282 0.291788
vt 0.370035 0.480599
vt 0.379452 0.480972
vt 0.405723 0.431816
vt 0.405519 0.431535
vt 0.481938 0.384533
vt 0.481963 0.385647
vt 0.518097 0.385565
vt 0.518097 0.384485
vt 0.118088 0.438664
vt 0.359410 0.932692
vt 0.356207 0.942548
vt 0.907383 0.500000
vt 0.954959 0.500000
vt 0.902617 0.436126
vt 0.883766 0.500000
vt 0.971415 0.500000
vt 0.881481 0.438653
vt 0.440454 0.118251
vt 0.965323 0.500000
vt 0.881465 0.561336
vt 0.633833 0.761893
vt 0.707718 0.708212
vt 0.409402 0.778834
vt 0.436786 0.694553
vt 0.205990 0.453647
vt 0.262810 0.327671
vt 0.342898 0.522724
vt 0.405243 0.568845
vt 0.655425 0.346597
vt 0.710613 0.289685
vt 0.633959 0.238015
vt 0.593710 0.316994
vt 0.463806 0.611393
vt 0.201839 0.500000
vt 0.277489 0.500000
vt 0.333882 0.500000
vt 0.790558 0.453555
vt 0.741217 0.324746
vt 0.810473 0.725572
vt 0.609276 0.420607
vt 0.617072 0.480954
vt 0.409402 0.221166
vt 0.436786 0.305447
vt 0.613741 0.389274
vt 0.554291 0.394487
vt 0.594757 0.431155
vt 0.595260 0.430789
vt 0.463806 0.388607
vt 0.590598 0.221166
vt 0.563214 0.305447
vt 0.536194 0.388607
vt 0.617048 0.480947
vt 0.598784 0.428229
vt 0.554291 0.394546
vt 0.593741 0.407913
vt 0.418337 0.418389
vt 0.447619 0.397235
vt 0.447377 0.396885
vt 0.418096 0.418057
vt 0.793183 0.500000
vt 0.704565 0.500000
vt 0.617126 0.500000
vt 0.446743 0.395968
vt 0.417461 0.417184
vt 0.382446 0.480972
vt 0.382874 0.480972
vt 0.405819 0.431948
vt 0.405807 0.431932
vt 0.590599 0.778834
vt 0.563214 0.694553
vt 0.418372 0.418437
vt 0.447653 0.397285
vt 0.615509 0.518503
vt 0.614873 0.518296
vt 0.593655 0.567982
vt 0.594054 0.568326
vt 0.593746 0.567923
vt 0.554003 0.395006
vt 0.583572 0.415761
vt 0.370035 0.519401
vt 0.405519 0.568465
vt 0.594025 0.568002
vt 0.447377 0.603115
vt 0.418096 0.581943
vt 0.417461 0.582816
vt 0.446743 0.604032
vt 0.405723 0.568184
vt 0.379452 0.519028
vt 0.481974 0.386073
vt 0.518095 0.385978
vt 0.405807 0.568069
vt 0.382446 0.519028
vt 0.481975 0.386133
vt 0.518085 0.386051
vt 0.581609 0.581557
vt 0.536194 0.389423
vt 0.536194 0.389076
vt 0.536182 0.389583
vt 0.405819 0.568052
vt 0.382874 0.519028
vt 0.536098 0.389719
vt 0.377896 0.500000
vt 0.364928 0.500000
vt 0.382252 0.500000
vt 0.447619 0.602765
vt 0.418337 0.581611
vt 0.447653 0.602715
vt 0.418372 0.581563
vt 0.382874 0.500000
vt 0.464286 0.609916
vt 0.464082 0.610544
vt 0.464370 0.609657
vt 0.464382 0.609620
vt 0.464286 0.390084
vt 0.464082 0.389456
vt 0.464370 0.390343
vt 0.464382 0.390380
vt 0.616504 0.499798
vt 0.616699 0.499861
s 1
usemtl WoodenFence_Nails(Material).002
f 3483/2810/3038 3484/2811/3038 3482/2812/3038 3496/2813/3038
f 3485/2814/3038 3486/2815/3038 3482/2812/3038 3484/2811/3038
f 3490/2816/3038 3744/2817/3039 3745/2818/3040 3491/2819/3038
f 3582/2820/3041 3583/2821/3042 3523/2822/3043 3522/2823/3044
f 3488/2824/3038 3489/2825/3038 3482/2812/3038 3487/2826/3038
f 3490/2816/3038 3491/2819/3038 3482/2812/3038 3489/2825/3038
f 3492/2827/3038 3493/2828/3038 3482/2812/3038 3491/2819/3038
f 3661/2829/3045 3547/2830/3046 3526/2831/3047 3649/2832/3048
f 3552/2833/3049 3567/2834/3050 3566/2835/3051 3551/2836/3052
f 3495/2837/3038 3496/2838/3038 3482/2812/3038 3494/2839/3038
f 3756/2840/3053 3731/2841/3054 3483/2810/3038
f 3736/2842/3055 3486/2815/3038 3735/2843/3056
f 3485/2814/3038 3733/2844/3057 3734/2845/3058
f 3489/2825/3038 3742/2846/3059 3743/2847/3060 3490/2816/3038
f 3487/2826/3038 3739/2848/3061 3740/2849/3062 3488/2824/3038
f 3543/2850/3063 3544/2851/3064 3562/2852/3065 3561/2853/3066
f 3488/2824/3038 3740/2849/3062 3741/2854/3067
f 3451/2855/3068 3677/2856/3069 3497/2857/3070 3455/2858/3071
f 3743/2847/3060 3744/2817/3039 3490/2816/3038
f 3752/2859/3072 3753/2860/3073 3495/2837/3038 3494/2839/3038
f 3492/2827/3038 3746/2861/3074 3747/2862/3075
f 3473/2863/3076 3464/2864/3077 3700/2865/3078 3505/2866/3079
f 3678/2867/3080 3679/2868/3081 3499/2869/3082 3498/2870/3083
f 3639/2871/3084 3638/2872/3085 3650/2873/3086 3651/2874/3087
f 3495/2837/3038 3753/2860/3073 3754/2875/3088
f 3505/2866/3079 3700/2865/3078 3699/2876/3089 3504/2877/3090
f 3519/2878/3091 3537/2879/3092 3536/2880/3093 3518/2881/3094
f 3497/2857/3070 3498/2870/3083 3501/2882/3095 3500/2883/3096
f 3498/2870/3083 3499/2869/3082 3502/2884/3097 3501/2882/3095
f 3500/2883/3096 3501/2882/3095 3504/2877/3090 3503/2885/3098
f 3501/2882/3095 3502/2884/3097 3505/2866/3079 3504/2877/3090
f 3503/2885/3098 3698/2886/3099 3432/2887/3100 3453/2888/3101
f 3564/2889/3102 3565/2890/3103 3508/2891/3104 3507/2892/3105
f 3563/2893/3106 3564/2889/3102 3507/2892/3105 3506/2894/3107
f 3526/2831/3047 3547/2830/3046 3546/2895/3108 3525/2896/3109
f 3499/2869/3082 3471/2897/3110 3472/2898/3111 3502/2884/3097
f 3502/2884/3097 3472/2898/3111 3473/2863/3076 3505/2866/3079
f 3504/2877/3090 3699/2876/3089 3698/2886/3099 3503/2885/3098
f 3572/2899/3112 3573/2900/3113 3516/2901/3114 3515/2902/3115
f 3514/2903/3116 3529/2904/3117 3528/2905/3118 3513/2906/3119
f 3520/2907/3120 3538/2908/3121 3537/2879/3092 3519/2878/3091
f 3454/2909/3122 3500/2883/3096 3503/2885/3098 3453/2888/3101
f 3455/2858/3071 3497/2857/3070 3500/2883/3096 3454/2909/3122
f 3506/2894/3107 3507/2892/3105 3510/2910/3123 3509/2911/3124
f 3507/2892/3105 3508/2891/3104 3511/2912/3125 3510/2910/3123
f 3509/2911/3124 3510/2910/3123 3513/2906/3119 3512/2913/3126
f 3510/2910/3123 3511/2912/3125 3514/2903/3116 3513/2906/3119
f 3629/2914/3127 3630/2915/3128 3615/2916/3129 3614/2917/3130
f 3525/2896/3109 3546/2895/3108 3545/2918/3131 3524/2919/3132
f 3535/2920/3133 3556/2921/3134 3555/2922/3135 3534/2923/3136
f 3752/2859/3072 3521/2924/3137 3524/2919/3132 3753/2860/3073
f 3755/2925/3138 3548/2926/3139 3551/2836/3052 3756/2840/3053
f 3595/2927/3140 3520/2907/3120 3517/2928/3141 3598/2929/3142
f 3732/2930/3143 3733/2844/3057 3485/2814/3038 3484/2811/3038
f 3573/2900/3113 3574/2931/3144 3517/2928/3141 3516/2901/3114
f 3581/2932/3145 3582/2820/3041 3522/2823/3044 3521/2924/3137
f 3751/2933/3146 3581/2932/3145 3521/2924/3137 3752/2859/3072
f 3687/2934/3147 3688/2935/3148 3664/2936/3149 3663/2937/3150
f 3515/2902/3115 3516/2901/3114 3519/2878/3091 3518/2881/3094
f 3516/2901/3114 3517/2928/3141 3520/2907/3120 3519/2878/3091
f 3596/2938/3151 3597/2939/3152 3585/2940/3153 3584/2941/3154
f 3434/2942/3155 3596/2938/3151 3584/2941/3154 3430/2943/3156
f 3592/2944/3157 3655/2945/3158 3654/2946/3159 3591/2947/3160
f 3534/2923/3136 3555/2922/3135 3554/2948/3161 3533/2949/3162
f 3553/2950/3163 3568/2951/3164 3567/2834/3050 3552/2833/3049
f 3734/2845/3058 3515/2902/3115 3518/2881/3094 3735/2843/3056
f 3638/2872/3085 3448/2952/3165 3452/2953/3166 3650/2873/3086
f 3591/2947/3160 3654/2946/3159 3653/2954/3167 3590/2955/3168
f 3597/2939/3152 3598/2929/3142 3586/2956/3169 3585/2940/3153
f 3496/2813/3038 3755/2925/3138 3756/2840/3053 3483/2810/3038
f 3745/2818/3040 3530/2957/3170 3533/2949/3162 3746/2861/3074
f 3610/2958/3171 3565/2890/3103 3562/2852/3065 3613/2959/3172
f 3521/2924/3137 3522/2823/3044 3525/2896/3109 3524/2919/3132
f 3522/2823/3044 3523/2822/3043 3526/2831/3047 3525/2896/3109
f 3605/2960/3173 3606/2961/3174 3594/2962/3175 3593/2963/3176
f 3628/2964/3177 3532/2965/3178 3529/2904/3117 3631/2966/3179
f 3485/2814/3038 3734/2845/3058 3735/2843/3056 3486/2815/3038
f 3542/2967/3180 3543/2850/3063 3561/2853/3066 3560/2968/3181
f 3559/2969/3182 3577/2970/3183 3576/2971/3184 3558/2972/3185
f 3625/2973/3186 3535/2920/3133 3532/2965/3178 3628/2964/3177
f 3744/2817/3039 3527/2974/3187 3530/2957/3170 3745/2818/3040
f 3527/2974/3187 3528/2905/3118 3531/2975/3188 3530/2957/3170
f 3528/2905/3118 3529/2904/3117 3532/2965/3178 3531/2975/3188
f 3530/2957/3170 3531/2975/3188 3534/2923/3136 3533/2949/3162
f 3531/2975/3188 3532/2965/3178 3535/2920/3133 3534/2923/3136
f 3450/2976/3189 3644/2977/3190 3632/2978/3191 3446/2979/3192
f 3655/2945/3158 3553/2950/3163 3550/2980/3193 3658/2981/3194
f 3488/2824/3038 3741/2854/3067 3742/2846/3059 3489/2825/3038
f 3604/2982/3195 3541/2983/3196 3538/2908/3121 3607/2984/3197
f 3483/2810/3038 3731/2841/3054 3732/2930/3143 3484/2811/3038
f 3558/2972/3185 3576/2971/3184 3575/2985/3198 3557/2986/3199
f 3606/2961/3174 3607/2984/3197 3595/2927/3140 3594/2962/3175
f 3658/2981/3194 3550/2980/3193 3547/2830/3046 3661/2829/3045
f 3445/2987/3200 3629/2914/3127 3614/2917/3130 3440/2988/3201
f 3536/2880/3093 3537/2879/3092 3540/2989/3202 3539/2990/3203
f 3537/2879/3092 3538/2908/3121 3541/2983/3196 3540/2989/3202
f 3539/2990/3203 3540/2989/3202 3543/2850/3063 3542/2967/3180
f 3540/2989/3202 3541/2983/3196 3544/2851/3064 3543/2850/3063
f 3442/2991/3204 3620/2992/3205 3608/2993/3206 3438/2994/3207
f 3737/2995/3208 3539/2990/3203 3542/2967/3180 3738/2996/3209
f 3754/2875/3088 3545/2918/3131 3548/2926/3139 3755/2925/3138
f 3736/2842/3055 3536/2880/3093 3539/2990/3203 3737/2995/3208
f 3586/2956/3169 3574/2931/3144 3571/2997/3210 3589/2998/3211
f 3545/2918/3131 3546/2895/3108 3549/2999/3212 3548/2926/3139
f 3546/2895/3108 3547/2830/3046 3550/2980/3193 3549/2999/3212
f 3548/2926/3139 3549/2999/3212 3552/2833/3049 3551/2836/3052
f 3549/2999/3212 3550/2980/3193 3553/2950/3163 3552/2833/3049
f 3599/3000/3213 3435/3001/3214 3439/3002/3215 3611/3003/3216
f 3634/3004/3217 3559/2969/3182 3556/2921/3134 3637/3005/3218
f 3524/2919/3132 3545/2918/3131 3754/2875/3088 3753/2860/3073
f 3592/2944/3157 3568/2951/3164 3553/2950/3163 3655/2945/3158
f 3517/2928/3141 3574/2931/3144 3586/2956/3169 3598/2929/3142
f 3455/2858/3071 3659/3006/3219 3647/3007/3220 3451/2855/3068
f 3554/2948/3161 3555/2922/3135 3558/2972/3185 3557/2986/3199
f 3555/2922/3135 3556/2921/3134 3559/2969/3182 3558/2972/3185
f 3747/2862/3075 3554/2948/3161 3557/2986/3199 3748/3008/3221
f 3619/3009/3222 3511/2912/3125 3508/2891/3104 3622/3010/3223
f 3739/2848/3061 3560/2968/3181 3563/2893/3106 3740/2849/3062
f 3520/2907/3120 3595/2927/3140 3607/2984/3197 3538/2908/3121
f 3621/3011/3224 3622/3010/3223 3610/2958/3171 3609/3012/3225
f 3695/3013/3226 3696/3014/3227 3669/3015/3228 3668/3016/3229
f 3560/2968/3181 3561/2853/3066 3564/2889/3102 3563/2893/3106
f 3561/2853/3066 3562/2852/3065 3565/2890/3103 3564/2889/3102
f 3719/3017/3230 3720/3018/3231 3681/3019/3232 3680/3020/3233
f 3601/3021/3234 3613/2959/3172 3562/2852/3065 3544/2851/3064
f 3589/2998/3211 3571/2997/3210 3568/2951/3164 3592/2944/3157
f 3494/2839/3038 3751/2933/3146 3752/2859/3072
f 3732/2930/3143 3569/3022/3235 3572/2899/3112 3733/2844/3057
f 3731/2841/3054 3566/2835/3051 3569/3022/3235 3732/2930/3143
f 3566/2835/3051 3567/2834/3050 3570/3023/3236 3569/3022/3235
f 3567/2834/3050 3568/2951/3164 3571/2997/3210 3570/3023/3236
f 3569/3022/3235 3570/3023/3236 3573/2900/3113 3572/2899/3112
f 3570/3023/3236 3571/2997/3210 3574/2931/3144 3573/2900/3113
f 3750/3024/3237 3578/3025/3238 3581/2932/3145 3751/2933/3146
f 3749/3026/3239 3575/2985/3198 3578/3025/3238 3750/3024/3237
f 3643/3027/3240 3580/3028/3241 3577/2970/3183 3646/3029/3242
f 3616/3030/3243 3514/2903/3116 3511/2912/3125 3619/3009/3222
f 3575/2985/3198 3576/2971/3184 3579/3031/3244 3578/3025/3238
f 3576/2971/3184 3577/2970/3183 3580/3028/3241 3579/3031/3244
f 3578/3025/3238 3579/3031/3244 3582/2820/3041 3581/2932/3145
f 3579/3031/3244 3580/3028/3241 3583/2821/3042 3582/2820/3041
f 3640/3032/3245 3583/2821/3042 3580/3028/3241 3643/3027/3240
f 3659/3006/3219 3660/3033/3246 3648/3034/3247 3647/3007/3220
f 3742/2846/3059 3509/2911/3124 3512/2913/3126 3743/2847/3060
f 3741/2854/3067 3506/2894/3107 3509/2911/3124 3742/2846/3059
f 3584/2941/3154 3585/2940/3153 3588/3035/3248 3587/3036/3249
f 3585/2940/3153 3586/2956/3169 3589/2998/3211 3588/3035/3248
f 3587/3036/3249 3588/3035/3248 3591/2947/3160 3590/2955/3168
f 3588/3035/3248 3589/2998/3211 3592/2944/3157 3591/2947/3160
f 3600/3037/3250 3599/3000/3213 3611/3003/3216 3612/3038/3251
f 3601/3021/3234 3600/3037/3250 3612/3038/3251 3613/2959/3172
f 3508/2891/3104 3565/2890/3103 3610/2958/3171 3622/3010/3223
f 3437/3039/3252 3605/2960/3173 3593/2963/3176 3433/3040/3253
f 3590/2955/3168 3653/2954/3167 3453/2888/3101 3432/2887/3100
f 3635/3041/3254 3636/3042/3255 3624/3043/3256 3623/3044/3257
f 3431/3045/3258 3587/3036/3249 3590/2955/3168 3432/2887/3100
f 3430/2943/3156 3584/2941/3154 3587/3036/3249 3431/3045/3258
f 3514/2903/3116 3616/3030/3243 3631/2966/3179 3529/2904/3117
f 3593/2963/3176 3594/2962/3175 3597/2939/3152 3596/2938/3151
f 3594/2962/3175 3595/2927/3140 3598/2929/3142 3597/2939/3152
f 3620/2992/3205 3621/3011/3224 3609/3012/3225 3608/2993/3206
f 3636/3042/3255 3637/3005/3218 3625/2973/3186 3624/3043/3256
f 3433/3040/3253 3593/2963/3176 3596/2938/3151 3434/2942/3155
f 3599/3000/3213 3600/3037/3250 3603/3046/3259 3602/3047/3260
f 3600/3037/3250 3601/3021/3234 3604/2982/3195 3603/3046/3259
f 3602/3047/3260 3603/3046/3259 3606/2961/3174 3605/2960/3173
f 3603/3046/3259 3604/2982/3195 3607/2984/3197 3606/2961/3174
f 3436/3048/3261 3602/3047/3260 3605/2960/3173 3437/3039/3252
f 3435/3001/3214 3599/3000/3213 3602/3047/3260 3436/3048/3261
f 3608/2993/3206 3609/3012/3225 3612/3038/3251 3611/3003/3216
f 3609/3012/3225 3610/2958/3171 3613/2959/3172 3612/3038/3251
f 3644/2977/3190 3645/3049/3262 3633/3050/3263 3632/2978/3191
f 3645/3049/3262 3646/3029/3242 3634/3004/3217 3633/3050/3263
f 3640/3032/3245 3652/3051/3264 3523/2822/3043 3583/2821/3042
f 3665/3052/3265 3722/3053/3266 3450/2976/3189 3446/2979/3192
f 3438/2994/3207 3608/2993/3206 3611/3003/3216 3439/3002/3215
f 3614/2917/3130 3615/2916/3129 3618/3054/3267 3617/3055/3268
f 3615/2916/3129 3616/3030/3243 3619/3009/3222 3618/3054/3267
f 3617/3055/3268 3618/3054/3267 3621/3011/3224 3620/2992/3205
f 3618/3054/3267 3619/3009/3222 3622/3010/3223 3621/3011/3224
f 3630/2915/3128 3631/2966/3179 3616/3030/3243 3615/2916/3129
f 3447/3056/3269 3635/3041/3254 3623/3044/3257 3443/3057/3270
f 3470/3058/3271 3461/2976/3272 3724/3053/3273 3667/3059/3274
f 3441/3060/3275 3617/3055/3268 3620/2992/3205 3442/2991/3204
f 3440/2988/3201 3614/2917/3130 3617/3055/3268 3441/3060/3275
f 3623/3044/3257 3624/3043/3256 3627/3061/3276 3626/3062/3277
f 3624/3043/3256 3625/2973/3186 3628/2964/3177 3627/3061/3276
f 3626/3062/3277 3627/3061/3276 3630/2915/3128 3629/2914/3127
f 3627/3061/3276 3628/2964/3177 3631/2966/3179 3630/2915/3128
f 3640/3032/3245 3639/2871/3084 3651/2874/3087 3652/3051/3264
f 3646/3029/3242 3577/2970/3183 3559/2969/3182 3634/3004/3217
f 3637/3005/3218 3556/2921/3134 3535/2920/3133 3625/2973/3186
f 3444/3063/3278 3626/3062/3277 3629/2914/3127 3445/2987/3200
f 3443/3057/3270 3623/3044/3257 3626/3062/3277 3444/3063/3278
f 3723/3064/3279 3722/3053/3266 3665/3052/3265 3666/3065/3280
f 3443/3057/3270 3686/3066/3281 3662/3067/3282 3447/3056/3269
f 3632/2978/3191 3633/3050/3263 3636/3042/3255 3635/3041/3254
f 3633/3050/3263 3634/3004/3217 3637/3005/3218 3636/3042/3255
f 3673/3068/3283 3715/3069/3284 3714/3070/3285 3672/3071/3286
f 3446/2979/3192 3632/2978/3191 3635/3041/3254 3447/3056/3269
f 3638/2872/3085 3639/2871/3084 3642/3072/3287 3641/3073/3288
f 3639/2871/3084 3640/3032/3245 3643/3027/3240 3642/3072/3287
f 3641/3073/3288 3642/3072/3287 3645/3049/3262 3644/2977/3190
f 3642/3072/3287 3643/3027/3240 3646/3029/3242 3645/3049/3262
f 3449/3074/3289 3641/3073/3288 3644/2977/3190 3450/2976/3189
f 3448/2952/3165 3638/2872/3085 3641/3073/3288 3449/3074/3289
f 3647/3007/3220 3648/3034/3247 3651/2874/3087 3650/2873/3086
f 3648/3034/3247 3649/2832/3048 3652/3051/3264 3651/2874/3087
f 3506/2894/3107 3741/2854/3067 3740/2849/3062 3563/2893/3106
f 3660/3033/3246 3661/2829/3045 3649/2832/3048 3648/3034/3247
f 3686/3066/3281 3687/2934/3147 3663/2937/3150 3662/3067/3282
f 3672/3071/3286 3714/3070/3285 3713/3075/3290 3671/3076/3291
f 3697/3077/3292 3476/3078/3293 3467/3079/3294 3670/3080/3295
f 3451/2855/3068 3647/3007/3220 3650/2873/3086 3452/2953/3166
f 3653/2954/3167 3654/2946/3159 3657/3081/3296 3656/3082/3297
f 3654/2946/3159 3655/2945/3158 3658/2981/3194 3657/3081/3296
f 3656/3082/3297 3657/3081/3296 3660/3033/3246 3659/3006/3219
f 3657/3081/3296 3658/2981/3194 3661/2829/3045 3660/3033/3246
f 3454/2909/3122 3656/3082/3297 3659/3006/3219 3455/2858/3071
f 3453/2888/3101 3653/2954/3167 3656/3082/3297 3454/2909/3122
f 3468/3083/3298 3458/3084/3299 3715/3069/3284 3673/3068/3283
f 3696/3014/3227 3697/3077/3292 3670/3080/3295 3669/3015/3228
f 3671/3076/3291 3713/3075/3290 3442/2991/3204 3438/2994/3207
f 3440/2988/3201 3719/3017/3230 3680/3020/3233 3445/2987/3200
f 3662/3067/3282 3663/2937/3150 3666/3065/3280 3665/3052/3265
f 3663/2937/3150 3664/2936/3149 3667/3059/3274 3666/3065/3280
f 3728/3085/3300 3729/3086/3301 3675/3087/3302 3674/3088/3303
f 3724/3053/3273 3723/3064/3279 3666/3065/3280 3667/3059/3274
f 3729/3086/3301 3730/3085/3304 3676/3089/3305 3675/3087/3302
f 3688/2935/3148 3479/3090/3306 3469/3091/3307 3664/2936/3149
f 3435/3001/3214 3695/3013/3226 3668/3016/3229 3439/3002/3215
f 3664/2936/3149 3469/3091/3307 3470/3058/3271 3667/3059/3274
f 3689/3092/3308 3437/3039/3252 3433/3040/3253 3710/3093/3309
f 3730/3085/3304 3463/2952/3310 3480/3094/3311 3676/3089/3305
f 3447/3056/3269 3662/3067/3282 3665/3052/3265 3446/2979/3192
f 3705/3095/3312 3708/3096/3313 3707/3097/3314 3704/3098/3315
f 3668/3016/3229 3669/3015/3228 3672/3071/3286 3671/3076/3291
f 3669/3015/3228 3670/3080/3295 3673/3068/3283 3672/3071/3286
f 3689/3092/3308 3710/3093/3309 3711/3099/3316 3690/3100/3317
f 3670/3080/3295 3467/3079/3294 3468/3083/3298 3673/3068/3283
f 3720/3018/3231 3721/3101/3318 3682/3102/3319 3681/3019/3232
f 3448/2952/3165 3728/3085/3300 3674/3088/3303 3452/2953/3166
f 3712/3103/3320 3691/3104/3321 3690/3100/3317 3711/3099/3316
f 3721/3101/3318 3460/3105/3322 3477/3106/3323 3682/3102/3319
f 3439/3002/3215 3668/3016/3229 3671/3076/3291 3438/2994/3207
f 3674/3088/3303 3675/3087/3302 3678/2867/3080 3677/2856/3069
f 3675/3087/3302 3676/3089/3305 3679/2868/3081 3678/2867/3080
f 3676/3089/3305 3480/3094/3311 3481/3107/3324 3679/2868/3081
f 3452/2953/3166 3674/3088/3303 3677/2856/3069 3451/2855/3068
f 3680/3020/3233 3681/3019/3232 3684/3108/3325 3683/3109/3326
f 3681/3019/3232 3682/3102/3319 3685/3110/3327 3684/3108/3325
f 3683/3109/3326 3684/3108/3325 3687/2934/3147 3686/3066/3281
f 3684/3108/3325 3685/3110/3327 3688/2935/3148 3687/2934/3147
f 3560/2968/3181 3739/2848/3061 3738/2996/3209 3542/2967/3180
f 3691/3104/3321 3712/3103/3320 3457/3111/3328 3474/3112/3329
f 3512/2913/3126 3527/2974/3187 3744/2817/3039 3743/2847/3060
f 3518/2881/3094 3536/2880/3093 3736/2842/3055 3735/2843/3056
f 3682/3102/3319 3477/3106/3323 3478/3113/3330 3685/3110/3327
f 3685/3110/3327 3478/3113/3330 3479/3090/3306 3688/2935/3148
f 3444/3063/3278 3683/3109/3326 3686/3066/3281 3443/3057/3270
f 3445/2987/3200 3680/3020/3233 3683/3109/3326 3444/3063/3278
f 3689/3092/3308 3690/3100/3317 3693/3114/3331 3692/3115/3332
f 3690/3100/3317 3691/3104/3321 3694/3116/3333 3693/3114/3331
f 3692/3115/3332 3693/3114/3331 3696/3014/3227 3695/3013/3226
f 3693/3114/3331 3694/3116/3333 3697/3077/3292 3696/3014/3227
f 3706/3117/3334 3709/3118/3335 3708/3096/3313 3705/3095/3312
f 3466/3119/3336 3456/3120/3337 3709/3118/3335 3706/3117/3334
f 3704/3098/3315 3707/3097/3314 3434/2942/3155 3430/2943/3156
f 3691/3104/3321 3474/3112/3329 3475/3121/3338 3694/3116/3333
f 3694/3116/3333 3475/3121/3338 3476/3078/3293 3697/3077/3292
f 3436/3048/3261 3692/3115/3332 3695/3013/3226 3435/3001/3214
f 3437/3039/3252 3689/3092/3308 3692/3115/3332 3436/3048/3261
f 3698/2886/3099 3699/2876/3089 3702/3122/3339 3701/3123/3340
f 3699/2876/3089 3700/2865/3078 3703/3124/3341 3702/3122/3339
f 3701/3123/3340 3702/3122/3339 3705/3095/3312 3704/3098/3315
f 3702/3122/3339 3703/3124/3341 3706/3117/3334 3705/3095/3312
f 3700/2865/3078 3464/2864/3077 3465/3125/3342 3703/3124/3341
f 3703/3124/3341 3465/3125/3342 3466/3119/3336 3706/3117/3334
f 3738/2996/3209 3739/2848/3061 3487/2826/3038
f 3733/2844/3057 3572/2899/3112 3515/2902/3115 3734/2845/3058
f 3551/2836/3052 3566/2835/3051 3731/2841/3054 3756/2840/3053
f 3533/2949/3162 3554/2948/3161 3747/2862/3075 3746/2861/3074
f 3431/3045/3258 3701/3123/3340 3704/3098/3315 3430/2943/3156
f 3432/2887/3100 3698/2886/3099 3701/3123/3340 3431/3045/3258
f 3707/3097/3314 3708/3096/3313 3711/3099/3316 3710/3093/3309
f 3708/3096/3313 3709/3118/3335 3712/3103/3320 3711/3099/3316
f 3709/3118/3335 3456/3120/3337 3457/3111/3328 3712/3103/3320
f 3434/2942/3155 3707/3097/3314 3710/3093/3309 3433/3040/3253
f 3713/3075/3290 3714/3070/3285 3717/3126/3343 3716/3127/3344
f 3714/3070/3285 3715/3069/3284 3718/3128/3345 3717/3126/3343
f 3716/3127/3344 3717/3126/3343 3720/3018/3231 3719/3017/3230
f 3717/3126/3343 3718/3128/3345 3721/3101/3318 3720/3018/3231
f 3715/3069/3284 3458/3084/3299 3459/3129/3346 3718/3128/3345
f 3718/3128/3345 3459/3129/3346 3460/3105/3322 3721/3101/3318
f 3441/3060/3275 3716/3127/3344 3719/3017/3230 3440/2988/3201
f 3442/2991/3204 3713/3075/3290 3716/3127/3344 3441/3060/3275
f 3722/3053/3266 3723/3064/3279 3726/3130/3347 3725/3131/3348
f 3723/3064/3279 3724/3053/3273 3727/3131/3349 3726/3130/3347
f 3725/3131/3348 3726/3130/3347 3729/3086/3301 3728/3085/3300
f 3726/3130/3347 3727/3131/3349 3730/3085/3304 3729/3086/3301
f 3724/3053/3273 3461/2976/3272 3462/3074/3350 3727/3131/3349
f 3727/3131/3349 3462/3074/3350 3463/2952/3310 3730/3085/3304
f 3449/3074/3289 3725/3131/3348 3728/3085/3300 3448/2952/3165
f 3450/2976/3189 3722/3053/3266 3725/3131/3348 3449/3074/3289
f 3738/2996/3209 3487/2826/3038 3482/2812/3038 3737/2995/3208
f 3482/2812/3038 3493/2828/3038 3749/3026/3239 3750/3024/3237
f 3491/2819/3038 3745/2818/3040 3746/2861/3074 3492/2827/3038
f 3649/2832/3048 3526/2831/3047 3523/2822/3043 3652/3051/3264
f 3482/2812/3038 3486/2815/3038 3736/2842/3055 3737/2995/3208
f 3557/2986/3199 3575/2985/3198 3749/3026/3239 3748/3008/3221
f 3749/3026/3239 3493/2828/3038 3748/3008/3221
f 3513/2906/3119 3528/2905/3118 3527/2974/3187 3512/2913/3126
f 3492/2827/3038 3747/2862/3075 3748/3008/3221 3493/2828/3038
f 3677/2856/3069 3678/2867/3080 3498/2870/3083 3497/2857/3070
f 3495/2837/3038 3754/2875/3088 3755/2925/3138 3496/2838/3038
f 3601/3021/3234 3544/2851/3064 3541/2983/3196 3604/2982/3195
f 3494/2839/3038 3482/2812/3038 3750/3024/3237 3751/2933/3146
f 3679/2868/3081 3481/3107/3324 3471/2897/3110 3499/2869/3082
